-10000	88.7
-9999	89.0
-9998	88
-9997	90
-9996	91
-9995	89.7
-9994	90.0
-9993	91
-9992	91.1
-9991	90.0
-9990	90.5
-9989	88.9
-9988	90.2
-9987	89.1
-9986	90.6
-9985	90.75
-9984	89.1
-9983	89.25
-9982	90.1
-9981	90.0
-9980	90.9
-9979	90.6
-9978	88.3
-9977	88.6
-9976	90.7
-9975	89.9
-9974	90.0
-9973	90.4
-9972	90.0
-9971	89.6
-9970	92.1
-9969	89.5
-9968	91.2
-9967	90.85
-9966	89.6
-9965	89.15
-9964	91.4
-9963	91.15
-9962	88.6
-9961	91.1
-9960	90.1
-9959	90
-9958	88.7
-9957	91.8
-9956	88.55
-9955	88.9
-9954	90.6
-9953	89.55
-9952	87.5
-9951	91.1
-9950	89.6
-9949	91.2
-9948	90.55
-9947	90.0
-9946	88.7
-9945	90.4
-9944	89.6
-9943	91.5
-9942	88.5
-9941	91.0
-9940	89.4
-9939	89.9
-9938	90.0
-9937	89.3
-9936	90.25
-9935	89.6
-9934	89.6
-9933	90.3
-9932	90.1
-9931	90.2
-9930	91.15
-9929	90.15
-9928	91.05
-9927	91
-9926	91.1
-9925	88.85
-9924	89.8
-9923	91.15
-9922	89.55
-9921	91.0
-9920	91.2
-9919	89.45
-9918	91.1
-9917	90
-9916	88.6
-9915	90.75
-9914	90.0
-9913	91.15
-9912	88.4
-9911	89.4
-9910	90.7
-9909	89.4
-9908	90.4
-9907	89.45
-9906	90.65
-9905	89.8
-9904	87.05
-9903	90.35
-9902	89.4
-9901	89.0
-9900	88.9
-9899	89.2
-9898	90.6
-9897	89.3
-9896	89.2
-9895	89.05
-9894	87.65
-9893	90.9
-9892	89.8
-9891	89.55
-9890	90.4
-9889	89.4
-9888	90.3
-9887	90.0
-9886	91.2
-9885	88.7
-9884	90.5
-9883	89.35
-9882	85.55
-9881	89.95
-9880	89.3
-9879	90.7
-9878	89.6
-9877	89.4
-9876	90.5
-9875	90.9
-9874	89.7
-9873	87.95
-9872	90.5
-9871	90.4
-9870	89.3
-9869	88.0
-9868	90.8
-9867	89.7
-9866	90.6
-9865	89.8
-9864	89.7
-9863	92
-9862	90.35
-9861	88.25
-9860	90.3
-9859	90.25
-9858	89.45
-9857	90.2
-9856	89.4
-9855	90.3
-9854	89.4
-9853	90.1
-9852	89.5
-9851	89.9
-9850	90.45
-9849	89.7
-9848	89.5
-9847	89.3
-9846	89.2
-9845	88.8
-9844	90.2
-9843	89.25
-9842	88.8
-9841	91.3
-9840	91.0
-9839	89.55
-9838	88.5
-9837	89.3
-9836	91.0
-9835	89.75
-9834	90.1
-9833	90.6
-9832	90.0
-9831	90.2
-9830	88.6
-9829	90.25
-9828	89.5
-9827	90.2
-9826	90.2
-9825	88.7
-9824	90.6
-9823	89.7
-9822	91.2
-9821	88.4
-9820	88.3
-9819	87.25
-9818	89.65
-9817	88.9
-9816	87.7
-9815	89.2
-9814	87.2
-9813	87.55
-9812	89.0
-9811	88.6
-9810	88.3
-9809	88.25
-9808	90.6
-9807	89.7
-9806	88.85
-9805	90.2
-9804	90.35
-9803	90.5
-9802	88.7
-9801	89.1
-9800	88.2
-9799	88.7
-9798	90.2
-9797	91.3
-9796	90.9
-9795	90.5
-9794	91.3
-9793	90.5
-9792	89.1
-9791	89.45
-9790	87.9
-9789	88.25
-9788	88.8
-9787	89.05
-9786	88.0
-9785	90.1
-9784	90.6
-9783	90.7
-9782	88.8
-9781	91.7
-9780	90.7
-9779	90.5
-9778	87.3
-9777	88.35
-9776	89
-9775	90.75
-9774	89.1
-9773	88.0
-9772	89.6
-9771	90.7
-9770	89.0
-9769	88.85
-9768	89.85
-9767	90.1
-9766	87.8
-9765	89.7
-9764	89.3
-9763	91.7
-9762	89.35
-9761	90.0
-9760	89.6
-9759	90.7
-9758	90.1
-9757	89.55
-9756	87.9
-9755	89.0
-9754	88.25
-9753	87.3
-9752	91.15
-9751	88.6
-9750	88.8
-9749	90.2
-9748	88.0
-9747	90.3
-9746	91.1
-9745	90.9
-9744	89.75
-9743	92.1
-9742	89.3
-9741	89.8
-9740	88.0
-9739	90.1
-9738	91.1
-9737	89.1
-9736	90.05
-9735	89.4
-9734	91.3
-9733	89.2
-9732	91.2
-9731	90.2
-9730	90.75
-9729	88.5
-9728	90.2
-9727	91.1
-9726	88.4
-9725	90.2
-9724	90.9
-9723	89.1
-9722	90.9
-9721	89.6
-9720	90.5
-9719	90.3
-9718	88.15
-9717	90.8
-9716	89.0
-9715	90.7
-9714	86.5
-9713	87.55
-9712	90.9
-9711	89.5
-9710	90.1
-9709	86.6
-9708	89.4
-9707	88.5
-9706	90.9
-9705	90.3
-9704	88.9
-9703	90.9
-9702	90.1
-9701	88.2
-9700	90.2
-9699	88.9
-9698	90.7
-9697	89.2
-9696	90.6
-9695	89.4
-9694	87.35
-9693	89.7
-9692	88.4
-9691	89.55
-9690	89.6
-9689	89.9
-9688	90.4
-9687	89.2
-9686	90.15
-9685	87.45
-9684	89.4
-9683	89.3
-9682	87.9
-9681	88.1
-9680	89.85
-9679	86.65
-9678	88.35
-9677	89.7
-9676	89.5
-9675	91.0
-9674	88.5
-9673	87.8
-9672	89.0
-9671	91.1
-9670	90.9
-9669	89.0
-9668	90.4
-9667	88.15
-9666	90.8
-9665	88.6
-9664	88.2
-9663	91.95
-9662	91.8
-9661	90.9
-9660	89.9
-9659	88.4
-9658	88.9
-9657	87.3
-9656	88.35
-9655	88.5
-9654	88.75
-9653	90.3
-9652	90.4
-9651	87.85
-9650	87.35
-9649	88.6
-9648	88.95
-9647	89.5
-9646	88.95
-9645	86.8
-9644	90.5
-9643	89.7
-9642	88.3
-9641	87.4
-9640	91.1
-9639	91.2
-9638	89.6
-9637	89.6
-9636	90.0
-9635	89.2
-9634	87.45
-9633	88.1
-9632	90.25
-9631	90.9
-9630	88.9
-9629	88.0
-9628	88.9
-9627	89.65
-9626	87
-9625	89.3
-9624	88.55
-9623	90.9
-9622	89.55
-9621	87.1
-9620	90.1
-9619	89.55
-9618	89.95
-9617	89.95
-9616	87.7
-9615	91.5
-9614	90.7
-9613	90.2
-9612	88.1
-9611	88.0
-9610	86.6
-9609	90.4
-9608	88.6
-9607	88.75
-9606	90.4
-9605	91.6
-9604	88.8
-9603	90.5
-9602	87.6
-9601	90.2
-9600	88.2
-9599	88.75
-9598	88.7
-9597	90.1
-9596	88.9
-9595	86.7
-9594	88.1
-9593	88.75
-9592	89.9
-9591	90.15
-9590	86.7
-9589	87.15
-9588	87.6
-9587	88.4
-9586	89
-9585	89.35
-9584	89.5
-9583	89.1
-9582	87.3
-9581	88.95
-9580	88.45
-9579	87.95
-9578	89
-9577	92.05
-9576	90.0
-9575	88.9
-9574	90.8
-9573	86.7
-9572	88.15
-9571	89.5
-9570	89.6
-9569	90.1
-9568	88.4
-9567	89.9
-9566	89.5
-9565	91
-9564	88.85
-9563	89.5
-9562	89.4
-9561	89.9
-9560	86.35
-9559	89.9
-9558	89.4
-9557	88.9
-9556	89.4
-9555	89.1
-9554	89.7
-9553	89.7
-9552	88.2
-9551	91.6
-9550	89.2
-9549	88.3
-9548	87.9
-9547	89.3
-9546	88.5
-9545	88.9
-9544	87.9
-9543	89.9
-9542	90.4
-9541	90.15
-9540	89.2
-9539	87.1
-9538	88.1
-9537	88.6
-9536	89.35
-9535	88.65
-9534	90.3
-9533	91.1
-9532	88.5
-9531	87.4
-9530	86.85
-9529	90.4
-9528	88.9
-9527	90.6
-9526	89.9
-9525	89.85
-9524	89.2
-9523	92.4
-9522	89.3
-9521	87.8
-9520	88.6
-9519	90
-9518	90.2
-9517	88.4
-9516	88.1
-9515	87.9
-9514	89.4
-9513	89.4
-9512	88.8
-9511	89.65
-9510	91.0
-9509	89.2
-9508	88.6
-9507	85.65
-9506	90.25
-9505	88.4
-9504	88.2
-9503	89.6
-9502	87.1
-9501	90.3
-9500	89.3
-9499	87.95
-9498	88.45
-9497	87.8
-9496	90.3
-9495	89.6
-9494	89.0
-9493	89.5
-9492	90.2
-9491	87.2
-9490	87.35
-9489	87.85
-9488	88.6
-9487	89.7
-9486	88.3
-9485	88.9
-9484	90.15
-9483	88.5
-9482	88.6
-9481	89.4
-9480	89.05
-9479	89.6
-9478	89.0
-9477	91.2
-9476	88.3
-9475	89.3
-9474	88.9
-9473	89.3
-9472	87.4
-9471	91.1
-9470	90.3
-9469	89.25
-9468	90.0
-9467	89.65
-9466	89.4
-9465	90.6
-9464	89.0
-9463	89.95
-9462	88.05
-9461	89.2
-9460	90.0
-9459	89.1
-9458	87.8
-9457	90.25
-9456	89.6
-9455	89.5
-9454	87.85
-9453	90.3
-9452	91.6
-9451	88.7
-9450	88.9
-9449	88.8
-9448	89.95
-9447	90.1
-9446	89.25
-9445	90.75
-9444	88.15
-9443	88.75
-9442	87.5
-9441	89.85
-9440	90.95
-9439	90.8
-9438	87
-9437	89.5
-9436	90.1
-9435	87.35
-9434	90.2
-9433	87.5
-9432	87.7
-9431	90.25
-9430	86.6
-9429	88.45
-9428	90.5
-9427	88.8
-9426	87.2
-9425	90.2
-9424	91.1
-9423	88.8
-9422	89.4
-9421	89.75
-9420	88.4
-9419	87.6
-9418	89.6
-9417	90.3
-9416	89.2
-9415	89.8
-9414	89.4
-9413	88.35
-9412	89.5
-9411	90.3
-9410	86.9
-9409	90.2
-9408	88.9
-9407	89.1
-9406	90.45
-9405	91.1
-9404	89.8
-9403	88.35
-9402	91.5
-9401	90.05
-9400	90.7
-9399	88.25
-9398	89.5
-9397	89.8
-9396	88.7
-9395	90.65
-9394	88.65
-9393	89.3
-9392	89.7
-9391	88.55
-9390	88.7
-9389	89.65
-9388	90.6
-9387	89.2
-9386	89.5
-9385	88.6
-9384	89.9
-9383	90.4
-9382	89.8
-9381	88.0
-9380	88.8
-9379	89.45
-9378	87.3
-9377	90.9
-9376	87.4
-9375	90.9
-9374	90.2
-9373	90.05
-9372	88.2
-9371	88.1
-9370	89.5
-9369	87.8
-9368	89.7
-9367	90.3
-9366	87.9
-9365	90.7
-9364	90.4
-9363	90.4
-9362	89.8
-9361	89.85
-9360	88.8
-9359	91.0
-9358	88.0
-9357	88.8
-9356	89.0
-9355	86.8
-9354	88.2
-9353	86.7
-9352	90.15
-9351	88.0
-9350	92.2
-9349	88.5
-9348	90.2
-9347	90.5
-9346	88.7
-9345	90.7
-9344	88.7
-9343	91.9
-9342	89.15
-9341	89.3
-9340	89.3
-9339	91.35
-9338	90.15
-9337	91.25
-9336	88.8
-9335	88.2
-9334	89.2
-9333	90.2
-9332	87.7
-9331	90.2
-9330	89.25
-9329	89.3
-9328	89.15
-9327	90.0
-9326	90.75
-9325	87.7
-9324	88.7
-9323	90.85
-9322	88.15
-9321	90.6
-9320	89.2
-9319	88.25
-9318	89.95
-9317	89.3
-9316	90.2
-9315	88.9
-9314	88.4
-9313	88.4
-9312	90
-9311	89.6
-9310	89.6
-9309	88.5
-9308	87.9
-9307	89.55
-9306	88.45
-9305	88.2
-9304	89.35
-9303	89.9
-9302	88.8
-9301	91.05
-9300	91.5
-9299	91.1
-9298	86.05
-9297	89.9
-9296	90.3
-9295	89.9
-9294	88.6
-9293	90.4
-9292	89.35
-9291	90.65
-9290	90.05
-9289	91.1
-9288	89.2
-9287	89.7
-9286	86.5
-9285	89.95
-9284	88.8
-9283	89.75
-9282	89.9
-9281	89.9
-9280	90.6
-9279	90.4
-9278	89.5
-9277	87.5
-9276	87.2
-9275	87.4
-9274	90.3
-9273	89.5
-9272	91.1
-9271	90.3
-9270	87.1
-9269	89.2
-9268	89.2
-9267	89.6
-9266	90.5
-9265	89.4
-9264	91.0
-9263	89.8
-9262	91.1
-9261	91.5
-9260	88.7
-9259	89.7
-9258	88.5
-9257	88.8
-9256	89.9
-9255	90.7
-9254	89.6
-9253	89.25
-9252	89.0
-9251	89.65
-9250	88.35
-9249	88.5
-9248	89.8
-9247	88.9
-9246	90.8
-9245	88.7
-9244	90.8
-9243	88.5
-9242	89.1
-9241	86.8
-9240	90.95
-9239	89.3
-9238	89.1
-9237	87.75
-9236	90.2
-9235	88.5
-9234	90.2
-9233	88.6
-9232	90.2
-9231	87.6
-9230	88.6
-9229	87.7
-9228	90.0
-9227	89.0
-9226	89.35
-9225	89.55
-9224	90.3
-9223	87.9
-9222	89.35
-9221	87.1
-9220	90.5
-9219	89
-9218	89.6
-9217	90.7
-9216	91.1
-9215	91.15
-9214	90.3
-9213	89.05
-9212	88.75
-9211	88.4
-9210	90.35
-9209	86.65
-9208	89.6
-9207	90.1
-9206	89.1
-9205	88.2
-9204	89.35
-9203	90.25
-9202	90.45
-9201	88.55
-9200	89.1
-9199	87.05
-9198	90.45
-9197	89.5
-9196	86.85
-9195	90.6
-9194	90.7
-9193	88.65
-9192	89.7
-9191	89.8
-9190	89.6
-9189	89.7
-9188	89.4
-9187	91.2
-9186	89.45
-9185	89.2
-9184	88.85
-9183	89.1
-9182	89.3
-9181	91.5
-9180	90.9
-9179	88.15
-9178	91.1
-9177	89.4
-9176	89.1
-9175	89.3
-9174	88.8
-9173	88.8
-9172	87.9
-9171	89.7
-9170	92.0
-9169	90.6
-9168	90.65
-9167	88.1
-9166	90.5
-9165	91.0
-9164	89.0
-9163	89.15
-9162	89.6
-9161	87.9
-9160	90.25
-9159	86.4
-9158	90
-9157	88.3
-9156	89.4
-9155	88.6
-9154	91
-9153	88.8
-9152	88.35
-9151	89.8
-9150	90
-9149	90.1
-9148	89.8
-9147	89.3
-9146	90.9
-9145	89.9
-9144	90.05
-9143	91.4
-9142	89.3
-9141	89.4
-9140	89.7
-9139	91.1
-9138	89.1
-9137	90.3
-9136	88.9
-9135	88.0
-9134	90.7
-9133	89.1
-9132	89.3
-9131	89.4
-9130	90.9
-9129	88.6
-9128	90.55
-9127	90.05
-9126	89.8
-9125	91.5
-9124	88.3
-9123	90.3
-9122	88.2
-9121	89.4
-9120	88.7
-9119	90.4
-9118	88.65
-9117	89.45
-9116	90.7
-9115	88.9
-9114	87.5
-9113	88.7
-9112	91.0
-9111	87.7
-9110	91.35
-9109	87.3
-9108	88.2
-9107	87.95
-9106	90.2
-9105	89.7
-9104	87.3
-9103	91.8
-9102	90.0
-9101	89.2
-9100	90.2
-9099	87.9
-9098	91.0
-9097	88.9
-9096	89.35
-9095	91
-9094	87.3
-9093	89.6
-9092	90.7
-9091	89.25
-9090	88.4
-9089	89.4
-9088	90.7
-9087	89.6
-9086	89.6
-9085	89.4
-9084	88.3
-9083	88.85
-9082	89.7
-9081	89.75
-9080	90.05
-9079	88.9
-9078	91.4
-9077	90.4
-9076	88.25
-9075	88.8
-9074	90.75
-9073	87.7
-9072	89.9
-9071	87.6
-9070	89.8
-9069	88.8
-9068	87.6
-9067	91.2
-9066	89.0
-9065	88.2
-9064	90.2
-9063	89.0
-9062	87.3
-9061	88.25
-9060	87.3
-9059	88.5
-9058	88.4
-9057	87.3
-9056	89.0
-9055	90.8
-9054	90.55
-9053	87.75
-9052	89.8
-9051	89.9
-9050	88.2
-9049	88.25
-9048	89.85
-9047	91.4
-9046	90.2
-9045	89.85
-9044	89.95
-9043	90.2
-9042	88.3
-9041	89.3
-9040	89.8
-9039	90.4
-9038	88.15
-9037	89.6
-9036	89.8
-9035	89.1
-9034	91.15
-9033	87.6
-9032	89.25
-9031	88.75
-9030	87.8
-9029	89.8
-9028	87.8
-9027	90.7
-9026	89.2
-9025	90.3
-9024	88.6
-9023	88.7
-9022	90.0
-9021	90.35
-9020	89.25
-9019	88.9
-9018	90.4
-9017	91.7
-9016	89.05
-9015	89.05
-9014	88.5
-9013	88.75
-9012	90
-9011	89.55
-9010	87.9
-9009	89.1
-9008	88.4
-9007	90.35
-9006	88.1
-9005	89.2
-9004	89.85
-9003	89.1
-9002	90.3
-9001	89.8
-9000	90.45
-8999	91.7
-8998	88.5
-8997	89.0
-8996	88.1
-8995	88.4
-8994	88.3
-8993	91.55
-8992	87.9
-8991	90.6
-8990	89.15
-8989	91.2
-8988	89.5
-8987	88.0
-8986	90.2
-8985	90.35
-8984	89.45
-8983	90.9
-8982	88.1
-8981	89.3
-8980	89.5
-8979	89.8
-8978	89.7
-8977	91.6
-8976	87.95
-8975	89.25
-8974	89.4
-8973	90.6
-8972	92.9
-8971	87.8
-8970	88.8
-8969	89.2
-8968	88.1
-8967	91.8
-8966	92
-8965	89.5
-8964	91.3
-8963	88.7
-8962	91.3
-8961	88.0
-8960	88.8
-8959	88.55
-8958	89.2
-8957	89.15
-8956	89.1
-8955	89.0
-8954	90.9
-8953	89.7
-8952	90.35
-8951	87.65
-8950	87.9
-8949	90.55
-8948	88.05
-8947	89.15
-8946	89.75
-8945	91.0
-8944	89.9
-8943	87.6
-8942	87.2
-8941	88.75
-8940	88.45
-8939	90.1
-8938	89.3
-8937	90.2
-8936	90.2
-8935	89.5
-8934	88.55
-8933	89.5
-8932	89.0
-8931	90.1
-8930	90.2
-8929	88.4
-8928	90.45
-8927	86.65
-8926	89.4
-8925	89.6
-8924	88.95
-8923	89.9
-8922	89.7
-8921	89.95
-8920	89.7
-8919	87.55
-8918	90.2
-8917	90.1
-8916	88.65
-8915	89.5
-8914	88.5
-8913	91.6
-8912	89.7
-8911	88.4
-8910	88.2
-8909	89.1
-8908	89.9
-8907	90.2
-8906	91.8
-8905	89.2
-8904	91.4
-8903	91.3
-8902	90.4
-8901	90.3
-8900	91.2
-8899	90.2
-8898	89.7
-8897	89.8
-8896	90.25
-8895	88.05
-8894	89.45
-8893	89.1
-8892	89.9
-8891	86.9
-8890	90.65
-8889	88.2
-8888	90.3
-8887	90.65
-8886	89.0
-8885	89.55
-8884	87.0
-8883	88.8
-8882	88.9
-8881	88.15
-8880	90.1
-8879	89.4
-8878	89.1
-8877	89
-8876	88.7
-8875	91
-8874	89.4
-8873	88.5
-8872	88.5
-8871	90.45
-8870	90.4
-8869	89.25
-8868	88.3
-8867	91.1
-8866	90.2
-8865	89.45
-8864	88.6
-8863	88.5
-8862	88.25
-8861	88.8
-8860	90.2
-8859	90.65
-8858	89.0
-8857	88.9
-8856	90.85
-8855	87.25
-8854	88.9
-8853	91.55
-8852	90.1
-8851	91.2
-8850	90.7
-8849	90.5
-8848	91.05
-8847	89.8
-8846	91.2
-8845	90.1
-8844	90.6
-8843	90.3
-8842	89.7
-8841	89.15
-8840	88.8
-8839	88.3
-8838	90.85
-8837	90.4
-8836	89.75
-8835	87.3
-8834	88.9
-8833	88.9
-8832	89.5
-8831	90.5
-8830	90.2
-8829	90.7
-8828	88.8
-8827	90.8
-8826	90.9
-8825	89.8
-8824	90.4
-8823	89.2
-8822	87.15
-8821	90.45
-8820	88.5
-8819	89.8
-8818	91.6
-8817	89.3
-8816	87.9
-8815	88.3
-8814	90.3
-8813	91.4
-8812	88.8
-8811	90.3
-8810	92.3
-8809	90.5
-8808	89.7
-8807	87
-8806	90.6
-8805	87.1
-8804	91.3
-8803	90.8
-8802	88.85
-8801	86.85
-8800	89.95
-8799	90.4
-8798	89.3
-8797	90.2
-8796	90.15
-8795	87.2
-8794	91.0
-8793	90.6
-8792	90.25
-8791	90.7
-8790	88.5
-8789	90.5
-8788	89
-8787	89.45
-8786	90.4
-8785	89.0
-8784	90.6
-8783	90.25
-8782	88.5
-8781	91.2
-8780	88.5
-8779	89.35
-8778	90.3
-8777	88.9
-8776	91.3
-8775	90.35
-8774	90.1
-8773	91.8
-8772	89.15
-8771	89.9
-8770	91.0
-8769	89.1
-8768	89.85
-8767	89.15
-8766	89.95
-8765	87.65
-8764	89.7
-8763	90.6
-8762	89.7
-8761	86.7
-8760	91.2
-8759	89.5
-8758	90.25
-8757	89.75
-8756	88.6
-8755	88.9
-8754	87.5
-8753	90.9
-8752	91.0
-8751	89.45
-8750	90.55
-8749	90.15
-8748	90.3
-8747	90.2
-8746	88.1
-8745	88.95
-8744	87.8
-8743	90.75
-8742	89.3
-8741	90.8
-8740	90.35
-8739	89.35
-8738	87.4
-8737	88.8
-8736	90.2
-8735	91.4
-8734	89.5
-8733	89.65
-8732	89.3
-8731	90.4
-8730	87.9
-8729	90.25
-8728	90.35
-8727	91.1
-8726	88.5
-8725	91.0
-8724	90.7
-8723	90.25
-8722	90.1
-8721	90.9
-8720	90.0
-8719	89.9
-8718	87.85
-8717	89.7
-8716	91.1
-8715	89.3
-8714	89.85
-8713	90.0
-8712	88.4
-8711	91.2
-8710	90.1
-8709	90.1
-8708	89.6
-8707	89.1
-8706	89.2
-8705	86.8
-8704	89.4
-8703	90.2
-8702	91.8
-8701	90.4
-8700	91.25
-8699	89.1
-8698	89.15
-8697	89.5
-8696	88.25
-8695	88.6
-8694	90.3
-8693	88.65
-8692	90.3
-8691	90.8
-8690	91
-8689	91.6
-8688	90.75
-8687	88.8
-8686	88.6
-8685	90.5
-8684	88.5
-8683	88.7
-8682	90
-8681	87.65
-8680	88.25
-8679	91.5
-8678	88.4
-8677	89.4
-8676	88.7
-8675	91.1
-8674	90.9
-8673	90.9
-8672	91.05
-8671	89.5
-8670	90.95
-8669	90.3
-8668	89.4
-8667	89.5
-8666	90.65
-8665	88.4
-8664	88.2
-8663	90.2
-8662	88.2
-8661	89.9
-8660	90.4
-8659	90.6
-8658	88.6
-8657	89.8
-8656	89.8
-8655	90.6
-8654	87.8
-8653	90.7
-8652	90.05
-8651	89.9
-8650	90.95
-8649	87.2
-8648	90.6
-8647	91.85
-8646	90.4
-8645	90.6
-8644	88.7
-8643	90.75
-8642	90.1
-8641	89.1
-8640	90.7
-8639	89.6
-8638	91.8
-8637	91.3
-8636	90.1
-8635	89.3
-8634	89.1
-8633	91.2
-8632	88.8
-8631	90.8
-8630	90.6
-8629	91.6
-8628	90.55
-8627	90.3
-8626	89.45
-8625	89.7
-8624	90.55
-8623	90.6
-8622	88.3
-8621	90.1
-8620	91.8
-8619	87.9
-8618	90.7
-8617	89.2
-8616	91.6
-8615	89.15
-8614	90.6
-8613	89.85
-8612	88.5
-8611	89.5
-8610	86.25
-8609	88.0
-8608	88.6
-8607	88.8
-8606	89.1
-8605	89.7
-8604	89.95
-8603	91.4
-8602	88.6
-8601	90
-8600	90.6
-8599	90.8
-8598	89.6
-8597	90.1
-8596	89.3
-8595	90.7
-8594	89.95
-8593	89.1
-8592	87.9
-8591	90.7
-8590	89.6
-8589	90.3
-8588	89.5
-8587	91.4
-8586	89.95
-8585	89.15
-8584	90.2
-8583	87.3
-8582	90.85
-8581	90.4
-8580	90.2
-8579	89.1
-8578	88.2
-8577	91.6
-8576	89.95
-8575	90.4
-8574	88.2
-8573	89.65
-8572	89.9
-8571	88.9
-8570	91.3
-8569	89.8
-8568	88.75
-8567	89.2
-8566	91.45
-8565	89.1
-8564	90.1
-8563	88.95
-8562	91
-8561	88.2
-8560	89.7
-8559	90.1
-8558	89.2
-8557	89.5
-8556	89.5
-8555	87.8
-8554	87.3
-8553	91.7
-8552	89.65
-8551	89.8
-8550	91.2
-8549	90.15
-8548	89.35
-8547	90.4
-8546	89.0
-8545	90.8
-8544	89.3
-8543	89.2
-8542	90.85
-8541	88.8
-8540	91.1
-8539	90
-8538	90.2
-8537	90.5
-8536	90.5
-8535	90.55
-8534	89.35
-8533	88.4
-8532	90.7
-8531	89.3
-8530	91.5
-8529	90.8
-8528	91.0
-8527	90.1
-8526	90.45
-8525	88.7
-8524	89.35
-8523	89.1
-8522	91.05
-8521	90.7
-8520	91.3
-8519	90.9
-8518	90.4
-8517	89.3
-8516	90.6
-8515	89.2
-8514	90.8
-8513	89.1
-8512	91.85
-8511	89
-8510	90.3
-8509	90.4
-8508	88.5
-8507	89.7
-8506	90.45
-8505	90.5
-8504	88.2
-8503	92.2
-8502	88.7
-8501	87.65
-8500	89.3
-8499	90.3
-8498	89.5
-8497	90.3
-8496	91.6
-8495	90.6
-8494	89.2
-8493	89.15
-8492	89.7
-8491	89.4
-8490	90.8
-8489	89.1
-8488	89.5
-8487	91.2
-8486	88.9
-8485	89.9
-8484	91.25
-8483	90.25
-8482	88.5
-8481	90.65
-8480	90.0
-8479	91.4
-8478	89.55
-8477	90.9
-8476	87.4
-8475	88.3
-8474	90.8
-8473	89.5
-8472	89.8
-8471	89
-8470	90.2
-8469	91.3
-8468	91.0
-8467	87.9
-8466	89.5
-8465	91.35
-8464	91.4
-8463	89.2
-8462	90.25
-8461	90.15
-8460	89.85
-8459	90.05
-8458	88.8
-8457	89.7
-8456	89.6
-8455	89.8
-8454	89.7
-8453	89.9
-8452	90.2
-8451	88.5
-8450	91.2
-8449	87.9
-8448	91.2
-8447	88.75
-8446	91.1
-8445	91
-8444	90.75
-8443	90.3
-8442	90.2
-8441	88.45
-8440	88.7
-8439	90.2
-8438	91.1
-8437	88.9
-8436	89.6
-8435	90.3
-8434	88.8
-8433	89.4
-8432	90.1
-8431	87.35
-8430	90.95
-8429	89.25
-8428	88.7
-8427	89.2
-8426	91.1
-8425	89.3
-8424	90.8
-8423	90.5
-8422	88.3
-8421	89.9
-8420	90.3
-8419	90.0
-8418	90.75
-8417	89.95
-8416	90.1
-8415	90.0
-8414	87.5
-8413	91.1
-8412	89.1
-8411	90.9
-8410	90.6
-8409	90
-8408	89.6
-8407	87.75
-8406	90.4
-8405	90.15
-8404	91.1
-8403	88.9
-8402	88.9
-8401	90.5
-8400	89.6
-8399	88.9
-8398	88.3
-8397	90.65
-8396	90.6
-8395	88.2
-8394	91.2
-8393	90.4
-8392	90.7
-8391	89.6
-8390	87.05
-8389	90.3
-8388	90.9
-8387	89.3
-8386	89.4
-8385	91.4
-8384	88.75
-8383	89.1
-8382	90.45
-8381	88.9
-8380	89.8
-8379	88.9
-8378	90.25
-8377	90.15
-8376	89.8
-8375	91.15
-8374	90.9
-8373	89.9
-8372	89.6
-8371	89
-8370	89.85
-8369	90.25
-8368	89.2
-8367	89.4
-8366	88.8
-8365	89.85
-8364	89
-8363	90.7
-8362	88.8
-8361	90.4
-8360	88.6
-8359	90.8
-8358	90.85
-8357	91.6
-8356	91.4
-8355	90.1
-8354	89.8
-8353	90.0
-8352	89.7
-8351	91.1
-8350	90.1
-8349	89.75
-8348	89.3
-8347	89.7
-8346	91.4
-8345	90.6
-8344	90.6
-8343	90.0
-8342	90.1
-8341	91.1
-8340	87.65
-8339	88.2
-8338	90.2
-8337	89.5
-8336	90.8
-8335	90.1
-8334	89.2
-8333	89.1
-8332	90.1
-8331	89.2
-8330	88.8
-8329	89.65
-8328	90.3
-8327	89.5
-8326	90.5
-8325	90.0
-8324	90.3
-8323	88.7
-8322	90.3
-8321	89.2
-8320	86.9
-8319	89.6
-8318	89.9
-8317	89.5
-8316	90.6
-8315	90.15
-8314	88.9
-8313	87.8
-8312	90.1
-8311	89.65
-8310	90.0
-8309	89.2
-8308	89.9
-8307	90.7
-8306	88.2
-8305	90.2
-8304	88.1
-8303	89.4
-8302	89.9
-8301	91.4
-8300	89.4
-8299	89.3
-8298	89.8
-8297	90.3
-8296	90.6
-8295	87.8
-8294	90.3
-8293	90.1
-8292	90.5
-8291	89.8
-8290	90.9
-8289	90.1
-8288	89.9
-8287	89.1
-8286	90.05
-8285	88.3
-8284	90.4
-8283	88.3
-8282	89.7
-8281	89.4
-8280	89.55
-8279	88.8
-8278	89
-8277	90.0
-8276	89.9
-8275	90.3
-8274	88.5
-8273	89.4
-8272	90.3
-8271	90.7
-8270	89.65
-8269	89.1
-8268	90.9
-8267	90.7
-8266	90.7
-8265	89.45
-8264	91.75
-8263	90.4
-8262	88.7
-8261	89.7
-8260	91.55
-8259	90
-8258	89.2
-8257	88.1
-8256	91.3
-8255	89.35
-8254	89.4
-8253	88.6
-8252	89
-8251	89.3
-8250	89.45
-8249	89.35
-8248	91.75
-8247	88.3
-8246	88.5
-8245	90.2
-8244	89.7
-8243	88.9
-8242	90.1
-8241	89.65
-8240	87.8
-8239	89
-8238	88.7
-8237	91.85
-8236	89.9
-8235	89.8
-8234	90.9
-8233	89.7
-8232	90.4
-8231	86.9
-8230	89.4
-8229	89.9
-8228	89.45
-8227	91.2
-8226	90.65
-8225	90.3
-8224	89.9
-8223	91.2
-8222	89.0
-8221	90.2
-8220	90
-8219	91.7
-8218	89.9
-8217	91.1
-8216	91.3
-8215	89.0
-8214	89.45
-8213	91.25
-8212	90.9
-8211	90.5
-8210	90.55
-8209	90.3
-8208	89.9
-8207	89.9
-8206	91.8
-8205	89.8
-8204	90.6
-8203	89.45
-8202	90.05
-8201	89.85
-8200	89.2
-8199	88.9
-8198	91.2
-8197	88.7
-8196	91.2
-8195	90.6
-8194	89.4
-8193	90.05
-8192	86.8
-8191	90.35
-8190	89.7
-8189	91.6
-8188	88.6
-8187	90.3
-8186	90.4
-8185	90.75
-8184	90.6
-8183	89.6
-8182	91.65
-8181	91
-8180	88.85
-8179	90.3
-8178	90.8
-8177	91.1
-8176	90.8
-8175	89.9
-8174	91.5
-8173	90.8
-8172	90.1
-8171	89.4
-8170	89.85
-8169	89.6
-8168	89.6
-8167	89.3
-8166	91.1
-8165	89.85
-8164	90.85
-8163	89.95
-8162	87.8
-8161	90.9
-8160	90.0
-8159	90.2
-8158	89.9
-8157	89.9
-8156	90.25
-8155	91.2
-8154	91.35
-8153	89.9
-8152	90.5
-8151	89.5
-8150	91.8
-8149	89.6
-8148	90.3
-8147	90.15
-8146	89.6
-8145	90.2
-8144	90.5
-8143	91.55
-8142	91.2
-8141	90.15
-8140	89.5
-8139	88.5
-8138	89.2
-8137	91.2
-8136	91.3
-8135	90.8
-8134	90.4
-8133	89.1
-8132	90.4
-8131	89.0
-8130	89.65
-8129	90
-8128	90.5
-8127	89.6
-8126	90.8
-8125	90.3
-8124	89.7
-8123	90.2
-8122	90.0
-8121	89.35
-8120	90.4
-8119	89.8
-8118	90.5
-8117	90.2
-8116	90.45
-8115	91.1
-8114	89.75
-8113	90.5
-8112	91.05
-8111	91.7
-8110	90.1
-8109	89.0
-8108	90.7
-8107	90.9
-8106	87.6
-8105	90.0
-8104	89.35
-8103	90.15
-8102	90.1
-8101	90.1
-8100	91
-8099	89.5
-8098	89.7
-8097	91.15
-8096	89.4
-8095	90.5
-8094	89.9
-8093	91.0
-8092	89.6
-8091	90.05
-8090	91.8
-8089	91.5
-8088	91.3
-8087	91.45
-8086	90.8
-8085	88.9
-8084	90.0
-8083	89.1
-8082	89.4
-8081	90.2
-8080	87.5
-8079	90.7
-8078	90.8
-8077	89.55
-8076	90.8
-8075	91.15
-8074	88.95
-8073	89.8
-8072	90.3
-8071	90.9
-8070	89.6
-8069	90.6
-8068	90.45
-8067	90.3
-8066	88.8
-8065	91.4
-8064	90.05
-8063	89.8
-8062	88.4
-8061	90.6
-8060	89.3
-8059	90.65
-8058	90.8
-8057	90.6
-8056	89.95
-8055	91.05
-8054	90.45
-8053	89.7
-8052	88.3
-8051	89.1
-8050	89.55
-8049	90.5
-8048	88.4
-8047	90.5
-8046	90.5
-8045	91
-8044	90.4
-8043	91.35
-8042	92.4
-8041	91.35
-8040	91.9
-8039	89
-8038	88.9
-8037	90.6
-8036	90.5
-8035	88.95
-8034	89.7
-8033	89.0
-8032	89.7
-8031	91.95
-8030	90.05
-8029	88.2
-8028	89.15
-8027	89.4
-8026	90.25
-8025	89.75
-8024	87.5
-8023	89.5
-8022	89.95
-8021	89.7
-8020	90.65
-8019	88.9
-8018	90.2
-8017	90.5
-8016	89.6
-8015	88.65
-8014	90.95
-8013	91.8
-8012	86.5
-8011	89.6
-8010	90.2
-8009	88.6
-8008	92.5
-8007	90.4
-8006	89.2
-8005	90.2
-8004	89.0
-8003	90.4
-8002	88.9
-8001	90.35
-8000	90.8
-7999	89.2
-7998	91.25
-7997	90.8
-7996	90.8
-7995	91.7
-7994	90.8
-7993	89.2
-7992	90.2
-7991	88.6
-7990	90
-7989	90.5
-7988	91.8
-7987	89.7
-7986	90.6
-7985	89.8
-7984	89.1
-7983	90.0
-7982	90.9
-7981	91.05
-7980	88.4
-7979	90.8
-7978	90.85
-7977	89.8
-7976	89.15
-7975	89.8
-7974	91.1
-7973	89.15
-7972	90.4
-7971	89.9
-7970	91.1
-7969	88.85
-7968	90.35
-7967	90.2
-7966	90.4
-7965	91.7
-7964	88.9
-7963	89.4
-7962	89.2
-7961	87.7
-7960	91.25
-7959	88.2
-7958	90.0
-7957	88.7
-7956	88.6
-7955	88.4
-7954	92.1
-7953	90.0
-7952	89.7
-7951	91.2
-7950	90.4
-7949	90.0
-7948	89.85
-7947	89.95
-7946	89.55
-7945	90.8
-7944	90.0
-7943	91.5
-7942	90.1
-7941	89.8
-7940	88.8
-7939	89.35
-7938	88.4
-7937	90.4
-7936	90.2
-7935	87.95
-7934	90.7
-7933	87.8
-7932	90.1
-7931	89.9
-7930	89.3
-7929	87.65
-7928	90.2
-7927	89.5
-7926	89.85
-7925	90.0
-7924	89.5
-7923	91.4
-7922	89.75
-7921	89.1
-7920	90.9
-7919	89.35
-7918	89.3
-7917	89.0
-7916	88.65
-7915	90.75
-7914	91.4
-7913	89.2
-7912	89.45
-7911	90.25
-7910	87.7
-7909	89.35
-7908	90.7
-7907	90.2
-7906	90.3
-7905	89.55
-7904	88.6
-7903	90.6
-7902	90
-7901	88.4
-7900	89.0
-7899	89.7
-7898	87.7
-7897	90.9
-7896	88.2
-7895	90.0
-7894	89.85
-7893	88.6
-7892	88.7
-7891	90.1
-7890	89.2
-7889	90.2
-7888	88.1
-7887	91.65
-7886	89.7
-7885	89.95
-7884	91.4
-7883	87.0
-7882	89.1
-7881	89.3
-7880	89.9
-7879	91.6
-7878	85.0
-7877	89.85
-7876	90.05
-7875	90.1
-7874	89.7
-7873	90.7
-7872	91.15
-7871	91.1
-7870	91.7
-7869	88.9
-7868	89.4
-7867	89.95
-7866	91.15
-7865	89.7
-7864	90.6
-7863	89.8
-7862	91.5
-7861	88.9
-7860	91.15
-7859	88.1
-7858	85.9
-7857	88.5
-7856	87.6
-7855	86.65
-7854	89.75
-7853	90
-7852	90.3
-7851	88.25
-7850	88.1
-7849	90.1
-7848	89.9
-7847	89.55
-7846	90.2
-7845	89
-7844	89.1
-7843	88.8
-7842	90.0
-7841	87.7
-7840	90.1
-7839	90.2
-7838	89.1
-7837	86.9
-7836	88.05
-7835	90.0
-7834	90.4
-7833	88.7
-7832	89.0
-7831	90.4
-7830	89.9
-7829	88.1
-7828	90.3
-7827	90.0
-7826	90.8
-7825	89.8
-7824	91.8
-7823	91.45
-7822	89.2
-7821	88.9
-7820	90.4
-7819	90.8
-7818	90.4
-7817	89.8
-7816	89.6
-7815	88.75
-7814	90.5
-7813	90.35
-7812	91.4
-7811	90.55
-7810	90.1
-7809	89.8
-7808	89.0
-7807	90.4
-7806	89.7
-7805	88.3
-7804	89.45
-7803	88.4
-7802	89.3
-7801	91.5
-7800	89.3
-7799	90.5
-7798	91.6
-7797	86.55
-7796	88.6
-7795	89.3
-7794	88.3
-7793	91.1
-7792	89.35
-7791	90.0
-7790	89.6
-7789	89.2
-7788	88.0
-7787	89.4
-7786	89.0
-7785	89.15
-7784	91.15
-7783	88.6
-7782	87.4
-7781	89.9
-7780	90.4
-7779	90.4
-7778	88.9
-7777	90.5
-7776	89.45
-7775	89.5
-7774	90.1
-7773	88.3
-7772	87.95
-7771	89.8
-7770	90.1
-7769	88.0
-7768	90.1
-7767	89.8
-7766	89.0
-7765	90.5
-7764	88.9
-7763	89.8
-7762	89.25
-7761	89.2
-7760	88.4
-7759	88.5
-7758	89.4
-7757	90.8
-7756	89.65
-7755	90
-7754	90.4
-7753	90.7
-7752	89.3
-7751	90.2
-7750	89.7
-7749	90.1
-7748	88.8
-7747	89.8
-7746	89.85
-7745	90.7
-7744	88.8
-7743	88.5
-7742	90.65
-7741	89.3
-7740	89.25
-7739	90.1
-7738	89.8
-7737	91.0
-7736	89.55
-7735	88.6
-7734	89.1
-7733	88.9
-7732	87.4
-7731	87.6
-7730	91.05
-7729	90.6
-7728	89.4
-7727	89.3
-7726	90
-7725	88.65
-7724	87.45
-7723	88.0
-7722	90.3
-7721	89.3
-7720	88.4
-7719	89.55
-7718	90.1
-7717	86.4
-7716	88.7
-7715	88.9
-7714	89.6
-7713	88.8
-7712	89.2
-7711	89.3
-7710	90.7
-7709	87.5
-7708	90.1
-7707	88.0
-7706	91.2
-7705	88.3
-7704	89.5
-7703	87.2
-7702	89.9
-7701	91.2
-7700	90.35
-7699	90.7
-7698	89.4
-7697	90.2
-7696	91.2
-7695	89.6
-7694	86.9
-7693	89.3
-7692	88.8
-7691	88.5
-7690	89.2
-7689	89.5
-7688	89.4
-7687	89.4
-7686	88.7
-7685	89.7
-7684	90.1
-7683	88.9
-7682	88.7
-7681	89.7
-7680	88.9
-7679	90.0
-7678	88.3
-7677	90.75
-7676	87.3
-7675	86.9
-7674	90.2
-7673	90.7
-7672	86.7
-7671	88.05
-7670	89.6
-7669	88.3
-7668	89.5
-7667	89.5
-7666	90.2
-7665	91.65
-7664	88.7
-7663	87.85
-7662	90.0
-7661	88.7
-7660	87.6
-7659	89.8
-7658	88.1
-7657	89.95
-7656	88.4
-7655	90.85
-7654	87.1
-7653	88.7
-7652	85.7
-7651	91.2
-7650	90.5
-7649	89.55
-7648	90.1
-7647	89.05
-7646	90.2
-7645	90.15
-7644	90.1
-7643	89.6
-7642	90.15
-7641	89.9
-7640	89.0
-7639	89.35
-7638	88.65
-7637	89.3
-7636	88.5
-7635	89.05
-7634	90.2
-7633	90.85
-7632	89.6
-7631	88.4
-7630	89.3
-7629	89.2
-7628	87.5
-7627	89.4
-7626	91.5
-7625	88.9
-7624	88.6
-7623	86.55
-7622	88.7
-7621	91.6
-7620	88.7
-7619	89.45
-7618	88.3
-7617	90.8
-7616	88.5
-7615	89.6
-7614	87.8
-7613	88.15
-7612	90.5
-7611	89.65
-7610	86.6
-7609	90.2
-7608	90.1
-7607	90.4
-7606	89.6
-7605	88.3
-7604	88.45
-7603	91.1
-7602	90.4
-7601	90.65
-7600	89.5
-7599	89.55
-7598	88.4
-7597	90
-7596	88.8
-7595	89.1
-7594	88.3
-7593	90.4
-7592	87.75
-7591	89.55
-7590	89.3
-7589	87.8
-7588	90.55
-7587	88.7
-7586	90.7
-7585	92.0
-7584	90.4
-7583	90.2
-7582	89.4
-7581	89.95
-7580	88.6
-7579	90.8
-7578	89.1
-7577	88.35
-7576	90.2
-7575	90.6
-7574	88.2
-7573	88.2
-7572	88.8
-7571	88.3
-7570	90.1
-7569	88.35
-7568	88.45
-7567	88.3
-7566	90.4
-7565	88.1
-7564	88.8
-7563	90.7
-7562	89.85
-7561	87.9
-7560	87.0
-7559	90.15
-7558	89.4
-7557	89.7
-7556	87.75
-7555	90.0
-7554	87.5
-7553	88.45
-7552	89.65
-7551	86.95
-7550	89.85
-7549	88.8
-7548	90.6
-7547	91
-7546	89.35
-7545	89.4
-7544	89.35
-7543	89.7
-7542	90.95
-7541	88
-7540	88.35
-7539	89.6
-7538	88.3
-7537	90
-7536	89.3
-7535	90.15
-7534	90.45
-7533	88.4
-7532	88.2
-7531	89.7
-7530	88.9
-7529	91.5
-7528	88.05
-7527	88.8
-7526	90.1
-7525	87.9
-7524	90.1
-7523	89.5
-7522	90.2
-7521	87.4
-7520	90.1
-7519	86.95
-7518	90.2
-7517	85.8
-7516	87.8
-7515	88.3
-7514	89.7
-7513	88.45
-7512	89.7
-7511	89.9
-7510	90.05
-7509	90.7
-7508	89.1
-7507	89.95
-7506	88.7
-7505	87.6
-7504	89.0
-7503	89.5
-7502	87.85
-7501	87.7
-7500	91.1
-7499	89.6
-7498	89.2
-7497	89.4
-7496	89.9
-7495	89.5
-7494	88.0
-7493	90.9
-7492	90.1
-7491	89.9
-7490	88.6
-7489	89.7
-7488	89.7
-7487	88.8
-7486	90.55
-7485	86.85
-7484	87.9
-7483	90.2
-7482	90.2
-7481	88.9
-7480	87.6
-7479	88.75
-7478	89.9
-7477	89.0
-7476	90.3
-7475	90
-7474	87.3
-7473	90.4
-7472	90.85
-7471	88.1
-7470	88.25
-7469	90.9
-7468	90.5
-7467	88
-7466	91.0
-7465	90.1
-7464	89.7
-7463	89.7
-7462	90.1
-7461	88.6
-7460	87.8
-7459	90.45
-7458	87.5
-7457	88.3
-7456	88.8
-7455	88.5
-7454	91.1
-7453	87.7
-7452	89.3
-7451	90.3
-7450	90.4
-7449	89.6
-7448	90.5
-7447	89.9
-7446	89.4
-7445	88.8
-7444	88.7
-7443	89.1
-7442	91
-7441	89.5
-7440	88.5
-7439	89.15
-7438	90.5
-7437	89.9
-7436	91.1
-7435	89.9
-7434	88.9
-7433	87.2
-7432	89.4
-7431	88.8
-7430	89.8
-7429	86.8
-7428	90.1
-7427	88.9
-7426	89.95
-7425	86.8
-7424	89.8
-7423	89.6
-7422	89.9
-7421	89.6
-7420	89.1
-7419	89.4
-7418	89.15
-7417	89.15
-7416	90.25
-7415	89.9
-7414	86.95
-7413	88.6
-7412	88.7
-7411	87.7
-7410	89.8
-7409	90.2
-7408	87.55
-7407	89.05
-7406	89.7
-7405	90
-7404	88.8
-7403	87.9
-7402	88.4
-7401	90.4
-7400	90.6
-7399	89.1
-7398	89.0
-7397	87.95
-7396	89.55
-7395	89.2
-7394	88.9
-7393	88.75
-7392	89.95
-7391	88.55
-7390	87.1
-7389	90.05
-7388	89.1
-7387	88.8
-7386	89.35
-7385	86.75
-7384	87.6
-7383	87.4
-7382	89.65
-7381	87.8
-7380	87.3
-7379	88.7
-7378	90.1
-7377	91.9
-7376	90.5
-7375	90.95
-7374	87.9
-7373	89.2
-7372	90.6
-7371	87.4
-7370	89.3
-7369	89.1
-7368	89.5
-7367	88.15
-7366	89.9
-7365	90.2
-7364	90.45
-7363	88.1
-7362	87.9
-7361	88.7
-7360	89.0
-7359	90.0
-7358	84.2
-7357	89.9
-7356	88.5
-7355	86.5
-7354	88.8
-7353	89.65
-7352	91.3
-7351	89.6
-7350	89.45
-7349	87.35
-7348	86.4
-7347	88.2
-7346	89.5
-7345	89.85
-7344	91.0
-7343	88.9
-7342	88.6
-7341	88.15
-7340	88.9
-7339	88.2
-7338	88.9
-7337	90.7
-7336	90.7
-7335	89.7
-7334	87.4
-7333	88.9
-7332	89.35
-7331	89.3
-7330	88.35
-7329	87.6
-7328	89.4
-7327	89.4
-7326	88.45
-7325	89.5
-7324	90.5
-7323	89.8
-7322	87.2
-7321	89.4
-7320	89.8
-7319	89.9
-7318	89.05
-7317	89.65
-7316	90.1
-7315	89.2
-7314	89.9
-7313	88.4
-7312	88.25
-7311	86
-7310	88.6
-7309	89.1
-7308	90.1
-7307	86.15
-7306	90.1
-7305	88.0
-7304	90.2
-7303	88.25
-7302	88
-7301	89.4
-7300	89.6
-7299	88.0
-7298	87.6
-7297	87.3
-7296	86.75
-7295	89.5
-7294	89.5
-7293	88.55
-7292	87.7
-7291	88.5
-7290	89.4
-7289	87.1
-7288	91.2
-7287	89.45
-7286	88.2
-7285	89.1
-7284	88.2
-7283	88.65
-7282	90.1
-7281	90.2
-7280	88.85
-7279	88.3
-7278	89.05
-7277	88.7
-7276	88.3
-7275	88.5
-7274	87.0
-7273	89.6
-7272	88.9
-7271	87.7
-7270	89.7
-7269	88.7
-7268	88.25
-7267	87.2
-7266	88.6
-7265	86.0
-7264	89.5
-7263	87.1
-7262	88.8
-7261	87.35
-7260	89.85
-7259	87.8
-7258	88.6
-7257	88.55
-7256	89.0
-7255	90.05
-7254	90.8
-7253	88.3
-7252	89.4
-7251	91.1
-7250	88.65
-7249	90.05
-7248	89.4
-7247	87.5
-7246	89.7
-7245	89.0
-7244	91.1
-7243	90.8
-7242	87.4
-7241	90.2
-7240	86.15
-7239	88.6
-7238	86.85
-7237	88.4
-7236	88.1
-7235	87.15
-7234	89.25
-7233	90.1
-7232	88.8
-7231	89.9
-7230	89.3
-7229	88.8
-7228	89.3
-7227	85.65
-7226	89.6
-7225	88.8
-7224	90.6
-7223	88.7
-7222	87.45
-7221	89.4
-7220	90.3
-7219	90.5
-7218	90.2
-7217	88.2
-7216	89.7
-7215	88.0
-7214	87.9
-7213	89.4
-7212	88.9
-7211	89.4
-7210	89.05
-7209	90.1
-7208	87.3
-7207	87.8
-7206	91.6
-7205	87.6
-7204	90.35
-7203	89.1
-7202	88.4
-7201	90.1
-7200	89.1
-7199	86.9
-7198	89.2
-7197	86.8
-7196	89.5
-7195	90.75
-7194	87.2
-7193	89.35
-7192	88.65
-7191	88.2
-7190	88.85
-7189	87.0
-7188	89.65
-7187	86.8
-7186	86.9
-7185	90.4
-7184	90.5
-7183	88.4
-7182	89.4
-7181	88.15
-7180	90.7
-7179	88.1
-7178	86.9
-7177	86.35
-7176	90.25
-7175	87.9
-7174	91.7
-7173	89.7
-7172	89.35
-7171	89.35
-7170	88.4
-7169	90.7
-7168	89.65
-7167	89.3
-7166	89.7
-7165	88.7
-7164	89.55
-7163	86.3
-7162	89.65
-7161	89.7
-7160	88.85
-7159	90.1
-7158	88.7
-7157	89.3
-7156	91.05
-7155	90.7
-7154	89.35
-7153	87.8
-7152	89.7
-7151	89.6
-7150	89.1
-7149	89.65
-7148	88.15
-7147	88.2
-7146	86.9
-7145	89.8
-7144	91.2
-7143	89.6
-7142	89.05
-7141	88.5
-7140	87.1
-7139	89.65
-7138	89.05
-7137	91.0
-7136	87.45
-7135	88.5
-7134	89.3
-7133	88.65
-7132	88.7
-7131	90.6
-7130	90.5
-7129	88.4
-7128	87.75
-7127	89.4
-7126	88.4
-7125	88.8
-7124	89.4
-7123	90.3
-7122	91.2
-7121	87.9
-7120	88.5
-7119	88.3
-7118	88.5
-7117	87.65
-7116	90.2
-7115	88.8
-7114	89.2
-7113	87.3
-7112	87.85
-7111	89.5
-7110	90.1
-7109	90.8
-7108	89.3
-7107	89.65
-7106	89.1
-7105	91.0
-7104	89.55
-7103	90.9
-7102	87.05
-7101	90.6
-7100	88.4
-7099	91.5
-7098	89.55
-7097	89.5
-7096	89
-7095	87.3
-7094	91.35
-7093	86.7
-7092	90.55
-7091	89.7
-7090	87.7
-7089	87.9
-7088	89.0
-7087	89.9
-7086	89.4
-7085	89.05
-7084	87.4
-7083	90.1
-7082	89.65
-7081	88.35
-7080	90.3
-7079	90.5
-7078	90.5
-7077	86.7
-7076	88.4
-7075	89.7
-7074	88.3
-7073	89.6
-7072	88.9
-7071	89.95
-7070	90.1
-7069	87.45
-7068	89.2
-7067	89.3
-7066	88.7
-7065	89.6
-7064	89.1
-7063	88.4
-7062	88.05
-7061	89.9
-7060	89.5
-7059	87.5
-7058	90.1
-7057	89.3
-7056	88.4
-7055	87.3
-7054	89.1
-7053	88.8
-7052	88.8
-7051	89.4
-7050	89.5
-7049	88.9
-7048	88.5
-7047	90.3
-7046	88.3
-7045	89.9
-7044	88.95
-7043	89.7
-7042	89.2
-7041	86.6
-7040	89.5
-7039	88.2
-7038	89.5
-7037	86.25
-7036	91.45
-7035	89.5
-7034	91.0
-7033	89.6
-7032	90.95
-7031	88.7
-7030	89.05
-7029	86.9
-7028	90.1
-7027	90.1
-7026	87.2
-7025	87.6
-7024	90.2
-7023	88.9
-7022	88.1
-7021	90.55
-7020	91.1
-7019	90.2
-7018	89.5
-7017	88.9
-7016	88.95
-7015	87.3
-7014	89.1
-7013	87.3
-7012	88.6
-7011	88.3
-7010	90.4
-7009	89.15
-7008	89.9
-7007	88.6
-7006	91.7
-7005	88.0
-7004	87.45
-7003	90.5
-7002	89.9
-7001	88.9
-7000	89.4
-6999	90.1
-6998	87.8
-6997	89.1
-6996	88.4
-6995	90.2
-6994	90.2
-6993	88.1
-6992	89.8
-6991	91
-6990	88.7
-6989	88.6
-6988	91.2
-6987	88.1
-6986	89.65
-6985	89.7
-6984	88.4
-6983	91.4
-6982	87.6
-6981	90.35
-6980	90.8
-6979	89.8
-6978	89.3
-6977	88.2
-6976	88.05
-6975	90.65
-6974	89.1
-6973	90.3
-6972	87.9
-6971	86.8
-6970	90.3
-6969	86.75
-6968	89.0
-6967	90.0
-6966	89.6
-6965	87.6
-6964	91.1
-6963	88.45
-6962	90.4
-6961	87.9
-6960	90.1
-6959	89.05
-6958	88.7
-6957	89.2
-6956	88.6
-6955	89.2
-6954	89.55
-6953	89.0
-6952	88.95
-6951	89.7
-6950	87.35
-6949	88.85
-6948	89.45
-6947	91.85
-6946	88.45
-6945	90.4
-6944	88.05
-6943	89.7
-6942	87.5
-6941	87.2
-6940	91.0
-6939	89.4
-6938	88.35
-6937	89.7
-6936	88.95
-6935	90.0
-6934	89.0
-6933	86.9
-6932	89.7
-6931	90.4
-6930	89.3
-6929	90
-6928	87.8
-6927	86.45
-6926	90.9
-6925	87.1
-6924	88.7
-6923	90.35
-6922	89.9
-6921	90.5
-6920	87.75
-6919	90.0
-6918	88.8
-6917	88.05
-6916	88.85
-6915	90.5
-6914	87.15
-6913	88.7
-6912	88.7
-6911	89.6
-6910	89.4
-6909	88.7
-6908	89.1
-6907	88.9
-6906	89.3
-6905	90.3
-6904	91.5
-6903	90.1
-6902	89.9
-6901	89.7
-6900	90.7
-6899	90
-6898	88.35
-6897	89.4
-6896	89.9
-6895	89.65
-6894	91.2
-6893	88.3
-6892	88.45
-6891	90.0
-6890	89.8
-6889	90.6
-6888	89.1
-6887	88.45
-6886	87.7
-6885	89.8
-6884	88.2
-6883	88.7
-6882	89.7
-6881	88.1
-6880	91.3
-6879	90.05
-6878	90.2
-6877	90.5
-6876	89.8
-6875	87.6
-6874	89.6
-6873	89.65
-6872	87.25
-6871	89.7
-6870	88.7
-6869	90.85
-6868	88.85
-6867	87.9
-6866	89.2
-6865	89.5
-6864	89.7
-6863	90.4
-6862	89.3
-6861	90.9
-6860	88.5
-6859	89.1
-6858	89.2
-6857	90.5
-6856	90.0
-6855	89.2
-6854	88.0
-6853	89.7
-6852	89.25
-6851	90
-6850	90.2
-6849	90.4
-6848	88.6
-6847	92.0
-6846	87.1
-6845	88.85
-6844	88.4
-6843	89.0
-6842	89.6
-6841	87.65
-6840	90.25
-6839	84.55
-6838	89.2
-6837	90.65
-6836	89.4
-6835	90.95
-6834	88.85
-6833	88.7
-6832	88.0
-6831	88.5
-6830	86.2
-6829	89.0
-6828	89.9
-6827	89.1
-6826	89.9
-6825	88.5
-6824	89.2
-6823	90.2
-6822	88.45
-6821	88.2
-6820	88.7
-6819	88.8
-6818	88.95
-6817	87.6
-6816	89.6
-6815	88.65
-6814	88.25
-6813	89.7
-6812	88.6
-6811	87.8
-6810	89.1
-6809	90.2
-6808	88.95
-6807	87.9
-6806	89.1
-6805	90.0
-6804	89.5
-6803	89.2
-6802	87.85
-6801	87.9
-6800	88.45
-6799	87.7
-6798	87.4
-6797	88.55
-6796	90.3
-6795	89.6
-6794	87.45
-6793	90.9
-6792	88.4
-6791	87.6
-6790	89.45
-6789	89.35
-6788	89.8
-6787	88.6
-6786	87.3
-6785	87.95
-6784	86.25
-6783	89.0
-6782	88.8
-6781	90.2
-6780	88.6
-6779	89.5
-6778	90.2
-6777	90.7
-6776	90.0
-6775	90.1
-6774	89.45
-6773	90.4
-6772	89.7
-6771	88.65
-6770	89.05
-6769	91.3
-6768	90.85
-6767	89.2
-6766	87.7
-6765	89.3
-6764	89.7
-6763	89.95
-6762	89
-6761	89.95
-6760	91.0
-6759	88.65
-6758	88.2
-6757	87.4
-6756	88.1
-6755	90.2
-6754	89.2
-6753	89.8
-6752	89.7
-6751	88.9
-6750	89.95
-6749	87.8
-6748	87.3
-6747	88.9
-6746	89.05
-6745	88.9
-6744	90.1
-6743	89.25
-6742	89.8
-6741	89.8
-6740	88.5
-6739	89.55
-6738	88.3
-6737	89.95
-6736	91
-6735	88.1
-6734	87.85
-6733	90.2
-6732	90.1
-6731	90.4
-6730	88.8
-6729	88.9
-6728	89.0
-6727	89.7
-6726	90.6
-6725	89.3
-6724	90.0
-6723	89.3
-6722	89.7
-6721	86.1
-6720	89.6
-6719	88.0
-6718	90.1
-6717	88.0
-6716	89.3
-6715	90.6
-6714	89.1
-6713	87.8
-6712	89.35
-6711	87.3
-6710	89.55
-6709	90.2
-6708	88.6
-6707	89.6
-6706	89.55
-6705	85.7
-6704	89.2
-6703	91.45
-6702	88.7
-6701	90.7
-6700	88.7
-6699	89.8
-6698	88.9
-6697	88.3
-6696	90.6
-6695	90.1
-6694	90.0
-6693	89.75
-6692	90.3
-6691	87.95
-6690	90.5
-6689	89.8
-6688	88.7
-6687	88.3
-6686	83.45
-6685	87.55
-6684	88.0
-6683	87.5
-6682	88.55
-6681	87.15
-6680	89.7
-6679	87.6
-6678	89.7
-6677	89.1
-6676	88.0
-6675	89.1
-6674	88.0
-6673	89.3
-6672	87.9
-6671	87.2
-6670	89.4
-6669	88.05
-6668	89.9
-6667	88.1
-6666	86.8
-6665	87.55
-6664	90.7
-6663	88.9
-6662	88.1
-6661	88.85
-6660	88.5
-6659	90.5
-6658	88.9
-6657	90.2
-6656	89.85
-6655	88.4
-6654	90.45
-6653	89.2
-6652	90.2
-6651	87.7
-6650	89.3
-6649	87.7
-6648	89.2
-6647	88.65
-6646	87.05
-6645	89.5
-6644	89.5
-6643	87.75
-6642	89
-6641	87.5
-6640	88.1
-6639	87.75
-6638	90.65
-6637	88.6
-6636	90.1
-6635	88.4
-6634	90.7
-6633	89.2
-6632	87.8
-6631	90.1
-6630	89.8
-6629	88.9
-6628	89.4
-6627	87.65
-6626	88.95
-6625	88.2
-6624	90.3
-6623	90.4
-6622	90.8
-6621	89.0
-6620	88.55
-6619	89.2
-6618	89.85
-6617	89.2
-6616	89.05
-6615	89.6
-6614	90.1
-6613	89.2
-6612	90.8
-6611	88.0
-6610	89.7
-6609	87.2
-6608	87.65
-6607	86.8
-6606	89.7
-6605	91.2
-6604	88.2
-6603	89.2
-6602	89.7
-6601	90.1
-6600	88.7
-6599	88.85
-6598	88.3
-6597	90.0
-6596	90.6
-6595	89.0
-6594	89.3
-6593	89.1
-6592	89.75
-6591	86.8
-6590	89.9
-6589	90.6
-6588	90.7
-6587	90.5
-6586	90.25
-6585	91
-6584	89.8
-6583	87.7
-6582	86.2
-6581	89.9
-6580	89.8
-6579	90.0
-6578	88.8
-6577	90.2
-6576	91.7
-6575	90.25
-6574	89.8
-6573	88
-6572	92.0
-6571	88.45
-6570	88.9
-6569	85.6
-6568	89.5
-6567	89.3
-6566	89.5
-6565	88.4
-6564	89.2
-6563	89.75
-6562	89.3
-6561	90.5
-6560	90.2
-6559	89.05
-6558	90.4
-6557	88.35
-6556	89.95
-6555	87.4
-6554	90.25
-6553	89.65
-6552	87.7
-6551	88.75
-6550	87.75
-6549	89.5
-6548	90.4
-6547	91.1
-6546	89.6
-6545	89
-6544	89.8
-6543	89.9
-6542	90.25
-6541	88
-6540	90.25
-6539	87.6
-6538	89.4
-6537	90.3
-6536	89.5
-6535	88.7
-6534	89.8
-6533	91.3
-6532	90.35
-6531	88.4
-6530	90.6
-6529	89.7
-6528	86.5
-6527	88.65
-6526	89.65
-6525	87.35
-6524	91.1
-6523	88.1
-6522	89.85
-6521	89.8
-6520	88.7
-6519	88.75
-6518	90.2
-6517	91.6
-6516	87.5
-6515	86.1
-6514	88.5
-6513	88.1
-6512	88.95
-6511	89.05
-6510	89.6
-6509	88.4
-6508	90.1
-6507	89.3
-6506	88.9
-6505	91.2
-6504	89.8
-6503	86.4
-6502	89.6
-6501	88.55
-6500	87.05
-6499	90.1
-6498	90.0
-6497	88.7
-6496	90.8
-6495	85.45
-6494	89.35
-6493	91
-6492	88.5
-6491	90.8
-6490	89.9
-6489	88.1
-6488	87.35
-6487	86.55
-6486	90.4
-6485	89.3
-6484	89.1
-6483	88.7
-6482	88.2
-6481	87.6
-6480	87.5
-6479	88.3
-6478	89.45
-6477	89.25
-6476	88.45
-6475	89.5
-6474	88.05
-6473	87.6
-6472	91.7
-6471	89.2
-6470	87.7
-6469	89.2
-6468	89.5
-6467	90.5
-6466	90.3
-6465	89.55
-6464	89.2
-6463	88.8
-6462	89
-6461	89.15
-6460	86.0
-6459	88.9
-6458	89.0
-6457	88.15
-6456	88.3
-6455	88.35
-6454	89.5
-6453	86.8
-6452	89.6
-6451	89.1
-6450	89.25
-6449	88.6
-6448	87.6
-6447	86.55
-6446	86.8
-6445	89.1
-6444	87.6
-6443	84.3
-6442	89.2
-6441	87.1
-6440	89.9
-6439	87.25
-6438	88.9
-6437	90.15
-6436	87.5
-6435	89.7
-6434	88.8
-6433	88.6
-6432	88.5
-6431	90.75
-6430	87.6
-6429	91.05
-6428	89.05
-6427	90.6
-6426	88.3
-6425	88.8
-6424	90.2
-6423	89.5
-6422	88.6
-6421	90.15
-6420	87.55
-6419	90.05
-6418	87.2
-6417	89
-6416	88.3
-6415	89.05
-6414	89.6
-6413	88.7
-6412	88.5
-6411	87.1
-6410	88.9
-6409	86.2
-6408	89.8
-6407	88.2
-6406	89.0
-6405	87.6
-6404	88.4
-6403	90.65
-6402	87.75
-6401	87.5
-6400	88.0
-6399	86.7
-6398	88.8
-6397	87.3
-6396	89.3
-6395	87.6
-6394	89.2
-6393	89.2
-6392	89.35
-6391	88.65
-6390	88.6
-6389	89.3
-6388	87.7
-6387	88.8
-6386	90.5
-6385	86.3
-6384	89.7
-6383	90.1
-6382	87.15
-6381	89.8
-6380	89.45
-6379	89.95
-6378	88.25
-6377	89.3
-6376	90.1
-6375	90.9
-6374	88.6
-6373	90.6
-6372	90.2
-6371	89.2
-6370	88.45
-6369	90.6
-6368	89.2
-6367	88.4
-6366	87.4
-6365	90.4
-6364	89.65
-6363	88.6
-6362	86.6
-6361	88.75
-6360	86.45
-6359	89.35
-6358	88.0
-6357	90.2
-6356	86.75
-6355	89.45
-6354	89.3
-6353	89.95
-6352	86.9
-6351	89.5
-6350	91.8
-6349	89.5
-6348	89
-6347	87.65
-6346	87.8
-6345	87.7
-6344	90.6
-6343	87.4
-6342	88.7
-6341	85.25
-6340	87.7
-6339	88.55
-6338	88.1
-6337	90.6
-6336	89.8
-6335	85.55
-6334	87.95
-6333	88.55
-6332	87.1
-6331	88.25
-6330	90.3
-6329	90.0
-6328	86.1
-6327	89.8
-6326	87.0
-6325	88.1
-6324	90.0
-6323	84.55
-6322	90.1
-6321	89.0
-6320	89.45
-6319	89.1
-6318	89.4
-6317	89.7
-6316	87.35
-6315	89.1
-6314	89.75
-6313	89.0
-6312	88.8
-6311	88.65
-6310	86.6
-6309	90.1
-6308	89.4
-6307	90.15
-6306	89.7
-6305	87.2
-6304	89.5
-6303	87.6
-6302	88.55
-6301	90.4
-6300	90.3
-6299	87.6
-6298	87.6
-6297	88.9
-6296	90.6
-6295	88.35
-6294	90.2
-6293	88.7
-6292	89.35
-6291	89.8
-6290	90.0
-6289	89.15
-6288	89.3
-6287	89.3
-6286	89.0
-6285	89.0
-6284	90.0
-6283	89
-6282	88.7
-6281	88.6
-6280	88.65
-6279	88.5
-6278	87.9
-6277	89.1
-6276	89.9
-6275	90.3
-6274	87.8
-6273	89.3
-6272	86.2
-6271	88.7
-6270	87.8
-6269	89.0
-6268	89.1
-6267	87.5
-6266	85.9
-6265	88.6
-6264	88.2
-6263	89.7
-6262	90.1
-6261	89.4
-6260	88.7
-6259	91.1
-6258	88.15
-6257	87.2
-6256	90.9
-6255	86.5
-6254	88.3
-6253	89.5
-6252	89.2
-6251	88.9
-6250	90.0
-6249	89.4
-6248	90.1
-6247	88.9
-6246	89.8
-6245	88.05
-6244	90.7
-6243	90.1
-6242	90.35
-6241	87.9
-6240	86.9
-6239	91.1
-6238	88.8
-6237	90.1
-6236	89.5
-6235	86.7
-6234	89.1
-6233	88.3
-6232	89.3
-6231	90.65
-6230	88.25
-6229	88.75
-6228	88.9
-6227	85.7
-6226	89.2
-6225	86.7
-6224	84.3
-6223	90.8
-6222	87.7
-6221	88.45
-6220	88.9
-6219	88.45
-6218	90.45
-6217	88.9
-6216	86.4
-6215	87.8
-6214	90.8
-6213	87.4
-6212	90.0
-6211	89.0
-6210	90.5
-6209	88.9
-6208	89.2
-6207	88.1
-6206	88.3
-6205	88.45
-6204	88.7
-6203	89.0
-6202	85.4
-6201	89.8
-6200	89.1
-6199	88.7
-6198	87.95
-6197	89.2
-6196	89.3
-6195	88.4
-6194	90.6
-6193	89.45
-6192	87.8
-6191	90.35
-6190	87.2
-6189	88.2
-6188	91
-6187	88.5
-6186	90.2
-6185	89.6
-6184	88.8
-6183	88.65
-6182	89.1
-6181	89.4
-6180	90
-6179	90.2
-6178	89.55
-6177	89.1
-6176	87.4
-6175	88.0
-6174	90.0
-6173	88.85
-6172	89.4
-6171	87.9
-6170	91.4
-6169	89.8
-6168	87.7
-6167	90.45
-6166	89.7
-6165	86.7
-6164	89.85
-6163	91.2
-6162	88.3
-6161	86.6
-6160	86.7
-6159	89.75
-6158	89.3
-6157	89.2
-6156	90.2
-6155	86.8
-6154	87.1
-6153	87.4
-6152	88.2
-6151	88.7
-6150	88.0
-6149	88.8
-6148	86.7
-6147	86.4
-6146	87.8
-6145	86.95
-6144	89.65
-6143	89.9
-6142	87.9
-6141	90.8
-6140	88.7
-6139	89.3
-6138	88
-6137	87.25
-6136	88.6
-6135	88.8
-6134	90.9
-6133	87.95
-6132	91.1
-6131	89.9
-6130	91.4
-6129	89.8
-6128	88.4
-6127	89.9
-6126	86.85
-6125	88.9
-6124	89.2
-6123	88.7
-6122	89.75
-6121	89.6
-6120	90.45
-6119	88.4
-6118	87.9
-6117	89.2
-6116	87.5
-6115	87.6
-6114	88.1
-6113	89.3
-6112	88.75
-6111	87.5
-6110	87.9
-6109	87.6
-6108	89.85
-6107	88.3
-6106	89.25
-6105	90.6
-6104	90.45
-6103	89.8
-6102	89.65
-6101	89.15
-6100	87.4
-6099	87.4
-6098	88.1
-6097	87
-6096	89.5
-6095	90.6
-6094	87.4
-6093	89.7
-6092	89.5
-6091	89.4
-6090	89.8
-6089	86.9
-6088	89.0
-6087	87.5
-6086	88.5
-6085	88.1
-6084	91.0
-6083	87.0
-6082	89.2
-6081	88.5
-6080	88.3
-6079	88.1
-6078	89.6
-6077	87.65
-6076	88.6
-6075	89.5
-6074	88.2
-6073	87.2
-6072	90.75
-6071	89.8
-6070	89.3
-6069	90
-6068	89.9
-6067	87.65
-6066	88.9
-6065	88.7
-6064	91
-6063	86.45
-6062	87.9
-6061	90.15
-6060	88.7
-6059	90.05
-6058	90.7
-6057	89.2
-6056	89.2
-6055	87.9
-6054	89.6
-6053	87.7
-6052	89.9
-6051	89.6
-6050	90.2
-6049	90.0
-6048	89
-6047	88.0
-6046	88.4
-6045	87.8
-6044	88.95
-6043	88.05
-6042	89.1
-6041	91.1
-6040	89.8
-6039	88.5
-6038	88.7
-6037	88.25
-6036	88.3
-6035	89.1
-6034	89.0
-6033	88
-6032	87.8
-6031	88.85
-6030	86.4
-6029	87.4
-6028	89
-6027	89.85
-6026	90.25
-6025	87.4
-6024	88.6
-6023	88.3
-6022	90.1
-6021	88.8
-6020	90.9
-6019	90.35
-6018	87.65
-6017	89.3
-6016	89.4
-6015	89.3
-6014	90.6
-6013	90.8
-6012	88
-6011	88.6
-6010	89.6
-6009	89.05
-6008	88.5
-6007	90.9
-6006	88.55
-6005	91.7
-6004	89
-6003	89.1
-6002	88.95
-6001	90.1
-6000	90.1
-5999	89.8
-5998	89.9
-5997	89.1
-5996	86.05
-5995	89.95
-5994	87.9
-5993	89.8
-5992	89.7
-5991	90.9
-5990	89.0
-5989	87.3
-5988	88.7
-5987	89.95
-5986	90.6
-5985	89.1
-5984	87.7
-5983	89.5
-5982	90.45
-5981	88.7
-5980	89.9
-5979	89.0
-5978	88.55
-5977	88.5
-5976	89.9
-5975	87.45
-5974	88.95
-5973	89.7
-5972	89.5
-5971	88.85
-5970	89.5
-5969	89.9
-5968	89.6
-5967	91.4
-5966	89.9
-5965	90.6
-5964	88.7
-5963	89.9
-5962	87.2
-5961	88.7
-5960	90.4
-5959	90.05
-5958	88.95
-5957	89.4
-5956	89.9
-5955	89.1
-5954	90.5
-5953	86.6
-5952	90.75
-5951	89.05
-5950	87.9
-5949	88.7
-5948	89.0
-5947	88.9
-5946	88.65
-5945	88.4
-5944	87.05
-5943	88.9
-5942	88.1
-5941	88.6
-5940	88.3
-5939	88.3
-5938	89.6
-5937	90.85
-5936	88.7
-5935	89.2
-5934	89.6
-5933	88.4
-5932	89.85
-5931	89.1
-5930	86.75
-5929	91.55
-5928	90.3
-5927	90.2
-5926	89.6
-5925	89.4
-5924	87.3
-5923	89.7
-5922	87.2
-5921	90.35
-5920	88.6
-5919	89.3
-5918	90
-5917	88
-5916	89.65
-5915	89.3
-5914	88.95
-5913	90.3
-5912	87.9
-5911	87.8
-5910	87.9
-5909	88.7
-5908	87
-5907	89.15
-5906	88.0
-5905	89.0
-5904	90.2
-5903	88.3
-5902	88.45
-5901	89.45
-5900	89.4
-5899	87.3
-5898	91.1
-5897	90.7
-5896	86.95
-5895	88.8
-5894	86.3
-5893	89.8
-5892	88.0
-5891	88.8
-5890	88.5
-5889	90.15
-5888	89.7
-5887	89.35
-5886	88.2
-5885	87.85
-5884	88.1
-5883	90.6
-5882	89.45
-5881	90.2
-5880	89.15
-5879	88.9
-5878	90.3
-5877	87.3
-5876	88.6
-5875	89.15
-5874	89.4
-5873	89.15
-5872	90.4
-5871	88.1
-5870	88.0
-5869	89.05
-5868	87.9
-5867	89.2
-5866	89.3
-5865	89.0
-5864	89.1
-5863	89.1
-5862	88.8
-5861	87.2
-5860	90.2
-5859	87.7
-5858	89.1
-5857	89.3
-5856	85.25
-5855	89.7
-5854	88.5
-5853	89.1
-5852	88.6
-5851	88.9
-5850	87.9
-5849	89.5
-5848	87.8
-5847	87.7
-5846	87.7
-5845	90.3
-5844	89.65
-5843	90.0
-5842	90.5
-5841	89.9
-5840	88.15
-5839	88.85
-5838	89.2
-5837	88.1
-5836	88.4
-5835	90.3
-5834	89.6
-5833	89.0
-5832	90.0
-5831	88.7
-5830	88.7
-5829	89
-5828	88.95
-5827	91.3
-5826	88.5
-5825	88.2
-5824	90.9
-5823	89.5
-5822	88.6
-5821	88.75
-5820	89.5
-5819	89.5
-5818	85.0
-5817	90.4
-5816	90.5
-5815	85.5
-5814	89.1
-5813	90.7
-5812	91.2
-5811	89.7
-5810	89.65
-5809	90.05
-5808	88.8
-5807	87.7
-5806	88.5
-5805	88.2
-5804	89.7
-5803	88.9
-5802	89.15
-5801	87.65
-5800	89.9
-5799	90.6
-5798	89.4
-5797	88.4
-5796	89.7
-5795	90.4
-5794	89.8
-5793	91.2
-5792	88.6
-5791	90.65
-5790	91.5
-5789	89.25
-5788	91.1
-5787	91.55
-5786	89.2
-5785	89.45
-5784	90.8
-5783	89.85
-5782	89.5
-5781	89.0
-5780	87.4
-5779	90.8
-5778	89.3
-5777	88.9
-5776	89
-5775	90.95
-5774	89.5
-5773	89.7
-5772	90
-5771	88.3
-5770	91.35
-5769	88.9
-5768	88.4
-5767	91.0
-5766	90.9
-5765	88.55
-5764	89.9
-5763	89.45
-5762	89.1
-5761	89.3
-5760	90.6
-5759	88.3
-5758	89.5
-5757	89.65
-5756	88.7
-5755	87.7
-5754	88.2
-5753	91.0
-5752	88.9
-5751	88.45
-5750	90.2
-5749	89.9
-5748	90.4
-5747	90.2
-5746	89.6
-5745	89.1
-5744	89.8
-5743	90.8
-5742	89.3
-5741	90
-5740	89.05
-5739	90.6
-5738	90.3
-5737	90.7
-5736	87.65
-5735	89.3
-5734	90.9
-5733	89.9
-5732	89.65
-5731	90
-5730	89.8
-5729	90.6
-5728	88.9
-5727	90.7
-5726	89.8
-5725	88.55
-5724	89.85
-5723	90.15
-5722	87.9
-5721	90.75
-5720	89.1
-5719	88.9
-5718	89.1
-5717	90.2
-5716	90.75
-5715	88.9
-5714	91.0
-5713	91.25
-5712	90.8
-5711	89.7
-5710	88.8
-5709	88.65
-5708	90.85
-5707	89.4
-5706	90.8
-5705	90.8
-5704	89.15
-5703	89.8
-5702	90.0
-5701	90.3
-5700	84.7
-5699	90.5
-5698	86
-5697	88.2
-5696	88.9
-5695	89.9
-5694	91.2
-5693	91.65
-5692	90.8
-5691	89.8
-5690	89.5
-5689	90.5
-5688	90.1
-5687	90.7
-5686	86.4
-5685	87.4
-5684	88.6
-5683	89.5
-5682	91.2
-5681	87.0
-5680	88.85
-5679	88.9
-5678	89.7
-5677	90.0
-5676	90.8
-5675	89.6
-5674	90.2
-5673	91.3
-5672	89.8
-5671	88.05
-5670	90.65
-5669	87.55
-5668	90.9
-5667	87.85
-5666	89.8
-5665	89
-5664	89.2
-5663	90.8
-5662	89.4
-5661	90
-5660	87.35
-5659	90.0
-5658	90.9
-5657	89.95
-5656	89.25
-5655	88.0
-5654	86.9
-5653	91.1
-5652	90
-5651	90.3
-5650	90.8
-5649	88.5
-5648	91.0
-5647	88.9
-5646	90.2
-5645	91.7
-5644	89.6
-5643	90.2
-5642	89.7
-5641	90.3
-5640	90.0
-5639	88.1
-5638	90.1
-5637	87.9
-5636	90.3
-5635	89.9
-5634	90.6
-5633	87.95
-5632	89.3
-5631	91
-5630	90.4
-5629	91.6
-5628	90.6
-5627	89.3
-5626	89.8
-5625	90.6
-5624	91.8
-5623	88.7
-5622	90.5
-5621	88.0
-5620	88.3
-5619	91.55
-5618	89.9
-5617	90.35
-5616	90.3
-5615	89
-5614	91.7
-5613	88.85
-5612	91.1
-5611	89.5
-5610	88.2
-5609	90.3
-5608	91.3
-5607	90.4
-5606	91.4
-5605	85.25
-5604	89.4
-5603	88.5
-5602	87.5
-5601	88.5
-5600	87.0
-5599	88.7
-5598	89.2
-5597	92
-5596	88.15
-5595	88.6
-5594	90.75
-5593	91.0
-5592	89.5
-5591	89.4
-5590	87.75
-5589	88.6
-5588	89.6
-5587	90
-5586	89.6
-5585	89.65
-5584	89.15
-5583	90.1
-5582	91.2
-5581	88.5
-5580	89.2
-5579	88.9
-5578	88.25
-5577	89.2
-5576	91.3
-5575	89.4
-5574	87.0
-5573	88.1
-5572	90.0
-5571	90.1
-5570	90.8
-5569	88.7
-5568	89.6
-5567	92
-5566	88.95
-5565	89.2
-5564	90.95
-5563	88
-5562	88.15
-5561	89.7
-5560	89.5
-5559	90.4
-5558	87.65
-5557	91.1
-5556	89.8
-5555	90.3
-5554	89.55
-5553	89.6
-5552	86.8
-5551	88.1
-5550	89.2
-5549	89.55
-5548	90.6
-5547	87.7
-5546	89.9
-5545	88.85
-5544	90.6
-5543	86.7
-5542	87.8
-5541	89.05
-5540	89.8
-5539	90.25
-5538	89.4
-5537	90.1
-5536	89.95
-5535	88.75
-5534	90.2
-5533	90.7
-5532	88.8
-5531	88.15
-5530	90.8
-5529	90.1
-5528	87.5
-5527	89.75
-5526	90.85
-5525	89.9
-5524	88.95
-5523	90.8
-5522	89.45
-5521	89.6
-5520	89.2
-5519	91.6
-5518	89.7
-5517	88.8
-5516	90.3
-5515	88.5
-5514	90.1
-5513	87.8
-5512	90.1
-5511	91.4
-5510	89.4
-5509	88.7
-5508	89.2
-5507	91.45
-5506	91.3
-5505	88.8
-5504	89.9
-5503	89
-5502	89.4
-5501	88.95
-5500	88.85
-5499	88.9
-5498	90.2
-5497	90.5
-5496	89.9
-5495	89.3
-5494	89.1
-5493	90.2
-5492	88.5
-5491	87.25
-5490	89.15
-5489	87.8
-5488	89.9
-5487	90.0
-5486	89.25
-5485	90.5
-5484	89.7
-5483	90.1
-5482	89.4
-5481	90.1
-5480	89.15
-5479	90.65
-5478	90.0
-5477	88.9
-5476	89.3
-5475	90.3
-5474	89.35
-5473	89.6
-5472	90.6
-5471	90.3
-5470	87.6
-5469	88.6
-5468	90.15
-5467	88.7
-5466	89.6
-5465	90
-5464	88.2
-5463	88.7
-5462	91.1
-5461	88.1
-5460	89.7
-5459	88.2
-5458	87.7
-5457	91.05
-5456	90.2
-5455	87.9
-5454	89.5
-5453	91.9
-5452	89.6
-5451	88.8
-5450	89.4
-5449	89.2
-5448	89.25
-5447	89.3
-5446	90.2
-5445	90.1
-5444	89.8
-5443	89.7
-5442	88.3
-5441	89.8
-5440	89.8
-5439	89.9
-5438	89.1
-5437	89.4
-5436	90.9
-5435	90.35
-5434	88.8
-5433	88.8
-5432	89.9
-5431	87.8
-5430	89.5
-5429	86.5
-5428	89.9
-5427	90.55
-5426	90.4
-5425	90.25
-5424	92.4
-5423	89.5
-5422	89.05
-5421	90.6
-5420	89.4
-5419	90.2
-5418	87.7
-5417	90.7
-5416	89.95
-5415	91.35
-5414	88.85
-5413	89.1
-5412	89.5
-5411	89.4
-5410	90.15
-5409	89.4
-5408	86.7
-5407	91.1
-5406	91.05
-5405	89.25
-5404	89.7
-5403	90.7
-5402	89.8
-5401	89.05
-5400	91.1
-5399	91.1
-5398	89.3
-5397	89.4
-5396	88.4
-5395	90.9
-5394	89.8
-5393	87.2
-5392	89.5
-5391	89.1
-5390	89.3
-5389	90.5
-5388	89.0
-5387	90.15
-5386	90
-5385	90.1
-5384	90.1
-5383	90.6
-5382	91.95
-5381	90.5
-5380	89.6
-5379	91.1
-5378	92.3
-5377	87.5
-5376	90.85
-5375	90.6
-5374	90.45
-5373	89.0
-5372	90.75
-5371	88.1
-5370	88.4
-5369	89.7
-5368	91.35
-5367	91.7
-5366	89.3
-5365	89.1
-5364	89.7
-5363	89.75
-5362	90.1
-5361	88
-5360	89.95
-5359	87.6
-5358	87.9
-5357	91.1
-5356	89.4
-5355	89.5
-5354	89.6
-5353	88.4
-5352	88.2
-5351	87.6
-5350	89.8
-5349	90.3
-5348	90.9
-5347	89.1
-5346	90.15
-5345	87.65
-5344	87.1
-5343	90.6
-5342	90.6
-5341	89.2
-5340	88.6
-5339	88.9
-5338	89.0
-5337	88.8
-5336	90.1
-5335	89.3
-5334	90.35
-5333	88.9
-5332	91.4
-5331	90.5
-5330	91.8
-5329	88.55
-5328	90.65
-5327	89.4
-5326	90.85
-5325	90.8
-5324	87.8
-5323	88.9
-5322	91.7
-5321	88.85
-5320	89
-5319	89.55
-5318	88.5
-5317	90.05
-5316	90.15
-5315	90.7
-5314	89.7
-5313	88.5
-5312	89.95
-5311	89.5
-5310	89.2
-5309	91.3
-5308	87.85
-5307	89.0
-5306	90.0
-5305	91.8
-5304	89.1
-5303	88.9
-5302	91.3
-5301	88.7
-5300	88.4
-5299	91.1
-5298	88.3
-5297	88.9
-5296	89.7
-5295	89.9
-5294	88.65
-5293	89.3
-5292	90.25
-5291	90.4
-5290	92.2
-5289	89.6
-5288	88.9
-5287	89.7
-5286	86.7
-5285	89.65
-5284	87.5
-5283	87.95
-5282	86.8
-5281	89.85
-5280	90.7
-5279	87.8
-5278	88.8
-5277	87.3
-5276	90.65
-5275	88.9
-5274	91.6
-5273	90.55
-5272	88.5
-5271	90.85
-5270	86.8
-5269	88.3
-5268	88.0
-5267	89.8
-5266	89.75
-5265	89.7
-5264	90.75
-5263	91.0
-5262	90.3
-5261	89.75
-5260	89.3
-5259	86.1
-5258	89.9
-5257	90.05
-5256	87.1
-5255	86.2
-5254	90.8
-5253	89.2
-5252	88.3
-5251	90.5
-5250	90.6
-5249	90.6
-5248	87.35
-5247	88.95
-5246	87.6
-5245	86.8
-5244	88.5
-5243	88.3
-5242	85.75
-5241	89.7
-5240	90.9
-5239	88.35
-5238	85.7
-5237	88.9
-5236	89.4
-5235	89.35
-5234	87.8
-5233	90.1
-5232	88.05
-5231	89.45
-5230	89.6
-5229	91.6
-5228	87.4
-5227	89.6
-5226	89.35
-5225	87.35
-5224	91.1
-5223	90.2
-5222	88.5
-5221	88.95
-5220	88.15
-5219	88.9
-5218	88.9
-5217	89.45
-5216	88.3
-5215	89.05
-5214	88.95
-5213	87.6
-5212	88.95
-5211	90.5
-5210	89
-5209	87.3
-5208	88.85
-5207	90.2
-5206	90.5
-5205	88.7
-5204	89.7
-5203	86.4
-5202	90.25
-5201	88.6
-5200	90.2
-5199	90.0
-5198	89
-5197	88.3
-5196	88.7
-5195	89.65
-5194	91
-5193	90.6
-5192	89.4
-5191	89.9
-5190	89.1
-5189	90.6
-5188	91.2
-5187	89.7
-5186	88.4
-5185	89.9
-5184	90.6
-5183	90.8
-5182	90.2
-5181	88.5
-5180	89.8
-5179	89.3
-5178	86.6
-5177	89.3
-5176	88.8
-5175	86.9
-5174	90.5
-5173	87.35
-5172	87.05
-5171	90.4
-5170	88.7
-5169	90.65
-5168	88.75
-5167	90.8
-5166	88.1
-5165	88.85
-5164	90.0
-5163	90.05
-5162	91.05
-5161	87.7
-5160	90.9
-5159	88.65
-5158	87.1
-5157	86.6
-5156	89
-5155	88.1
-5154	87.9
-5153	90.6
-5152	89.3
-5151	87.7
-5150	91.05
-5149	88.85
-5148	90.45
-5147	88.6
-5146	89.5
-5145	90.7
-5144	89.7
-5143	87.6
-5142	90.55
-5141	89.2
-5140	89.9
-5139	89.85
-5138	89.5
-5137	87.2
-5136	88.9
-5135	89.2
-5134	90.25
-5133	90.9
-5132	87.7
-5131	89.35
-5130	90.5
-5129	88.8
-5128	87.1
-5127	88.6
-5126	89.3
-5125	90
-5124	89.1
-5123	89.4
-5122	91.3
-5121	89.1
-5120	88.85
-5119	89.5
-5118	88.9
-5117	90.2
-5116	89.5
-5115	89.25
-5114	89.7
-5113	90.8
-5112	89.05
-5111	89.35
-5110	91.1
-5109	90.7
-5108	90.15
-5107	88.05
-5106	89.9
-5105	90.2
-5104	89
-5103	88.55
-5102	89.2
-5101	90.1
-5100	89.9
-5099	89.9
-5098	90.5
-5097	90.9
-5096	88.4
-5095	88.7
-5094	88.2
-5093	89.55
-5092	88.75
-5091	88.05
-5090	87.1
-5089	89.9
-5088	88.45
-5087	91.05
-5086	88.75
-5085	89.9
-5084	89.2
-5083	86.3
-5082	90.9
-5081	89.7
-5080	90.4
-5079	88.65
-5078	89.4
-5077	88.55
-5076	86.9
-5075	89.5
-5074	91.4
-5073	89.6
-5072	90.4
-5071	86.55
-5070	90.2
-5069	86.8
-5068	87.8
-5067	87.8
-5066	87.75
-5065	89.4
-5064	90.3
-5063	90.1
-5062	89.8
-5061	90.8
-5060	88.2
-5059	87.4
-5058	88.1
-5057	89.9
-5056	90.1
-5055	90.5
-5054	90.8
-5053	88.9
-5052	87.7
-5051	90.25
-5050	88.8
-5049	87.7
-5048	89.4
-5047	88.25
-5046	90.0
-5045	90.35
-5044	86.2
-5043	87.95
-5042	88.6
-5041	87.9
-5040	89.1
-5039	90.0
-5038	90.9
-5037	89.1
-5036	87.4
-5035	88.4
-5034	91.8
-5033	87.5
-5032	87.9
-5031	87.85
-5030	90.3
-5029	89.8
-5028	89.3
-5027	88.1
-5026	88.4
-5025	90
-5024	87.6
-5023	90.4
-5022	90.2
-5021	88.7
-5020	88.95
-5019	90.2
-5018	87.7
-5017	86.95
-5016	89.55
-5015	85.7
-5014	87.4
-5013	89.9
-5012	90.7
-5011	87.4
-5010	87.9
-5009	88.9
-5008	90.6
-5007	89.9
-5006	88.4
-5005	88.6
-5004	89.1
-5003	89.3
-5002	89.1
-5001	88.8
-5000	89.3
-4999	90.05
-4998	89.1
-4997	89.7
-4996	90.1
-4995	90.6
-4994	87.4
-4993	88.6
-4992	88.5
-4991	90.9
-4990	87.7
-4989	88.6
-4988	87.4
-4987	87.7
-4986	90.55
-4985	88.0
-4984	89.4
-4983	90.25
-4982	89.5
-4981	90.0
-4980	88.5
-4979	86.6
-4978	88.5
-4977	86.6
-4976	87.8
-4975	88.15
-4974	89.3
-4973	89
-4972	89.65
-4971	89.25
-4970	88.9
-4969	90.3
-4968	90.2
-4967	90.8
-4966	88.85
-4965	92.5
-4964	89.45
-4963	87.5
-4962	87.7
-4961	89.3
-4960	90.4
-4959	90.5
-4958	88.8
-4957	90.5
-4956	89.4
-4955	89.55
-4954	88.8
-4953	87.4
-4952	90.1
-4951	88.15
-4950	90.3
-4949	88.0
-4948	88.2
-4947	90
-4946	86.6
-4945	89.4
-4944	90.4
-4943	88.65
-4942	88.6
-4941	90
-4940	90.4
-4939	89.95
-4938	89.8
-4937	90.2
-4936	88.2
-4935	89.6
-4934	88.6
-4933	87.7
-4932	89.8
-4931	90.2
-4930	91.5
-4929	89.25
-4928	89.7
-4927	91.6
-4926	88.6
-4925	90.4
-4924	88.5
-4923	89.9
-4922	91.2
-4921	89.15
-4920	88.9
-4919	86.8
-4918	89.0
-4917	89
-4916	90.3
-4915	89.65
-4914	87.4
-4913	86.8
-4912	88.95
-4911	89.9
-4910	89.5
-4909	90.5
-4908	89
-4907	87.3
-4906	88.7
-4905	89.85
-4904	89.2
-4903	87.75
-4902	90.1
-4901	90.9
-4900	87.7
-4899	89.0
-4898	91.1
-4897	86.8
-4896	88.1
-4895	88.1
-4894	88.65
-4893	88.1
-4892	88.9
-4891	89.85
-4890	90.25
-4889	89.6
-4888	88.0
-4887	89.15
-4886	89.7
-4885	89.1
-4884	90.2
-4883	88.0
-4882	90.7
-4881	86.9
-4880	88.1
-4879	87.8
-4878	90.2
-4877	88.85
-4876	86.2
-4875	89.3
-4874	85.6
-4873	87.8
-4872	90.1
-4871	87.0
-4870	87.0
-4869	87.65
-4868	90.25
-4867	89.45
-4866	89.55
-4865	87.8
-4864	88.5
-4863	89.2
-4862	88.7
-4861	89.9
-4860	88.8
-4859	92
-4858	89.7
-4857	88.9
-4856	86.1
-4855	88.5
-4854	89.5
-4853	89.4
-4852	88.75
-4851	90.9
-4850	89.2
-4849	89.2
-4848	87.55
-4847	89.85
-4846	87.3
-4845	87.6
-4844	89.6
-4843	89.5
-4842	90.95
-4841	91.0
-4840	87.4
-4839	89.65
-4838	87.3
-4837	87.7
-4836	87.7
-4835	90.0
-4834	90.45
-4833	88.7
-4832	86.6
-4831	88.75
-4830	88.25
-4829	89.0
-4828	86.4
-4827	87.1
-4826	86.4
-4825	86.65
-4824	89.1
-4823	88.2
-4822	87
-4821	90.1
-4820	90.7
-4819	88.6
-4818	89.8
-4817	89.4
-4816	87.0
-4815	89.75
-4814	88.3
-4813	90.1
-4812	91.6
-4811	88.6
-4810	91.7
-4809	89.8
-4808	90.25
-4807	90.35
-4806	88.4
-4805	88.1
-4804	89.6
-4803	88.3
-4802	86.0
-4801	88.8
-4800	87.7
-4799	89.1
-4798	90.1
-4797	87.85
-4796	90.55
-4795	89.3
-4794	85.5
-4793	89.3
-4792	87.45
-4791	89.0
-4790	90.5
-4789	87.6
-4788	89.8
-4787	90.15
-4786	88.7
-4785	89.7
-4784	89.6
-4783	88.65
-4782	89.8
-4781	90.1
-4780	89.1
-4779	88.6
-4778	89.6
-4777	89.1
-4776	88.55
-4775	87.8
-4774	89.6
-4773	89.9
-4772	85.8
-4771	89.55
-4770	90.4
-4769	87.7
-4768	89.2
-4767	89
-4766	88.7
-4765	91.4
-4764	89.95
-4763	88
-4762	88.9
-4761	87.05
-4760	86.15
-4759	89.0
-4758	86.8
-4757	88.3
-4756	87.7
-4755	90.15
-4754	89.3
-4753	88.8
-4752	87.5
-4751	88.6
-4750	88.75
-4749	90.3
-4748	88.6
-4747	90.7
-4746	90.4
-4745	88.4
-4744	89.65
-4743	90.3
-4742	88.7
-4741	90.65
-4740	88
-4739	89.7
-4738	91.3
-4737	89.3
-4736	90.45
-4735	88.9
-4734	87.0
-4733	90.3
-4732	88.65
-4731	90.9
-4730	88.9
-4729	88.8
-4728	88.7
-4727	87.3
-4726	89.9
-4725	87.35
-4724	86.9
-4723	88.4
-4722	88.3
-4721	89.8
-4720	88.4
-4719	85.6
-4718	88.1
-4717	89.9
-4716	86.2
-4715	88.6
-4714	87.0
-4713	88.5
-4712	91
-4711	87.0
-4710	87.75
-4709	88.05
-4708	87.45
-4707	87.45
-4706	91.3
-4705	88.85
-4704	88.2
-4703	87.95
-4702	89.85
-4701	89.0
-4700	90.6
-4699	87.35
-4698	88.4
-4697	87.95
-4696	89.05
-4695	89.3
-4694	87.9
-4693	89.9
-4692	89.7
-4691	89
-4690	88.6
-4689	89.6
-4688	87.4
-4687	88.3
-4686	86.2
-4685	90.3
-4684	88.2
-4683	90.15
-4682	89.4
-4681	89.8
-4680	89.4
-4679	89.0
-4678	89.4
-4677	85.8
-4676	89.8
-4675	89.3
-4674	87.5
-4673	89.9
-4672	88.1
-4671	85.7
-4670	89.3
-4669	88.7
-4668	89.4
-4667	89.15
-4666	90.1
-4665	88.7
-4664	88.1
-4663	89.85
-4662	85.8
-4661	89.5
-4660	90.4
-4659	88.5
-4658	90.3
-4657	88.8
-4656	89.5
-4655	90
-4654	91.1
-4653	88.6
-4652	90.1
-4651	89.2
-4650	89.5
-4649	91.4
-4648	89.35
-4647	88.4
-4646	90.3
-4645	87.65
-4644	91.05
-4643	88.4
-4642	89.5
-4641	88.9
-4640	89.5
-4639	87.7
-4638	89.0
-4637	88.7
-4636	90.2
-4635	86.0
-4634	90.6
-4633	87.9
-4632	88.5
-4631	90.0
-4630	86.45
-4629	89.5
-4628	89.2
-4627	89.1
-4626	88.55
-4625	89.7
-4624	88.85
-4623	88.4
-4622	88.7
-4621	88.2
-4620	86.3
-4619	86.3
-4618	88.2
-4617	88.8
-4616	88.8
-4615	88.2
-4614	86.2
-4613	86.4
-4612	88.1
-4611	88.05
-4610	89.55
-4609	88.3
-4608	88.4
-4607	88.8
-4606	86.5
-4605	85.55
-4604	89.75
-4603	89.1
-4602	89.15
-4601	87.8
-4600	90.2
-4599	88.7
-4598	87.7
-4597	86.8
-4596	88.15
-4595	87.9
-4594	88.0
-4593	89.35
-4592	88.55
-4591	87.3
-4590	87.4
-4589	87.25
-4588	89.65
-4587	90.3
-4586	90.1
-4585	89.85
-4584	90.6
-4583	90
-4582	88.05
-4581	88.6
-4580	87.3
-4579	88.0
-4578	88.6
-4577	88.4
-4576	89.2
-4575	88.3
-4574	90.35
-4573	89.4
-4572	89.8
-4571	89.8
-4570	89.9
-4569	86.9
-4568	88.8
-4567	88.65
-4566	88.1
-4565	90.7
-4564	89.2
-4563	89.6
-4562	89.2
-4561	88.15
-4560	88.5
-4559	87.3
-4558	89.0
-4557	87.1
-4556	89
-4555	87.65
-4554	88.25
-4553	88.5
-4552	86.65
-4551	90.55
-4550	90.1
-4549	89.4
-4548	90.8
-4547	88.9
-4546	88.85
-4545	89.8
-4544	88.15
-4543	88.9
-4542	90.3
-4541	86.4
-4540	88.4
-4539	86.8
-4538	89.0
-4537	89.5
-4536	90.3
-4535	87.5
-4534	91.3
-4533	87.95
-4532	88.4
-4531	88.45
-4530	89.1
-4529	87.9
-4528	88.9
-4527	89.0
-4526	86.85
-4525	87.8
-4524	89.35
-4523	90.05
-4522	87
-4521	87.7
-4520	88.85
-4519	89.3
-4518	87.8
-4517	88.3
-4516	86.35
-4515	88.5
-4514	88
-4513	89.7
-4512	88.95
-4511	89.7
-4510	87.9
-4509	87.6
-4508	88.45
-4507	88.6
-4506	88.0
-4505	86.35
-4504	88.5
-4503	87.15
-4502	87.05
-4501	87.45
-4500	89.3
-4499	89.35
-4498	90.2
-4497	90.4
-4496	88.0
-4495	90.15
-4494	88.2
-4493	88.1
-4492	85.95
-4491	88.55
-4490	90.2
-4489	87.3
-4488	87.1
-4487	88.0
-4486	89.9
-4485	86.6
-4484	89.4
-4483	88.8
-4482	88.7
-4481	88.5
-4480	88.8
-4479	86.45
-4478	87.0
-4477	87.4
-4476	87.25
-4475	88.9
-4474	90.4
-4473	90.2
-4472	89.8
-4471	88.7
-4470	88.85
-4469	88.8
-4468	90.4
-4467	86.7
-4466	90.1
-4465	90.25
-4464	88.85
-4463	90.5
-4462	85.2
-4461	87.9
-4460	89.25
-4459	88.95
-4458	88.7
-4457	90.5
-4456	87.25
-4455	87.0
-4454	89.1
-4453	88.05
-4452	88.5
-4451	88
-4450	90.3
-4449	88
-4448	88.2
-4447	87.7
-4446	87.2
-4445	87.6
-4444	90.0
-4443	88.3
-4442	88.7
-4441	87.9
-4440	88.2
-4439	89.0
-4438	89.2
-4437	88.8
-4436	89.4
-4435	90.2
-4434	88.9
-4433	87.75
-4432	88.05
-4431	87.9
-4430	88.9
-4429	88.9
-4428	88.6
-4427	90.05
-4426	90.3
-4425	88.9
-4424	88.7
-4423	89.2
-4422	87.5
-4421	89.4
-4420	87.4
-4419	88.3
-4418	88.0
-4417	85.0
-4416	87.4
-4415	85.85
-4414	88.6
-4413	88.6
-4412	87.6
-4411	89.9
-4410	88.55
-4409	84.95
-4408	89.0
-4407	85.2
-4406	89.4
-4405	88.7
-4404	89.6
-4403	88.7
-4402	89.0
-4401	87.2
-4400	87.6
-4399	86.95
-4398	84.85
-4397	89.65
-4396	87.5
-4395	88.9
-4394	87.9
-4393	87
-4392	89.05
-4391	87.0
-4390	90.4
-4389	87.3
-4388	90.2
-4387	88.3
-4386	89.4
-4385	88.9
-4384	89.2
-4383	86.5
-4382	86.6
-4381	85.6
-4380	86.2
-4379	85.15
-4378	88.2
-4377	89.85
-4376	89.2
-4375	86.0
-4374	83
-4373	86.65
-4372	86.7
-4371	86.4
-4370	86.5
-4369	88.55
-4368	89.45
-4367	89.8
-4366	89.2
-4365	89.1
-4364	88.9
-4363	88.0
-4362	88.85
-4361	87.8
-4360	90.25
-4359	90.25
-4358	89.6
-4357	89.0
-4356	88.9
-4355	89.2
-4354	89.4
-4353	88.7
-4352	88.3
-4351	87.9
-4350	89.85
-4349	85.3
-4348	87.8
-4347	88.15
-4346	87.3
-4345	87.2
-4344	88.8
-4343	86.8
-4342	88.2
-4341	88.1
-4340	87.4
-4339	85.8
-4338	87.45
-4337	86.1
-4336	86.8
-4335	87.1
-4334	88.0
-4333	88.3
-4332	89.3
-4331	87.8
-4330	87.1
-4329	90.2
-4328	90.45
-4327	88.0
-4326	88.25
-4325	89.15
-4324	86.2
-4323	89.0
-4322	86.8
-4321	87.4
-4320	85.9
-4319	87.7
-4318	88.7
-4317	88.45
-4316	89.25
-4315	87.6
-4314	86.95
-4313	88.45
-4312	87.8
-4311	88.3
-4310	87.4
-4309	87.7
-4308	86.75
-4307	88.7
-4306	86.8
-4305	87.8
-4304	89.3
-4303	90.8
-4302	86.75
-4301	88.15
-4300	89.4
-4299	88.95
-4298	87.6
-4297	86.3
-4296	87.7
-4295	84.7
-4294	87.45
-4293	87
-4292	85.4
-4291	87.25
-4290	87.3
-4289	87.8
-4288	88.4
-4287	89.4
-4286	86.7
-4285	87.7
-4284	87.9
-4283	88.9
-4282	89.8
-4281	88.9
-4280	86.8
-4279	87.75
-4278	89.1
-4277	87.4
-4276	89.35
-4275	86.85
-4274	85.2
-4273	86.45
-4272	88.8
-4271	88.7
-4270	88.9
-4269	88.4
-4268	88.65
-4267	84.7
-4266	87.7
-4265	87.0
-4264	88.1
-4263	87.4
-4262	87.2
-4261	88.5
-4260	86.6
-4259	88.2
-4258	89.0
-4257	88.2
-4256	85.9
-4255	85.4
-4254	88.05
-4253	86.3
-4252	86.6
-4251	88
-4250	88.1
-4249	89.6
-4248	89.7
-4247	88.0
-4246	88.15
-4245	85.6
-4244	88.9
-4243	85.95
-4242	89.1
-4241	86.8
-4240	87.2
-4239	86.0
-4238	89.85
-4237	87.1
-4236	88.9
-4235	89.6
-4234	86.65
-4233	87.95
-4232	88.3
-4231	88.5
-4230	89.2
-4229	86.3
-4228	88.1
-4227	89.6
-4226	88.9
-4225	86.8
-4224	84.55
-4223	90.6
-4222	89.6
-4221	87.9
-4220	88.1
-4219	86.0
-4218	87.3
-4217	87.3
-4216	88.65
-4215	85.2
-4214	87.3
-4213	88
-4212	85
-4211	87.4
-4210	88.3
-4209	89.2
-4208	87.7
-4207	85.9
-4206	87.7
-4205	84.5
-4204	89.0
-4203	90.4
-4202	89.0
-4201	88.1
-4200	87.8
-4199	87.95
-4198	88.6
-4197	88.45
-4196	84.8
-4195	88.2
-4194	88.0
-4193	87.95
-4192	87.85
-4191	87.8
-4190	86.5
-4189	87.3
-4188	87.1
-4187	87.3
-4186	90.6
-4185	86.5
-4184	88.8
-4183	89.55
-4182	89.1
-4181	87.7
-4180	89.8
-4179	89.3
-4178	89.4
-4177	89.2
-4176	86.2
-4175	87.4
-4174	87.3
-4173	90.5
-4172	89
-4171	88.0
-4170	89.9
-4169	87.2
-4168	89.0
-4167	86.4
-4166	87.45
-4165	89.8
-4164	86.35
-4163	88.85
-4162	87.45
-4161	87.35
-4160	89.3
-4159	89.2
-4158	89.1
-4157	86.8
-4156	88.05
-4155	88.55
-4154	88.85
-4153	88.4
-4152	88.05
-4151	87.7
-4150	89.6
-4149	89.4
-4148	86.9
-4147	89.8
-4146	88.9
-4145	88.2
-4144	90.0
-4143	87.8
-4142	87.1
-4141	86.3
-4140	88.7
-4139	89.45
-4138	89.1
-4137	88.2
-4136	87.55
-4135	88.1
-4134	91
-4133	89.35
-4132	87.5
-4131	89.75
-4130	85.4
-4129	87
-4128	87.0
-4127	88.6
-4126	88.95
-4125	89.2
-4124	85.9
-4123	88.7
-4122	89.7
-4121	86.3
-4120	88.95
-4119	86.7
-4118	88.2
-4117	86.45
-4116	89.35
-4115	89.2
-4114	89.7
-4113	86.4
-4112	89.35
-4111	88.65
-4110	89.6
-4109	90
-4108	86.5
-4107	85.85
-4106	87.5
-4105	86.6
-4104	88.7
-4103	89.8
-4102	87.9
-4101	88.25
-4100	87.95
-4099	87.1
-4098	88.8
-4097	87.2
-4096	89.6
-4095	88.1
-4094	89.9
-4093	86.5
-4092	89.3
-4091	89
-4090	89.5
-4089	89.8
-4088	87.25
-4087	87.2
-4086	87.6
-4085	86.7
-4084	87.3
-4083	88.6
-4082	88.5
-4081	89.9
-4080	90.1
-4079	87.0
-4078	87.0
-4077	88.9
-4076	87.9
-4075	87.9
-4074	89.2
-4073	87.4
-4072	89.3
-4071	84.95
-4070	89.8
-4069	89.45
-4068	88.25
-4067	86.7
-4066	87.6
-4065	85.15
-4064	88.4
-4063	89.2
-4062	85.4
-4061	84.25
-4060	89.2
-4059	88.55
-4058	86.7
-4057	85.4
-4056	87.45
-4055	90.35
-4054	87
-4053	88.05
-4052	90.4
-4051	89.05
-4050	86.7
-4049	87.7
-4048	86.3
-4047	87.1
-4046	89.15
-4045	89.1
-4044	90.0
-4043	87.1
-4042	90.1
-4041	86.5
-4040	90.6
-4039	89.4
-4038	89.4
-4037	85.1
-4036	89.3
-4035	89.5
-4034	89.25
-4033	87.4
-4032	85.9
-4031	87.95
-4030	89.5
-4029	86.9
-4028	88.9
-4027	86.4
-4026	88.3
-4025	89.25
-4024	89
-4023	86.95
-4022	88.6
-4021	89.1
-4020	88.8
-4019	84.75
-4018	86.2
-4017	88.1
-4016	90.0
-4015	82.65
-4014	87.85
-4013	88.1
-4012	86.7
-4011	87.8
-4010	87.6
-4009	86.2
-4008	88.3
-4007	88.5
-4006	88.8
-4005	85.4
-4004	87.45
-4003	86.2
-4002	87.8
-4001	87.05
-4000	86.9
-3999	89.4
-3998	86.7
-3997	89.15
-3996	88.8
-3995	88.8
-3994	85.2
-3993	88.85
-3992	90.25
-3991	87.0
-3990	86.8
-3989	89.2
-3988	85.9
-3987	89.0
-3986	86.75
-3985	89.1
-3984	89.6
-3983	85.55
-3982	88.5
-3981	88.35
-3980	88.9
-3979	85.9
-3978	87.6
-3977	87.4
-3976	85.1
-3975	87.05
-3974	89.4
-3973	86.65
-3972	89.7
-3971	88.1
-3970	89.8
-3969	87.2
-3968	88
-3967	89.55
-3966	86.85
-3965	87.2
-3964	87.7
-3963	84.7
-3962	86.2
-3961	88.0
-3960	89.2
-3959	88.5
-3958	87.1
-3957	87.6
-3956	88.75
-3955	90.3
-3954	88.1
-3953	89.45
-3952	87.55
-3951	86.5
-3950	89.5
-3949	87.55
-3948	90.4
-3947	88.35
-3946	84.0
-3945	88.2
-3944	87.25
-3943	88.85
-3942	89.8
-3941	87.4
-3940	85.6
-3939	88.9
-3938	89.4
-3937	89.45
-3936	87.4
-3935	89
-3934	88.2
-3933	88.4
-3932	87.1
-3931	87.6
-3930	88.7
-3929	87.5
-3928	87.5
-3927	88.5
-3926	83.2
-3925	87
-3924	86.95
-3923	88.5
-3922	87.6
-3921	85.7
-3920	88.5
-3919	88.7
-3918	88.2
-3917	87.6
-3916	90.1
-3915	89.7
-3914	88.1
-3913	89.2
-3912	87.8
-3911	84.7
-3910	88.3
-3909	86.9
-3908	86.25
-3907	86.7
-3906	90.3
-3905	88.1
-3904	88.5
-3903	87.9
-3902	89.3
-3901	88.4
-3900	87.6
-3899	90.9
-3898	88.1
-3897	85.7
-3896	87.85
-3895	87.55
-3894	87.35
-3893	90.9
-3892	86.4
-3891	87.3
-3890	86.4
-3889	87.95
-3888	86.2
-3887	88.95
-3886	88.5
-3885	88.3
-3884	87.9
-3883	87.5
-3882	86.2
-3881	87.3
-3880	87.5
-3879	89.3
-3878	89.0
-3877	88.85
-3876	84.4
-3875	88.7
-3874	85.5
-3873	87.5
-3872	90.3
-3871	87
-3870	89.1
-3869	84.8
-3868	90.8
-3867	87.7
-3866	87.5
-3865	87.6
-3864	89.25
-3863	87.1
-3862	89.6
-3861	88.55
-3860	88.35
-3859	88.3
-3858	90.2
-3857	87.2
-3856	88.85
-3855	87.6
-3854	89.2
-3853	88.6
-3852	89.7
-3851	87.4
-3850	88.3
-3849	88.2
-3848	86.15
-3847	88.85
-3846	85.9
-3845	88.9
-3844	90.2
-3843	91.6
-3842	88.65
-3841	86
-3840	90.0
-3839	87.9
-3838	89.05
-3837	88
-3836	88.3
-3835	85.5
-3834	89.3
-3833	85.0
-3832	85.9
-3831	85.9
-3830	87.2
-3829	88.0
-3828	88.1
-3827	90.2
-3826	87.4
-3825	90.6
-3824	86.9
-3823	87.95
-3822	87.3
-3821	87.85
-3820	88.5
-3819	88
-3818	86.9
-3817	90.7
-3816	88.9
-3815	87.2
-3814	87.5
-3813	90.9
-3812	88.2
-3811	86
-3810	87.9
-3809	88.3
-3808	88.15
-3807	84.2
-3806	90.15
-3805	88.0
-3804	88.8
-3803	86.5
-3802	90.55
-3801	85.9
-3800	89.9
-3799	87.3
-3798	87.2
-3797	88.5
-3796	87.65
-3795	87.5
-3794	87.5
-3793	87.6
-3792	87.3
-3791	87.3
-3790	84.3
-3789	86.1
-3788	87.4
-3787	86.65
-3786	86.8
-3785	89.15
-3784	89.1
-3783	87.7
-3782	86.8
-3781	86.7
-3780	86.3
-3779	89.5
-3778	89.3
-3777	88.0
-3776	88.6
-3775	88.35
-3774	87.55
-3773	87.9
-3772	87.15
-3771	87.2
-3770	89.6
-3769	88.85
-3768	89.0
-3767	90.7
-3766	88.6
-3765	89.5
-3764	84.9
-3763	90.4
-3762	86.2
-3761	88.5
-3760	88.5
-3759	88.4
-3758	87.7
-3757	88.2
-3756	86.8
-3755	89.2
-3754	89.6
-3753	87.75
-3752	88.8
-3751	87.9
-3750	88.55
-3749	86.85
-3748	89.4
-3747	84.3
-3746	89.25
-3745	88.2
-3744	87.5
-3743	87.7
-3742	85.9
-3741	89.3
-3740	88.4
-3739	88.15
-3738	87.6
-3737	84.8
-3736	87.05
-3735	86.8
-3734	88.8
-3733	88.8
-3732	87.55
-3731	88.9
-3730	86.9
-3729	88.3
-3728	85.9
-3727	88.05
-3726	85.3
-3725	88.7
-3724	88.7
-3723	87.8
-3722	86.9
-3721	83.7
-3720	90.9
-3719	88.3
-3718	88.2
-3717	90.7
-3716	88.0
-3715	86
-3714	89.0
-3713	88
-3712	85.3
-3711	87.7
-3710	88.5
-3709	88.5
-3708	88.5
-3707	88.4
-3706	91.05
-3705	89.0
-3704	90.3
-3703	89.3
-3702	89.5
-3701	89.85
-3700	88.4
-3699	88.7
-3698	88.6
-3697	89.3
-3696	89.1
-3695	88.4
-3694	87.7
-3693	87.2
-3692	88.95
-3691	86.8
-3690	88.7
-3689	86.8
-3688	89.0
-3687	88.6
-3686	88.1
-3685	84.45
-3684	89.55
-3683	88.3
-3682	88.2
-3681	87.0
-3680	90.65
-3679	88.9
-3678	89.5
-3677	86.45
-3676	87.3
-3675	87.9
-3674	87.7
-3673	87.75
-3672	89.05
-3671	87.1
-3670	88.8
-3669	88.4
-3668	89.5
-3667	85.35
-3666	87.0
-3665	85.6
-3664	87.1
-3663	87.8
-3662	86.5
-3661	87.9
-3660	89.2
-3659	89.5
-3658	87.15
-3657	87.55
-3656	85.7
-3655	87.8
-3654	87.25
-3653	88.7
-3652	88.9
-3651	88.8
-3650	86.9
-3649	85.5
-3648	88.8
-3647	87.1
-3646	85.1
-3645	83.55
-3644	88.7
-3643	87.2
-3642	87.7
-3641	87.15
-3640	89.4
-3639	90.7
-3638	87.4
-3637	84.35
-3636	87.8
-3635	89.8
-3634	90.05
-3633	88.45
-3632	87
-3631	86.6
-3630	87.8
-3629	88.6
-3628	88.8
-3627	88.65
-3626	90.9
-3625	89.35
-3624	88.1
-3623	87.9
-3622	88.2
-3621	85.4
-3620	87.25
-3619	86.9
-3618	89.2
-3617	87.35
-3616	87.6
-3615	89.0
-3614	87.05
-3613	86.7
-3612	89.25
-3611	87.2
-3610	87.25
-3609	85.6
-3608	88.55
-3607	87.2
-3606	85.4
-3605	86.1
-3604	86.6
-3603	87.5
-3602	85.7
-3601	87
-3600	87.8
-3599	88.85
-3598	86.85
-3597	88.9
-3596	85.4
-3595	89.4
-3594	87.9
-3593	88.5
-3592	86.8
-3591	89.05
-3590	90.55
-3589	89.0
-3588	86.2
-3587	89.3
-3586	88.5
-3585	88.4
-3584	87.3
-3583	87.2
-3582	88.3
-3581	89.3
-3580	89.3
-3579	85.5
-3578	87.4
-3577	84.6
-3576	88.35
-3575	90.2
-3574	87.1
-3573	87.2
-3572	89.0
-3571	88.9
-3570	88
-3569	89.2
-3568	87.2
-3567	89.5
-3566	88.6
-3565	87.3
-3564	86.4
-3563	86.25
-3562	89.75
-3561	87
-3560	87.25
-3559	87.4
-3558	84.1
-3557	89.1
-3556	87.5
-3555	86.3
-3554	88.3
-3553	88.15
-3552	88.1
-3551	90.05
-3550	87.2
-3549	84.4
-3548	89.7
-3547	86.65
-3546	88.6
-3545	86.7
-3544	87.4
-3543	89.6
-3542	86.0
-3541	85.1
-3540	89.8
-3539	89.2
-3538	89.0
-3537	87.7
-3536	88.7
-3535	89.8
-3534	87.4
-3533	88.05
-3532	88.1
-3531	87.5
-3530	88.65
-3529	88.9
-3528	88.05
-3527	87.25
-3526	88.2
-3525	87.95
-3524	87.75
-3523	89.9
-3522	86.8
-3521	88.4
-3520	85.7
-3519	85.0
-3518	86.3
-3517	86.9
-3516	85.9
-3515	87.7
-3514	86
-3513	90.3
-3512	86.5
-3511	89.2
-3510	86.55
-3509	88.25
-3508	86.45
-3507	86.05
-3506	88.2
-3505	88.85
-3504	88.55
-3503	87.7
-3502	86.5
-3501	86.95
-3500	86.3
-3499	87.9
-3498	90.3
-3497	89.1
-3496	88.3
-3495	89.1
-3494	90.3
-3493	86.3
-3492	84.9
-3491	89.9
-3490	87.7
-3489	91.1
-3488	86.95
-3487	90.2
-3486	89.4
-3485	86.6
-3484	88.8
-3483	86.6
-3482	87.0
-3481	89.65
-3480	85.2
-3479	86.75
-3478	88.45
-3477	87.1
-3476	88.8
-3475	86.6
-3474	86.7
-3473	88.6
-3472	88.0
-3471	87.0
-3470	87.5
-3469	86.1
-3468	90.4
-3467	87.5
-3466	88.3
-3465	88.4
-3464	85.7
-3463	86.9
-3462	87.8
-3461	89.0
-3460	87.75
-3459	89.9
-3458	87.1
-3457	89
-3456	90.7
-3455	85.85
-3454	88.35
-3453	87.95
-3452	85.95
-3451	87.05
-3450	86.1
-3449	88.9
-3448	88.6
-3447	88.5
-3446	90
-3445	88.6
-3444	87.15
-3443	86.2
-3442	88.1
-3441	89.15
-3440	87.5
-3439	91.15
-3438	89.9
-3437	89.2
-3436	84.4
-3435	88.6
-3434	87.2
-3433	89.95
-3432	89.4
-3431	88.3
-3430	86.6
-3429	87.1
-3428	89.5
-3427	89.4
-3426	87.5
-3425	87.4
-3424	89.1
-3423	88.1
-3422	86.1
-3421	84.8
-3420	87.0
-3419	87.45
-3418	89.6
-3417	87.75
-3416	87.8
-3415	86.85
-3414	87.1
-3413	86.1
-3412	87.85
-3411	89.9
-3410	88.2
-3409	88.65
-3408	87.4
-3407	86.75
-3406	89.5
-3405	88.1
-3404	89.45
-3403	84.75
-3402	83.65
-3401	89.9
-3400	87.8
-3399	89.1
-3398	86.8
-3397	83.6
-3396	89.6
-3395	88.9
-3394	89.6
-3393	88.7
-3392	89.2
-3391	87.4
-3390	87.15
-3389	87.2
-3388	86.8
-3387	87.55
-3386	84.6
-3385	87.7
-3384	89.9
-3383	87.7
-3382	87.25
-3381	87.9
-3380	86.05
-3379	84.6
-3378	86.8
-3377	87.9
-3376	86.35
-3375	89.85
-3374	83.55
-3373	91.2
-3372	87.8
-3371	89
-3370	90.2
-3369	88.2
-3368	89.4
-3367	88.4
-3366	87.95
-3365	84.05
-3364	87.9
-3363	87.0
-3362	88.3
-3361	87.2
-3360	87.4
-3359	89.75
-3358	89.0
-3357	85.45
-3356	89.15
-3355	88.05
-3354	88
-3353	88.6
-3352	90.1
-3351	86.2
-3350	86.4
-3349	88.5
-3348	87.85
-3347	88.2
-3346	89.5
-3345	88.2
-3344	87.85
-3343	87.7
-3342	89.2
-3341	86.3
-3340	89.75
-3339	87.2
-3338	88.65
-3337	87.7
-3336	86.7
-3335	86.5
-3334	87.5
-3333	87.4
-3332	88.7
-3331	87.2
-3330	87.4
-3329	89.6
-3328	89.1
-3327	85.25
-3326	87.05
-3325	87.1
-3324	87.25
-3323	88.8
-3322	90.5
-3321	88.05
-3320	89.0
-3319	87.75
-3318	88.3
-3317	87.45
-3316	88.1
-3315	88.9
-3314	88.2
-3313	89.75
-3312	87.65
-3311	88.7
-3310	87.2
-3309	87.9
-3308	88.2
-3307	85.55
-3306	88.9
-3305	88.7
-3304	88.7
-3303	82.9
-3302	88.3
-3301	84.5
-3300	89.05
-3299	88.5
-3298	88.45
-3297	88.1
-3296	86.95
-3295	87.7
-3294	89.3
-3293	86.25
-3292	87.9
-3291	88.3
-3290	89.1
-3289	86.85
-3288	87.4
-3287	88.5
-3286	89.6
-3285	87.65
-3284	87.05
-3283	87.6
-3282	89
-3281	88.6
-3280	88.6
-3279	89.1
-3278	86.8
-3277	88.2
-3276	87.7
-3275	90.8
-3274	87.55
-3273	88.7
-3272	88.25
-3271	88.5
-3270	88.7
-3269	89.9
-3268	87.25
-3267	85.85
-3266	89.2
-3265	87.3
-3264	86.2
-3263	83.9
-3262	88.2
-3261	85.5
-3260	84.45
-3259	84.85
-3258	87.6
-3257	86.4
-3256	89.3
-3255	86.4
-3254	87
-3253	88.7
-3252	88.9
-3251	86.2
-3250	88.65
-3249	87.8
-3248	81.9
-3247	88.55
-3246	86.8
-3245	90.5
-3244	84.1
-3243	86.2
-3242	89.7
-3241	85.4
-3240	88.2
-3239	86.25
-3238	86.65
-3237	82.6
-3236	86.95
-3235	88.3
-3234	82.95
-3233	88.7
-3232	87.2
-3231	84.8
-3230	88.7
-3229	85.05
-3228	88.9
-3227	85.5
-3226	87.3
-3225	88.85
-3224	83.2
-3223	88.5
-3222	88.9
-3221	88.05
-3220	86.9
-3219	86.5
-3218	83.75
-3217	85.1
-3216	85.15
-3215	87.7
-3214	86.25
-3213	85.4
-3212	85.6
-3211	88.2
-3210	88.6
-3209	85.55
-3208	88.5
-3207	86.6
-3206	87.0
-3205	85.8
-3204	80.4
-3203	87.4
-3202	88.5
-3201	85.95
-3200	89.1
-3199	86.9
-3198	87.8
-3197	88.85
-3196	87.5
-3195	87.45
-3194	86.0
-3193	87.9
-3192	88.3
-3191	87.9
-3190	86.5
-3189	85.4
-3188	85.85
-3187	88.0
-3186	84.6
-3185	85.15
-3184	87.3
-3183	86.5
-3182	87.7
-3181	85.7
-3180	84.15
-3179	88.65
-3178	87.6
-3177	86.9
-3176	86.35
-3175	85.7
-3174	87.85
-3173	86.3
-3172	85.7
-3171	86.55
-3170	86.3
-3169	84.45
-3168	88.9
-3167	86.8
-3166	87
-3165	88.1
-3164	87.1
-3163	86.3
-3162	87.5
-3161	87.8
-3160	87
-3159	86.3
-3158	84.0
-3157	89.7
-3156	85.35
-3155	88.0
-3154	87.95
-3153	88.05
-3152	83.1
-3151	86.8
-3150	87.95
-3149	86.65
-3148	87
-3147	87.9
-3146	88.3
-3145	87.65
-3144	88.0
-3143	89.25
-3142	88.1
-3141	84.0
-3140	86.9
-3139	87
-3138	84.3
-3137	84.7
-3136	84.2
-3135	86.7
-3134	87.4
-3133	88.05
-3132	88.0
-3131	88.2
-3130	86.3
-3129	85.0
-3128	88.65
-3127	82.75
-3126	84.8
-3125	88.7
-3124	88.9
-3123	87.5
-3122	88.2
-3121	86.95
-3120	85.5
-3119	88.9
-3118	88.6
-3117	88.5
-3116	86.4
-3115	89.0
-3114	89.6
-3113	88.2
-3112	88
-3111	87.2
-3110	87.5
-3109	89.8
-3108	84.9
-3107	86.1
-3106	85.65
-3105	89.8
-3104	89.35
-3103	87.5
-3102	86.6
-3101	89
-3100	86.45
-3099	89.5
-3098	87.2
-3097	88.7
-3096	87.9
-3095	86.55
-3094	88.1
-3093	85.6
-3092	87.65
-3091	83.1
-3090	87.85
-3089	89.2
-3088	90.2
-3087	87.6
-3086	86.35
-3085	85.3
-3084	89.5
-3083	88.1
-3082	88.9
-3081	85.8
-3080	87.85
-3079	88.6
-3078	85.0
-3077	89.9
-3076	89.5
-3075	90.1
-3074	87.15
-3073	88.7
-3072	89.5
-3071	86.4
-3070	89.5
-3069	86.15
-3068	90.2
-3067	86.5
-3066	88.3
-3065	89.0
-3064	87.75
-3063	89.9
-3062	86.75
-3061	88.8
-3060	87.9
-3059	86.6
-3058	87.85
-3057	87.4
-3056	83.1
-3055	85.15
-3054	88.1
-3053	85.3
-3052	86.3
-3051	88.4
-3050	86.65
-3049	86.3
-3048	86.3
-3047	87.9
-3046	89.3
-3045	87.8
-3044	87.0
-3043	85.05
-3042	87.8
-3041	89.0
-3040	86.7
-3039	87.5
-3038	89.15
-3037	88.65
-3036	88.0
-3035	86.35
-3034	85.85
-3033	86.15
-3032	88.2
-3031	88.65
-3030	86.15
-3029	88.4
-3028	86.55
-3027	88.95
-3026	85.2
-3025	90.5
-3024	87.5
-3023	87.75
-3022	89.4
-3021	88.1
-3020	86.1
-3019	88.3
-3018	84.9
-3017	85.6
-3016	88.1
-3015	86.8
-3014	87.0
-3013	88.6
-3012	87.1
-3011	87.25
-3010	88.25
-3009	88.1
-3008	85.35
-3007	87.75
-3006	87.2
-3005	87.1
-3004	87.5
-3003	87.3
-3002	85.8
-3001	88.1
-3000	83.4
-2999	88.2
-2998	87.8
-2997	88.5
-2996	87.5
-2995	86.7
-2994	85.9
-2993	87.8
-2992	85.75
-2991	86.5
-2990	88.15
-2989	87.0
-2988	85.2
-2987	87.5
-2986	87.25
-2985	88.6
-2984	88.15
-2983	86
-2982	87.3
-2981	85.5
-2980	88.4
-2979	86.7
-2978	87.05
-2977	85.8
-2976	86
-2975	85.3
-2974	85.7
-2973	87.95
-2972	87.8
-2971	86.2
-2970	87.0
-2969	82.9
-2968	84.95
-2967	85.25
-2966	89.7
-2965	86.6
-2964	84.8
-2963	87.55
-2962	87.95
-2961	86.65
-2960	85.95
-2959	86.3
-2958	87.5
-2957	86.8
-2956	87.4
-2955	87.8
-2954	86.7
-2953	87.0
-2952	90.2
-2951	90.4
-2950	84.7
-2949	86.6
-2948	89.2
-2947	87.9
-2946	89.5
-2945	87.6
-2944	87.35
-2943	88.9
-2942	88.9
-2941	86.85
-2940	89.2
-2939	88.85
-2938	85.2
-2937	87.0
-2936	89
-2935	87.6
-2934	88.3
-2933	86.1
-2932	87.85
-2931	86.7
-2930	88.2
-2929	88.1
-2928	88.3
-2927	88.1
-2926	87.5
-2925	88.85
-2924	91.0
-2923	88.75
-2922	85.9
-2921	85.6
-2920	89.4
-2919	87
-2918	87.7
-2917	89.0
-2916	87.1
-2915	87.0
-2914	86.7
-2913	84.45
-2912	86.4
-2911	88.15
-2910	85.85
-2909	86.8
-2908	86.05
-2907	88.2
-2906	89.2
-2905	88
-2904	87.8
-2903	86.7
-2902	89.5
-2901	87.4
-2900	85.4
-2899	88.5
-2898	89.4
-2897	87.05
-2896	87.5
-2895	88.0
-2894	87
-2893	88.5
-2892	87.5
-2891	87.65
-2890	85.65
-2889	87.95
-2888	89.8
-2887	87.6
-2886	86.75
-2885	87.3
-2884	88.8
-2883	89.25
-2882	85.7
-2881	82.9
-2880	89.6
-2879	88.0
-2878	87.1
-2877	87.1
-2876	85.7
-2875	85.7
-2874	87.15
-2873	84.4
-2872	88.2
-2871	87.8
-2870	86.0
-2869	89.6
-2868	82.8
-2867	86.3
-2866	87.7
-2865	86.15
-2864	86.25
-2863	86.95
-2862	87.8
-2861	87.55
-2860	84.8
-2859	88.5
-2858	86.4
-2857	85.3
-2856	88.4
-2855	86.4
-2854	88.35
-2853	85.7
-2852	86.0
-2851	88.5
-2850	83.45
-2849	83.9
-2848	88.3
-2847	86.8
-2846	87.0
-2845	88
-2844	87.3
-2843	86.6
-2842	88.9
-2841	84.5
-2840	89.1
-2839	87.65
-2838	86.1
-2837	88.5
-2836	86.2
-2835	86.3
-2834	86.8
-2833	87.1
-2832	87.55
-2831	86.9
-2830	87.4
-2829	87.95
-2828	85.8
-2827	86.3
-2826	84.5
-2825	89
-2824	86.6
-2823	86.85
-2822	87.05
-2821	87.0
-2820	87.75
-2819	88.2
-2818	87.1
-2817	89.3
-2816	86.9
-2815	88.7
-2814	89.2
-2813	86.9
-2812	85.7
-2811	88.2
-2810	89.9
-2809	86.1
-2808	88.7
-2807	86.5
-2806	87.2
-2805	86.3
-2804	85.8
-2803	89.7
-2802	86.65
-2801	88.2
-2800	85.7
-2799	87.45
-2798	87.7
-2797	87.35
-2796	87.85
-2795	86.9
-2794	89.8
-2793	86.3
-2792	87.25
-2791	86.85
-2790	85.35
-2789	89.6
-2788	87.1
-2787	89.4
-2786	87.25
-2785	88.5
-2784	85.2
-2783	87.5
-2782	88.2
-2781	87.4
-2780	87.1
-2779	86.3
-2778	89.2
-2777	89.35
-2776	87.8
-2775	87.55
-2774	89.3
-2773	85.5
-2772	88.6
-2771	88.3
-2770	89.35
-2769	89.45
-2768	86.8
-2767	86.95
-2766	85.2
-2765	86.9
-2764	88.1
-2763	87.95
-2762	88.6
-2761	84.1
-2760	89.4
-2759	88.9
-2758	87.15
-2757	88.2
-2756	88.5
-2755	86.95
-2754	87.7
-2753	86.1
-2752	89.9
-2751	87.05
-2750	88.1
-2749	85.7
-2748	85.3
-2747	87.65
-2746	88.1
-2745	84.5
-2744	88.35
-2743	87.0
-2742	87.6
-2741	86.1
-2740	87.9
-2739	85.15
-2738	86.35
-2737	88.3
-2736	85
-2735	87.1
-2734	88.1
-2733	83.0
-2732	87.4
-2731	86.5
-2730	88.7
-2729	83.1
-2728	89.3
-2727	87.2
-2726	85.8
-2725	88.8
-2724	85.3
-2723	87.35
-2722	89.8
-2721	87.6
-2720	88.45
-2719	84.95
-2718	88.6
-2717	84.85
-2716	86.95
-2715	86.3
-2714	87.25
-2713	83.6
-2712	89
-2711	86.1
-2710	87.95
-2709	86.8
-2708	86.1
-2707	85.7
-2706	86
-2705	86.3
-2704	87
-2703	87.1
-2702	86.8
-2701	86.35
-2700	87.0
-2699	86.5
-2698	86.4
-2697	89.05
-2696	86.8
-2695	87.3
-2694	86.35
-2693	86.9
-2692	83.7
-2691	87.7
-2690	86.5
-2689	86.8
-2688	87.2
-2687	88.35
-2686	85.2
-2685	88.3
-2684	86.2
-2683	86.4
-2682	87.9
-2681	88.3
-2680	88.2
-2679	89.85
-2678	88.05
-2677	88
-2676	84.3
-2675	87.7
-2674	88.9
-2673	87.2
-2672	87.1
-2671	87.15
-2670	88.8
-2669	85.25
-2668	87.9
-2667	84.55
-2666	86.4
-2665	83.65
-2664	86.3
-2663	85.85
-2662	85.1
-2661	89.2
-2660	86.3
-2659	86.65
-2658	86.85
-2657	86.05
-2656	87.5
-2655	89.1
-2654	88.2
-2653	83.55
-2652	87.5
-2651	85.3
-2650	87.4
-2649	87.7
-2648	86.8
-2647	88.05
-2646	86.9
-2645	86.95
-2644	85.9
-2643	84.4
-2642	84.9
-2641	88.3
-2640	89.3
-2639	87.6
-2638	84.1
-2637	87.0
-2636	86.2
-2635	86.4
-2634	85.8
-2633	85.85
-2632	83.95
-2631	87.9
-2630	86.9
-2629	86.7
-2628	83.25
-2627	85.8
-2626	88.2
-2625	88.9
-2624	86.6
-2623	88.2
-2622	85.95
-2621	87.4
-2620	85.7
-2619	85.75
-2618	87.7
-2617	85.75
-2616	87.0
-2615	89.7
-2614	87.3
-2613	84.5
-2612	87.25
-2611	87.9
-2610	85.2
-2609	86.3
-2608	84.75
-2607	82.9
-2606	85.7
-2605	88.35
-2604	84.35
-2603	87.3
-2602	88.0
-2601	87.4
-2600	86.4
-2599	86.4
-2598	87.45
-2597	83.9
-2596	85.9
-2595	87.9
-2594	85.25
-2593	87.1
-2592	84.7
-2591	87.4
-2590	85.3
-2589	86.5
-2588	85.45
-2587	84.25
-2586	84.8
-2585	86.7
-2584	87
-2583	87.65
-2582	81.5
-2581	87.1
-2580	85.4
-2579	86.5
-2578	87.2
-2577	86.6
-2576	81.9
-2575	86.9
-2574	86.9
-2573	87
-2572	86.5
-2571	87.7
-2570	84.8
-2569	86.15
-2568	84.9
-2567	84.6
-2566	89.25
-2565	86.5
-2564	87.4
-2563	83.65
-2562	84.25
-2561	87.8
-2560	87.5
-2559	86
-2558	86.7
-2557	86.8
-2556	88.1
-2555	87.6
-2554	87
-2553	88.4
-2552	90.1
-2551	87.9
-2550	85.5
-2549	87.4
-2548	87.4
-2547	87.85
-2546	82.5
-2545	86.85
-2544	88.65
-2543	89.3
-2542	88.95
-2541	87.1
-2540	81.6
-2539	87.7
-2538	84.45
-2537	88.05
-2536	85.3
-2535	87.75
-2534	82.3
-2533	85.9
-2532	85.5
-2531	87.7
-2530	87.9
-2529	85.1
-2528	86.6
-2527	85.8
-2526	88.15
-2525	86.5
-2524	81.2
-2523	87.2
-2522	85.15
-2521	87.85
-2520	86.8
-2519	87.1
-2518	87.8
-2517	84.55
-2516	84.6
-2515	85.8
-2514	87.1
-2513	87.7
-2512	86.8
-2511	88.1
-2510	88.6
-2509	86.05
-2508	86.3
-2507	88.4
-2506	87.7
-2505	88.9
-2504	84.9
-2503	86.4
-2502	81.7
-2501	83.7
-2500	87.2
-2499	88.3
-2498	87.4
-2497	85.9
-2496	88.1
-2495	87.7
-2494	85.7
-2493	85.4
-2492	84.5
-2491	86.15
-2490	85.85
-2489	87.2
-2488	85.8
-2487	89.0
-2486	86
-2485	83.8
-2484	88.25
-2483	84.9
-2482	86.85
-2481	87.9
-2480	86.45
-2479	85.0
-2478	88.1
-2477	89
-2476	86.5
-2475	85.4
-2474	86.1
-2473	85.9
-2472	87.0
-2471	89.2
-2470	86.5
-2469	87.8
-2468	85.6
-2467	85.85
-2466	87.6
-2465	86.9
-2464	88.15
-2463	85.6
-2462	86.8
-2461	83.9
-2460	83.7
-2459	86.6
-2458	86.05
-2457	88.45
-2456	86.4
-2455	85.7
-2454	84.4
-2453	86.75
-2452	86.6
-2451	82.3
-2450	83.4
-2449	89.5
-2448	86.1
-2447	85.9
-2446	86.6
-2445	80.5
-2444	86.9
-2443	85.5
-2442	85.8
-2441	88.1
-2440	86.2
-2439	88.1
-2438	85.5
-2437	88.6
-2436	85.6
-2435	87.5
-2434	85.6
-2433	87.65
-2432	87
-2431	86.1
-2430	85.6
-2429	83.6
-2428	85.4
-2427	88.3
-2426	90.0
-2425	84.55
-2424	86.35
-2423	84.1
-2422	83.9
-2421	83.4
-2420	86.1
-2419	83.8
-2418	82.8
-2417	87.0
-2416	85.3
-2415	87.15
-2414	87.05
-2413	81.6
-2412	84.3
-2411	89.0
-2410	87.2
-2409	83.25
-2408	84.7
-2407	87.75
-2406	85.55
-2405	86.7
-2404	84.2
-2403	84.85
-2402	86.8
-2401	87.9
-2400	83.6
-2399	83.5
-2398	83.1
-2397	82.7
-2396	84.75
-2395	83.8
-2394	85.1
-2393	87.8
-2392	87.2
-2391	86.5
-2390	82.3
-2389	86.8
-2388	85.6
-2387	85.15
-2386	85.9
-2385	87.1
-2384	79.6
-2383	85.85
-2382	84.4
-2381	86.9
-2380	86.9
-2379	85.85
-2378	83.4
-2377	83.2
-2376	84.4
-2375	86.45
-2374	84.7
-2373	87.1
-2372	82.1
-2371	86.9
-2370	84.4
-2369	85.25
-2368	86.4
-2367	82.9
-2366	85.05
-2365	85.3
-2364	84.5
-2363	84.6
-2362	82.3
-2361	83.6
-2360	84.95
-2359	86.7
-2358	85.55
-2357	84.7
-2356	83.8
-2355	86.0
-2354	83.1
-2353	80.0
-2352	83.6
-2351	87.9
-2350	85.35
-2349	88.5
-2348	84.9
-2347	78.9
-2346	85.3
-2345	87.0
-2344	86.25
-2343	85.8
-2342	83.05
-2341	85.1
-2340	83.0
-2339	85
-2338	82.8
-2337	84.25
-2336	85.9
-2335	86.0
-2334	86.05
-2333	86.4
-2332	84.4
-2331	85.6
-2330	84.4
-2329	84.7
-2328	85.0
-2327	84.7
-2326	81.85
-2325	84.65
-2324	87.8
-2323	86.8
-2322	85.0
-2321	87.2
-2320	85.1
-2319	82.8
-2318	83.9
-2317	84
-2316	84.7
-2315	83.6
-2314	84.75
-2313	84.75
-2312	85.15
-2311	85.1
-2310	83.9
-2309	83.6
-2308	84.55
-2307	85.45
-2306	86.05
-2305	86.2
-2304	82.25
-2303	85.3
-2302	87
-2301	85.45
-2300	86.65
-2299	80.8
-2298	83.1
-2297	82.7
-2296	87.9
-2295	84.55
-2294	81.35
-2293	82.6
-2292	86.75
-2291	81.4
-2290	87.65
-2289	84.8
-2288	87
-2287	83.2
-2286	86.05
-2285	83.35
-2284	81.4
-2283	87.1
-2282	85.8
-2281	83.45
-2280	86.4
-2279	82.4
-2278	81.1
-2277	87.9
-2276	85.6
-2275	84.1
-2274	84.5
-2273	87.0
-2272	85.9
-2271	87.2
-2270	87.1
-2269	83.65
-2268	86.05
-2267	84.7
-2266	85.15
-2265	86.4
-2264	83.6
-2263	85.1
-2262	83.4
-2261	83.85
-2260	86.65
-2259	87.7
-2258	83.4
-2257	87
-2256	88.45
-2255	87.55
-2254	83.7
-2253	83.2
-2252	83.4
-2251	86.05
-2250	81.95
-2249	86.7
-2248	80.65
-2247	83.5
-2246	84.6
-2245	87.9
-2244	87.0
-2243	80.8
-2242	87.3
-2241	80.5
-2240	86.55
-2239	85.35
-2238	82.3
-2237	82.0
-2236	81.55
-2235	83.6
-2234	84.3
-2233	84.45
-2232	82.3
-2231	86.5
-2230	86.3
-2229	86.7
-2228	82.8
-2227	86.2
-2226	85.4
-2225	87.0
-2224	85.6
-2223	83.2
-2222	84.5
-2221	80.2
-2220	85.3
-2219	85.7
-2218	87.9
-2217	83.9
-2216	85.7
-2215	84.7
-2214	85.4
-2213	87.4
-2212	83.8
-2211	85.9
-2210	83.05
-2209	82.5
-2208	82.3
-2207	86.0
-2206	84.05
-2205	86.3
-2204	87.35
-2203	83.8
-2202	85.0
-2201	87.9
-2200	84.8
-2199	82.95
-2198	87.6
-2197	85.45
-2196	87.8
-2195	84.65
-2194	83.6
-2193	85.7
-2192	84.5
-2191	82.6
-2190	86.3
-2189	86.4
-2188	83.15
-2187	84.4
-2186	85.25
-2185	86.3
-2184	86.4
-2183	83.65
-2182	86.3
-2181	87.7
-2180	85.25
-2179	85.05
-2178	80.45
-2177	79.4
-2176	87.6
-2175	84.3
-2174	85.0
-2173	83.15
-2172	86.9
-2171	82.3
-2170	86.9
-2169	86.8
-2168	83.3
-2167	80.95
-2166	81.2
-2165	83.7
-2164	82.8
-2163	86.75
-2162	85.3
-2161	83.4
-2160	84.85
-2159	87
-2158	84.25
-2157	84.8
-2156	85.65
-2155	84.8
-2154	84.75
-2153	84.6
-2152	82.4
-2151	84.65
-2150	84.85
-2149	84.4
-2148	84.35
-2147	82.95
-2146	86.15
-2145	79.85
-2144	83.2
-2143	84.1
-2142	84.9
-2141	84.8
-2140	81.35
-2139	81.4
-2138	82.9
-2137	83.5
-2136	86.45
-2135	86.45
-2134	81.1
-2133	80.3
-2132	85.6
-2131	82.0
-2130	85.2
-2129	82.1
-2128	82.0
-2127	83.5
-2126	86.3
-2125	85.4
-2124	85.25
-2123	82.8
-2122	86.5
-2121	89.4
-2120	86.2
-2119	83.6
-2118	86.0
-2117	82.0
-2116	85.45
-2115	83
-2114	85.5
-2113	86.9
-2112	84.0
-2111	81.7
-2110	85.85
-2109	83.8
-2108	85.8
-2107	81.5
-2106	83.15
-2105	87.1
-2104	81.55
-2103	85.1
-2102	85.35
-2101	83
-2100	83.9
-2099	85.5
-2098	85.6
-2097	81.8
-2096	87.2
-2095	86.8
-2094	82.95
-2093	86.3
-2092	83.7
-2091	88.7
-2090	81.8
-2089	84.6
-2088	87.8
-2087	84.3
-2086	86.7
-2085	79.5
-2084	84.8
-2083	87.0
-2082	81.05
-2081	82.3
-2080	84
-2079	83.6
-2078	83.5
-2077	83.1
-2076	82.75
-2075	81.8
-2074	83.8
-2073	86.2
-2072	86.3
-2071	79.0
-2070	83.3
-2069	86.5
-2068	84.0
-2067	81.5
-2066	84.5
-2065	85.75
-2064	84.8
-2063	83.6
-2062	85.7
-2061	84.4
-2060	80.6
-2059	86.25
-2058	83.4
-2057	85.6
-2056	84.0
-2055	81.6
-2054	86.75
-2053	83.15
-2052	81.6
-2051	84.4
-2050	84.65
-2049	80.25
-2048	82.8
-2047	87.2
-2046	78.5
-2045	78.4
-2044	82.3
-2043	87.2
-2042	84.55
-2041	85.3
-2040	85.1
-2039	83.4
-2038	82.9
-2037	83.4
-2036	85.1
-2035	83.1
-2034	82.6
-2033	84.05
-2032	79.1
-2031	84.4
-2030	87.35
-2029	84
-2028	85.2
-2027	85.05
-2026	84.1
-2025	85.55
-2024	84.95
-2023	85.4
-2022	86.45
-2021	87
-2020	87.3
-2019	84
-2018	82.55
-2017	78.0
-2016	85
-2015	84.35
-2014	83.4
-2013	84.7
-2012	81.6
-2011	85.5
-2010	87.7
-2009	84.1
-2008	80.4
-2007	82.1
-2006	85.4
-2005	82.65
-2004	84.0
-2003	83.1
-2002	83.9
-2001	85.6
-2000	83.55
-1999	80.1
-1998	84.95
-1997	83.65
-1996	85.3
-1995	84.7
-1994	82.5
-1993	84.45
-1992	82.05
-1991	83.6
-1990	85.4
-1989	79.6
-1988	85.1
-1987	82.2
-1986	83.5
-1985	87.1
-1984	82.05
-1983	82.95
-1982	83.55
-1981	86.65
-1980	80.55
-1979	80.4
-1978	80.6
-1977	82.65
-1976	87.35
-1975	85
-1974	85.2
-1973	84.2
-1972	85.95
-1971	85.9
-1970	83.3
-1969	86.7
-1968	84.3
-1967	88.8
-1966	81.4
-1965	85.5
-1964	86.35
-1963	85.65
-1962	80.8
-1961	83.65
-1960	80.7
-1959	83.5
-1958	81.5
-1957	84.0
-1956	86.65
-1955	79.6
-1954	86.7
-1953	80.45
-1952	84.45
-1951	84.5
-1950	83.05
-1949	82.7
-1948	86.4
-1947	83.2
-1946	83.55
-1945	82
-1944	85.75
-1943	83
-1942	76.1
-1941	79.3
-1940	85.3
-1939	83.2
-1938	83.4
-1937	82.3
-1936	85.45
-1935	81.1
-1934	78.65
-1933	80.1
-1932	87.45
-1931	82.5
-1930	83.9
-1929	76.7
-1928	83.8
-1927	78.2
-1926	83.7
-1925	76.3
-1924	84.5
-1923	85.9
-1922	85.15
-1921	86.7
-1920	81.4
-1919	83.2
-1918	80.0
-1917	85.6
-1916	85.4
-1915	80.2
-1914	86.2
-1913	85.95
-1912	82.5
-1911	82.4
-1910	80.15
-1909	83.55
-1908	85
-1907	85.7
-1906	83.3
-1905	85.5
-1904	84.3
-1903	83.45
-1902	80.1
-1901	83.45
-1900	84.1
-1899	84.3
-1898	81.35
-1897	82.0
-1896	81.3
-1895	82.65
-1894	84.85
-1893	85.75
-1892	81.75
-1891	84.4
-1890	83.75
-1889	85.3
-1888	81.55
-1887	83.1
-1886	80.1
-1885	79.6
-1884	83.85
-1883	83.4
-1882	79.4
-1881	81.75
-1880	85.1
-1879	85.9
-1878	81.3
-1877	81.5
-1876	80.95
-1875	86.1
-1874	76.9
-1873	85.3
-1872	77.65
-1871	83.7
-1870	77.85
-1869	81.05
-1868	81.4
-1867	84.5
-1866	86.4
-1865	83.25
-1864	80.6
-1863	83.1
-1862	83.5
-1861	85.45
-1860	84.6
-1859	81.2
-1858	80.7
-1857	82.5
-1856	76.5
-1855	83.3
-1854	85.95
-1853	83.3
-1852	82.8
-1851	87.1
-1850	86.2
-1849	79.8
-1848	85.1
-1847	84.2
-1846	77.1
-1845	81.7
-1844	82.3
-1843	84.3
-1842	81.35
-1841	80.7
-1840	81.35
-1839	81.35
-1838	81
-1837	79.8
-1836	78.8
-1835	83.1
-1834	83.95
-1833	82.9
-1832	83.1
-1831	81.1
-1830	80.5
-1829	81.7
-1828	82.8
-1827	81.15
-1826	80.1
-1825	85.1
-1824	81.25
-1823	84.8
-1822	84.7
-1821	77.2
-1820	84.7
-1819	84.45
-1818	86.35
-1817	78.7
-1816	84.7
-1815	77.1
-1814	85.6
-1813	81.1
-1812	79.6
-1811	85.3
-1810	80.5
-1809	81.95
-1808	73.6
-1807	82.3
-1806	79.8
-1805	82.4
-1804	84.3
-1803	85.4
-1802	81
-1801	85.8
-1800	82.9
-1799	80.3
-1798	85.05
-1797	83.75
-1796	84.15
-1795	82.2
-1794	83.25
-1793	82.25
-1792	80.45
-1791	85.1
-1790	79
-1789	83.6
-1788	82.6
-1787	82.6
-1786	82.5
-1785	84.1
-1784	83.7
-1783	81.8
-1782	80.6
-1781	84.3
-1780	84.2
-1779	81.6
-1778	83.9
-1777	84.1
-1776	84.3
-1775	82.85
-1774	83.3
-1773	81.45
-1772	82.5
-1771	80.3
-1770	81.45
-1769	81.1
-1768	80.0
-1767	80.2
-1766	80.15
-1765	79.2
-1764	84.6
-1763	81.0
-1762	80.4
-1761	82.5
-1760	79.6
-1759	82.2
-1758	81.65
-1757	75.7
-1756	83.0
-1755	79.9
-1754	80.2
-1753	81.0
-1752	82.0
-1751	77.1
-1750	85.5
-1749	82.9
-1748	81.6
-1747	79.5
-1746	80.25
-1745	81.0
-1744	77.7
-1743	83.1
-1742	75.6
-1741	77.8
-1740	81.85
-1739	80.3
-1738	78.9
-1737	84.5
-1736	82.1
-1735	80.6
-1734	83.8
-1733	80.2
-1732	79.9
-1731	81.95
-1730	82.3
-1729	81.65
-1728	78.3
-1727	76.6
-1726	81.15
-1725	82.5
-1724	80.7
-1723	82.85
-1722	82.2
-1721	82.3
-1720	82.55
-1719	74.6
-1718	82.25
-1717	81.15
-1716	80.6
-1715	78.8
-1714	77.7
-1713	77.2
-1712	72.2
-1711	80
-1710	82
-1709	77.9
-1708	79.75
-1707	79.7
-1706	80.8
-1705	81.4
-1704	81.4
-1703	78.9
-1702	75.1
-1701	74.9
-1700	79.7
-1699	78.1
-1698	81.6
-1697	78.05
-1696	77.9
-1695	77.4
-1694	78.0
-1693	79.3
-1692	78.55
-1691	78.9
-1690	80.9
-1689	80.6
-1688	72.8
-1687	77.55
-1686	77.85
-1685	81.4
-1684	77.65
-1683	78.55
-1682	73.5
-1681	77.9
-1680	78.6
-1679	74.55
-1678	80.4
-1677	75.85
-1676	77.75
-1675	77.3
-1674	80.2
-1673	80.2
-1672	80.05
-1671	79.15
-1670	75.2
-1669	82.1
-1668	79.1
-1667	78.6
-1666	82.25
-1665	77.35
-1664	76.95
-1663	77.55
-1662	75.1
-1661	74.85
-1660	77.25
-1659	80.6
-1658	81.6
-1657	81.6
-1656	77.0
-1655	76.6
-1654	79.1
-1653	80.5
-1652	81.6
-1651	81.8
-1650	75.95
-1649	78.0
-1648	80.6
-1647	78.9
-1646	83.5
-1645	73.2
-1644	73.4
-1643	77.45
-1642	80.05
-1641	76.4
-1640	79.3
-1639	79.95
-1638	74.2
-1637	78.05
-1636	79.1
-1635	74.0
-1634	73.25
-1633	79.4
-1632	79.8
-1631	75.4
-1630	76.85
-1629	84.55
-1628	75.0
-1627	76.05
-1626	79.8
-1625	78.55
-1624	79.8
-1623	70.7
-1622	81.9
-1621	77.6
-1620	81.5
-1619	80.4
-1618	77.75
-1617	76.2
-1616	79.0
-1615	81.6
-1614	76.2
-1613	72.5
-1612	81.4
-1611	74.4
-1610	76.0
-1609	72.3
-1608	80.0
-1607	72
-1606	80.7
-1605	78.55
-1604	78.2
-1603	79.9
-1602	77.1
-1601	82.25
-1600	79.1
-1599	77.9
-1598	72
-1597	73.4
-1596	80.3
-1595	75.95
-1594	75.8
-1593	78.7
-1592	78.7
-1591	74.6
-1590	68.1
-1589	76.7
-1588	73.5
-1587	78.8
-1586	78.45
-1585	81.45
-1584	74.5
-1583	77.3
-1582	75.3
-1581	74.7
-1580	81.0
-1579	76.5
-1578	74.9
-1577	71.9
-1576	78.9
-1575	71.6
-1574	74.3
-1573	81.8
-1572	77.8
-1571	73.7
-1570	78.9
-1569	73.1
-1568	71.7
-1567	75.9
-1566	77.2
-1565	81.05
-1564	78.5
-1563	79.7
-1562	72.6
-1561	81.3
-1560	81.45
-1559	78.8
-1558	80.2
-1557	71.9
-1556	71.7
-1555	75.4
-1554	77.4
-1553	72.6
-1552	77.3
-1551	73.05
-1550	82.3
-1549	79.1
-1548	76.2
-1547	77.4
-1546	75.7
-1545	75.4
-1544	74.25
-1543	73.9
-1542	73.7
-1541	74.75
-1540	71.95
-1539	73.4
-1538	73.9
-1537	69.35
-1536	71.05
-1535	77.4
-1534	71.2
-1533	71.6
-1532	79.0
-1531	68.4
-1530	75.2
-1529	71.8
-1528	75.15
-1527	69.55
-1526	76.1
-1525	73.0
-1524	69.5
-1523	73.65
-1522	75.8
-1521	73.25
-1520	73.1
-1519	74.6
-1518	77.9
-1517	75.8
-1516	80.1
-1515	78.25
-1514	74.0
-1513	78
-1512	77.8
-1511	76.9
-1510	82.3
-1509	74.25
-1508	79.5
-1507	76.9
-1506	77.1
-1505	76.2
-1504	81.2
-1503	68.8
-1502	76.45
-1501	75.6
-1500	71.8
-1499	73.4
-1498	80.2
-1497	79.9
-1496	80.15
-1495	78.7
-1494	68.05
-1493	76.25
-1492	79.8
-1491	77.7
-1490	71.2
-1489	78.7
-1488	67.6
-1487	76.4
-1486	73.75
-1485	74.5
-1484	77.5
-1483	70.4
-1482	75.0
-1481	74.7
-1480	77.9
-1479	77.5
-1478	77.8
-1477	75.6
-1476	75.15
-1475	79.3
-1474	74.1
-1473	72.2
-1472	77.4
-1471	80.0
-1470	74.5
-1469	74.8
-1468	77.7
-1467	69.2
-1466	77.0
-1465	71.65
-1464	78.55
-1463	66.6
-1462	71.2
-1461	75.5
-1460	67.5
-1459	75.6
-1458	77.15
-1457	72.4
-1456	72.5
-1455	73.8
-1454	73.2
-1453	73.3
-1452	72.8
-1451	67.95
-1450	72.35
-1449	76.0
-1448	74.8
-1447	65.55
-1446	63.4
-1445	68.6
-1444	70.4
-1443	71.65
-1442	74.4
-1441	74.35
-1440	72.0
-1439	71.1
-1438	73.85
-1437	73.8
-1436	73.7
-1435	73
-1434	71.6
-1433	76.35
-1432	77.8
-1431	63.15
-1430	70.5
-1429	71.9
-1428	69.2
-1427	76.7
-1426	73.4
-1425	63.3
-1424	62.6
-1423	73.25
-1422	66.0
-1421	74.55
-1420	72.1
-1419	72.1
-1418	72.9
-1417	76.75
-1416	68.9
-1415	72.1
-1414	66.1
-1413	67.4
-1412	68.5
-1411	72.7
-1410	70.25
-1409	62.5
-1408	67.1
-1407	69.9
-1406	69.45
-1405	73.4
-1404	68.3
-1403	72.75
-1402	73.2
-1401	66.65
-1400	68.6
-1399	63.3
-1398	70.35
-1397	71.3
-1396	71.95
-1395	69.6
-1394	67
-1393	67.1
-1392	71.5
-1391	71.6
-1390	70.5
-1389	62.25
-1388	71.6
-1387	68.7
-1386	73.45
-1385	69.2
-1384	65.5
-1383	70.1
-1382	70.2
-1381	62.4
-1380	69.4
-1379	67.7
-1378	69.3
-1377	65.3
-1376	63.35
-1375	67.6
-1374	64.2
-1373	64.9
-1372	68.5
-1371	70
-1370	70.65
-1369	66.1
-1368	69.25
-1367	68.4
-1366	62.25
-1365	67.0
-1364	66.8
-1363	67.5
-1362	66.0
-1361	71.2
-1360	68.15
-1359	66.05
-1358	63.7
-1357	72.6
-1356	70.1
-1355	69.8
-1354	66.5
-1353	65.45
-1352	70.95
-1351	66.8
-1350	63.3
-1349	68.35
-1348	66.6
-1347	65.9
-1346	70.55
-1345	64.8
-1344	68.0
-1343	61.25
-1342	66.25
-1341	61.65
-1340	70.75
-1339	71.95
-1338	58.8
-1337	63.8
-1336	68.55
-1335	61.75
-1334	66.35
-1333	60.4
-1332	65.2
-1331	60
-1330	59.45
-1329	57.15
-1328	64.55
-1327	72.0
-1326	64.8
-1325	66.65
-1324	68.6
-1323	61.85
-1322	62.4
-1321	61.5
-1320	63.3
-1319	61.8
-1318	67.1
-1317	61.6
-1316	67.0
-1315	68.4
-1314	61.95
-1313	62.85
-1312	74.85
-1311	61.15
-1310	60.8
-1309	63.1
-1308	59.7
-1307	70.95
-1306	62.25
-1305	61.4
-1304	65.2
-1303	66
-1302	55.1
-1301	61.45
-1300	60.2
-1299	66.35
-1298	65.2
-1297	64.9
-1296	58.8
-1295	65.7
-1294	57.8
-1293	60.3
-1292	60.2
-1291	63.0
-1290	64.5
-1289	59.4
-1288	61.2
-1287	63.3
-1286	58.1
-1285	59.1
-1284	56.8
-1283	63.6
-1282	65.5
-1281	57.2
-1280	64.2
-1279	56.9
-1278	64
-1277	56.1
-1276	66.0
-1275	57.8
-1274	64.4
-1273	60.2
-1272	56.7
-1271	60.3
-1270	60.35
-1269	58.9
-1268	64.7
-1267	57.85
-1266	55.95
-1265	63.2
-1264	62.4
-1263	63.6
-1262	63.8
-1261	66.7
-1260	55.0
-1259	68.9
-1258	57.7
-1257	61.55
-1256	58.8
-1255	63.25
-1254	63.9
-1253	60
-1252	58.2
-1251	70.6
-1250	58.85
-1249	57.7
-1248	57.9
-1247	58.25
-1246	61.2
-1245	59.4
-1244	57.05
-1243	64.5
-1242	59.85
-1241	58.95
-1240	56.4
-1239	56.4
-1238	58.9
-1237	58.0
-1236	66.5
-1235	59.15
-1234	58.5
-1233	51.9
-1232	58.7
-1231	61
-1230	63.3
-1229	61.4
-1228	56.2
-1227	64.5
-1226	63
-1225	62.65
-1224	57.15
-1223	61.7
-1222	59.4
-1221	65
-1220	58.1
-1219	59.8
-1218	56.1
-1217	56.8
-1216	57.9
-1215	57.9
-1214	55.0
-1213	61.7
-1212	60.85
-1211	55.6
-1210	59.5
-1209	55.4
-1208	54.1
-1207	48.0
-1206	54.1
-1205	50.1
-1204	59.4
-1203	62.15
-1202	60.1
-1201	57.5
-1200	60.5
-1199	62.2
-1198	60
-1197	52.0
-1196	62.65
-1195	58.65
-1194	54.5
-1193	57.8
-1192	54.5
-1191	55.3
-1190	46.8
-1189	47.9
-1188	55.1
-1187	53.8
-1186	48.65
-1185	58.3
-1184	49.5
-1183	52.9
-1182	48.35
-1181	53.2
-1180	54.4
-1179	64.3
-1178	52.85
-1177	47.45
-1176	53
-1175	51.5
-1174	50.9
-1173	60.6
-1172	61.6
-1171	55
-1170	59.35
-1169	58.8
-1168	54.3
-1167	57.65
-1166	59.5
-1165	46.9
-1164	53.4
-1163	56.6
-1162	52.8
-1161	51.3
-1160	52.6
-1159	54.2
-1158	58.2
-1157	57.1
-1156	50.0
-1155	50.8
-1154	55.6
-1153	54.3
-1152	52.7
-1151	53.8
-1150	51.7
-1149	56.1
-1148	56.5
-1147	53.9
-1146	56.25
-1145	50
-1144	56.3
-1143	55.9
-1142	50.85
-1141	54
-1140	52.7
-1139	46.0
-1138	46.7
-1137	51.7
-1136	50.6
-1135	50.95
-1134	51.9
-1133	50.4
-1132	53.75
-1131	45.95
-1130	49.5
-1129	53.35
-1128	53.95
-1127	49.5
-1126	43.65
-1125	45.2
-1124	53.5
-1123	46
-1122	51.2
-1121	52.5
-1120	53.1
-1119	50.4
-1118	47.5
-1117	50.7
-1116	47.2
-1115	49.25
-1114	47.7
-1113	52.2
-1112	49.35
-1111	48.9
-1110	48.5
-1109	49.95
-1108	48.1
-1107	41.7
-1106	52.25
-1105	41.7
-1104	54.95
-1103	40.7
-1102	48.0
-1101	49.9
-1100	51.2
-1099	56.05
-1098	48.4
-1097	49.9
-1096	49.7
-1095	55.6
-1094	39.0
-1093	37.2
-1092	41.85
-1091	44.55
-1090	40.3
-1089	40.3
-1088	36.9
-1087	48.1
-1086	45.6
-1085	39.6
-1084	50.6
-1083	45.15
-1082	52.1
-1081	43.2
-1080	43.1
-1079	38.7
-1078	49
-1077	48.15
-1076	52.1
-1075	47.1
-1074	48.1
-1073	37.6
-1072	45.6
-1071	45.0
-1070	44.45
-1069	40.8
-1068	47.55
-1067	40.55
-1066	45.0
-1065	39.4
-1064	50.2
-1063	49.2
-1062	42.1
-1061	41.7
-1060	44.05
-1059	49.3
-1058	29.8
-1057	41.0
-1056	45.8
-1055	34.35
-1054	48.1
-1053	44.4
-1052	43.5
-1051	38.95
-1050	46.95
-1049	31.7
-1048	29.2
-1047	36.0
-1046	34.1
-1045	37.4
-1044	47.4
-1043	37.5
-1042	38.95
-1041	38.4
-1040	34.0
-1039	44.1
-1038	29.6
-1037	47.2
-1036	33.5
-1035	41.65
-1034	38
-1033	49.7
-1032	40.6
-1031	49.3
-1030	34.5
-1029	32.95
-1028	39.5
-1027	42.3
-1026	40.2
-1025	39.35
-1024	33.9
-1023	36.3
-1022	39.3
-1021	39.95
-1020	28.6
-1019	31
-1018	32.3
-1017	31.7
-1016	34.0
-1015	20.8
-1014	41.55
-1013	39.2
-1012	35.85
-1011	25.4
-1010	45.9
-1009	38.5
-1008	39.6
-1007	29.5
-1006	39.2
-1005	33.55
-1004	37.45
-1003	29.2
-1002	37.7
-1001	28.05
-1000	31.55
-999	31.5
-998	25
-997	32.4
-996	39.05
-995	29.1
-994	36.8
-993	25.8
-992	40.4
-991	37.1
-990	26.4
-989	35.9
-988	18.4
-987	26.8
-986	34.75
-985	36.4
-984	38.3
-983	35.0
-982	24.6
-981	34.0
-980	26.25
-979	17.8
-978	25
-977	37
-976	38.1
-975	20.0
-974	35.5
-973	42.35
-972	30.65
-971	24.1
-970	36.3
-969	21.1
-968	22.65
-967	29.7
-966	12.35
-965	25.6
-964	32.8
-963	34.5
-962	16.7
-961	26.3
-960	18.8
-959	28.0
-958	11.8
-957	27.45
-956	24.7
-955	30.0
-954	24.6
-953	27.6
-952	17.9
-951	27.1
-950	24.5
-949	31.65
-948	28.4
-947	15.5
-946	25.85
-945	24.5
-944	22.3
-943	26.4
-942	25.1
-941	18.8
-940	18.1
-939	22.2
-938	18.7
-937	19.9
-936	11.0
-935	32.0
-934	20.8
-933	14.95
-932	26.2
-931	24.3
-930	19.8
-929	29.3
-928	14.3
-927	11.7
-926	24
-925	12.1
-924	24.2
-923	17.9
-922	15.9
-921	32.7
-920	14.35
-919	10.1
-918	10.5
-917	10.7
-916	25
-915	23.15
-914	22.95
-913	17.6
-912	32.6
-911	9.65
-910	19.85
-909	26.3
-908	21.25
-907	17.55
-906	11.2
-905	18.9
-904	12.9
-903	11.9
-902	11.6
-901	18.9
-900	12.1
-899	10.7
-898	14.5
-897	16.85
-896	8.1
-895	18.5
-894	14.3
-893	9.65
-892	20.8
-891	7.65
-890	11.9
-889	18.6
-888	9.5
-887	15.9
-886	13.5
-885	9.35
-884	13.8
-883	11
-882	13.5
-881	12.3
-880	14.3
-879	11.55
-878	12.4
-877	11.6
-876	13.1
-875	14.8
-874	8.15
-873	8.8
-872	7.95
-871	6.3
-870	10.7
-869	11.4
-868	10.0
-867	12.5
-866	13.0
-865	10.35
-864	13.8
-863	7.5
-862	7.1
-861	9.7
-860	12.8
-859	6.2
-858	13.3
-857	6.75
-856	12.1
-855	9.3
-854	9.8
-853	9.9
-852	18.55
-851	7.4
-850	8.0
-849	5.75
-848	9.7
-847	7.8
-846	11.85
-845	6.8
-844	7.95
-843	6.3
-842	11.6
-841	7.55
-840	6.8
-839	8.1
-838	5.95
-837	6.5
-836	9.6
-835	7.75
-834	10.35
-833	7.05
-832	10.05
-831	5.4
-830	10.1
-829	6.5
-828	6.9
-827	5.4
-826	6.1
-825	7.2
-824	13.7
-823	4.9
-822	6.05
-821	8.2
-820	6.6
-819	7.5
-818	8.1
-817	6.05
-816	5.0
-815	6.5
-814	7.3
-813	6.2
-812	4.9
-811	5.8
-810	5.4
-809	7.2
-808	4.8
-807	6.3
-806	7.2
-805	6.35
-804	5.7
-803	7.3
-802	7.1
-801	8.1
-800	6
-799	7
-798	5.1
-797	8.05
-796	5.4
-795	5.7
-794	6.9
-793	5.8
-792	5.4
-791	5.9
-790	7.6
-789	6.5
-788	5.5
-787	7.6
-786	5.15
-785	5
-784	6.7
-783	5.4
-782	5.3
-781	5.95
-780	7.75
-779	6.2
-778	5.6
-777	4.9
-776	6.55
-775	5.4
-774	9.1
-773	5.5
-772	5.2
-771	5.25
-770	5.2
-769	5.9
-768	7.3
-767	5.15
-766	5.4
-765	6.8
-764	5.4
-763	5.4
-762	5.7
-761	6.75
-760	5.3
-759	5
-758	4.7
-757	5.8
-756	6.5
-755	5.4
-754	5.0
-753	5.1
-752	4.7
-751	4.6
-750	5.55
-749	4.9
-748	5.4
-747	4.9
-746	4.9
-745	5.15
-744	5.1
-743	4.9
-742	5.3
-741	4.8
-740	4.6
-739	6.4
-738	4.7
-737	5.7
-736	5.5
-735	4.8
-734	4.8
-733	4.7
-732	4.7
-731	4.8
-730	4.9
-729	5.2
-728	5.1
-727	4.9
-726	4.8
-725	4.9
-724	4.7
-723	4.9
-722	4.6
-721	4.9
-720	5.3
-719	4.6
-718	5.1
-717	4.5
-716	4.7
-715	4.7
-714	4.7
-713	4.7
-712	4.6
-711	5.5
-710	4.5
-709	4.5
-708	4.5
-707	4.8
-706	4.5
-705	4.7
-704	4.5
-703	4.9
-702	4.6
-701	4.5
-700	4.4
-699	4.5
-698	4.8
-697	4.4
-696	4.4
-695	4.5
-694	4.3
-693	4.4
-692	4.5
-691	4.5
-690	4.4
-689	4.5
-688	4.4
-687	4.5
-686	4.3
-685	4.6
-684	4.5
-683	4.55
-682	4.6
-681	4.4
-680	4.4
-679	4.6
-678	4.8
-677	4.4
-676	4.5
-675	4.3
-674	4.4
-673	4.5
-672	4.4
-671	4.3
-670	4.4
-669	4.7
-668	4.6
-667	4.4
-666	4.5
-665	4.4
-664	4.5
-663	4.5
-662	4.5
-661	4.2
-660	4.5
-659	4.3
-658	4.5
-657	4.4
-656	4.3
-655	4.7
-654	4.4
-653	4.3
-652	4.4
-651	4.4
-650	4.3
-649	4.4
-648	4.4
-647	4.4
-646	4.4
-645	4.4
-644	4.2
-643	4.4
-642	4.6
-641	4.4
-640	4.3
-639	4.4
-638	4.5
-637	4.3
-636	4.3
-635	4.3
-634	4.4
-633	4.3
-632	4.4
-631	4.4
-630	4.4
-629	4.2
-628	4.5
-627	4.3
-626	4.4
-625	4.4
-624	4.3
-623	4.3
-622	4.4
-621	4.2
-620	4.3
-619	4.4
-618	4.4
-617	4.4
-616	4.5
-615	4.2
-614	4.5
-613	4.3
-612	4.2
-611	4.4
-610	4.4
-609	4.2
-608	4.2
-607	4.5
-606	4.2
-605	4.3
-604	4.3
-603	4.3
-602	4.2
-601	4.3
-600	4.2
-599	4.2
-598	4.2
-597	4.2
-596	4.2
-595	4.1
-594	4.2
-593	4.2
-592	4.2
-591	4.2
-590	4.1
-589	4.3
-588	4.2
-587	4.2
-586	4.2
-585	4.2
-584	4.2
-583	4.2
-582	4.1
-581	4.1
-580	4.2
-579	4.2
-578	4.2
-577	4.1
-576	4.1
-575	4.2
-574	4.3
-573	4.2
-572	4.2
-571	4.1
-570	4.25
-569	4.2
-568	4.2
-567	4.1
-566	4.3
-565	4.2
-564	4
-563	4.2
-562	4.1
-561	4.1
-560	4.2
-559	4.1
-558	4.2
-557	4.1
-556	4.2
-555	4.1
-554	4.3
-553	4.1
-552	4.2
-551	4.2
-550	4.1
-549	4.3
-548	4
-547	4.2
-546	4.1
-545	4.1
-544	4.1
-543	4.1
-542	4.2
-541	4.2
-540	4.1
-539	4.1
-538	4.1
-537	4.1
-536	4.1
-535	4.2
-534	4
-533	4.1
-532	4.1
-531	4.0
-530	4.1
-529	4.2
-528	4.1
-527	4.1
-526	4.1
-525	4.1
-524	4.1
-523	4.2
-522	4.1
-521	4.1
-520	4.0
-519	4.0
-518	4.1
-517	4
-516	4.1
-515	4
-514	4.1
-513	4.1
-512	4.1
-511	4.1
-510	4.1
-509	4.2
-508	4
-507	4.1
-506	4.05
-505	4.0
-504	4.1
-503	4
-502	4.1
-501	4.1
-500	4.0
-499	4.1
-498	4.1
-497	4.1
-496	4.1
-495	4
-494	4.0
-493	4
-492	4
-491	4.0
-490	4.1
-489	4
-488	4
-487	4.1
-486	4
-485	4
-484	4
-483	4
-482	4.1
-481	4.0
-480	4
-479	4.0
-478	3.9
-477	4
-476	3.9
-475	4.1
-474	4.0
-473	4
-472	4.0
-471	4
-470	4.0
-469	4.0
-468	4.0
-467	4.0
-466	4.1
-465	4
-464	4.0
-463	4
-462	4
-461	4
-460	4.0
-459	4.0
-458	4.0
-457	3.9
-456	4.0
-455	4
-454	4.0
-453	3.9
-452	3.9
-451	4.0
-450	4.0
-449	4.0
-448	3.9
-447	4
-446	4.0
-445	3.9
-444	3.9
-443	3.9
-442	4
-441	3.9
-440	3.9
-439	3.9
-438	3.9
-437	3.9
-436	4.0
-435	3.9
-434	4
-433	4.0
-432	3.9
-431	3.9
-430	3.9
-429	3.9
-428	3.9
-427	4.0
-426	3.9
-425	4.0
-424	3.9
-423	3.9
-422	4
-421	3.9
-420	3.9
-419	4.0
-418	3.9
-417	3.9
-416	3.9
-415	4.0
-414	3.9
-413	3.9
-412	3.9
-411	3.9
-410	3.9
-409	3.9
-408	3.9
-407	3.95
-406	4.0
-405	3.9
-404	3.9
-403	4.0
-402	4
-401	3.9
-400	4
-399	3.9
-398	4
-397	3.9
-396	3.9
-395	3.9
-394	3.9
-393	3.9
-392	3.9
-391	3.9
-390	3.9
-389	3.9
-388	3.9
-387	3.95
-386	3.9
-385	3.9
-384	3.9
-383	3.9
-382	3.9
-381	3.9
-380	3.9
-379	3.9
-378	3.9
-377	3.9
-376	3.9
-375	3.9
-374	3.9
-373	3.9
-372	3.9
-371	3.8
-370	3.9
-369	3.8
-368	3.9
-367	3.9
-366	3.9
-365	3.8
-364	3.9
-363	3.9
-362	3.9
-361	3.9
-360	3.9
-359	3.9
-358	3.8
-357	3.9
-356	3.9
-355	3.9
-354	3.9
-353	3.9
-352	3.8
-351	3.9
-350	3.9
-349	3.9
-348	3.9
-347	3.9
-346	4.0
-345	3.9
-344	3.8
-343	3.8
-342	3.8
-341	3.9
-340	3.9
-339	3.9
-338	3.8
-337	3.8
-336	3.8
-335	3.8
-334	3.8
-333	3.8
-332	3.9
-331	3.9
-330	3.8
-329	3.8
-328	3.9
-327	3.8
-326	3.9
-325	3.9
-324	3.8
-323	3.8
-322	3.9
-321	3.8
-320	3.8
-319	3.9
-318	3.9
-317	3.9
-316	3.8
-315	3.9
-314	3.9
-313	3.8
-312	3.9
-311	3.8
-310	3.8
-309	3.9
-308	3.8
-307	3.8
-306	3.8
-305	3.9
-304	3.8
-303	3.8
-302	3.8
-301	3.8
-300	3.8
-299	3.8
-298	3.8
-297	3.9
-296	3.8
-295	3.8
-294	3.8
-293	3.8
-292	3.9
-291	3.8
-290	3.8
-289	3.8
-288	3.8
-287	3.8
-286	3.9
-285	3.9
-284	3.8
-283	3.8
-282	3.8
-281	3.9
-280	3.8
-279	3.8
-278	3.8
-277	3.8
-276	3.8
-275	3.8
-274	3.9
-273	3.8
-272	3.8
-271	3.8
-270	3.8
-269	3.8
-268	3.85
-267	3.8
-266	3.85
-265	3.8
-264	3.8
-263	3.9
-262	3.8
-261	3.8
-260	3.8
-259	3.8
-258	3.8
-257	3.8
-256	3.8
-255	3.8
-254	3.8
-253	3.7
-252	3.8
-251	3.8
-250	3.8
-249	3.8
-248	3.8
-247	3.8
-246	3.8
-245	3.8
-244	3.8
-243	3.8
-242	3.8
-241	3.8
-240	3.8
-239	3.8
-238	3.8
-237	3.8
-236	3.8
-235	3.8
-234	3.8
-233	3.8
-232	3.8
-231	3.8
-230	3.7
-229	3.8
-228	3.8
-227	3.8
-226	3.8
-225	3.8
-224	3.8
-223	3.8
-222	3.8
-221	3.8
-220	3.7
-219	3.8
-218	3.8
-217	3.7
-216	3.8
-215	3.8
-214	3.8
-213	3.8
-212	3.8
-211	3.8
-210	3.8
-209	3.8
-208	3.8
-207	3.8
-206	3.8
-205	3.8
-204	3.8
-203	3.7
-202	3.8
-201	3.7
-200	3.7
-199	3.8
-198	3.8
-197	3.7
-196	3.8
-195	3.7
-194	3.8
-193	3.7
-192	3.8
-191	3.8
-190	3.7
-189	3.8
-188	3.8
-187	3.7
-186	3.8
-185	3.8
-184	3.8
-183	3.8
-182	3.8
-181	3.7
-180	3.8
-179	3.7
-178	3.8
-177	3.7
-176	3.8
-175	3.8
-174	3.8
-173	3.8
-172	3.8
-171	3.7
-170	3.8
-169	3.7
-168	3.8
-167	3.8
-166	3.8
-165	3.7
-164	3.7
-163	3.7
-162	3.8
-161	3.7
-160	3.7
-159	3.8
-158	3.8
-157	3.75
-156	3.7
-155	3.7
-154	3.8
-153	3.7
-152	3.7
-151	3.7
-150	3.8
-149	3.7
-148	3.8
-147	3.7
-146	3.7
-145	3.7
-144	3.7
-143	3.8
-142	3.7
-141	3.7
-140	3.8
-139	3.7
-138	3.7
-137	3.7
-136	3.7
-135	3.7
-134	3.7
-133	3.8
-132	3.7
-131	3.7
-130	3.7
-129	3.7
-128	3.7
-127	3.7
-126	3.7
-125	3.7
-124	3.7
-123	3.7
-122	3.7
-121	3.8
-120	3.7
-119	3.7
-118	3.7
-117	3.7
-116	3.7
-115	3.7
-114	3.7
-113	3.7
-112	3.7
-111	3.7
-110	3.7
-109	3.7
-108	3.7
-107	3.7
-106	3.7
-105	3.7
-104	3.7
-103	3.7
-102	3.7
-101	3.7
-100	3.7
-99	3.7
-98	3.7
-97	3.7
-96	3.7
-95	3.7
-94	3.7
-93	3.7
-92	3.7
-91	3.7
-90	3.7
-89	3.7
-88	3.7
-87	3.7
-86	3.7
-85	3.7
-84	3.7
-83	3.7
-82	3.7
-81	3.7
-80	3.7
-79	3.7
-78	3.7
-77	3.7
-76	3.7
-75	3.7
-74	3.7
-73	3.7
-72	3.7
-71	3.7
-70	3.7
-69	3.7
-68	3.7
-67	3.7
-66	3.7
-65	3.7
-64	3.7
-63	3.7
-62	3.7
-61	3.7
-60	3.7
-59	3.7
-58	3.7
-57	3.7
-56	3.7
-55	3.7
-54	3.7
-53	3.7
-52	3.7
-51	3.7
-50	3.7
-49	3.7
-48	3.7
-47	3.7
-46	3.7
-45	3.7
-44	3.7
-43	3.7
-42	3.8
-41	3.7
-40	3.7
-39	3.7
-38	3.7
-37	3.7
-36	3.7
-35	3.7
-34	3.7
-33	3.7
-32	3.7
-31	3.7
-30	3.7
-29	3.7
-28	3.7
-27	3.7
-26	3.7
-25	3.8
-24	3.7
-23	3.7
-22	3.7
-21	3.7
-20	3.7
-19	3.7
-18	3.7
-17	3.7
-16	3.7
-15	3.7
-14	3.7
-13	3.7
-12	3.7
-11	3.7
-10	3.7
-9	3.7
-8	3.7
-7	3.7
-6	3.7
-5	3.7
-4	3.7
-3	3.8
-2	3.7
-1	3.6
0	3.8
1	3.7
2	3.8
3	3.8
4	3.7
5	3.7
6	3.7
7	3.7
8	3.8
9	3.7
10	3.7
11	3.7
12	3.7
13	3.8
14	3.7
15	3.7
16	3.7
17	3.8
18	3.7
19	3.7
20	3.7
21	3.7
22	3.7
23	3.7
24	3.8
25	3.8
26	3.7
27	3.8
28	3.7
29	3.8
30	3.75
31	3.7
32	3.7
33	3.8
34	3.7
35	3.7
36	3.7
37	3.8
38	3.7
39	3.7
40	3.8
41	3.7
42	3.8
43	3.8
44	3.8
45	3.7
46	3.7
47	3.7
48	3.7
49	3.7
50	3.8
51	3.7
52	3.7
53	3.7
54	3.7
55	3.7
56	3.7
57	3.7
58	3.7
59	3.75
60	3.7
61	3.7
62	3.7
63	3.7
64	3.8
65	3.7
66	3.7
67	3.7
68	3.8
69	3.7
70	3.7
71	3.7
72	3.7
73	3.7
74	3.7
75	3.8
76	3.7
77	3.7
78	3.7
79	3.7
80	3.7
81	3.7
82	3.7
83	3.7
84	3.7
85	3.7
86	3.7
87	3.8
88	3.8
89	3.7
90	3.7
91	3.7
92	3.7
93	3.7
94	3.7
95	3.7
96	3.7
97	3.7
98	3.7
99	3.7
100	3.7
101	3.7
102	3.7
103	3.7
104	3.7
105	3.7
106	3.7
107	3.7
108	3.7
109	3.7
110	3.8
111	3.7
112	3.8
113	3.7
114	3.7
115	3.8
116	3.7
117	3.7
118	3.7
119	3.7
120	3.7
121	3.75
122	3.7
123	3.8
124	3.7
125	3.7
126	3.7
127	3.7
128	3.7
129	3.7
130	3.7
131	3.7
132	3.7
133	3.7
134	3.7
135	3.7
136	3.7
137	3.7
138	3.7
139	3.7
140	3.7
141	3.7
142	3.7
143	3.7
144	3.7
145	3.8
146	3.7
147	3.7
148	3.7
149	3.7
150	3.7
151	3.75
152	3.7
153	3.7
154	3.7
155	3.7
156	3.8
157	3.7
158	3.7
159	3.7
160	3.7
161	3.7
162	3.8
163	3.7
164	3.7
165	3.7
166	3.7
167	3.7
168	3.7
169	3.8
170	3.8
171	3.8
172	3.7
173	3.8
174	3.7
175	3.7
176	3.8
177	3.7
178	3.7
179	3.7
180	3.7
181	3.7
182	3.7
183	3.8
184	3.7
185	3.7
186	3.7
187	3.8
188	3.8
189	3.8
190	3.7
191	3.7
192	3.8
193	3.7
194	3.8
195	3.7
196	3.7
197	3.8
198	3.8
199	3.8
200	3.8
201	3.7
202	3.7
203	3.7
204	3.8
205	3.7
206	3.8
207	3.7
208	3.8
209	3.7
210	3.8
211	3.8
212	3.7
213	3.8
214	3.7
215	3.7
216	3.8
217	3.8
218	3.7
219	3.7
220	3.8
221	3.8
222	3.7
223	3.8
224	3.8
225	3.8
226	3.8
227	3.7
228	3.7
229	3.8
230	3.7
231	3.7
232	3.7
233	3.8
234	3.8
235	3.7
236	3.8
237	3.7
238	3.7
239	3.7
240	3.8
241	3.7
242	3.8
243	3.8
244	3.8
245	3.8
246	3.75
247	3.8
248	3.8
249	3.8
250	3.8
251	3.7
252	3.8
253	3.8
254	3.7
255	3.8
256	3.7
257	3.7
258	3.8
259	3.7
260	3.7
261	3.7
262	3.7
263	3.8
264	3.8
265	3.8
266	3.8
267	3.8
268	3.8
269	3.8
270	3.8
271	3.8
272	3.8
273	3.7
274	3.8
275	3.7
276	3.8
277	3.7
278	3.8
279	3.8
280	3.7
281	3.7
282	3.7
283	3.8
284	3.8
285	3.8
286	3.8
287	3.8
288	3.8
289	3.8
290	3.7
291	3.8
292	3.8
293	3.8
294	3.7
295	3.8
296	3.8
297	3.7
298	3.7
299	3.7
300	3.8
301	3.8
302	3.7
303	3.7
304	3.8
305	3.8
306	3.8
307	3.8
308	3.8
309	3.7
310	3.8
311	3.8
312	3.8
313	3.8
314	3.8
315	3.8
316	3.8
317	3.8
318	3.8
319	3.7
320	3.8
321	3.8
322	3.7
323	3.8
324	3.8
325	3.8
326	3.8
327	3.8
328	3.8
329	3.8
330	3.8
331	3.8
332	3.8
333	3.8
334	3.8
335	3.8
336	3.8
337	3.7
338	3.8
339	3.8
340	3.8
341	3.8
342	3.8
343	3.7
344	3.8
345	3.8
346	3.8
347	3.8
348	3.8
349	3.8
350	3.8
351	3.8
352	3.8
353	3.8
354	3.8
355	3.8
356	3.8
357	3.8
358	3.8
359	3.8
360	3.8
361	3.9
362	3.8
363	3.8
364	3.8
365	3.8
366	3.8
367	3.8
368	3.8
369	3.8
370	3.8
371	3.8
372	3.8
373	3.8
374	3.9
375	3.9
376	3.8
377	3.8
378	3.8
379	3.8
380	3.8
381	3.9
382	3.8
383	3.8
384	3.8
385	3.9
386	3.8
387	3.9
388	3.8
389	3.8
390	3.8
391	3.8
392	3.8
393	3.9
394	3.8
395	3.8
396	3.8
397	3.8
398	3.8
399	3.8
400	3.8
401	3.8
402	3.8
403	3.9
404	3.8
405	3.8
406	3.8
407	3.9
408	3.8
409	3.8
410	3.8
411	3.8
412	3.8
413	3.9
414	3.9
415	3.8
416	3.8
417	3.8
418	3.9
419	3.8
420	3.8
421	3.9
422	3.9
423	3.8
424	3.8
425	3.8
426	3.9
427	3.9
428	3.9
429	3.9
430	3.9
431	3.8
432	3.9
433	3.8
434	3.9
435	3.8
436	3.9
437	3.8
438	3.9
439	3.8
440	3.9
441	3.9
442	3.8
443	3.9
444	3.9
445	3.8
446	3.8
447	3.9
448	3.9
449	3.9
450	3.8
451	3.8
452	3.9
453	3.8
454	3.9
455	3.8
456	3.9
457	3.8
458	3.9
459	3.9
460	3.9
461	3.9
462	3.9
463	3.9
464	3.9
465	3.9
466	3.9
467	3.9
468	3.9
469	3.9
470	3.9
471	3.9
472	3.8
473	3.9
474	3.9
475	3.9
476	3.8
477	3.9
478	3.9
479	3.9
480	4.0
481	3.9
482	3.9
483	3.9
484	3.9
485	3.9
486	3.9
487	3.9
488	3.9
489	3.9
490	3.9
491	4.0
492	3.9
493	3.9
494	3.9
495	3.9
496	3.9
497	3.9
498	4.0
499	3.9
500	3.9
501	3.9
502	3.9
503	3.9
504	3.9
505	3.9
506	3.9
507	4.0
508	3.9
509	3.9
510	3.9
511	3.95
512	3.9
513	4
514	3.9
515	3.9
516	3.9
517	4
518	3.9
519	3.9
520	3.9
521	3.9
522	3.9
523	4
524	3.9
525	3.9
526	3.9
527	3.9
528	3.9
529	4
530	4.0
531	4
532	4.1
533	4
534	4
535	4
536	3.9
537	3.9
538	3.9
539	4
540	3.9
541	4.0
542	4.0
543	3.9
544	3.9
545	3.9
546	4.0
547	4
548	3.9
549	3.9
550	4.0
551	4
552	4
553	4
554	4.0
555	4
556	4.0
557	3.9
558	4
559	4.0
560	4
561	4
562	4.0
563	4.05
564	4
565	4
566	3.9
567	3.9
568	4
569	4.0
570	4.1
571	4.0
572	4.0
573	4
574	4
575	4.0
576	4
577	4
578	4.0
579	4.0
580	3.9
581	4.0
582	4.0
583	4.1
584	4.1
585	4
586	4
587	4
588	4
589	4.0
590	4.0
591	4
592	4.0
593	4.0
594	4
595	4.0
596	4.0
597	4.0
598	4.0
599	4.0
600	4.0
601	4.0
602	4
603	4.1
604	4
605	4.1
606	4
607	4.1
608	4
609	4
610	4.0
611	4.0
612	4.1
613	4.0
614	4
615	4
616	4.0
617	4
618	4.1
619	4.0
620	4.1
621	4
622	4.0
623	4
624	4
625	4.1
626	4.0
627	4.1
628	4.1
629	4.0
630	4.1
631	4.1
632	4
633	4
634	4.1
635	4.1
636	4.1
637	4.2
638	4.2
639	4.2
640	4.1
641	4.1
642	4.2
643	4.1
644	4.1
645	4.1
646	4.1
647	4.2
648	4.1
649	4.1
650	4.1
651	4.1
652	4
653	4.1
654	4
655	4.2
656	4.1
657	4.1
658	4.2
659	4.1
660	4.1
661	4.3
662	4.1
663	4.2
664	4.2
665	4.2
666	4.2
667	4.1
668	4.2
669	4.1
670	4.4
671	4.1
672	4.1
673	4.2
674	4.3
675	4
676	4.2
677	4.2
678	4.2
679	4.2
680	4.2
681	4.0
682	4.1
683	4.1
684	4.3
685	4.3
686	4.2
687	4.1
688	4.2
689	4.2
690	4.2
691	4.3
692	4.4
693	4.4
694	4.3
695	4.2
696	4.3
697	4.2
698	4.3
699	4.3
700	4.5
701	4.3
702	4.2
703	4.2
704	4.3
705	4.2
706	4.2
707	4.3
708	4.3
709	4.3
710	4.2
711	4.2
712	4.4
713	4.3
714	4.5
715	4.2
716	4.3
717	4.4
718	4.2
719	4.3
720	4.7
721	4.3
722	4.3
723	4.4
724	4.3
725	4.3
726	4.3
727	4.4
728	4.3
729	4.3
730	4.3
731	4.3
732	4.3
733	4.6
734	4.35
735	4.5
736	4.6
737	4.4
738	4.4
739	4.5
740	4.3
741	4.4
742	4.6
743	4.4
744	4.2
745	4.4
746	4.3
747	4.5
748	4.3
749	4.6
750	4.6
751	4.5
752	4.7
753	4.4
754	4.5
755	4.5
756	4.4
757	4.5
758	4.5
759	4.6
760	4.4
761	4.6
762	4.7
763	4.5
764	4.6
765	4.4
766	4.4
767	4.4
768	4.5
769	4.7
770	4.7
771	4.5
772	4.7
773	5
774	4.4
775	4.8
776	4.7
777	4.6
778	4.7
779	4.7
780	4.7
781	4.7
782	4.4
783	5.0
784	4.5
785	4.7
786	4.6
787	4.75
788	4.6
789	4.5
790	4.9
791	4.6
792	4.6
793	4.55
794	4.9
795	5.4
796	4.7
797	5.2
798	4.4
799	5.2
800	5.3
801	4.8
802	4.8
803	4.7
804	4.5
805	4.6
806	5.2
807	4.4
808	4.6
809	4.6
810	4.85
811	5.0
812	4.75
813	4.7
814	4.9
815	5.1
816	4.8
817	4.9
818	4.9
819	4.9
820	4.9
821	4.7
822	5.1
823	5.0
824	5
825	5.1
826	4.85
827	4.7
828	4.8
829	4.6
830	5
831	4.9
832	4.9
833	5.85
834	5.2
835	5.1
836	6.8
837	6.0
838	5.7
839	5.2
840	4.8
841	5.45
842	4.9
843	4.8
844	4.6
845	5.6
846	4.6
847	5.5
848	5.1
849	5.9
850	6.45
851	5.8
852	5.0
853	6.2
854	5.4
855	5.6
856	6.0
857	5.4
858	8.0
859	6.2
860	5.0
861	5.8
862	7.4
863	5
864	5.8
865	6.45
866	5.5
867	5.2
868	5.5
869	5.8
870	5
871	5.1
872	4.9
873	5.65
874	6.9
875	6.9
876	7.3
877	7.5
878	7.35
879	5.9
880	5.1
881	7.4
882	5.9
883	6.85
884	5.6
885	5.7
886	8.05
887	6.35
888	5.9
889	6.2
890	8.95
891	6.2
892	6.0
893	6.0
894	5.5
895	7.8
896	9.2
897	7
898	8.1
899	5.8
900	7.85
901	11.1
902	6.6
903	7.2
904	7.7
905	8.7
906	6.3
907	6.0
908	7.85
909	6.5
910	7.2
911	9.3
912	5.7
913	7.1
914	7.1
915	7.9
916	8.1
917	6.3
918	10.05
919	7.3
920	12.9
921	9.95
922	5.85
923	7.4
924	11.05
925	9.9
926	7.55
927	7.4
928	7.3
929	10.3
930	7.6
931	14.5
932	9.6
933	9.2
934	8.0
935	12.65
936	9.1
937	10
938	10.65
939	10.6
940	7.35
941	10.4
942	8.4
943	8.3
944	11.1
945	11.3
946	8.9
947	12.7
948	7.7
949	14.3
950	17.05
951	13.05
952	7.15
953	12.2
954	12.7
955	12.25
956	7.45
957	14.6
958	9.7
959	15.7
960	13.1
961	14.4
962	21.7
963	11.7
964	11.1
965	17.45
966	18.5
967	9.7
968	8.15
969	17.7
970	11.55
971	12.3
972	11.75
973	18.6
974	12.6
975	28.5
976	13.7
977	22.4
978	14.3
979	13.9
980	14.8
981	6.8
982	14.45
983	14.95
984	23.7
985	13.4
986	9.5
987	14.65
988	14.2
989	18.8
990	11.1
991	11.6
992	13
993	17
994	28.9
995	21.4
996	8.7
997	11.2
998	9.65
999	20.0
1000	27.05
1001	16.0
1002	25.85
1003	24.2
1004	11.1
1005	35.55
1006	11.3
1007	26.7
1008	20.9
1009	24.3
1010	23.5
1011	28.9
1012	15.6
1013	23.9
1014	30.5
1015	21.4
1016	23.9
1017	25.9
1018	24.0
1019	27.85
1020	13.1
1021	25.0
1022	34.25
1023	17.35
1024	23.3
1025	20.7
1026	32.1
1027	27.5
1028	29.4
1029	30.4
1030	36.4
1031	21.8
1032	23.85
1033	29.5
1034	24.8
1035	30.5
1036	31.6
1037	37.15
1038	32.05
1039	27
1040	25.4
1041	30.25
1042	28.6
1043	29.0
1044	29.2
1045	38.3
1046	24.1
1047	29.7
1048	22.95
1049	24.45
1050	40.4
1051	29.6
1052	19.9
1053	33.65
1054	36.3
1055	29.1
1056	17.8
1057	34.75
1058	31.5
1059	31.5
1060	37.2
1061	31.6
1062	37.65
1063	34.75
1064	26.1
1065	32.65
1066	23.8
1067	26.7
1068	38.1
1069	30.8
1070	25.35
1071	33
1072	34.3
1073	36.1
1074	38.7
1075	36.4
1076	32.85
1077	22.1
1078	42.3
1079	28.8
1080	32.4
1081	35.6
1082	28.9
1083	29.75
1084	25.5
1085	39.4
1086	40.95
1087	38.7
1088	20.9
1089	37.0
1090	37.4
1091	32.5
1092	30.95
1093	39.95
1094	39.05
1095	34.6
1096	37.3
1097	41.65
1098	35.2
1099	46.2
1100	36.85
1101	29.9
1102	33.4
1103	39.0
1104	26.0
1105	38.85
1106	34.9
1107	36.9
1108	39.4
1109	40.55
1110	40.85
1111	40.0
1112	34.4
1113	40.9
1114	33.3
1115	33.9
1116	36.55
1117	40.55
1118	45.1
1119	39.7
1120	34.25
1121	44.6
1122	44.25
1123	44.5
1124	43.6
1125	43.8
1126	44.3
1127	48.9
1128	46.4
1129	42.1
1130	41.5
1131	43.6
1132	39.0
1133	43.4
1134	44.35
1135	38.6
1136	39.0
1137	42.4
1138	46.1
1139	46.5
1140	42.3
1141	38.55
1142	45.1
1143	46.95
1144	50.1
1145	36.5
1146	38.65
1147	39.7
1148	41.6
1149	45.5
1150	43.9
1151	42.35
1152	49.7
1153	43.2
1154	49.65
1155	39.35
1156	41.4
1157	51.4
1158	50.05
1159	46.0
1160	48.55
1161	42.65
1162	50.6
1163	45.6
1164	46.7
1165	47.0
1166	46.4
1167	45.45
1168	45.4
1169	50.3
1170	52.05
1171	47.75
1172	45.95
1173	46.65
1174	49.9
1175	50.75
1176	51.9
1177	41.2
1178	54.7
1179	46.6
1180	45.55
1181	48.9
1182	47.8
1183	51.9
1184	45.1
1185	47.65
1186	57.2
1187	53.8
1188	48.6
1189	51.8
1190	47.8
1191	48.25
1192	50.4
1193	50.25
1194	49.9
1195	46.6
1196	54.2
1197	48.35
1198	52.55
1199	60.5
1200	52.0
1201	55.1
1202	49
1203	47.1
1204	47.45
1205	54.1
1206	52.5
1207	49.65
1208	48.3
1209	52.4
1210	46.5
1211	41.6
1212	46.8
1213	51.2
1214	58.5
1215	48.45
1216	50.7
1217	52.9
1218	56.2
1219	52.45
1220	51.8
1221	54.5
1222	52.9
1223	46.05
1224	55.1
1225	52.4
1226	53.65
1227	50.75
1228	54.6
1229	52
1230	47.35
1231	54.4
1232	51.3
1233	44.9
1234	53.45
1235	57.65
1236	56.9
1237	54.45
1238	50.7
1239	53.2
1240	48.55
1241	50.75
1242	48.8
1243	54.4
1244	56.0
1245	53.95
1246	54.35
1247	58.9
1248	53.05
1249	55.8
1250	49.9
1251	54.0
1252	56.2
1253	46.7
1254	49.75
1255	56.2
1256	57.75
1257	55.65
1258	53.7
1259	56.3
1260	59.0
1261	62.0
1262	54.8
1263	54.7
1264	50.7
1265	52.3
1266	59.9
1267	54.1
1268	56.5
1269	57
1270	53.2
1271	56.4
1272	51.9
1273	52.75
1274	57.9
1275	55.6
1276	59.8
1277	58.9
1278	59.5
1279	58.6
1280	60.25
1281	55.65
1282	55.4
1283	57.0
1284	55.2
1285	50.1
1286	53.25
1287	60.8
1288	52.8
1289	50.05
1290	64.8
1291	61.1
1292	62.7
1293	62.6
1294	60.4
1295	63.4
1296	61.7
1297	55.65
1298	59.45
1299	58.5
1300	55.05
1301	65.3
1302	55.9
1303	63.6
1304	56.9
1305	60.8
1306	65.4
1307	61.4
1308	63.45
1309	64.8
1310	55.3
1311	55.8
1312	67.6
1313	57.6
1314	63.8
1315	57.35
1316	58.3
1317	57.75
1318	58.0
1319	63.3
1320	60.8
1321	60.0
1322	63.5
1323	62.3
1324	54.5
1325	57.7
1326	60.15
1327	64.7
1328	59.7
1329	64.5
1330	51.4
1331	63.5
1332	54.1
1333	67.3
1334	61.1
1335	62.4
1336	66.6
1337	58.9
1338	64.2
1339	65
1340	56.6
1341	54.35
1342	63.95
1343	65.55
1344	59.6
1345	64.6
1346	56.4
1347	59.5
1348	59.55
1349	69.45
1350	62.4
1351	61.7
1352	59.2
1353	64.1
1354	59.1
1355	60.0
1356	69.1
1357	61.4
1358	65.6
1359	54.3
1360	59.3
1361	63.1
1362	62.1
1363	63.1
1364	66.1
1365	60.55
1366	68.7
1367	64.4
1368	62.0
1369	62.1
1370	63.75
1371	61.5
1372	56.7
1373	60.3
1374	64.5
1375	57.5
1376	71.7
1377	68.1
1378	66.2
1379	62.7
1380	63.5
1381	65.9
1382	65.95
1383	67.8
1384	71.65
1385	66.9
1386	65.7
1387	61.55
1388	70.8
1389	61.65
1390	58.2
1391	67.75
1392	66.4
1393	62.15
1394	67.5
1395	68.1
1396	65.25
1397	65.5
1398	66.9
1399	64.8
1400	68.2
1401	67.8
1402	62.6
1403	65.4
1404	61.0
1405	70.65
1406	58.45
1407	71.6
1408	61.35
1409	69.95
1410	66.6
1411	63.6
1412	65.6
1413	75.8
1414	64.5
1415	60.4
1416	67.1
1417	64.15
1418	68.05
1419	64.35
1420	69.5
1421	65.9
1422	67.9
1423	67.3
1424	70.8
1425	60.4
1426	73.3
1427	69.15
1428	64.3
1429	69.85
1430	69.45
1431	66.7
1432	61.45
1433	75.9
1434	63.7
1435	71.9
1436	68.4
1437	69.85
1438	67
1439	67.7
1440	70.5
1441	67.6
1442	72.2
1443	74.45
1444	70.15
1445	64.9
1446	63.9
1447	68.5
1448	63.1
1449	72.45
1450	71.2
1451	72.8
1452	73.75
1453	67.65
1454	62.9
1455	68.7
1456	69.8
1457	70.8
1458	72.4
1459	68.9
1460	78.1
1461	67.0
1462	68.2
1463	70.45
1464	74.45
1465	69.2
1466	65.3
1467	75.3
1468	69.6
1469	72.7
1470	74.6
1471	77
1472	75.05
1473	72.4
1474	70.35
1475	66.65
1476	75.4
1477	71.6
1478	73.95
1479	71.3
1480	66
1481	63.3
1482	73.75
1483	71.1
1484	68.95
1485	73.05
1486	66.9
1487	70.7
1488	77.0
1489	71.7
1490	69.55
1491	72.9
1492	68.85
1493	66.3
1494	67.75
1495	70.6
1496	72.8
1497	71.7
1498	83.1
1499	76.6
1500	72.6
1501	72.55
1502	72.8
1503	74.2
1504	71.1
1505	68.8
1506	69.1
1507	74.9
1508	77.2
1509	69.85
1510	72.3
1511	75.65
1512	72.8
1513	76.3
1514	72.55
1515	77.6
1516	70.4
1517	72.75
1518	75.5
1519	73.3
1520	76.8
1521	68
1522	69.05
1523	72.1
1524	75.1
1525	73.2
1526	71.65
1527	65.9
1528	75.5
1529	73.2
1530	75.4
1531	74.2
1532	72.0
1533	76.6
1534	72.6
1535	76.3
1536	76.1
1537	75.3
1538	75.2
1539	76.0
1540	75.8
1541	63
1542	77.4
1543	75.65
1544	71.5
1545	70.85
1546	73.25
1547	79.85
1548	80.4
1549	78.5
1550	81.35
1551	74.3
1552	76.2
1553	77.3
1554	74.0
1555	73.0
1556	76.85
1557	73.4
1558	78.9
1559	74.9
1560	77.8
1561	79.9
1562	73.7
1563	73.6
1564	75.5
1565	75.05
1566	77.3
1567	75.2
1568	70.3
1569	74.2
1570	74.3
1571	73.2
1572	78.7
1573	74.85
1574	72.6
1575	73.7
1576	80.25
1577	72.55
1578	68.55
1579	77.25
1580	68.8
1581	73.3
1582	69.85
1583	81.7
1584	80.7
1585	77.0
1586	75.7
1587	77.0
1588	71.9
1589	75.55
1590	78.4
1591	80.3
1592	79.0
1593	78.4
1594	81.8
1595	75.5
1596	77.8
1597	78.55
1598	73.1
1599	70.15
1600	78.2
1601	75.45
1602	81.2
1603	79.4
1604	76.0
1605	77.8
1606	78.75
1607	79.05
1608	79.4
1609	79.7
1610	77.6
1611	81.3
1612	78.35
1613	76.5
1614	80.6
1615	74.3
1616	80.45
1617	78.75
1618	77.4
1619	78.85
1620	80.1
1621	80.45
1622	82.6
1623	65.5
1624	83.7
1625	75.1
1626	76.8
1627	76.5
1628	83.3
1629	76.9
1630	81.8
1631	78.5
1632	80.1
1633	74.1
1634	78.9
1635	76.75
1636	82.8
1637	79.9
1638	77.65
1639	72.4
1640	80.25
1641	79.5
1642	74.0
1643	81.5
1644	77.25
1645	72.95
1646	77.4
1647	73.8
1648	80
1649	76.25
1650	77.7
1651	82
1652	81.1
1653	82.1
1654	76.7
1655	77.1
1656	79.8
1657	75.8
1658	75.7
1659	76.7
1660	78
1661	81.0
1662	79.7
1663	79.6
1664	78.6
1665	80.6
1666	77.55
1667	75.7
1668	73.4
1669	79.4
1670	78.7
1671	82.45
1672	81.2
1673	79.7
1674	82
1675	81.2
1676	83.6
1677	81.8
1678	80.6
1679	80.0
1680	81.9
1681	80.1
1682	79.85
1683	77.0
1684	78.8
1685	83.2
1686	73.35
1687	76.7
1688	79.6
1689	76.3
1690	75.7
1691	78.0
1692	80.35
1693	80.75
1694	81.0
1695	80.35
1696	76.4
1697	81.5
1698	82.0
1699	77.9
1700	79.75
1701	76.5
1702	78.25
1703	79.4
1704	79.9
1705	79.7
1706	77.75
1707	80.2
1708	75.2
1709	81.2
1710	83.6
1711	76.9
1712	78.9
1713	76.9
1714	83.3
1715	81.55
1716	79.9
1717	83.5
1718	82.3
1719	81.5
1720	81.8
1721	79.6
1722	82.7
1723	77.6
1724	81.4
1725	79.05
1726	82.95
1727	81.2
1728	83.4
1729	79.9
1730	80.0
1731	76.1
1732	82.55
1733	80.9
1734	80.4
1735	83.0
1736	80.35
1737	81.8
1738	78.35
1739	82.75
1740	79.1
1741	81.5
1742	80.8
1743	85.3
1744	76.45
1745	82.5
1746	80.85
1747	81.1
1748	79.1
1749	82.6
1750	78.75
1751	78.2
1752	79.9
1753	78.45
1754	79.05
1755	79.9
1756	79.55
1757	81.3
1758	76.6
1759	80.6
1760	82.7
1761	83.65
1762	83.5
1763	75.5
1764	78.6
1765	78.5
1766	81.3
1767	81.2
1768	80.6
1769	83.8
1770	80.9
1771	78.3
1772	86.2
1773	81.2
1774	81.65
1775	80.2
1776	82.0
1777	80.6
1778	83.0
1779	81
1780	82.25
1781	83.5
1782	83.0
1783	78.8
1784	84.0
1785	81.5
1786	79.9
1787	81.65
1788	80.7
1789	80.8
1790	81.3
1791	84.75
1792	84.1
1793	79.4
1794	80.7
1795	79.3
1796	84.2
1797	84.1
1798	80.1
1799	81.4
1800	82.7
1801	85.3
1802	80.5
1803	81.5
1804	78.5
1805	80.2
1806	87.2
1807	86
1808	80.85
1809	83.1
1810	84.5
1811	80.5
1812	84.35
1813	83.6
1814	82.0
1815	85.55
1816	84.55
1817	82.6
1818	83.1
1819	80.85
1820	83.2
1821	79.5
1822	84.45
1823	82.4
1824	79.6
1825	85.7
1826	83.8
1827	82.4
1828	80.4
1829	84.15
1830	81.3
1831	83.8
1832	84.2
1833	84.8
1834	80.0
1835	88.2
1836	82.5
1837	81.1
1838	83.7
1839	83.2
1840	79.15
1841	83.6
1842	82.8
1843	78.9
1844	84.85
1845	82.9
1846	84.55
1847	77.2
1848	85.6
1849	82.0
1850	82.6
1851	84.25
1852	83.9
1853	84.5
1854	85.9
1855	82.3
1856	88.5
1857	81.8
1858	84.3
1859	79.5
1860	86.1
1861	87.3
1862	84
1863	85.15
1864	84.45
1865	78.4
1866	82.0
1867	83.3
1868	81.4
1869	82.5
1870	83.5
1871	86.7
1872	82.8
1873	82.7
1874	80.35
1875	85.75
1876	84.6
1877	87.5
1878	84.8
1879	88.7
1880	86.3
1881	83.05
1882	84.9
1883	82.6
1884	87.3
1885	86.1
1886	85.3
1887	87.95
1888	81.6
1889	85.2
1890	84.95
1891	85.85
1892	81.4
1893	83.0
1894	84.0
1895	85.6
1896	81.0
1897	87.3
1898	84.5
1899	85.65
1900	86
1901	77.8
1902	87.5
1903	81.15
1904	86.95
1905	84.5
1906	86.8
1907	81.4
1908	80.8
1909	84.7
1910	86.1
1911	83.05
1912	84.0
1913	82.3
1914	79.6
1915	86.1
1916	84.45
1917	83
1918	86.35
1919	85.5
1920	84.6
1921	82.1
1922	82.05
1923	87.1
1924	84.35
1925	85.45
1926	80.8
1927	87.15
1928	86.5
1929	87.25
1930	87.9
1931	85.6
1932	84.3
1933	85.9
1934	83.9
1935	86.1
1936	82.6
1937	85.3
1938	83.65
1939	86.7
1940	81.2
1941	86.1
1942	85.7
1943	86.2
1944	83.1
1945	87
1946	83.1
1947	85.3
1948	84.7
1949	87.3
1950	80.8
1951	84.2
1952	86.6
1953	82.2
1954	85.85
1955	86.6
1956	84.45
1957	86.4
1958	86.2
1959	83.95
1960	84.4
1961	84.5
1962	84.4
1963	87.0
1964	84.3
1965	85.4
1966	86.4
1967	85.9
1968	85.7
1969	85.6
1970	86.3
1971	85.3
1972	84.2
1973	85.1
1974	87.1
1975	84.4
1976	85.55
1977	83.95
1978	88.5
1979	84.8
1980	85.1
1981	88.2
1982	86.45
1983	85.2
1984	87.2
1985	84.35
1986	85.4
1987	86.6
1988	84.9
1989	82.1
1990	86.85
1991	83.8
1992	83.6
1993	85.75
1994	86.35
1995	86.5
1996	86.9
1997	86.65
1998	81.8
1999	87.3
2000	85.8
2001	87.6
2002	85
2003	82.8
2004	87.7
2005	86.3
2006	87.25
2007	83.4
2008	86.3
2009	85.75
2010	86.4
2011	84.2
2012	86.2
2013	87.5
2014	84.4
2015	87.1
2016	86
2017	86.35
2018	85.7
2019	86.35
2020	83.45
2021	87.1
2022	87.1
2023	84.8
2024	81.9
2025	86.35
2026	84.7
2027	86.2
2028	87.15
2029	83.8
2030	87.3
2031	86.15
2032	87.25
2033	84.7
2034	86.2
2035	83.8
2036	86.05
2037	88.3
2038	87.2
2039	86.25
2040	88.8
2041	84.6
2042	84.2
2043	82.1
2044	84.0
2045	86.6
2046	82.95
2047	86.5
2048	87.4
2049	84.65
2050	85.35
2051	87.4
2052	86.6
2053	87.45
2054	86.1
2055	88.7
2056	85.05
2057	87.8
2058	86.2
2059	85.0
2060	87.2
2061	87.8
2062	87.5
2063	86.3
2064	86.8
2065	85.3
2066	87.05
2067	88.05
2068	89.8
2069	83.75
2070	87.1
2071	87.4
2072	86.3
2073	86.4
2074	90.5
2075	84.4
2076	87.15
2077	85.1
2078	84.4
2079	86.6
2080	86.35
2081	86.0
2082	86.6
2083	89.15
2084	88.6
2085	85.9
2086	87.0
2087	85.7
2088	87.6
2089	86.65
2090	87.4
2091	87.05
2092	85.4
2093	88.0
2094	88.35
2095	89.3
2096	84.7
2097	84.5
2098	86.8
2099	84.5
2100	88.2
2101	85.6
2102	85.35
2103	82.0
2104	85.4
2105	87.5
2106	87.4
2107	86.5
2108	86.65
2109	86.5
2110	85.8
2111	86.05
2112	89.3
2113	86.2
2114	85.3
2115	86.9
2116	80.8
2117	86.8
2118	85.75
2119	86.3
2120	82.8
2121	86.6
2122	84.1
2123	88.5
2124	85.4
2125	85.5
2126	85.4
2127	88.4
2128	88.1
2129	87.3
2130	88.2
2131	84.6
2132	85.6
2133	86.05
2134	87.4
2135	88.1
2136	86.4
2137	85.1
2138	87.05
2139	87.3
2140	83.4
2141	86.95
2142	87.75
2143	86.4
2144	87.95
2145	87.4
2146	85.4
2147	87.35
2148	86.0
2149	87.4
2150	87.3
2151	87.7
2152	86.9
2153	86.9
2154	86.25
2155	85.9
2156	85.8
2157	87.1
2158	86.95
2159	86.2
2160	84.5
2161	87.1
2162	87.5
2163	87.6
2164	86.2
2165	87.65
2166	89.3
2167	89.9
2168	88.3
2169	88.0
2170	84.25
2171	89.1
2172	84.6
2173	87.4
2174	83.75
2175	88.5
2176	84.3
2177	83.15
2178	89.1
2179	85.5
2180	86.7
2181	84.4
2182	86.45
2183	87.3
2184	85.55
2185	85.55
2186	87.1
2187	86.2
2188	84.3
2189	85.3
2190	85.2
2191	85.3
2192	86.4
2193	80.95
2194	86.2
2195	87.05
2196	88.0
2197	88.35
2198	86.5
2199	83.95
2200	87.75
2201	89.3
2202	86.1
2203	85.7
2204	86.5
2205	88.35
2206	87.8
2207	87.6
2208	83.4
2209	88.85
2210	84.45
2211	83.55
2212	86.8
2213	88.1
2214	86
2215	87.6
2216	87.65
2217	80.75
2218	88.0
2219	88.2
2220	88.0
2221	90.55
2222	90.1
2223	86.9
2224	87.6
2225	88.25
2226	87.55
2227	85.8
2228	84.85
2229	84.4
2230	89.45
2231	84.8
2232	87.6
2233	86.1
2234	88.9
2235	86.3
2236	87.9
2237	88.3
2238	86.9
2239	85.5
2240	87.65
2241	88.25
2242	88.6
2243	87.7
2244	85.3
2245	85.5
2246	86.4
2247	86.5
2248	88.25
2249	84.25
2250	87.7
2251	86.3
2252	88.35
2253	87.7
2254	86.5
2255	85.7
2256	87.6
2257	89.0
2258	87.85
2259	87.9
2260	88.9
2261	87.8
2262	87.95
2263	87.8
2264	83.3
2265	88.5
2266	84.45
2267	88.65
2268	87.2
2269	87.3
2270	86.1
2271	84.4
2272	89.5
2273	88.2
2274	86.55
2275	88.5
2276	88.3
2277	87.6
2278	88.7
2279	86.5
2280	87.6
2281	86.9
2282	88.5
2283	89.95
2284	87.1
2285	88.6
2286	90.3
2287	87.6
2288	87.35
2289	87.5
2290	87.0
2291	87.2
2292	89.25
2293	88.9
2294	89.85
2295	86.9
2296	86.6
2297	88.5
2298	88.85
2299	90.0
2300	86.95
2301	89.3
2302	88.8
2303	86.1
2304	85.95
2305	89.8
2306	87.3
2307	87.1
2308	89.15
2309	87.7
2310	89.2
2311	85.3
2312	88.6
2313	87.2
2314	88.65
2315	88.4
2316	90.1
2317	87.5
2318	88.25
2319	87.7
2320	86.55
2321	87.9
2322	87.2
2323	89.9
2324	85.6
2325	85.7
2326	88.2
2327	86.0
2328	88.1
2329	88.1
2330	89.2
2331	88.0
2332	88.8
2333	84.6
2334	85.4
2335	88.8
2336	89.2
2337	89.4
2338	85.8
2339	88.1
2340	87.5
2341	90.8
2342	87.1
2343	90.2
2344	88.05
2345	88.5
2346	86.7
2347	89.45
2348	90.4
2349	88.2
2350	87.2
2351	88.6
2352	87.75
2353	89.7
2354	87.4
2355	88.9
2356	90.4
2357	86.5
2358	88.1
2359	88.05
2360	90.65
2361	87.9
2362	89.05
2363	88.5
2364	90.1
2365	87.55
2366	88.75
2367	89.8
2368	88.7
2369	88.1
2370	87.7
2371	88.4
2372	88.4
2373	89.2
2374	90.3
2375	90.3
2376	90.5
2377	87.65
2378	89.1
2379	89.3
2380	89.7
2381	89.8
2382	86.55
2383	90.4
2384	88.5
2385	89.35
2386	85.7
2387	87.9
2388	87.55
2389	87.55
2390	87.85
2391	88.3
2392	89.6
2393	91.2
2394	87.2
2395	89.35
2396	89.1
2397	88.2
2398	87.05
2399	88.0
2400	88.1
2401	88.1
2402	89.1
2403	84.6
2404	88.5
2405	88
2406	90.5
2407	88.7
2408	89.35
2409	88.8
2410	87.4
2411	86.4
2412	87.1
2413	87.1
2414	88.15
2415	85.05
2416	87.5
2417	88.9
2418	89.3
2419	88.15
2420	85.55
2421	86.4
2422	85.45
2423	88.1
2424	87.8
2425	88.95
2426	83.1
2427	90.2
2428	90.7
2429	90.2
2430	89
2431	85.95
2432	89.8
2433	87.8
2434	87.4
2435	89.8
2436	87.75
2437	91.2
2438	85.0
2439	88.9
2440	85.9
2441	88.7
2442	87.9
2443	89.2
2444	88.5
2445	86.6
2446	89.0
2447	85.7
2448	87.4
2449	88.0
2450	88
2451	89.35
2452	86.9
2453	87.1
2454	88.25
2455	87.3
2456	89
2457	87.45
2458	90.0
2459	86.35
2460	86.4
2461	88.8
2462	89.6
2463	89.3
2464	90.4
2465	86.8
2466	89.6
2467	89.1
2468	87.45
2469	88.4
2470	88.4
2471	86.9
2472	87.1
2473	88.7
2474	90.0
2475	88.1
2476	89.0
2477	88.75
2478	88.7
2479	89.3
2480	89.9
2481	86.1
2482	89.15
2483	87.9
2484	88.55
2485	89.7
2486	90.75
2487	90.0
2488	90.0
2489	90.75
2490	88.8
2491	90.65
2492	88.0
2493	90.05
2494	87.65
2495	85.4
2496	87.9
2497	89.6
2498	88.4
2499	90.8
2500	84.8
2501	89.6
2502	88.4
2503	87.8
2504	89.6
2505	91.45
2506	89.1
2507	89.1
2508	89.4
2509	87.75
2510	89.7
2511	89.6
2512	89.5
2513	88.95
2514	89.0
2515	89.25
2516	90.3
2517	88.1
2518	87.65
2519	88.2
2520	88.9
2521	88.4
2522	89.3
2523	88.85
2524	88.8
2525	89.3
2526	89.0
2527	87.95
2528	89.95
2529	86.7
2530	90.4
2531	89.0
2532	89.1
2533	88.4
2534	90.1
2535	88.5
2536	87.85
2537	91.8
2538	89.7
2539	89.3
2540	86.5
2541	91.3
2542	89.1
2543	89.7
2544	88.3
2545	88.9
2546	88.5
2547	87.6
2548	87.5
2549	88.7
2550	86.4
2551	90.5
2552	88.1
2553	90.1
2554	88.3
2555	89.6
2556	90.35
2557	89.8
2558	88.8
2559	88.5
2560	88.3
2561	88.6
2562	89.2
2563	87.7
2564	87.6
2565	87.8
2566	89.2
2567	88.8
2568	90.8
2569	90.9
2570	89.75
2571	88.5
2572	90.3
2573	90.4
2574	88.6
2575	90.8
2576	90.0
2577	89.55
2578	90.8
2579	90.3
2580	90.1
2581	89.9
2582	88.2
2583	89.9
2584	88.5
2585	89.1
2586	90
2587	88.7
2588	88.8
2589	85.9
2590	90
2591	90.1
2592	89.7
2593	87.85
2594	90.8
2595	89.2
2596	90.85
2597	89.55
2598	88.75
2599	89.0
2600	87.3
2601	90.4
2602	88.7
2603	90.0
2604	88.2
2605	91.4
2606	88.2
2607	88.5
2608	89.1
2609	89.65
2610	89.2
2611	91.2
2612	90.7
2613	87.7
2614	89.3
2615	89.3
2616	90.1
2617	89.9
2618	90.1
2619	90.2
2620	91.0
2621	91.15
2622	88.4
2623	89.8
2624	90.7
2625	90.4
2626	90.4
2627	90.3
2628	89.0
2629	90.9
2630	90.1
2631	88.9
2632	88.9
2633	90.4
2634	89.9
2635	88.9
2636	90.05
2637	88.9
2638	88.7
2639	88.9
2640	90.75
2641	90.8
2642	90.25
2643	90.5
2644	89.7
2645	91.0
2646	90.2
2647	90.05
2648	91.8
2649	88.75
2650	89.5
2651	89.6
2652	90.6
2653	90.7
2654	90.7
2655	90.8
2656	91.3
2657	90.9
2658	91.7
2659	86.6
2660	91.1
2661	90.9
2662	88.3
2663	91.5
2664	88.8
2665	90.5
2666	90.5
2667	89.25
2668	91.55
2669	90.3
2670	89.8
2671	89.75
2672	91.1
2673	90.2
2674	89.6
2675	90.75
2676	88.2
2677	89.8
2678	91.4
2679	90.7
2680	90.2
2681	91.1
2682	90.3
2683	89.4
2684	88.8
2685	89.6
2686	89.0
2687	90.3
2688	91.7
2689	90.4
2690	90.5
2691	89.6
2692	89.9
2693	86.8
2694	90.05
2695	90.65
2696	89.5
2697	88.4
2698	89.15
2699	90.3
2700	90.7
2701	88.15
2702	89.7
2703	90.75
2704	90.0
2705	91.2
2706	91.0
2707	90.5
2708	88.9
2709	88.1
2710	91.7
2711	89.55
2712	91.3
2713	89.8
2714	89.8
2715	90.95
2716	89.1
2717	90.6
2718	87.3
2719	91.55
2720	90.5
2721	90.5
2722	89.5
2723	90.1
2724	90.4
2725	87.4
2726	90.2
2727	91.1
2728	91.6
2729	90.45
2730	91.5
2731	91.1
2732	90.8
2733	90.7
2734	91.6
2735	90.7
2736	90.35
2737	89.1
2738	90.8
2739	90.9
2740	90.1
2741	90.0
2742	88.6
2743	90.8
2744	91.4
2745	90.0
2746	90.05
2747	89.6
2748	90.5
2749	91
2750	89.4
2751	91.6
2752	90.8
2753	88.6
2754	91.5
2755	89.8
2756	90.8
2757	90.15
2758	88.95
2759	88.6
2760	90.9
2761	90.5
2762	90.25
2763	87.55
2764	89.5
2765	90.85
2766	90.2
2767	89.45
2768	90.3
2769	92
2770	89.2
2771	90.9
2772	89.3
2773	89.6
2774	89.7
2775	90.3
2776	87.85
2777	88.9
2778	91.5
2779	90.4
2780	89.9
2781	89.6
2782	90
2783	90.25
2784	90.1
2785	90.4
2786	89.15
2787	89.3
2788	90.6
2789	88.8
2790	90.0
2791	89.5
2792	89.8
2793	89.8
2794	90.05
2795	89.15
2796	89.25
2797	89.0
2798	88.9
2799	89.65
2800	91.0
2801	89.4
2802	91.0
2803	90.9
2804	89.7
2805	90.7
2806	90.6
2807	89.9
2808	90.8
2809	90.2
2810	91.3
2811	89.6
2812	91.3
2813	89.7
2814	90.65
2815	89.9
2816	90.75
2817	90.35
2818	90.55
2819	91.3
2820	91.0
2821	91.7
2822	90.6
2823	90.9
2824	89.7
2825	89.9
2826	90.4
2827	91.4
2828	90.1
2829	86.95
2830	90.2
2831	90.5
2832	87.9
2833	89.7
2834	91
2835	91.6
2836	90.2
2837	90.0
2838	90.1
2839	90.05
2840	90.0
2841	90.05
2842	91.5
2843	89.15
2844	89.85
2845	91.4
2846	90.1
2847	91.3
2848	90.55
2849	90.3
2850	91.7
2851	87.9
2852	89.3
2853	89.7
2854	90.0
2855	90.6
2856	91.1
2857	90.2
2858	90.6
2859	91.25
2860	89.6
2861	90.7
2862	89.8
2863	89.4
2864	90.9
2865	91.2
2866	90.2
2867	91.4
2868	90.7
2869	90.3
2870	90.7
2871	90.2
2872	90.7
2873	88.5
2874	88.5
2875	89.9
2876	90.65
2877	90.5
2878	90.0
2879	91.45
2880	90.35
2881	89.2
2882	89.3
2883	89.4
2884	88.5
2885	90.7
2886	89.3
2887	92.1
2888	91.5
2889	88.6
2890	89.95
2891	91.3
2892	91.5
2893	90.5
2894	91.5
2895	91.5
2896	91.25
2897	90.3
2898	88.6
2899	90.15
2900	89.9
2901	88.9
2902	88.05
2903	90.15
2904	89.5
2905	90.2
2906	90.2
2907	90.7
2908	90.3
2909	89.9
2910	90.65
2911	92.4
2912	90.75
2913	90.75
2914	90.35
2915	91.6
2916	90.65
2917	90.0
2918	90.9
2919	89.4
2920	90.3
2921	91.1
2922	90.7
2923	88.6
2924	89.55
2925	91.0
2926	91.2
2927	89.7
2928	89.7
2929	90.3
2930	89.9
2931	88.2
2932	91.2
2933	89.85
2934	89.8
2935	89.9
2936	90.5
2937	91.8
2938	90.3
2939	91
2940	89.3
2941	91.4
2942	91.0
2943	91.0
2944	89.3
2945	89.9
2946	88.8
2947	89.9
2948	90.75
2949	91.3
2950	91.2
2951	91.1
2952	89.8
2953	90.2
2954	90.0
2955	91
2956	91.2
2957	88.8
2958	89.4
2959	88.4
2960	91.4
2961	89.25
2962	89.2
2963	88.9
2964	90.65
2965	89.3
2966	90.8
2967	89
2968	91.0
2969	88.7
2970	90.6
2971	89.4
2972	89.5
2973	90.15
2974	90.5
2975	90.45
2976	89.9
2977	90.6
2978	91.4
2979	87.85
2980	88.3
2981	90.4
2982	91.2
2983	87.1
2984	90.4
2985	92.2
2986	91.6
2987	87.9
2988	88.25
2989	89.35
2990	88.8
2991	91.2
2992	89.1
2993	90.5
2994	90.8
2995	87.8
2996	90.9
2997	90.0
2998	87.1
2999	90.4
3000	91.45
3001	90.8
3002	90.1
3003	89.05
3004	90.4
3005	89.65
3006	91.0
3007	91.9
3008	88.6
3009	90.3
3010	90.35
3011	90.6
3012	89.9
3013	89.8
3014	89.9
3015	88.9
3016	90.8
3017	90.4
3018	90.6
3019	88.45
3020	89.4
3021	89.4
3022	91.8
3023	90.6
3024	90.25
3025	90.0
3026	89.6
3027	89.65
3028	91.1
3029	91.4
3030	90.6
3031	90.0
3032	90.8
3033	91.3
3034	88.8
3035	89.6
3036	88.4
3037	90.4
3038	88.1
3039	90.6
3040	87.7
3041	90.4
3042	91.6
3043	89.1
3044	91.2
3045	91.1
3046	89.8
3047	89.8
3048	88.35
3049	88.5
3050	91.6
3051	89.2
3052	90.4
3053	90.7
3054	89.35
3055	89.7
3056	90.7
3057	91.05
3058	89.7
3059	89.3
3060	90.7
3061	90
3062	89.8
3063	89.6
3064	90.7
3065	90.05
3066	89.6
3067	90.3
3068	89.95
3069	91.2
3070	90.1
3071	88.7
3072	90.2
3073	91.2
3074	92.3
3075	90.8
3076	91.7
3077	91.5
3078	89.8
3079	90.8
3080	90.8
3081	92.9
3082	92.3
3083	89.7
3084	89.7
3085	91.3
3086	90.3
3087	90.9
3088	91.2
3089	89.95
3090	92
3091	90.05
3092	91.0
3093	91.4
3094	89.8
3095	90.8
3096	90.8
3097	90.3
3098	88.1
3099	88.6
3100	90.1
3101	91.7
3102	90.2
3103	91.45
3104	90.2
3105	88.4
3106	88.7
3107	91.3
3108	90.6
3109	89.5
3110	90.4
3111	90.2
3112	91.9
3113	91.7
3114	90.1
3115	90.3
3116	90.55
3117	92.2
3118	90.2
3119	90.2
3120	91.7
3121	91.85
3122	90.7
3123	90.4
3124	91.85
3125	90.9
3126	90.0
3127	90.1
3128	91.2
3129	89.6
3130	89.4
3131	91.7
3132	91.3
3133	87.35
3134	91.2
3135	90.9
3136	90.55
3137	91.1
3138	91.2
3139	89.7
3140	89.5
3141	89.9
3142	89.75
3143	89.7
3144	90.5
3145	91.6
3146	91.6
3147	89.3
3148	90.3
3149	90.35
3150	90.0
3151	86.9
3152	90.15
3153	87.5
3154	89.7
3155	90.05
3156	90.9
3157	88.7
3158	91.55
3159	89.2
3160	89.1
3161	89.9
3162	90.15
3163	90.0
3164	91.1
3165	91.05
3166	90.3
3167	91.9
3168	89.9
3169	89.4
3170	91.05
3171	89.55
3172	90.75
3173	89.8
3174	90.65
3175	91.25
3176	89.95
3177	89.2
3178	90.5
3179	90.55
3180	89.85
3181	91.1
3182	90.7
3183	90.0
3184	88.15
3185	90.7
3186	92.1
3187	92.3
3188	89.6
3189	90.05
3190	91.75
3191	92.05
3192	89.5
3193	89.9
3194	90.5
3195	91.2
3196	91.6
3197	90.2
3198	88.5
3199	90.4
3200	89.3
3201	90
3202	90.2
3203	90.9
3204	92.6
3205	91.5
3206	91.0
3207	91.2
3208	90.7
3209	88.3
3210	89.8
3211	89.7
3212	89.1
3213	91.25
3214	91.5
3215	91.4
3216	89.4
3217	89.7
3218	87.8
3219	92
3220	91.45
3221	89.9
3222	89.9
3223	89.2
3224	92
3225	90.2
3226	91.45
3227	91.15
3228	91.3
3229	90.3
3230	90.95
3231	90.3
3232	90.4
3233	90.7
3234	90.3
3235	91.7
3236	91.65
3237	90.2
3238	91.1
3239	91.1
3240	90.5
3241	91.1
3242	92.1
3243	92.0
3244	91.25
3245	88.8
3246	90.3
3247	91.7
3248	92.1
3249	90.2
3250	90.4
3251	90.7
3252	90.2
3253	91.5
3254	88.7
3255	90.0
3256	88.8
3257	89.05
3258	90.3
3259	89.3
3260	89.85
3261	88.3
3262	89.4
3263	91.7
3264	89.9
3265	89.6
3266	89.5
3267	89.8
3268	90.8
3269	91.3
3270	89.5
3271	91.1
3272	91.7
3273	90.9
3274	91.7
3275	90.1
3276	91.3
3277	91.0
3278	91.25
3279	89.8
3280	91.9
3281	92.6
3282	91.3
3283	92.9
3284	90.1
3285	90
3286	90.9
3287	90.9
3288	92.4
3289	87.8
3290	90.2
3291	91.6
3292	91.6
3293	90.1
3294	91.3
3295	90.7
3296	90.9
3297	90.7
3298	91.6
3299	91.4
3300	88.7
3301	92.2
3302	91.05
3303	90.6
3304	92.5
3305	92.4
3306	90.8
3307	89.55
3308	91.6
3309	90.35
3310	89.5
3311	89.5
3312	89.4
3313	91.25
3314	90.7
3315	90.15
3316	91.3
3317	90.0
3318	91.4
3319	90.4
3320	91.5
3321	90.6
3322	92.4
3323	91.35
3324	91.5
3325	90.3
3326	91.7
3327	90
3328	89.7
3329	91.1
3330	92.1
3331	90.9
3332	92
3333	91.3
3334	91
3335	89.65
3336	88.75
3337	92.3
3338	92.1
3339	89.7
3340	90
3341	91.2
3342	91.5
3343	90.3
3344	90.55
3345	90.95
3346	93.4
3347	90.45
3348	90.2
3349	91.65
3350	91.7
3351	90.9
3352	91.65
3353	91.1
3354	90.6
3355	90.9
3356	91.35
3357	90.0
3358	91.2
3359	90.3
3360	90.7
3361	91.1
3362	89.7
3363	91.3
3364	91.5
3365	90.7
3366	88.3
3367	91.8
3368	89.7
3369	90.8
3370	91.8
3371	90
3372	90.35
3373	91.8
3374	92.5
3375	91.1
3376	89.9
3377	91.4
3378	91.3
3379	90.5
3380	91
3381	90.3
3382	90.6
3383	90.4
3384	92.05
3385	91.3
3386	90.85
3387	90
3388	89.6
3389	90.5
3390	91.15
3391	91.3
3392	90.8
3393	91.8
3394	91.1
3395	91.1
3396	88.2
3397	91.4
3398	90.6
3399	92.3
3400	91.3
3401	90.3
3402	91.9
3403	89.35
3404	92.2
3405	90.8
3406	92.0
3407	91.6
3408	90.1
3409	91.9
3410	90.75
3411	91.7
3412	91.3
3413	90.75
3414	91.3
3415	91.95
3416	90
3417	91.1
3418	91.15
3419	91.85
3420	92.3
3421	90.55
3422	92
3423	90.5
3424	89.65
3425	89.5
3426	91.5
3427	91.0
3428	90.85
3429	88.5
3430	89.2
3431	91.4
3432	91.1
3433	90.2
3434	89.7
3435	89.35
3436	87.6
3437	91.85
3438	90.5
3439	90.9
3440	89.0
3441	90.6
3442	89.05
3443	91.2
3444	91.6
3445	89.7
3446	91.8
3447	89.05
3448	90.6
3449	88.8
3450	90.4
3451	90.7
3452	91.4
3453	91.6
3454	91.05
3455	89.85
3456	92.5
3457	91.8
3458	90.8
3459	90.4
3460	91.3
3461	91.0
3462	91.1
3463	92.6
3464	91.7
3465	91.1
3466	90.2
3467	91.8
3468	91.7
3469	90.6
3470	90.9
3471	90.05
3472	92.9
3473	91.6
3474	90.2
3475	91.6
3476	90.5
3477	90.4
3478	90.1
3479	90.2
3480	89.55
3481	91.85
3482	89.6
3483	90.95
3484	91.8
3485	91.5
3486	91.5
3487	90.6
3488	90.3
3489	91.5
3490	90.05
3491	89.6
3492	91.0
3493	91.0
3494	91.0
3495	90.15
3496	92.1
3497	91.6
3498	91.15
3499	91.3
3500	92
3501	90.8
3502	91.55
3503	90.85
3504	90
3505	91.9
3506	91.6
3507	91.9
3508	92.4
3509	90.2
3510	91.2
3511	90.9
3512	90.2
3513	90.3
3514	92
3515	90.7
3516	89.95
3517	89.85
3518	90.9
3519	90.8
3520	90.6
3521	90.8
3522	91.15
3523	89.3
3524	91.1
3525	91.9
3526	91.8
3527	90.6
3528	91.2
3529	91.45
3530	90.9
3531	90.75
3532	90.9
3533	90.6
3534	90.6
3535	92.55
3536	91.4
3537	91.3
3538	91.6
3539	92.0
3540	92.7
3541	88.35
3542	91.2
3543	90.35
3544	92.3
3545	88.6
3546	89.8
3547	91.45
3548	89.1
3549	92.75
3550	92.3
3551	90.5
3552	89.9
3553	90.25
3554	88.5
3555	90.5
3556	91.65
3557	92.3
3558	92.25
3559	91.4
3560	89.95
3561	91.55
3562	90.5
3563	91.3
3564	91.95
3565	90.6
3566	90.9
3567	92.3
3568	90.6
3569	91.6
3570	90.35
3571	92.5
3572	91.45
3573	89.9
3574	90.3
3575	91.9
3576	89.5
3577	89.4
3578	90.05
3579	91.6
3580	90.15
3581	90.8
3582	91.1
3583	90.7
3584	91.6
3585	91.5
3586	91.9
3587	89.5
3588	92.8
3589	90.65
3590	90.1
3591	92.5
3592	92.55
3593	91
3594	89.9
3595	91.9
3596	92
3597	92.4
3598	92.1
3599	92.1
3600	88.7
3601	90.7
3602	91.6
3603	90.55
3604	90.2
3605	90.9
3606	90.9
3607	90.4
3608	91.5
3609	91.1
3610	91.0
3611	90.8
3612	92.3
3613	92.6
3614	92.4
3615	90.95
3616	92.55
3617	91.25
3618	92.3
3619	91.1
3620	91.35
3621	91.25
3622	91.05
3623	92.3
3624	92.5
3625	92.7
3626	91.1
3627	90.7
3628	91.8
3629	92.3
3630	92.6
3631	92.5
3632	89.8
3633	89.9
3634	90.3
3635	90.75
3636	91.8
3637	92.1
3638	90.8
3639	91
3640	90.65
3641	89.85
3642	90.45
3643	90.8
3644	91.65
3645	90.4
3646	90.7
3647	90.9
3648	92.05
3649	91.75
3650	91.6
3651	89.0
3652	92.0
3653	92.45
3654	93.0
3655	91.3
3656	92.5
3657	91.3
3658	90.8
3659	88.7
3660	90.95
3661	89.9
3662	90.3
3663	90.85
3664	92.6
3665	91.65
3666	92
3667	91.8
3668	91.75
3669	92.1
3670	91.45
3671	91.2
3672	91.9
3673	91.2
3674	92.6
3675	91.45
3676	91.85
3677	89.5
3678	89.3
3679	91.95
3680	91.7
3681	91.1
3682	91.0
3683	90.6
3684	91.2
3685	91.45
3686	91.1
3687	92.0
3688	90
3689	92.65
3690	91.7
3691	91.7
3692	91.9
3693	91.8
3694	92.1
3695	92
3696	88.5
3697	91.5
3698	90.5
3699	91.5
3700	89.9
3701	91.1
3702	90.4
3703	91.2
3704	92.4
3705	91.1
3706	90.9
3707	91.9
3708	91.5
3709	92.05
3710	90.9
3711	91.2
3712	89.4
3713	90.7
3714	90.2
3715	91.7
3716	92.0
3717	92.1
3718	91.3
3719	90.85
3720	90.3
3721	91.2
3722	92.3
3723	90.5
3724	91.3
3725	92.45
3726	90.5
3727	92.35
3728	91.15
3729	92.0
3730	91.9
3731	90.45
3732	91.4
3733	92.5
3734	91.3
3735	91.6
3736	89.0
3737	91.7
3738	91.3
3739	91.5
3740	90.15
3741	91.8
3742	92.4
3743	91.3
3744	91.1
3745	89.9
3746	90.9
3747	91
3748	92.3
3749	90.9
3750	91.9
3751	92.6
3752	92.65
3753	91.7
3754	92.0
3755	91.3
3756	91.5
3757	90.05
3758	92.1
3759	92
3760	92.15
3761	91.9
3762	92.0
3763	92.0
3764	91.3
3765	92.4
3766	92.0
3767	91.8
3768	92.7
3769	92.0
3770	90.8
3771	92.4
3772	90.95
3773	91.7
3774	90.75
3775	92.3
3776	90.9
3777	92.1
3778	90.9
3779	93.6
3780	91.8
3781	92.3
3782	91.8
3783	91.4
3784	91.2
3785	92.6
3786	91.1
3787	92.8
3788	90.95
3789	89.9
3790	91.7
3791	91.9
3792	91.5
3793	90.9
3794	91.85
3795	93.2
3796	92.85
3797	91.65
3798	91.6
3799	92.2
3800	92.2
3801	91.1
3802	91.05
3803	91.45
3804	89.95
3805	91.6
3806	90.9
3807	91.9
3808	91.1
3809	90.7
3810	91.0
3811	91.7
3812	90.2
3813	92
3814	91.65
3815	91.6
3816	90.7
3817	91.8
3818	90.9
3819	92.5
3820	91.05
3821	93.05
3822	90.8
3823	90.7
3824	91.1
3825	91.15
3826	91.1
3827	89.8
3828	90.55
3829	91.8
3830	92.05
3831	91.5
3832	90.8
3833	92.1
3834	91.8
3835	91.2
3836	92.4
3837	92.2
3838	90.15
3839	91.4
3840	91.7
3841	91.8
3842	90.8
3843	93.0
3844	90.7
3845	92
3846	92.1
3847	92.1
3848	89.15
3849	90.4
3850	91
3851	91.4
3852	90.8
3853	90.6
3854	91.45
3855	92.1
3856	91.1
3857	89.7
3858	91.1
3859	91.4
3860	93
3861	92.4
3862	91.25
3863	92.2
3864	92.7
3865	88.2
3866	92.1
3867	92.25
3868	91.8
3869	91.9
3870	90.75
3871	90.4
3872	91.7
3873	91.6
3874	91.3
3875	91.5
3876	91.8
3877	91.2
3878	91.7
3879	91.4
3880	92.8
3881	90.8
3882	90.7
3883	91.15
3884	91.2
3885	91.8
3886	91.45
3887	88.6
3888	89.95
3889	91.8
3890	91.45
3891	91.4
3892	90.8
3893	90.15
3894	91.8
3895	90.8
3896	92.0
3897	89.5
3898	92
3899	91.6
3900	91.9
3901	92.5
3902	91.15
3903	92.15
3904	92.8
3905	90.8
3906	91.5
3907	91.2
3908	90.4
3909	92.3
3910	90.65
3911	91.95
3912	90.8
3913	91.9
3914	92.0
3915	91.5
3916	91.8
3917	91.85
3918	91.9
3919	90.4
3920	91.8
3921	89.8
3922	91.8
3923	91.6
3924	90.6
3925	91.5
3926	91.35
3927	91.2
3928	90.35
3929	92.1
3930	91.8
3931	91.3
3932	92.0
3933	89.8
3934	90.6
3935	92.45
3936	90.6
3937	92.6
3938	92.6
3939	91.2
3940	92.3
3941	91.6
3942	90.7
3943	91.0
3944	92.25
3945	92.6
3946	91.4
3947	91.9
3948	91.35
3949	92.1
3950	92
3951	91.65
3952	91.2
3953	90.9
3954	91.3
3955	91.8
3956	91.5
3957	90.5
3958	91.7
3959	92.7
3960	91.8
3961	92.2
3962	91.4
3963	91.7
3964	92.4
3965	91.0
3966	93
3967	91.9
3968	92.15
3969	90.75
3970	91.6
3971	91.35
3972	91
3973	89.25
3974	92
3975	91.7
3976	90.8
3977	92.6
3978	91.35
3979	92.7
3980	90.8
3981	92.9
3982	91.4
3983	91.3
3984	91.55
3985	91.4
3986	91.8
3987	91.4
3988	90.95
3989	92.3
3990	91.7
3991	90.8
3992	90.95
3993	91.5
3994	91.4
3995	91.2
3996	91.1
3997	89.15
3998	91.5
3999	90.0
4000	92.1
4001	90.1
4002	92
4003	91.7
4004	90.7
4005	91.7
4006	91.75
4007	92.1
4008	91.1
4009	90.5
4010	91.95
4011	90.85
4012	91.7
4013	91.4
4014	91.3
4015	91.5
4016	89.3
4017	90.2
4018	92.8
4019	92.3
4020	92.3
4021	91.9
4022	90.3
4023	91.1
4024	91.8
4025	91.4
4026	91.1
4027	92.0
4028	89.5
4029	89.5
4030	91.45
4031	90.75
4032	92.6
4033	89.9
4034	92.1
4035	91.5
4036	91.9
4037	92.1
4038	90.7
4039	91.3
4040	91.65
4041	92
4042	91.6
4043	90.35
4044	92.75
4045	92.3
4046	89.8
4047	91.2
4048	91.3
4049	92.7
4050	92.25
4051	92.2
4052	92.2
4053	92.4
4054	92.15
4055	91.1
4056	91.45
4057	91.5
4058	92.3
4059	89.2
4060	91.3
4061	92.3
4062	92.1
4063	92.35
4064	91.7
4065	91.4
4066	91.75
4067	91.8
4068	91.3
4069	90.6
4070	93.2
4071	92.15
4072	91.4
4073	92.75
4074	93
4075	91.4
4076	92.0
4077	90.6
4078	91.9
4079	90.7
4080	90.8
4081	92.2
4082	90.8
4083	92.0
4084	90.4
4085	90.3
4086	91.5
4087	91.7
4088	92.4
4089	91.65
4090	88.55
4091	90.25
4092	92.0
4093	92.0
4094	89.7
4095	91.4
4096	91.2
4097	92.1
4098	92.15
4099	92.55
4100	92.8
4101	91.3
4102	90.4
4103	90.35
4104	90.95
4105	91.7
4106	91.75
4107	90.6
4108	92.5
4109	90.3
4110	91.7
4111	90.35
4112	90.9
4113	91.5
4114	90.8
4115	90.9
4116	89.9
4117	92.1
4118	91.0
4119	92.35
4120	90.85
4121	91.7
4122	91.95
4123	91.9
4124	92.3
4125	91.3
4126	91.1
4127	91.5
4128	91.7
4129	91.5
4130	92.6
4131	91.3
4132	90.8
4133	91.55
4134	92
4135	91.4
4136	88.6
4137	92
4138	92.7
4139	91.5
4140	92.1
4141	92.35
4142	91.5
4143	91.8
4144	90.6
4145	91.4
4146	93.1
4147	90.95
4148	91.6
4149	91.8
4150	90.5
4151	91.15
4152	91.4
4153	90.4
4154	91.7
4155	92.15
4156	91.0
4157	92.4
4158	92.6
4159	90.5
4160	91.4
4161	92.4
4162	92.0
4163	91.7
4164	92.4
4165	91.5
4166	90.05
4167	91.9
4168	91.05
4169	91.25
4170	91.5
4171	89.4
4172	91.0
4173	92.45
4174	92.1
4175	92.2
4176	89.6
4177	91.8
4178	90.15
4179	91
4180	90.9
4181	93.5
4182	92.3
4183	90.7
4184	89.7
4185	92.1
4186	90.8
4187	91.1
4188	90.8
4189	91.9
4190	91.2
4191	90.9
4192	90.3
4193	92.6
4194	92.6
4195	92
4196	91.6
4197	90.5
4198	91.6
4199	90.9
4200	91.2
4201	91.1
4202	92.4
4203	91.3
4204	91.3
4205	90.3
4206	91.6
4207	91.5
4208	90.7
4209	90.9
4210	91.7
4211	92.2
4212	89.6
4213	91.4
4214	93
4215	92.7
4216	91.4
4217	90.7
4218	90.4
4219	90.9
4220	90.9
4221	92.2
4222	89.8
4223	90.95
4224	91.5
4225	91.4
4226	90.7
4227	92.3
4228	90.25
4229	90
4230	92.1
4231	90.45
4232	91.8
4233	91.1
4234	90.75
4235	91.4
4236	90.1
4237	91.3
4238	91.4
4239	90.9
4240	92.2
4241	92.0
4242	91.1
4243	90.3
4244	91.3
4245	91.15
4246	92.4
4247	92.4
4248	91.7
4249	90.3
4250	90.8
4251	89.8
4252	91
4253	89.5
4254	90
4255	91.55
4256	91.0
4257	89.85
4258	91.0
4259	91.9
4260	92.2
4261	91.4
4262	90.2
4263	91.55
4264	91.25
4265	89.3
4266	90.8
4267	91.6
4268	91.9
4269	90.9
4270	91.3
4271	91
4272	91.6
4273	90.4
4274	90
4275	91.3
4276	91.6
4277	91.4
4278	91.3
4279	91.3
4280	91.0
4281	91.8
4282	91.9
4283	90.2
4284	90
4285	91.75
4286	90.45
4287	91.6
4288	91.8
4289	91.05
4290	92.2
4291	90.6
4292	90.55
4293	90.6
4294	91.2
4295	89.1
4296	92.5
4297	91.7
4298	90.9
4299	90.9
4300	92.85
4301	89.9
4302	90.95
4303	91.15
4304	92.0
4305	91.9
4306	90.2
4307	91.1
4308	90.4
4309	90.8
4310	90.5
4311	90.8
4312	91.8
4313	92.0
4314	91.2
4315	92.35
4316	93.2
4317	92.15
4318	91.8
4319	90.5
4320	90.6
4321	90.2
4322	91.55
4323	91.3
4324	91.8
4325	90.6
4326	91.85
4327	87.9
4328	90.55
4329	92.2
4330	91.1
4331	90.8
4332	91.05
4333	90.75
4334	91.2
4335	90.25
4336	91.65
4337	90.4
4338	90.9
4339	91
4340	89.9
4341	89.7
4342	92.2
4343	91.4
4344	90.1
4345	91.5
4346	89.8
4347	90.5
4348	91.4
4349	90.65
4350	92.7
4351	92
4352	90.4
4353	91.8
4354	91.7
4355	89.9
4356	90.4
4357	90.5
4358	91.0
4359	91.2
4360	91.2
4361	91
4362	89.55
4363	90.6
4364	89.3
4365	91.65
4366	91.5
4367	90.6
4368	92
4369	92.4
4370	91.7
4371	92.05
4372	89.7
4373	90.8
4374	92.8
4375	91.5
4376	91.8
4377	91.9
4378	91
4379	89.1
4380	92.0
4381	91.95
4382	90.7
4383	91.3
4384	90.0
4385	91.2
4386	92.8
4387	89.1
4388	91.5
4389	91.5
4390	90.4
4391	90.6
4392	88.5
4393	91.95
4394	89.15
4395	91.1
4396	92.6
4397	88.8
4398	90.9
4399	90.2
4400	89.1
4401	90.7
4402	92
4403	89.8
4404	90.1
4405	91.0
4406	90.9
4407	90.85
4408	90.0
4409	90.1
4410	92.2
4411	90.2
4412	90.15
4413	90.9
4414	90.2
4415	90.9
4416	93.1
4417	89.5
4418	89.4
4419	91.5
4420	89.9
4421	90.65
4422	88.9
4423	90.6
4424	88.05
4425	88.8
4426	91.4
4427	92.2
4428	89.65
4429	89.7
4430	90.6
4431	91.5
4432	91.7
4433	91.8
4434	90.7
4435	90.1
4436	89.3
4437	90.1
4438	91.4
4439	91.3
4440	91.1
4441	91.9
4442	90.1
4443	90.3
4444	91.8
4445	90.8
4446	91.75
4447	91.6
4448	91.2
4449	92.0
4450	91.8
4451	91.3
4452	91.2
4453	90.5
4454	91.0
4455	91.85
4456	90.9
4457	92.3
4458	89.3
4459	92.15
4460	92.15
4461	90.7
4462	89.5
4463	89.8
4464	92.4
4465	91.5
4466	91.45
4467	91.7
4468	90.3
4469	91.4
4470	91.75
4471	91.95
4472	90.5
4473	90.5
4474	89.75
4475	91.3
4476	91.65
4477	91.65
4478	91.55
4479	90.3
4480	91.35
4481	91.7
4482	90.2
4483	91.0
4484	91.7
4485	91.7
4486	91.3
4487	90.75
4488	92.6
4489	90.05
4490	92.1
4491	90.9
4492	91.6
4493	91.0
4494	92.7
4495	91
4496	92.1
4497	92.1
4498	91.4
4499	92.5
4500	89.35
4501	91.1
4502	91.15
4503	89.4
4504	92.3
4505	91.25
4506	89.5
4507	91.75
4508	91.45
4509	91.1
4510	91.0
4511	91.4
4512	92.1
4513	92.2
4514	92.5
4515	90.1
4516	92.3
4517	88.9
4518	90.55
4519	91.6
4520	92.2
4521	91.5
4522	91
4523	91.4
4524	89.5
4525	90.7
4526	90.3
4527	91.3
4528	92.7
4529	91.2
4530	90.4
4531	90.2
4532	91.1
4533	91.4
4534	91.05
4535	91.8
4536	91.3
4537	91.85
4538	92.15
4539	92.7
4540	91.3
4541	91.2
4542	91.2
4543	91.2
4544	90.4
4545	91.0
4546	91.9
4547	90.9
4548	88.6
4549	90.1
4550	91.2
4551	92.5
4552	91.75
4553	90.9
4554	92.45
4555	91.25
4556	91.1
4557	90.4
4558	90.45
4559	92.1
4560	90.2
4561	91.0
4562	91.9
4563	92.35
4564	92.45
4565	93.05
4566	89.7
4567	92
4568	91.4
4569	92.6
4570	91.8
4571	91.4
4572	89.5
4573	90.0
4574	91.1
4575	92.3
4576	90.25
4577	90.9
4578	92.2
4579	90.8
4580	91.8
4581	91.5
4582	90.7
4583	92.8
4584	91.4
4585	91.0
4586	93.1
4587	91.6
4588	90.5
4589	91.8
4590	91.3
4591	91.0
4592	90.3
4593	90.65
4594	90.95
4595	91.3
4596	91.3
4597	91.4
4598	90.75
4599	91.5
4600	90.4
4601	90.8
4602	89.9
4603	90.4
4604	90.65
4605	90.7
4606	92.1
4607	90.75
4608	89.3
4609	91.4
4610	92.1
4611	92.4
4612	91.7
4613	92.5
4614	91.7
4615	91.4
4616	91.0
4617	91.8
4618	91.6
4619	91.95
4620	91.8
4621	92.3
4622	91.1
4623	91.4
4624	91.8
4625	91.7
4626	92.4
4627	91.8
4628	91.3
4629	90.4
4630	90.8
4631	90.95
4632	90.6
4633	92
4634	90.35
4635	90.5
4636	91.0
4637	90.8
4638	89.8
4639	91.9
4640	91.1
4641	91.4
4642	92.1
4643	90.6
4644	91.1
4645	92.4
4646	91.3
4647	90.6
4648	91
4649	91.4
4650	90.4
4651	91
4652	91.5
4653	90.6
4654	91.0
4655	92.15
4656	92.4
4657	92.6
4658	90.65
4659	90.95
4660	91.1
4661	89.9
4662	89.65
4663	90.2
4664	91.5
4665	90.7
4666	91.5
4667	91.7
4668	91.15
4669	90.3
4670	91.7
4671	90.85
4672	89.8
4673	89.15
4674	91.5
4675	91.1
4676	89.3
4677	91.0
4678	92.05
4679	91.25
4680	90.8
4681	91
4682	90.3
4683	90.95
4684	90.0
4685	91.7
4686	89.4
4687	89.7
4688	90.05
4689	91.9
4690	91.2
4691	88.5
4692	92.3
4693	91.8
4694	91.1
4695	91.8
4696	90.9
4697	91.0
4698	91.8
4699	88.8
4700	89.3
4701	92.6
4702	88.7
4703	91.8
4704	91.8
4705	90.0
4706	90.9
4707	92.6
4708	91.5
4709	91.25
4710	92.1
4711	91.8
4712	91.15
4713	91.85
4714	90.8
4715	91.2
4716	92.1
4717	91.2
4718	91.5
4719	91.15
4720	90.95
4721	90.25
4722	92.6
4723	91.3
4724	90.7
4725	89.6
4726	91.3
4727	92.05
4728	90.9
4729	91.5
4730	91.2
4731	90.35
4732	90.9
4733	91.4
4734	91.2
4735	91.6
4736	89.9
4737	91.85
4738	90.5
4739	91.6
4740	90.9
4741	89.1
4742	92.7
4743	91.5
4744	92.8
4745	91.65
4746	90
4747	90.9
4748	91.2
4749	91.7
4750	91.0
4751	91.6
4752	92.1
4753	91.1
4754	90.8
4755	92.3
4756	92
4757	92.1
4758	89.8
4759	91.05
4760	91.2
4761	90.65
4762	91.0
4763	90.9
4764	90.2
4765	91.4
4766	91.15
4767	92.3
4768	89.7
4769	89.9
4770	90.5
4771	92.2
4772	91.1
4773	90.7
4774	89.75
4775	91.8
4776	93.1
4777	91.5
4778	90.3
4779	92.9
4780	91
4781	90.3
4782	92.3
4783	91
4784	90.4
4785	90.9
4786	91.3
4787	89.6
4788	90.9
4789	91.6
4790	91.1
4791	91.55
4792	89.3
4793	91.9
4794	90.5
4795	90.2
4796	92.4
4797	91.05
4798	89.5
4799	91.2
4800	90.8
4801	91.95
4802	90.2
4803	90.7
4804	90.7
4805	90.8
4806	91.45
4807	91.55
4808	89.7
4809	91.1
4810	90.2
4811	91.9
4812	91.2
4813	90.9
4814	91.3
4815	91.7
4816	90.65
4817	91.1
4818	91.2
4819	88.3
4820	90.9
4821	88.1
4822	91.4
4823	90.75
4824	91.4
4825	91.8
4826	90.5
4827	92
4828	91.0
4829	88.8
4830	89.95
4831	89.85
4832	92.0
4833	90.7
4834	90.4
4835	91.15
4836	90.7
4837	91.6
4838	91.5
4839	91.8
4840	90.9
4841	91.2
4842	91.9
4843	91.85
4844	91.4
4845	90.35
4846	91.4
4847	89.7
4848	91.2
4849	88.8
4850	91.55
4851	89.2
4852	90.35
4853	90.7
4854	91.9
4855	89.15
4856	90.7
4857	89.25
4858	91.25
4859	90.35
4860	89.0
4861	90.5
4862	89.1
4863	91.9
4864	91.6
4865	91.8
4866	91.8
4867	91.1
4868	90.9
4869	89.2
4870	91.6
4871	90.2
4872	91.3
4873	90.4
4874	90.5
4875	92.1
4876	91.5
4877	92.45
4878	90.6
4879	92.3
4880	91.6
4881	90.75
4882	90.9
4883	90.55
4884	90.75
4885	92.1
4886	89.65
4887	90.9
4888	91.6
4889	92.1
4890	91.4
4891	91.3
4892	89.7
4893	90.6
4894	90.4
4895	91.3
4896	90.15
4897	92.65
4898	92.45
4899	91.3
4900	91.1
4901	91.3
4902	89.8
4903	90.85
4904	90.0
4905	91.7
4906	91.6
4907	91.25
4908	91.2
4909	91.7
4910	90.65
4911	91.3
4912	92.7
4913	91.7
4914	91.9
4915	91.3
4916	90.4
4917	90.7
4918	91.1
4919	91.6
4920	91.7
4921	90.85
4922	90.85
4923	90.9
4924	93.1
4925	92.45
4926	90.7
4927	91.0
4928	90.9
4929	92.0
4930	92
4931	91.45
4932	90.2
4933	91.1
4934	90.6
4935	91.95
4936	91.0
4937	92.4
4938	90.9
4939	91.3
4940	91.7
4941	91.4
4942	89.6
4943	92.5
4944	90.9
4945	92.2
4946	91.0
4947	91.5
4948	90.7
4949	90.4
4950	90.6
4951	91.7
4952	90.7
4953	90.8
4954	91.6
4955	90.5
4956	91.6
4957	92.4
4958	92.2
4959	92
4960	89.7
4961	91.2
4962	92.1
4963	91.95
4964	91.25
4965	91.4
4966	89.8
4967	92.3
4968	91.5
4969	90.4
4970	91.7
4971	91.7
4972	91.4
4973	90.7
4974	91.3
4975	92.4
4976	90.0
4977	90.2
4978	91.05
4979	90.05
4980	91.6
4981	91.5
4982	90.4
4983	90.9
4984	92.75
4985	91.4
4986	90.65
4987	91.6
4988	90.9
4989	91.6
4990	92.35
4991	89.8
4992	91.5
4993	91.2
4994	90.6
4995	90.2
4996	90.9
4997	91.0
4998	89.8
4999	91.0
5000	91.85
5001	90.85
5002	92.2
5003	91.55
5004	92.15
5005	90.8
5006	91
5007	92.7
5008	91.3
5009	91.4
5010	91
5011	91.15
5012	90.2
5013	91.2
5014	90.4
5015	91.7
5016	91.5
5017	91.45
5018	90.7
5019	91.2
5020	90.9
5021	92.1
5022	93.2
5023	90.2
5024	92.05
5025	89.9
5026	90.8
5027	91.2
5028	91.4
5029	89.9
5030	91.8
5031	92
5032	90.1
5033	91.3
5034	91.6
5035	89.6
5036	91.3
5037	91.7
5038	91.4
5039	92.7
5040	90.8
5041	92.2
5042	91.6
5043	90.4
5044	90
5045	91.25
5046	91.9
5047	91.85
5048	90.95
5049	90.2
5050	91.6
5051	89.9
5052	92.8
5053	92
5054	91.45
5055	91.8
5056	90.1
5057	91.2
5058	91.7
5059	90.4
5060	93.1
5061	90.7
5062	92.1
5063	92.4
5064	93.0
5065	91.7
5066	91.8
5067	92.0
5068	90.4
5069	90.1
5070	91.1
5071	91.95
5072	91.7
5073	91.7
5074	91.3
5075	90.3
5076	90.2
5077	91.55
5078	91.9
5079	92.5
5080	90.2
5081	91.0
5082	92.0
5083	91.4
5084	91.6
5085	91.6
5086	90.7
5087	92.4
5088	91.2
5089	92.35
5090	90
5091	90.75
5092	90.1
5093	91.3
5094	91.6
5095	89.55
5096	92.1
5097	90.3
5098	89.35
5099	91.95
5100	91.4
5101	92.9
5102	90.9
5103	91.95
5104	90.6
5105	92.0
5106	92.85
5107	91
5108	91
5109	90.85
5110	89.3
5111	90.6
5112	91.1
5113	90.1
5114	91.6
5115	92.4
5116	91.3
5117	89.5
5118	91.2
5119	91.1
5120	91.1
5121	92.3
5122	91.6
5123	91.8
5124	91.8
5125	90.9
5126	89.1
5127	91.9
5128	91.7
5129	90.9
5130	91.5
5131	90.65
5132	90.9
5133	91.4
5134	90.9
5135	91.4
5136	90.9
5137	91.9
5138	92.0
5139	91.3
5140	89.8
5141	91.3
5142	91.1
5143	91.0
5144	90.7
5145	91.35
5146	91.3
5147	92.4
5148	92.05
5149	90.2
5150	91.55
5151	92.2
5152	92.4
5153	92.6
5154	91.4
5155	91.5
5156	92.5
5157	91.6
5158	91.05
5159	91.8
5160	91.9
5161	91.65
5162	91.9
5163	92.2
5164	91.7
5165	90.5
5166	90.45
5167	90.65
5168	89.5
5169	92.9
5170	91.7
5171	90.7
5172	91.5
5173	92.2
5174	90.1
5175	91.45
5176	92.0
5177	91.9
5178	92.1
5179	91.8
5180	91.9
5181	92.45
5182	91.6
5183	91.45
5184	90.75
5185	92.3
5186	92.7
5187	91.6
5188	91.6
5189	91.65
5190	90.6
5191	91.15
5192	91.25
5193	91.1
5194	91.9
5195	91
5196	91.1
5197	91.5
5198	91.65
5199	91.1
5200	89.35
5201	92.3
5202	92.1
5203	91.95
5204	91.6
5205	91.1
5206	91.05
5207	91.3
5208	92.7
5209	92
5210	91.05
5211	91.1
5212	91
5213	91.2
5214	91.5
5215	91.6
5216	92.2
5217	91.3
5218	91.05
5219	92.55
5220	91.9
5221	92.15
5222	91.2
5223	92.2
5224	89.7
5225	90.0
5226	92.3
5227	90.8
5228	91.9
5229	91.6
5230	91.65
5231	91.5
5232	91.15
5233	91.4
5234	91.5
5235	92.7
5236	92.8
5237	91.9
5238	91.6
5239	91.9
5240	91.7
5241	92.05
5242	92.3
5243	92.2
5244	91.1
5245	91.5
5246	91.8
5247	91.5
5248	91.1
5249	91.2
5250	91.75
5251	91.7
5252	92.35
5253	92.3
5254	92.0
5255	90.75
5256	91.3
5257	91.8
5258	91.3
5259	91.3
5260	91.9
5261	91.7
5262	91.5
5263	91.1
5264	91.6
5265	91.75
5266	91.95
5267	92.8
5268	92.7
5269	91.25
5270	91.7
5271	91.9
5272	90.5
5273	91.2
5274	92.8
5275	92.6
5276	90.9
5277	91.3
5278	90.0
5279	93
5280	91.0
5281	90.5
5282	92.1
5283	90.1
5284	91.3
5285	90.9
5286	91.1
5287	92.8
5288	91.75
5289	89.8
5290	92.7
5291	92.0
5292	92
5293	91.1
5294	92
5295	91.85
5296	91.5
5297	91.35
5298	89.2
5299	91.3
5300	92.4
5301	90.3
5302	91.2
5303	91.25
5304	91.7
5305	91.45
5306	90.3
5307	91.65
5308	92.1
5309	91.9
5310	91.4
5311	91.8
5312	90.95
5313	91.6
5314	91.3
5315	92.5
5316	91.8
5317	92
5318	91.0
5319	91.1
5320	91.7
5321	92.3
5322	91.8
5323	92.2
5324	91.6
5325	90.4
5326	91.65
5327	92.7
5328	89.85
5329	91.6
5330	91.3
5331	91.3
5332	91.9
5333	91.35
5334	92.6
5335	91.4
5336	89.95
5337	92.7
5338	92.45
5339	92.0
5340	91.3
5341	91.6
5342	91.2
5343	91.6
5344	91.6
5345	91.8
5346	92.0
5347	91.05
5348	90.8
5349	92.3
5350	93.1
5351	91.9
5352	92.6
5353	91.0
5354	90.0
5355	92.4
5356	92.1
5357	92.6
5358	93.0
5359	89.9
5360	91.1
5361	92.25
5362	91.4
5363	92.35
5364	92.7
5365	92.4
5366	91.3
5367	92.1
5368	90.3
5369	91.8
5370	92.1
5371	91.05
5372	90.5
5373	91.8
5374	89.9
5375	91.9
5376	91.7
5377	90.95
5378	91.8
5379	91.8
5380	91.5
5381	90.9
5382	91.2
5383	92.35
5384	91.75
5385	89.95
5386	92.95
5387	92.1
5388	89.9
5389	91.75
5390	91.0
5391	92.2
5392	90.7
5393	90.95
5394	92.2
5395	91.6
5396	90.9
5397	93.05
5398	91.1
5399	91.2
5400	90.75
5401	90.8
5402	88.55
5403	91.05
5404	92.1
5405	90.65
5406	92.2
5407	91.5
5408	91.0
5409	91.1
5410	91.0
5411	91.2
5412	89.8
5413	89.5
5414	89.8
5415	89.9
5416	90.6
5417	91.9
5418	92.0
5419	91.85
5420	90.5
5421	91
5422	91.8
5423	91.1
5424	91.3
5425	91.9
5426	92.1
5427	91.7
5428	91.3
5429	91.2
5430	91.0
5431	90.5
5432	90.6
5433	88.6
5434	91.05
5435	92.75
5436	92
5437	91.9
5438	91.1
5439	91.2
5440	89.8
5441	89.8
5442	91.2
5443	91.5
5444	92.05
5445	91.1
5446	89.8
5447	90.7
5448	90.45
5449	91.45
5450	91.5
5451	91.1
5452	92.05
5453	91.1
5454	91
5455	91.75
5456	91.6
5457	91.4
5458	92.3
5459	90.8
5460	92.0
5461	90.7
5462	91.25
5463	92.8
5464	90.65
5465	91.65
5466	90.15
5467	88.5
5468	92.1
5469	89.4
5470	90.9
5471	92.1
5472	92.95
5473	90.75
5474	92
5475	91.9
5476	93.2
5477	91.6
5478	91.3
5479	91.5
5480	90.85
5481	91.75
5482	89.5
5483	92.65
5484	92.0
5485	91.9
5486	91.2
5487	92.4
5488	92.2
5489	92.85
5490	92.25
5491	91.7
5492	92.8
5493	90.4
5494	91.4
5495	90.7
5496	92.6
5497	92.9
5498	91.0
5499	91.8
5500	90.4
5501	92.7
5502	92.4
5503	91.4
5504	91.45
5505	91.25
5506	92.05
5507	91.6
5508	91.8
5509	91.6
5510	91.9
5511	90.0
5512	91.7
5513	91.4
5514	91.5
5515	91.8
5516	92.2
5517	92.6
5518	91.8
5519	92.6
5520	92.2
5521	91.9
5522	91.25
5523	92.35
5524	92.95
5525	90.8
5526	90.3
5527	91.75
5528	90.1
5529	89.3
5530	90.2
5531	90.85
5532	92.2
5533	91.2
5534	92.15
5535	91.0
5536	92.1
5537	91.7
5538	91.1
5539	90.55
5540	92.0
5541	91.3
5542	90.7
5543	89.3
5544	91.1
5545	90.8
5546	90.9
5547	91.2
5548	90.9
5549	90.8
5550	91.6
5551	92.2
5552	91.3
5553	92.3
5554	90.7
5555	89.9
5556	90.5
5557	91.4
5558	88.7
5559	92.25
5560	88.75
5561	92.9
5562	90.7
5563	92.0
5564	90.75
5565	92
5566	92.7
5567	91.8
5568	91.5
5569	92.1
5570	91.2
5571	92.1
5572	90.0
5573	90.35
5574	92.1
5575	91.95
5576	91.7
5577	92.3
5578	91.3
5579	92.2
5580	91.7
5581	92.4
5582	91.3
5583	91.65
5584	91.0
5585	91.9
5586	90.9
5587	91.75
5588	89.0
5589	91.0
5590	91
5591	92.3
5592	92.0
5593	91.6
5594	91.8
5595	91.4
5596	91.1
5597	92.5
5598	91.5
5599	91.95
5600	91.4
5601	91.1
5602	91.45
5603	90.9
5604	92.2
5605	91.6
5606	89.7
5607	92.1
5608	90.1
5609	92.7
5610	92.8
5611	92.2
5612	92.3
5613	91.8
5614	92.25
5615	91.5
5616	90.2
5617	92.8
5618	91.4
5619	92.1
5620	92.5
5621	92.8
5622	93.6
5623	92.1
5624	91.5
5625	91.75
5626	92.15
5627	91.7
5628	91.2
5629	91.7
5630	89.9
5631	92.4
5632	92.0
5633	92.1
5634	92.6
5635	92.1
5636	91.85
5637	92.1
5638	92.65
5639	92.4
5640	90.55
5641	92.0
5642	90.7
5643	90.9
5644	91.6
5645	92.0
5646	91.75
5647	90.5
5648	91.4
5649	92.9
5650	91.9
5651	91.8
5652	93.1
5653	91.4
5654	92.0
5655	91.55
5656	91.2
5657	91.4
5658	92.65
5659	92.9
5660	91.5
5661	92.3
5662	91.3
5663	91.3
5664	91.95
5665	92.2
5666	91.9
5667	90.7
5668	92.8
5669	92.0
5670	91.1
5671	92.1
5672	89.7
5673	93.0
5674	90.5
5675	92.8
5676	91.85
5677	91.8
5678	92.9
5679	92.5
5680	92.6
5681	92.55
5682	92.5
5683	90.4
5684	91.6
5685	91.9
5686	92.0
5687	90.95
5688	92.35
5689	90.7
5690	91.85
5691	91.6
5692	91.85
5693	93.0
5694	91.35
5695	92.2
5696	90.5
5697	91.5
5698	90.3
5699	90.35
5700	92.6
5701	91.2
5702	92.5
5703	91.5
5704	92
5705	92
5706	90.4
5707	92.1
5708	93
5709	89.1
5710	90.6
5711	90.5
5712	92.3
5713	91.3
5714	92.1
5715	92.45
5716	91.2
5717	92.4
5718	92.1
5719	92.0
5720	91.8
5721	91.4
5722	91.9
5723	91.0
5724	91.5
5725	91.7
5726	92.0
5727	93.3
5728	90.9
5729	91.95
5730	91.6
5731	91.6
5732	91.4
5733	92.6
5734	90.5
5735	91.9
5736	91.45
5737	91.3
5738	92.65
5739	92.5
5740	92.7
5741	91
5742	90.4
5743	91.6
5744	92
5745	89.2
5746	92.1
5747	91.25
5748	92.1
5749	91.4
5750	91.6
5751	91.55
5752	91.0
5753	91.5
5754	91.05
5755	92.1
5756	91.2
5757	92.4
5758	92.25
5759	91.7
5760	92.2
5761	92.1
5762	91.8
5763	91.4
5764	89.9
5765	90.6
5766	92.25
5767	91.4
5768	92.65
5769	91.3
5770	92.05
5771	92.1
5772	90.8
5773	91.3
5774	91.9
5775	91.85
5776	91.4
5777	91.15
5778	91.9
5779	91.35
5780	91.1
5781	91.45
5782	91.5
5783	92.7
5784	91.6
5785	90.7
5786	92.3
5787	92.6
5788	91.4
5789	92.2
5790	91.25
5791	92.25
5792	91.05
5793	91.9
5794	93.4
5795	93.2
5796	91.1
5797	92.35
5798	92.6
5799	92.1
5800	90.8
5801	92.1
5802	91.5
5803	92.5
5804	91.9
5805	92.4
5806	90.1
5807	92.9
5808	91.45
5809	89.8
5810	91.65
5811	89.0
5812	91.8
5813	91.7
5814	91.5
5815	92.45
5816	91.6
5817	93.1
5818	90.3
5819	91.25
5820	91.75
5821	91.55
5822	92.25
5823	92.8
5824	91.9
5825	92.5
5826	91.3
5827	91.1
5828	92.1
5829	91.0
5830	92.25
5831	91.3
5832	92.35
5833	93.1
5834	91.7
5835	91.9
5836	92.7
5837	92.1
5838	92.7
5839	92.1
5840	91.2
5841	92.75
5842	91.3
5843	91.9
5844	92.7
5845	90.9
5846	91.9
5847	91.7
5848	90.3
5849	91.9
5850	91.3
5851	92.3
5852	90.1
5853	91.55
5854	91.6
5855	92.4
5856	90.2
5857	91.5
5858	91.7
5859	92.05
5860	91.9
5861	92.6
5862	92.6
5863	91.55
5864	91.5
5865	93.5
5866	91
5867	91
5868	91.85
5869	92.5
5870	92.4
5871	92.45
5872	91.4
5873	91.9
5874	92.6
5875	90.7
5876	92
5877	90.7
5878	91.6
5879	92.75
5880	92.1
5881	91.95
5882	92.4
5883	91.5
5884	92.1
5885	91.3
5886	91.3
5887	92.9
5888	92.5
5889	92.9
5890	92.55
5891	91.9
5892	92.2
5893	92.8
5894	92.75
5895	90.8
5896	93.3
5897	92.4
5898	91.7
5899	92.95
5900	90.8
5901	91.8
5902	91.75
5903	92.15
5904	91.7
5905	92.6
5906	90.8
5907	91.3
5908	92.3
5909	93
5910	90.6
5911	92.3
5912	91.8
5913	92.85
5914	93.05
5915	91.5
5916	91.5
5917	92.1
5918	92.45
5919	91.3
5920	91.9
5921	92.7
5922	92.6
5923	92.4
5924	91.9
5925	91.75
5926	91.9
5927	91.3
5928	91.4
5929	90.95
5930	91.5
5931	91.5
5932	90.8
5933	91.7
5934	92.7
5935	92.05
5936	92.6
5937	92.65
5938	92.4
5939	89.8
5940	92
5941	92.3
5942	92.6
5943	93.3
5944	91.4
5945	92.25
5946	90.85
5947	92.25
5948	91.6
5949	92.3
5950	92.8
5951	93.3
5952	91.7
5953	92.45
5954	92.4
5955	91.35
5956	91.15
5957	90.2
5958	90.3
5959	92.5
5960	91.3
5961	92.3
5962	91.7
5963	91.6
5964	92.4
5965	93.4
5966	93.3
5967	90.85
5968	91.9
5969	92.8
5970	92.65
5971	91.7
5972	92.8
5973	91.65
5974	91.8
5975	91.2
5976	90.3
5977	92.1
5978	91.6
5979	92.6
5980	93.2
5981	91.5
5982	91.7
5983	92.4
5984	91.65
5985	92.8
5986	91.65
5987	91.4
5988	91.3
5989	90.7
5990	91.7
5991	92.6
5992	89.65
5993	91.8
5994	91.45
5995	91.5
5996	89.55
5997	91.15
5998	92
5999	92.1
6000	92.75
6001	91.5
6002	90.9
6003	90.9
6004	91.3
6005	92.4
6006	92.25
6007	91.7
6008	91.9
6009	92.1
6010	90.85
6011	92.1
6012	91.5
6013	92.1
6014	92.1
6015	91.5
6016	92.7
6017	92.7
6018	92
6019	91.6
6020	92.05
6021	92.3
6022	92.0
6023	92.3
6024	92.3
6025	91.8
6026	90.8
6027	92.2
6028	91.95
6029	92.1
6030	91.8
6031	91.7
6032	91.4
6033	91.85
6034	92.8
6035	90.1
6036	92.1
6037	92.4
6038	91.95
6039	92.8
6040	92.0
6041	91.4
6042	92.1
6043	92.75
6044	91.45
6045	92.3
6046	92.1
6047	92.0
6048	92.45
6049	92.4
6050	92.6
6051	91.55
6052	91.35
6053	90.4
6054	91.8
6055	90.2
6056	91.6
6057	92.3
6058	90.9
6059	90.8
6060	93.3
6061	92.1
6062	90.9
6063	92.5
6064	90.3
6065	91.6
6066	91.2
6067	91.1
6068	91.8
6069	91.5
6070	91.9
6071	91.2
6072	92.45
6073	91.15
6074	90.8
6075	92.6
6076	89.9
6077	91.9
6078	91.05
6079	90
6080	91.9
6081	91.1
6082	91.6
6083	92.35
6084	90.2
6085	91.2
6086	90.7
6087	92.3
6088	90.0
6089	90.85
6090	92.6
6091	90.7
6092	91.8
6093	92.6
6094	90.3
6095	92
6096	92.2
6097	91.8
6098	91.2
6099	91.5
6100	92.3
6101	91.8
6102	90.9
6103	92.1
6104	92.5
6105	92.5
6106	91.0
6107	90.7
6108	90.35
6109	92.3
6110	92.1
6111	90.7
6112	91.2
6113	91.75
6114	91.4
6115	92.5
6116	91.1
6117	92.6
6118	92.95
6119	92.4
6120	91.8
6121	90.1
6122	91.9
6123	90.9
6124	90.6
6125	92.8
6126	91.5
6127	92.1
6128	91.55
6129	92.3
6130	93.2
6131	92.5
6132	92.2
6133	91.4
6134	90.7
6135	92.5
6136	91.1
6137	93.1
6138	91.8
6139	91.6
6140	92.35
6141	91.65
6142	92.3
6143	91.7
6144	90.9
6145	90.6
6146	91.3
6147	92
6148	92.0
6149	93.3
6150	91.8
6151	92.0
6152	92.4
6153	91.0
6154	91.3
6155	91.05
6156	92.25
6157	92.5
6158	91.5
6159	90.4
6160	91.2
6161	91.4
6162	91.8
6163	91.2
6164	90.2
6165	92.2
6166	91.1
6167	92
6168	90.75
6169	91.4
6170	92.1
6171	91.3
6172	91.6
6173	90.5
6174	92.3
6175	90.6
6176	91.45
6177	92.0
6178	92.1
6179	91.8
6180	92.9
6181	92.25
6182	91.7
6183	92.4
6184	92.3
6185	90.8
6186	91.8
6187	92.5
6188	92.1
6189	91.5
6190	91.8
6191	91.55
6192	91.7
6193	92
6194	91.4
6195	92.5
6196	92.1
6197	91.1
6198	91.85
6199	91.4
6200	90.8
6201	93.1
6202	91.5
6203	92.65
6204	92.3
6205	91.5
6206	90.3
6207	91.8
6208	91.25
6209	91.6
6210	92.8
6211	91.1
6212	91.6
6213	90.7
6214	91.5
6215	91.6
6216	91.65
6217	91.1
6218	92.7
6219	90.8
6220	92.2
6221	92.2
6222	92.6
6223	91.9
6224	91.55
6225	91.75
6226	92.1
6227	92.1
6228	92.1
6229	91.25
6230	91.2
6231	93.4
6232	92.4
6233	92.8
6234	91.35
6235	92.0
6236	90.9
6237	92.6
6238	91.8
6239	89.6
6240	92.4
6241	89.55
6242	90.5
6243	90.5
6244	91.4
6245	90.7
6246	92.3
6247	91.2
6248	92.0
6249	91.5
6250	92.7
6251	92
6252	92.3
6253	92.35
6254	90.25
6255	91
6256	92.1
6257	92.4
6258	92.8
6259	91.7
6260	92.05
6261	90.0
6262	91.55
6263	92.4
6264	92.1
6265	92.7
6266	91.8
6267	92.35
6268	91.1
6269	92.3
6270	93
6271	92.1
6272	91.7
6273	91.65
6274	90.9
6275	91.65
6276	92
6277	89.8
6278	91.2
6279	91.4
6280	91.7
6281	90.5
6282	91.65
6283	91.1
6284	92.85
6285	90.95
6286	92.4
6287	92.5
6288	90.5
6289	91.5
6290	91.6
6291	91.55
6292	91.05
6293	92.4
6294	91.2
6295	91.1
6296	93.2
6297	91.5
6298	92.05
6299	91.5
6300	91.6
6301	91
6302	91.1
6303	93.1
6304	91.25
6305	89.8
6306	91.2
6307	91.85
6308	90.6
6309	92.65
6310	92.1
6311	91.8
6312	92.3
6313	91.4
6314	90.6
6315	91.3
6316	91.6
6317	91.95
6318	92.8
6319	92.2
6320	91.45
6321	92.7
6322	91.9
6323	90.7
6324	91.6
6325	91.0
6326	93
6327	91.55
6328	92.6
6329	90.55
6330	90.65
6331	90.3
6332	91.9
6333	91.3
6334	91.1
6335	91
6336	91.0
6337	91.3
6338	90.6
6339	92.0
6340	92.7
6341	91.3
6342	92.0
6343	90.3
6344	91.75
6345	91.8
6346	92.1
6347	92
6348	92.3
6349	91.1
6350	91.35
6351	91.8
6352	90.4
6353	92.7
6354	90.25
6355	92.6
6356	91.5
6357	91.8
6358	93.0
6359	91.9
6360	92.35
6361	92.1
6362	91.8
6363	92.85
6364	91.5
6365	90.3
6366	91.05
6367	91.5
6368	91.05
6369	91.7
6370	92.6
6371	91.8
6372	92.35
6373	90.5
6374	93.2
6375	92.1
6376	91.8
6377	89.9
6378	92.1
6379	92.85
6380	91.7
6381	89.45
6382	91.1
6383	91.1
6384	91.3
6385	92.65
6386	92.4
6387	90.8
6388	89.9
6389	92.65
6390	90.8
6391	91.9
6392	91.5
6393	90.0
6394	90.4
6395	90.2
6396	91.6
6397	92.1
6398	91.2
6399	92.6
6400	91.1
6401	93.1
6402	91.3
6403	91.5
6404	90.9
6405	89.8
6406	91.8
6407	90.5
6408	91.65
6409	91.5
6410	92.55
6411	90.9
6412	91.0
6413	92.3
6414	91.3
6415	90.4
6416	92.3
6417	91.5
6418	91.4
6419	92
6420	91.65
6421	90.8
6422	92.2
6423	90.45
6424	91.1
6425	93
6426	91.25
6427	91.9
6428	91.0
6429	91.6
6430	89.5
6431	92.2
6432	90.9
6433	90.7
6434	92.4
6435	90.95
6436	91.6
6437	91.35
6438	91.9
6439	90.9
6440	92.7
6441	92.7
6442	92.8
6443	92.0
6444	92.5
6445	91.7
6446	92.2
6447	91.1
6448	92.55
6449	90.5
6450	89.6
6451	91.4
6452	90.7
6453	90.8
6454	92.5
6455	92.4
6456	91.7
6457	92.5
6458	89.75
6459	90.9
6460	90.8
6461	92.4
6462	91.0
6463	90.8
6464	91.5
6465	90.45
6466	91.2
6467	91.4
6468	91.0
6469	92.4
6470	91.5
6471	93.2
6472	92.4
6473	90.8
6474	91.65
6475	92.65
6476	90.9
6477	92.7
6478	92.7
6479	93.0
6480	92.15
6481	90.4
6482	91.9
6483	92.3
6484	91.8
6485	93
6486	91.4
6487	92.5
6488	89.3
6489	92.2
6490	92.7
6491	91.8
6492	91.4
6493	92.0
6494	90.4
6495	91.9
6496	91.85
6497	92
6498	91.0
6499	90.9
6500	89.8
6501	91.3
6502	92.1
6503	91.8
6504	91.75
6505	92
6506	90.6
6507	92.05
6508	90.7
6509	92.1
6510	91.5
6511	91.8
6512	92.3
6513	90.4
6514	92.4
6515	91.6
6516	92.4
6517	92.6
6518	92.7
6519	92.4
6520	92.4
6521	92.5
6522	91.4
6523	91.9
6524	89.55
6525	92.2
6526	91.8
6527	91.35
6528	91.7
6529	88.9
6530	92.7
6531	92.5
6532	92.3
6533	92.3
6534	91.2
6535	89.95
6536	91.6
6537	92.4
6538	91.6
6539	92.5
6540	91.4
6541	91.8
6542	92.6
6543	91.3
6544	92.0
6545	91.1
6546	92.1
6547	92.7
6548	91.9
6549	92.05
6550	91.7
6551	91.4
6552	91.8
6553	92.35
6554	91.8
6555	92.7
6556	91.8
6557	91.8
6558	92.8
6559	90.7
6560	92.5
6561	91.9
6562	93.1
6563	92.7
6564	91.7
6565	90.8
6566	92.4
6567	90.2
6568	91.0
6569	92.95
6570	90.65
6571	91.6
6572	91.9
6573	92.15
6574	91.6
6575	92.6
6576	91.8
6577	92.1
6578	92.2
6579	92.0
6580	92.0
6581	91.8
6582	89.55
6583	92.5
6584	92.85
6585	91.6
6586	91.5
6587	91.7
6588	92.3
6589	91.8
6590	91.9
6591	91.55
6592	92.9
6593	92.9
6594	91.95
6595	91.5
6596	92.4
6597	91.3
6598	91.7
6599	91.5
6600	92.3
6601	90.7
6602	91.9
6603	91.8
6604	90.5
6605	91.35
6606	91.9
6607	90.5
6608	91.8
6609	92.3
6610	91.4
6611	90.6
6612	89.8
6613	91.8
6614	91.8
6615	91.9
6616	92.6
6617	91.9
6618	91.8
6619	92.0
6620	91.8
6621	91.5
6622	92.2
6623	92.1
6624	92.1
6625	90.6
6626	92.4
6627	92.3
6628	92.45
6629	90.7
6630	91.45
6631	92.6
6632	89.4
6633	92.3
6634	92.2
6635	92.25
6636	92.15
6637	90.7
6638	92.4
6639	92.7
6640	91.2
6641	91.6
6642	89.7
6643	92.1
6644	92.6
6645	91.1
6646	90.3
6647	92.0
6648	92.2
6649	91.5
6650	91.6
6651	91.75
6652	92.2
6653	92.5
6654	92.6
6655	91.8
6656	90.85
6657	91.7
6658	91.5
6659	91.4
6660	91.7
6661	91.3
6662	92.35
6663	92.5
6664	89.7
6665	92.1
6666	90.5
6667	91.9
6668	92.1
6669	91.9
6670	90.8
6671	92.8
6672	92.5
6673	91.7
6674	91.65
6675	91.6
6676	92.2
6677	90.65
6678	90.9
6679	92.7
6680	90.6
6681	92.1
6682	91.4
6683	92.1
6684	92.6
6685	92.0
6686	92.6
6687	91.95
6688	91.75
6689	92.2
6690	91.85
6691	91.8
6692	92.55
6693	92.8
6694	92.25
6695	91.7
6696	91.3
6697	91.1
6698	92.1
6699	91.9
6700	92.9
6701	91.5
6702	91.9
6703	92.35
6704	91.6
6705	91.2
6706	91.25
6707	91.25
6708	92.1
6709	89.2
6710	91.25
6711	91.5
6712	92.0
6713	91.55
6714	92.6
6715	92.5
6716	91.35
6717	90.3
6718	90.8
6719	92.0
6720	92.8
6721	91.3
6722	91.55
6723	93.1
6724	92.7
6725	92.15
6726	89.9
6727	91.5
6728	89.8
6729	92.2
6730	91.8
6731	92.6
6732	91.7
6733	90.85
6734	91.9
6735	91.2
6736	91.2
6737	89.3
6738	91.1
6739	93.0
6740	91.1
6741	91.6
6742	92.1
6743	91.0
6744	92.2
6745	93
6746	91.55
6747	91.3
6748	91.8
6749	92.1
6750	91.5
6751	91.2
6752	92.8
6753	92.4
6754	92.6
6755	92.7
6756	91.8
6757	91.8
6758	92.1
6759	90.6
6760	91.0
6761	90.5
6762	90
6763	91.6
6764	92.4
6765	91.6
6766	92.05
6767	92.4
6768	91.1
6769	90.5
6770	92
6771	91.5
6772	92.5
6773	92.4
6774	91.4
6775	91.7
6776	91.7
6777	91.4
6778	93.1
6779	92.15
6780	90.8
6781	91.6
6782	92.6
6783	92
6784	91.9
6785	91.9
6786	91.9
6787	91.8
6788	92.6
6789	92.2
6790	91.7
6791	92.4
6792	90.85
6793	91.8
6794	91.35
6795	92.5
6796	91.8
6797	92.3
6798	92
6799	91.5
6800	92.0
6801	92.25
6802	92.05
6803	91.75
6804	92
6805	91.3
6806	91.8
6807	92.2
6808	92.4
6809	90.3
6810	92.5
6811	91.5
6812	91.95
6813	91.9
6814	91.8
6815	91.95
6816	91.95
6817	90.85
6818	89.8
6819	91.7
6820	91.9
6821	91.8
6822	90.5
6823	90.8
6824	92.1
6825	91.0
6826	92.9
6827	91.8
6828	91.35
6829	91.9
6830	92.1
6831	92.3
6832	92.5
6833	91.8
6834	92.6
6835	92.4
6836	93.0
6837	91.2
6838	92.45
6839	92.05
6840	92
6841	91.8
6842	91.75
6843	92.2
6844	91.4
6845	92.5
6846	91.55
6847	89.9
6848	90.3
6849	92.3
6850	90.6
6851	92.7
6852	90.25
6853	91.9
6854	91.1
6855	91.6
6856	93.1
6857	93.5
6858	91.1
6859	92.6
6860	91.1
6861	92.0
6862	91
6863	91.2
6864	91.1
6865	91.2
6866	92.8
6867	91.1
6868	91.8
6869	92.1
6870	92.35
6871	91.3
6872	90.5
6873	92.1
6874	90.9
6875	91.7
6876	90.8
6877	90.2
6878	90.7
6879	90.95
6880	91.75
6881	91.7
6882	91.6
6883	91.9
6884	91.1
6885	92.2
6886	90.9
6887	91.8
6888	92.25
6889	92.1
6890	91.6
6891	90.7
6892	92.0
6893	92.3
6894	91.7
6895	91.5
6896	92.0
6897	92
6898	92
6899	91.8
6900	91.8
6901	91.4
6902	90.9
6903	92.45
6904	92.6
6905	91
6906	92.2
6907	92.7
6908	92.3
6909	90.45
6910	92.95
6911	93.2
6912	91.3
6913	91.4
6914	90.7
6915	91.2
6916	91.1
6917	92.1
6918	92.2
6919	92.1
6920	91.35
6921	91.9
6922	90.7
6923	92.3
6924	91.1
6925	91.9
6926	92.5
6927	90.75
6928	91.3
6929	92.4
6930	92.3
6931	92.6
6932	91.4
6933	91.8
6934	91.85
6935	92.4
6936	90.8
6937	92.15
6938	91.4
6939	91.8
6940	91.85
6941	91.8
6942	91.5
6943	91.45
6944	89.5
6945	90.8
6946	90.55
6947	90.8
6948	91.35
6949	91.5
6950	90.45
6951	91.45
6952	91.7
6953	92.45
6954	90.55
6955	89.4
6956	91.6
6957	93.2
6958	88.95
6959	89.4
6960	91.6
6961	91.65
6962	92.3
6963	91.9
6964	93.0
6965	91.05
6966	91.4
6967	90.5
6968	92
6969	92.15
6970	91.8
6971	90.3
6972	92.2
6973	91.6
6974	91.9
6975	91.3
6976	91.3
6977	91.75
6978	91.8
6979	90.5
6980	91.3
6981	91.1
6982	91.8
6983	90.6
6984	92.4
6985	92.75
6986	91.1
6987	92.35
6988	91.5
6989	91.8
6990	90.4
6991	92.0
6992	91.9
6993	90.8
6994	91.3
6995	91.5
6996	92.2
6997	91.1
6998	92.2
6999	91
7000	92.0
7001	91.9
7002	92.2
7003	91.1
7004	91.8
7005	90.9
7006	91.2
7007	92.05
7008	92.4
7009	92.4
7010	91.55
7011	92.7
7012	92.7
7013	91.5
7014	90.9
7015	90.9
7016	91.6
7017	90.65
7018	92.0
7019	90.7
7020	92.0
7021	92.0
7022	91.5
7023	91.7
7024	91.3
7025	92.1
7026	91.3
7027	92
7028	92.8
7029	92.35
7030	90.25
7031	90.6
7032	89.7
7033	92.1
7034	91.3
7035	92.1
7036	91.6
7037	90.05
7038	91.6
7039	90.8
7040	92.3
7041	91.9
7042	90.75
7043	91.2
7044	91.8
7045	92.1
7046	91.3
7047	90.45
7048	91.95
7049	91.15
7050	92.5
7051	91.6
7052	90.5
7053	91.3
7054	92.0
7055	91.9
7056	90.1
7057	92.0
7058	92.2
7059	92.1
7060	92.1
7061	92.2
7062	92.5
7063	92.2
7064	92.05
7065	92.5
7066	93
7067	90.7
7068	91.05
7069	91.6
7070	91.6
7071	90.7
7072	91.6
7073	91.2
7074	91.0
7075	92.3
7076	91.7
7077	89.4
7078	92.7
7079	90.5
7080	92.2
7081	92.4
7082	90.8
7083	90.5
7084	89.55
7085	91.8
7086	91.7
7087	91.1
7088	90.7
7089	89.7
7090	91.2
7091	91.15
7092	91.1
7093	90.75
7094	91.9
7095	89.5
7096	90.4
7097	90.0
7098	91.8
7099	91.6
7100	90.65
7101	92.1
7102	90.9
7103	91.2
7104	91.35
7105	91.4
7106	90.8
7107	89.35
7108	92.5
7109	92.7
7110	91.2
7111	92.1
7112	92.6
7113	91.0
7114	89.05
7115	91.35
7116	89.4
7117	91.1
7118	91.9
7119	90
7120	91.35
7121	90.45
7122	91.9
7123	91.2
7124	91.9
7125	92.2
7126	91.8
7127	92.1
7128	89.65
7129	91.4
7130	92.9
7131	91.7
7132	93.2
7133	91.6
7134	91.5
7135	88.7
7136	90.55
7137	90.3
7138	92.9
7139	90.5
7140	91.5
7141	92.45
7142	92.1
7143	91.2
7144	91.4
7145	90.6
7146	92.6
7147	91.1
7148	92.05
7149	90.8
7150	92.1
7151	91.05
7152	92.3
7153	90.3
7154	90.9
7155	92.4
7156	92.3
7157	92.6
7158	92.3
7159	91.2
7160	91.8
7161	91.2
7162	91.1
7163	90.6
7164	91.2
7165	91.95
7166	91.7
7167	91.7
7168	91.6
7169	92.25
7170	91.05
7171	91.0
7172	91.4
7173	91.4
7174	92.5
7175	93.05
7176	91.6
7177	91.2
7178	91.2
7179	92.4
7180	91.5
7181	92.6
7182	91.7
7183	91.4
7184	90.9
7185	91.3
7186	91.6
7187	92.9
7188	92.45
7189	90.8
7190	92.55
7191	91.1
7192	92.35
7193	90.85
7194	89.8
7195	91.2
7196	92.0
7197	91.4
7198	92.3
7199	91.25
7200	91.3
7201	90.9
7202	90.1
7203	92.7
7204	91.3
7205	90.9
7206	92.55
7207	92.6
7208	89.8
7209	90.9
7210	89.6
7211	92.3
7212	92.5
7213	92.9
7214	91.1
7215	91.8
7216	92.2
7217	91.5
7218	92.7
7219	91.55
7220	92.45
7221	91.6
7222	91.1
7223	90.6
7224	91.5
7225	90.8
7226	91.9
7227	93.3
7228	92.5
7229	90.7
7230	93.5
7231	92
7232	91.7
7233	90.1
7234	89.9
7235	92.2
7236	92.1
7237	92.1
7238	91.3
7239	91.6
7240	91.7
7241	91.4
7242	91.9
7243	92.1
7244	92.7
7245	91.9
7246	91.25
7247	90.7
7248	91.8
7249	91.45
7250	92.3
7251	91.75
7252	92.5
7253	91.0
7254	91.6
7255	91.55
7256	91.7
7257	90.65
7258	92.2
7259	90.8
7260	92.15
7261	90.55
7262	92.2
7263	92.7
7264	91.95
7265	92.1
7266	92.1
7267	89.8
7268	91.7
7269	88.95
7270	92.2
7271	92.1
7272	90.6
7273	91.1
7274	92.55
7275	89.4
7276	90.5
7277	92.8
7278	91.3
7279	92.6
7280	91.7
7281	90.7
7282	92.9
7283	91.35
7284	89.8
7285	91.4
7286	90.85
7287	91.4
7288	92.5
7289	90.9
7290	91.7
7291	90.25
7292	90.85
7293	92.0
7294	91.1
7295	92.4
7296	91.9
7297	91.4
7298	90
7299	91.4
7300	90.75
7301	91.1
7302	92.05
7303	91.8
7304	92.2
7305	91.9
7306	91.8
7307	91.15
7308	90.5
7309	92
7310	90.85
7311	91.4
7312	91.1
7313	91.25
7314	90.85
7315	91.85
7316	92.5
7317	92.6
7318	91.0
7319	90.55
7320	91.1
7321	91.15
7322	90.85
7323	92.5
7324	90.4
7325	91.8
7326	92.55
7327	90.7
7328	91.5
7329	91.05
7330	90.4
7331	90.25
7332	89.3
7333	91.95
7334	92.25
7335	90.85
7336	90.9
7337	91.1
7338	90.9
7339	90.1
7340	90.8
7341	92.3
7342	93.0
7343	90.8
7344	91.4
7345	88.7
7346	91.2
7347	91.2
7348	91.7
7349	92
7350	92.0
7351	90.3
7352	91.5
7353	91.3
7354	91.1
7355	92.1
7356	91.75
7357	91.4
7358	91.25
7359	91.0
7360	92.3
7361	91.9
7362	91.7
7363	90.45
7364	90.4
7365	91.9
7366	92.4
7367	92.2
7368	92.0
7369	90.7
7370	92.0
7371	92.85
7372	92.2
7373	91.5
7374	90.45
7375	92.2
7376	92.7
7377	92.5
7378	90.4
7379	91.3
7380	90.6
7381	91.7
7382	92.5
7383	90.4
7384	91.75
7385	91.15
7386	91.5
7387	90.4
7388	92.5
7389	91.5
7390	90.1
7391	91.8
7392	90.2
7393	90.9
7394	91.85
7395	91.6
7396	91.6
7397	91.75
7398	92.0
7399	91.2
7400	92.2
7401	93.2
7402	91.4
7403	92.5
7404	91.8
7405	91.45
7406	92.1
7407	90.4
7408	92.9
7409	91.6
7410	91.9
7411	92.9
7412	92
7413	91.25
7414	91.5
7415	91.1
7416	91.0
7417	91.2
7418	90.9
7419	92.65
7420	91.8
7421	93.5
7422	91.95
7423	90.5
7424	92.5
7425	92.0
7426	90.9
7427	91.0
7428	91.9
7429	92.7
7430	91.9
7431	91.9
7432	89.85
7433	92.2
7434	92.5
7435	91.4
7436	92.2
7437	91.3
7438	92.5
7439	92.4
7440	91.5
7441	91.6
7442	91.55
7443	91.9
7444	91.15
7445	92.55
7446	92.0
7447	91.3
7448	92.2
7449	90.8
7450	93
7451	93.0
7452	92.2
7453	92.2
7454	91.5
7455	91.55
7456	91.0
7457	92.6
7458	90.25
7459	93.05
7460	90.9
7461	92.75
7462	92.35
7463	92.2
7464	90.2
7465	93.0
7466	91.5
7467	91.9
7468	92.6
7469	91.15
7470	91.1
7471	91.9
7472	91.1
7473	92.0
7474	93.3
7475	91.6
7476	92.5
7477	91.3
7478	91.3
7479	93.4
7480	91.7
7481	90.8
7482	92.55
7483	90.8
7484	90.95
7485	92.1
7486	90.4
7487	92.9
7488	91.2
7489	92.3
7490	91.4
7491	91.65
7492	92.1
7493	92
7494	90.95
7495	92.0
7496	90.6
7497	90.65
7498	91.7
7499	92.2
7500	92
7501	92.15
7502	91.4
7503	91.5
7504	91.8
7505	91.2
7506	91.65
7507	92.2
7508	91.1
7509	91.6
7510	92.5
7511	92.3
7512	91.25
7513	93.0
7514	92.4
7515	91.3
7516	91.1
7517	91.7
7518	92.0
7519	91.6
7520	91
7521	93
7522	91.85
7523	92.1
7524	92.1
7525	92.0
7526	90.95
7527	92.6
7528	90.6
7529	91.7
7530	92.25
7531	91.0
7532	91.9
7533	92
7534	91.7
7535	91.8
7536	91.6
7537	92.8
7538	92.0
7539	91.95
7540	90.75
7541	91.2
7542	90.6
7543	92.4
7544	92.5
7545	91.8
7546	92.25
7547	92.3
7548	92.15
7549	92.0
7550	91.6
7551	91.8
7552	91.5
7553	91.35
7554	91.4
7555	92.7
7556	91.9
7557	92.7
7558	91.75
7559	91.5
7560	92.6
7561	92.1
7562	93.2
7563	92.7
7564	91.05
7565	90.6
7566	93.2
7567	92.8
7568	90.3
7569	92.1
7570	91.4
7571	91.6
7572	92.55
7573	91.2
7574	91.2
7575	92.8
7576	92.4
7577	92.8
7578	92.8
7579	91.9
7580	92.9
7581	93
7582	92.2
7583	91.7
7584	91.55
7585	91.7
7586	93.2
7587	91.8
7588	91.5
7589	92
7590	91.8
7591	91.1
7592	90.0
7593	92
7594	93.2
7595	92.5
7596	91.0
7597	91.1
7598	93.2
7599	92.5
7600	91.7
7601	92.5
7602	91.7
7603	90.0
7604	90.25
7605	90.65
7606	91.9
7607	92.2
7608	91.0
7609	91.65
7610	92.7
7611	92.4
7612	92.7
7613	92.1
7614	91.4
7615	92.7
7616	91.1
7617	92.2
7618	91.6
7619	91.9
7620	92
7621	90.4
7622	92.25
7623	91.5
7624	91.75
7625	90.1
7626	92.4
7627	90.05
7628	92.5
7629	91.2
7630	90.8
7631	91.0
7632	92.15
7633	93
7634	91.5
7635	92.0
7636	91
7637	90.65
7638	90.9
7639	92.7
7640	91.5
7641	93.3
7642	89.6
7643	92.8
7644	91.7
7645	92.0
7646	90.5
7647	92
7648	92.2
7649	91.7
7650	92.1
7651	92.2
7652	92.75
7653	91.9
7654	92.2
7655	92.2
7656	92.2
7657	92.4
7658	91.05
7659	90.5
7660	92.6
7661	92.3
7662	90.6
7663	91.7
7664	91.9
7665	92.15
7666	92.4
7667	92.6
7668	91.7
7669	92.5
7670	91.0
7671	90.7
7672	92.2
7673	91.8
7674	92.5
7675	89.7
7676	91.55
7677	91.3
7678	91.1
7679	91.4
7680	91.1
7681	92.2
7682	88.9
7683	90.6
7684	92.05
7685	92.2
7686	91.75
7687	91.6
7688	92.3
7689	91.8
7690	92.1
7691	91.95
7692	92.2
7693	91.45
7694	91.9
7695	92.7
7696	91.4
7697	92.3
7698	92.7
7699	91.8
7700	92.8
7701	91.5
7702	92.5
7703	92.4
7704	91.6
7705	92
7706	91.7
7707	90.7
7708	90.35
7709	91.9
7710	90.9
7711	91.5
7712	91.85
7713	91.9
7714	91.9
7715	91.85
7716	91.8
7717	90.0
7718	92.1
7719	91.55
7720	92.1
7721	92.3
7722	91.8
7723	91.2
7724	93
7725	92.2
7726	92.4
7727	92.4
7728	91.6
7729	92.0
7730	91.2
7731	92.4
7732	91.3
7733	91.9
7734	92.8
7735	91.3
7736	92.75
7737	92.2
7738	92.5
7739	92.2
7740	91.2
7741	91.5
7742	91.35
7743	92.2
7744	92.15
7745	92.8
7746	91.6
7747	92.8
7748	90.5
7749	91.6
7750	91.3
7751	91.9
7752	90.95
7753	93.35
7754	91.5
7755	92.1
7756	91.15
7757	91.85
7758	91.6
7759	92.9
7760	91.5
7761	91.35
7762	91.5
7763	91.6
7764	91.2
7765	92.5
7766	92.6
7767	92.3
7768	91.9
7769	91.9
7770	91.7
7771	92.5
7772	91.75
7773	91.85
7774	91.7
7775	91.6
7776	92.2
7777	91.95
7778	91.9
7779	91.9
7780	90.8
7781	92.15
7782	93.0
7783	91.1
7784	91.5
7785	91.4
7786	91.85
7787	92.45
7788	91.95
7789	92.35
7790	91.5
7791	90.95
7792	91.5
7793	92.2
7794	90.1
7795	91.45
7796	92.0
7797	91.8
7798	91.2
7799	89.85
7800	90.85
7801	91.2
7802	92.0
7803	90.05
7804	92.1
7805	91.4
7806	90.9
7807	90.9
7808	91.4
7809	92.25
7810	90.1
7811	91.1
7812	92
7813	90.45
7814	91.9
7815	92.6
7816	90.7
7817	89.95
7818	92.25
7819	91.75
7820	91.4
7821	90.8
7822	92.6
7823	92.7
7824	91.7
7825	91.1
7826	91.45
7827	92.1
7828	92.0
7829	91.7
7830	92.6
7831	91.5
7832	91.55
7833	91.8
7834	90.1
7835	91.5
7836	91.8
7837	90.7
7838	92
7839	91.9
7840	92
7841	92.4
7842	92.35
7843	92.3
7844	91.9
7845	91.6
7846	90.1
7847	91.6
7848	90.9
7849	90.65
7850	91.7
7851	91.9
7852	89.65
7853	91.8
7854	92.05
7855	92.9
7856	91.25
7857	92.7
7858	92.75
7859	92.45
7860	90.3
7861	92.3
7862	92.2
7863	91.5
7864	90.8
7865	92.4
7866	92.2
7867	92.2
7868	91.2
7869	91.45
7870	90.4
7871	90.7
7872	91.7
7873	88.4
7874	90.7
7875	91.4
7876	92.65
7877	91.5
7878	91.6
7879	91.8
7880	90.4
7881	92.2
7882	92.3
7883	91.45
7884	91.8
7885	92.15
7886	91.5
7887	91.9
7888	92.15
7889	92.05
7890	90.7
7891	92.1
7892	91
7893	91.4
7894	91.4
7895	90.2
7896	92.2
7897	91.55
7898	91.2
7899	91.8
7900	91.3
7901	90.6
7902	91.2
7903	92.2
7904	92.2
7905	91.7
7906	91.8
7907	91.85
7908	91.1
7909	91.7
7910	91.0
7911	92.25
7912	91.4
7913	91.9
7914	92.7
7915	91.1
7916	91.05
7917	90.8
7918	91.1
7919	92.6
7920	91.9
7921	91.7
7922	91.65
7923	92.0
7924	91.4
7925	91.1
7926	91.2
7927	91.5
7928	92.4
7929	91.5
7930	92.5
7931	91.7
7932	91.4
7933	90.7
7934	91.4
7935	92.4
7936	92.1
7937	92.3
7938	90.6
7939	91.7
7940	91.8
7941	92.0
7942	89.8
7943	92
7944	92.15
7945	91.55
7946	91.85
7947	92.3
7948	92.4
7949	91.6
7950	92
7951	91.8
7952	92.2
7953	91.5
7954	91.05
7955	90.6
7956	90.8
7957	91.3
7958	91.6
7959	91.7
7960	92.2
7961	91.1
7962	90.85
7963	91.1
7964	92.6
7965	92.05
7966	90.6
7967	89.35
7968	90.9
7969	92.0
7970	91.9
7971	91.6
7972	91.4
7973	91.4
7974	92.1
7975	90.9
7976	91.3
7977	92.5
7978	91.75
7979	90.9
7980	91.0
7981	91.8
7982	91.7
7983	91.2
7984	92.5
7985	91.5
7986	91.9
7987	90.6
7988	91.25
7989	91.1
7990	91.2
7991	90.8
7992	92.2
7993	91.2
7994	91.5
7995	91.1
7996	91.6
7997	90.65
7998	92.45
7999	91.6
8000	90.5
8001	92.25
8002	91.85
8003	90.7
8004	90.6
8005	92.5
8006	92.3
8007	92.45
8008	91.25
8009	92.1
8010	91.6
8011	92.7
8012	92.3
8013	92.5
8014	92.1
8015	92.5
8016	92.4
8017	93.0
8018	92.2
8019	90.1
8020	92.5
8021	89.8
8022	91.7
8023	91.7
8024	92.85
8025	91.15
8026	90.9
8027	91.9
8028	91.2
8029	91.3
8030	92.2
8031	91.5
8032	90.65
8033	91.6
8034	92.2
8035	92.2
8036	92.25
8037	91.1
8038	91.75
8039	92.4
8040	92.2
8041	92.2
8042	91.75
8043	90
8044	92.2
8045	92.3
8046	91.7
8047	93.3
8048	91.3
8049	91.8
8050	92.6
8051	92.5
8052	91.5
8053	92.2
8054	92.5
8055	92.9
8056	91.6
8057	91.15
8058	91.7
8059	90.9
8060	92.6
8061	92.6
8062	91.4
8063	92.9
8064	92.0
8065	92.7
8066	91.15
8067	92.0
8068	91.4
8069	93.1
8070	91
8071	92.7
8072	90.9
8073	92.3
8074	92.4
8075	92.2
8076	92.75
8077	91
8078	92.2
8079	92.9
8080	92
8081	90.4
8082	91.9
8083	92.3
8084	92.5
8085	92.1
8086	92.5
8087	91.4
8088	92.6
8089	93.1
8090	93.3
8091	92.4
8092	92.3
8093	92.1
8094	93.2
8095	93.0
8096	92.1
8097	92.3
8098	91.5
8099	92.0
8100	91.6
8101	92.05
8102	91.8
8103	92.5
8104	92.5
8105	91.8
8106	91.7
8107	91.8
8108	90.4
8109	92.5
8110	91.3
8111	93.3
8112	92.0
8113	91.1
8114	92.75
8115	92.7
8116	91.05
8117	92.8
8118	91.7
8119	91.3
8120	91.3
8121	91.6
8122	92.3
8123	91.3
8124	91.5
8125	92.1
8126	92.6
8127	91.4
8128	90.8
8129	93.4
8130	92.6
8131	92.5
8132	92.2
8133	92.4
8134	92.3
8135	92
8136	92.0
8137	91.85
8138	92.2
8139	92.2
8140	91.0
8141	91.8
8142	92.4
8143	92.9
8144	92.4
8145	92.4
8146	92.25
8147	93.55
8148	90.7
8149	91.75
8150	92.2
8151	91.6
8152	90.7
8153	92.9
8154	91.7
8155	91.9
8156	93.3
8157	90.85
8158	91.6
8159	92.4
8160	93.3
8161	92.55
8162	91.7
8163	92.1
8164	91.5
8165	92.15
8166	92.8
8167	93.1
8168	93.0
8169	91.8
8170	92.1
8171	92.9
8172	92.6
8173	90.6
8174	92.2
8175	92.4
8176	90.35
8177	92.8
8178	91.8
8179	92.4
8180	93
8181	91.4
8182	91.8
8183	92.55
8184	92.8
8185	91.75
8186	92.4
8187	92.6
8188	92.8
8189	92.3
8190	92.55
8191	90.9
8192	92.5
8193	92.7
8194	91.8
8195	93.0
8196	93.3
8197	92.7
8198	93
8199	91.2
8200	92.0
8201	92.1
8202	92.5
8203	91.9
8204	92.4
8205	93.2
8206	92.2
8207	91.7
8208	92.3
8209	92.8
8210	92.1
8211	92.6
8212	92.2
8213	91.75
8214	92.0
8215	91.8
8216	92
8217	91.8
8218	92.05
8219	92.6
8220	92.1
8221	92.7
8222	93.3
8223	92.8
8224	92.3
8225	92.65
8226	92.3
8227	92.4
8228	91.2
8229	92.25
8230	92.4
8231	92
8232	91.8
8233	92.05
8234	92.1
8235	92.3
8236	92.3
8237	91.5
8238	92.65
8239	92.4
8240	92.2
8241	92.7
8242	92.5
8243	92.5
8244	92.3
8245	93.1
8246	92.4
8247	93
8248	92.3
8249	91.3
8250	92.2
8251	92.15
8252	91.1
8253	92.4
8254	91.95
8255	92.1
8256	93.0
8257	92.25
8258	93.0
8259	92.8
8260	90.5
8261	91.65
8262	91.8
8263	92
8264	92.1
8265	92
8266	92.5
8267	92.4
8268	91.1
8269	90.4
8270	92.2
8271	92.6
8272	92.2
8273	92.7
8274	91.4
8275	92.2
8276	92.5
8277	92.3
8278	92.5
8279	90.8
8280	92.8
8281	90.3
8282	92.5
8283	92
8284	89.8
8285	92.3
8286	92.5
8287	91.6
8288	92.7
8289	91.6
8290	93
8291	92.5
8292	92.6
8293	92.2
8294	91.7
8295	92.5
8296	92.1
8297	90.9
8298	92.2
8299	91.85
8300	92.1
8301	92
8302	92.8
8303	92.5
8304	92.6
8305	93.2
8306	91.6
8307	91.95
8308	92.0
8309	90.9
8310	92.7
8311	91.2
8312	93.2
8313	90.7
8314	92.0
8315	92.8
8316	90.15
8317	90.6
8318	93.1
8319	91.3
8320	91.8
8321	93.1
8322	92.8
8323	92.6
8324	91.6
8325	92.6
8326	92.7
8327	90.5
8328	90.3
8329	90.65
8330	91.9
8331	91.8
8332	92.3
8333	90.9
8334	92.6
8335	92.5
8336	92.6
8337	91.5
8338	91.5
8339	91.7
8340	91.85
8341	91.5
8342	92.2
8343	92.55
8344	90.65
8345	91.2
8346	92.4
8347	92.1
8348	92.4
8349	91.65
8350	91.5
8351	90.9
8352	91.25
8353	92.7
8354	92.3
8355	92.25
8356	92.5
8357	92.8
8358	91.3
8359	92.35
8360	92.5
8361	92.6
8362	92.8
8363	92.5
8364	90.5
8365	91.3
8366	91.4
8367	91.4
8368	92.1
8369	92
8370	91.6
8371	92.6
8372	91.55
8373	93.2
8374	90.2
8375	91.4
8376	91.75
8377	91.3
8378	92.3
8379	92.1
8380	92.3
8381	92.1
8382	91
8383	90.7
8384	91.95
8385	91.8
8386	92
8387	93.0
8388	91.7
8389	91.3
8390	91.7
8391	92.15
8392	92.2
8393	92.1
8394	91.5
8395	91.7
8396	91.9
8397	92.9
8398	91.9
8399	92.0
8400	92.7
8401	92.2
8402	92.3
8403	92.3
8404	90.75
8405	92.85
8406	93.2
8407	92.05
8408	92.2
8409	92.4
8410	91.6
8411	91.3
8412	90.85
8413	92.2
8414	92.8
8415	91.7
8416	92.8
8417	92.25
8418	91.4
8419	92.3
8420	91.7
8421	92.1
8422	92.7
8423	91.7
8424	93.0
8425	92.0
8426	92.5
8427	93.25
8428	92.6
8429	91.2
8430	92.0
8431	92.65
8432	93.5
8433	91.8
8434	92.7
8435	92.1
8436	92.6
8437	91.25
8438	91.95
8439	91.3
8440	92.1
8441	92.4
8442	93.1
8443	92.9
8444	92.9
8445	92.5
8446	90.3
8447	91.8
8448	92.65
8449	93.2
8450	92.1
8451	92.9
8452	92.6
8453	93.4
8454	91.3
8455	92.15
8456	91.4
8457	92.9
8458	91.8
8459	90.0
8460	91.8
8461	91.1
8462	92
8463	92.2
8464	91.9
8465	92.5
8466	92.4
8467	92.2
8468	90.65
8469	92.75
8470	91.9
8471	91.1
8472	91.9
8473	91.2
8474	92.05
8475	93.3
8476	92.45
8477	92.7
8478	92.35
8479	92.1
8480	93.45
8481	92.0
8482	92.8
8483	92.25
8484	92.0
8485	93.6
8486	92.7
8487	92.0
8488	91.7
8489	91.5
8490	92.1
8491	91.45
8492	91.8
8493	91.85
8494	91.5
8495	92.0
8496	92.3
8497	91.5
8498	89.9
8499	90.6
8500	92.9
8501	92.05
8502	91.9
8503	91.65
8504	92.8
8505	92.4
8506	90.8
8507	92.6
8508	92.4
8509	93.1
8510	92.4
8511	91.7
8512	93
8513	92.0
8514	91.7
8515	92.5
8516	92.6
8517	91.8
8518	90.9
8519	92.7
8520	91.6
8521	92.5
8522	91.9
8523	92.5
8524	92.9
8525	92.0
8526	92.1
8527	92.3
8528	93.35
8529	92.2
8530	91.5
8531	92.6
8532	91.6
8533	92.8
8534	91.2
8535	92.2
8536	92.6
8537	92.45
8538	92.3
8539	91.6
8540	92
8541	92.3
8542	93.2
8543	92.8
8544	91.7
8545	92.2
8546	91.9
8547	91.2
8548	92.3
8549	90.5
8550	91.9
8551	91.3
8552	91.5
8553	92.5
8554	92.6
8555	92.1
8556	91.9
8557	91.0
8558	93.4
8559	91.5
8560	91.4
8561	91.4
8562	92.1
8563	92
8564	92
8565	91.8
8566	92.6
8567	92.9
8568	92.1
8569	92.05
8570	91.7
8571	91.8
8572	90.5
8573	92.4
8574	91.85
8575	91.05
8576	91.2
8577	90.6
8578	91.9
8579	92.7
8580	91.5
8581	91.1
8582	91.8
8583	91.05
8584	92.6
8585	91.95
8586	92.3
8587	91.5
8588	91.4
8589	91.75
8590	92
8591	92.1
8592	92.55
8593	92.1
8594	92.8
8595	91.8
8596	93.1
8597	91.8
8598	91.2
8599	91.0
8600	92.85
8601	92
8602	91.8
8603	90.9
8604	91.3
8605	92.4
8606	92.7
8607	91.1
8608	91.0
8609	91.2
8610	92.4
8611	92.9
8612	92.4
8613	91.8
8614	92.1
8615	90.1
8616	92.1
8617	91.9
8618	92.0
8619	91.5
8620	90.7
8621	91.6
8622	92.3
8623	92.0
8624	91.9
8625	91.4
8626	92
8627	93.7
8628	91.4
8629	92.1
8630	91.7
8631	91.9
8632	93.1
8633	91.2
8634	90.6
8635	92.15
8636	92.1
8637	91.6
8638	92.6
8639	92.1
8640	92.3
8641	92.5
8642	93
8643	92.3
8644	93.5
8645	91.5
8646	92.1
8647	90.75
8648	92.6
8649	91.5
8650	92.7
8651	92.5
8652	92.0
8653	92.2
8654	91.25
8655	92.6
8656	90.6
8657	92.1
8658	90.4
8659	92.6
8660	93
8661	92.35
8662	92.1
8663	92.3
8664	92
8665	92.0
8666	92.25
8667	91.4
8668	93.4
8669	91.8
8670	92
8671	93.0
8672	91.75
8673	91.5
8674	91.1
8675	92.2
8676	92.75
8677	91.15
8678	92.1
8679	91.6
8680	91.7
8681	92.0
8682	92.9
8683	92.4
8684	93.2
8685	92.1
8686	93.4
8687	92.9
8688	92.3
8689	92.0
8690	93.6
8691	92.5
8692	92.7
8693	91.3
8694	90.9
8695	91.1
8696	92.75
8697	91.1
8698	92
8699	91.8
8700	91.8
8701	91.1
8702	92.1
8703	91.7
8704	91.9
8705	92.9
8706	91.8
8707	93.0
8708	91.1
8709	91
8710	91.7
8711	92.2
8712	92.05
8713	92.7
8714	92.4
8715	90.55
8716	92.55
8717	91.9
8718	91.8
8719	91.9
8720	93.15
8721	91.6
8722	91.75
8723	92.7
8724	91.3
8725	91.65
8726	92.9
8727	92.75
8728	91.9
8729	91.2
8730	92.35
8731	92.55
8732	91.45
8733	90.8
8734	92.4
8735	91.9
8736	91.2
8737	92.1
8738	91.1
8739	91.9
8740	90.7
8741	92.7
8742	90.9
8743	92.2
8744	92.05
8745	92.1
8746	91.35
8747	92.4
8748	90.9
8749	90.0
8750	92.1
8751	90.95
8752	92.55
8753	92.85
8754	91.5
8755	91.7
8756	92.8
8757	90.5
8758	91.6
8759	92.3
8760	91.0
8761	91.0
8762	90.55
8763	92.0
8764	93.2
8765	91.8
8766	92.2
8767	92.3
8768	92.05
8769	91.8
8770	91.2
8771	91.75
8772	91.9
8773	92.1
8774	92.9
8775	91.7
8776	90.5
8777	91.5
8778	93.1
8779	91.1
8780	92.4
8781	91.9
8782	91.7
8783	90.2
8784	90.7
8785	91.4
8786	91.45
8787	92.2
8788	91.6
8789	92.85
8790	91.7
8791	91.1
8792	91.15
8793	92.6
8794	91.8
8795	93.2
8796	92.4
8797	91.2
8798	92.8
8799	92.4
8800	91.0
8801	91.9
8802	92.4
8803	92.45
8804	91.9
8805	92.9
8806	92.5
8807	91.7
8808	92.3
8809	91.6
8810	91.7
8811	91.6
8812	92
8813	92.2
8814	93.1
8815	92.4
8816	92.2
8817	91.6
8818	92.3
8819	92.45
8820	93.1
8821	92.4
8822	92.55
8823	90.4
8824	92.4
8825	91.2
8826	92.65
8827	90.55
8828	93.2
8829	92.35
8830	91.8
8831	92.4
8832	92.5
8833	91.4
8834	90.9
8835	91.7
8836	92.3
8837	89.3
8838	91.9
8839	90.4
8840	92.2
8841	92.8
8842	92.8
8843	92.8
8844	91.05
8845	92.1
8846	91.2
8847	91.95
8848	92.8
8849	91.5
8850	92.3
8851	92.7
8852	92.4
8853	91.7
8854	92.1
8855	91.9
8856	90.65
8857	92.8
8858	90.85
8859	91.15
8860	91.3
8861	92.75
8862	92.5
8863	92.15
8864	93.0
8865	92.9
8866	92.1
8867	92.6
8868	92.9
8869	91.9
8870	91.65
8871	91.8
8872	92.7
8873	91.3
8874	92.7
8875	92.1
8876	91.9
8877	91.4
8878	93.5
8879	92.25
8880	91.3
8881	92.0
8882	93
8883	91.0
8884	90.8
8885	93.2
8886	93.05
8887	92.1
8888	92.8
8889	92.6
8890	93
8891	93.0
8892	91.4
8893	92.85
8894	92
8895	91.1
8896	92.8
8897	91.1
8898	92.4
8899	92.1
8900	92.3
8901	91.2
8902	92.0
8903	91.8
8904	93.1
8905	92.3
8906	91.6
8907	92.3
8908	91.7
8909	92.9
8910	93.0
8911	93.3
8912	92.6
8913	93.2
8914	91.7
8915	92.4
8916	92.4
8917	92.2
8918	90.8
8919	92.1
8920	93.3
8921	91.55
8922	92.7
8923	92.4
8924	90.55
8925	91.8
8926	92.1
8927	92.1
8928	93.2
8929	92.2
8930	92.6
8931	90.8
8932	90.7
8933	92.1
8934	92.4
8935	92.2
8936	93.1
8937	93.1
8938	89.45
8939	90.55
8940	93.5
8941	93.0
8942	91.35
8943	91.45
8944	92.5
8945	93.0
8946	91.5
8947	93.0
8948	91.7
8949	92.55
8950	91.4
8951	93.0
8952	92.65
8953	92.4
8954	91.4
8955	91.8
8956	93.45
8957	92.1
8958	92.1
8959	92.2
8960	92.8
8961	92.3
8962	92.4
8963	92.4
8964	92.5
8965	91.4
8966	92.45
8967	91.6
8968	93.5
8969	92.25
8970	91.6
8971	92.3
8972	91.9
8973	90.5
8974	91.5
8975	92.6
8976	93.0
8977	91.85
8978	92.0
8979	91.7
8980	91.2
8981	91.85
8982	91.9
8983	92.3
8984	92.7
8985	92.1
8986	90.8
8987	91.8
8988	92.8
8989	90.1
8990	91.7
8991	92.2
8992	92.8
8993	92.8
8994	92.3
8995	90.7
8996	92.2
8997	92.4
8998	92.5
8999	92.5
9000	90.75
9001	92.1
9002	92.85
9003	91.9
9004	93.1
9005	91.4
9006	90.7
9007	91.4
9008	92.5
9009	92.9
9010	92.1
9011	92.2
9012	91.2
9013	92.8
9014	92.9
9015	90.95
9016	91.8
9017	91.2
9018	90.65
9019	93.2
9020	92.85
9021	90.5
9022	90.9
9023	91.0
9024	91.0
9025	92.5
9026	92.1
9027	91.35
9028	90.5
9029	92.15
9030	91.8
9031	92.25
9032	92
9033	91.85
9034	92.65
9035	91.6
9036	91.55
9037	91.9
9038	92.3
9039	91.85
9040	91.1
9041	92.6
9042	91.6
9043	90.6
9044	91.4
9045	92.55
9046	91.3
9047	92.3
9048	91.9
9049	91.65
9050	92.8
9051	90.3
9052	93.2
9053	89.9
9054	92.2
9055	92.2
9056	92.8
9057	92.3
9058	91.6
9059	92
9060	92.3
9061	93.4
9062	91.1
9063	91.85
9064	92.3
9065	92.1
9066	92.8
9067	92.5
9068	90.9
9069	92.1
9070	92.4
9071	91.8
9072	92.8
9073	91.7
9074	91.8
9075	92.2
9076	92.0
9077	91.7
9078	92.5
9079	91.7
9080	92.45
9081	90.75
9082	92.8
9083	93.05
9084	92.1
9085	90.4
9086	90.8
9087	90.9
9088	91.55
9089	92.5
9090	92.4
9091	90.7
9092	92.2
9093	91.7
9094	92.7
9095	91.7
9096	91.9
9097	91.6
9098	93.2
9099	93.3
9100	92.25
9101	91.7
9102	92.75
9103	90.8
9104	91.7
9105	91.1
9106	91.7
9107	92.1
9108	90.9
9109	92.15
9110	91.8
9111	93
9112	91.75
9113	91.4
9114	92.15
9115	91.4
9116	92.5
9117	92.8
9118	91.1
9119	91.7
9120	89.75
9121	92.0
9122	91.65
9123	90.1
9124	92.9
9125	91.8
9126	92.6
9127	93.1
9128	91.3
9129	91.2
9130	91.7
9131	92.1
9132	90.7
9133	91.4
9134	91
9135	91.6
9136	92.3
9137	91.8
9138	91.6
9139	92.6
9140	92
9141	91.7
9142	91
9143	92.1
9144	91.7
9145	92.3
9146	91.8
9147	91.9
9148	91.5
9149	91.8
9150	91.5
9151	92.5
9152	92.5
9153	91.9
9154	91.6
9155	92.1
9156	90.4
9157	92.0
9158	91.65
9159	92.2
9160	90.4
9161	91.6
9162	92.8
9163	92.1
9164	91.9
9165	91.5
9166	91.9
9167	91.7
9168	91.2
9169	91.4
9170	91.3
9171	91.8
9172	90.6
9173	90.9
9174	91.0
9175	92.15
9176	93.2
9177	92.7
9178	90.8
9179	90.8
9180	91.5
9181	92.2
9182	92.3
9183	93.4
9184	91.8
9185	91.5
9186	90.5
9187	91.95
9188	92
9189	91.9
9190	91.5
9191	92.6
9192	92.0
9193	91.2
9194	92.05
9195	91.9
9196	91.8
9197	90.2
9198	90.35
9199	92.7
9200	91.4
9201	92.0
9202	92.5
9203	92.6
9204	91.7
9205	92.4
9206	91.0
9207	92.65
9208	91.3
9209	91.05
9210	92.2
9211	91.9
9212	91.9
9213	91.7
9214	91.7
9215	91.7
9216	91.2
9217	90.3
9218	91.7
9219	92.75
9220	91.7
9221	91.9
9222	91.3
9223	91.25
9224	93.3
9225	93.15
9226	90.9
9227	93.3
9228	90.25
9229	92.45
9230	91.45
9231	92.1
9232	92.4
9233	92.85
9234	92.0
9235	91.8
9236	91.7
9237	92.7
9238	92.1
9239	92.0
9240	91.4
9241	93.3
9242	88.6
9243	92.45
9244	92.8
9245	90.9
9246	91.4
9247	91.4
9248	91.9
9249	91.2
9250	91.3
9251	92.7
9252	92.65
9253	92.5
9254	92.0
9255	92.8
9256	91.85
9257	91.35
9258	92.4
9259	92.2
9260	92.6
9261	92.65
9262	90.6
9263	92.25
9264	90.75
9265	93.1
9266	92.35
9267	91.3
9268	91.1
9269	92.6
9270	91.6
9271	92.4
9272	93.0
9273	91.3
9274	93.0
9275	91.85
9276	92.9
9277	92.6
9278	91.9
9279	92.1
9280	91.4
9281	92.0
9282	92.3
9283	92.7
9284	92.2
9285	92.8
9286	91.5
9287	91.5
9288	91.85
9289	92.7
9290	92.0
9291	91.45
9292	93.0
9293	92.3
9294	91.7
9295	92.5
9296	93.0
9297	92.1
9298	91.7
9299	92.8
9300	92.8
9301	93.1
9302	93
9303	93.0
9304	91.5
9305	91.55
9306	92.9
9307	91.4
9308	92.25
9309	92.2
9310	91.6
9311	91.3
9312	92.1
9313	92.0
9314	92.85
9315	91.3
9316	92.1
9317	91.1
9318	92.1
9319	92.7
9320	92.8
9321	91.2
9322	90.9
9323	92.5
9324	92.55
9325	90.9
9326	92.7
9327	90.95
9328	92.0
9329	89.95
9330	92.2
9331	92.8
9332	92.7
9333	92.4
9334	92.35
9335	93.1
9336	91.3
9337	92.2
9338	91.4
9339	91.4
9340	92.1
9341	92.0
9342	91.1
9343	91.4
9344	92.3
9345	92.35
9346	92.1
9347	92.1
9348	91.45
9349	91.4
9350	91.4
9351	92.9
9352	92.95
9353	92.7
9354	93.0
9355	91.8
9356	91.95
9357	91.4
9358	90.45
9359	91.7
9360	92.0
9361	91.5
9362	92.2
9363	91.8
9364	91.15
9365	93.1
9366	92.4
9367	91.5
9368	91.7
9369	91.4
9370	91.5
9371	92.1
9372	92.3
9373	91.0
9374	92.2
9375	91.75
9376	92.05
9377	90.55
9378	92.15
9379	90.35
9380	91.9
9381	92.8
9382	92.55
9383	91.5
9384	90.0
9385	92.2
9386	92.3
9387	92.9
9388	92.4
9389	91.7
9390	91.2
9391	92.85
9392	91.5
9393	90.5
9394	91.65
9395	93.2
9396	91.4
9397	91.7
9398	91.85
9399	91.5
9400	91.1
9401	92.7
9402	91.4
9403	92.2
9404	93.0
9405	92.15
9406	91.8
9407	91.3
9408	91.8
9409	92.3
9410	92.3
9411	91.6
9412	91.55
9413	91.9
9414	91.45
9415	91.3
9416	91.65
9417	91.9
9418	92.2
9419	92.3
9420	91.4
9421	92.85
9422	92.3
9423	92.2
9424	92.7
9425	91.3
9426	92.25
9427	92.35
9428	92.4
9429	91.6
9430	91.8
9431	91.5
9432	92.5
9433	92.65
9434	92.6
9435	92.5
9436	92.1
9437	92.6
9438	92.5
9439	91.85
9440	91.5
9441	92.8
9442	92.5
9443	92.35
9444	91.7
9445	92.25
9446	92.5
9447	91.9
9448	92.15
9449	92.3
9450	91.8
9451	92.9
9452	92.0
9453	92.4
9454	91.4
9455	92.4
9456	92.7
9457	92.9
9458	93.4
9459	91.9
9460	92.7
9461	91.5
9462	92.5
9463	91.6
9464	91.65
9465	92.1
9466	93.1
9467	91.7
9468	93.2
9469	92.1
9470	92.1
9471	91.0
9472	91.4
9473	92.8
9474	90.9
9475	93.8
9476	91.4
9477	92.3
9478	92.4
9479	92.1
9480	90.6
9481	91.2
9482	92.2
9483	92.7
9484	93.65
9485	92.5
9486	91.9
9487	91.7
9488	91.7
9489	91.3
9490	92.1
9491	91.4
9492	91.75
9493	92.6
9494	92.8
9495	91.7
9496	90.8
9497	92.9
9498	91.0
9499	92.3
9500	91.55
9501	91.4
9502	90.6
9503	92.5
9504	92.0
9505	91.65
9506	93.6
9507	91.5
9508	90.6
9509	90.3
9510	90.5
9511	91.2
9512	91.6
9513	92
9514	91.2
9515	92.9
9516	92.3
9517	92.0
9518	89.9
9519	92.95
9520	91.1
9521	89.0
9522	91.8
9523	92.7
9524	89.2
9525	91.4
9526	91.4
9527	90.1
9528	92.5
9529	91.5
9530	91.7
9531	92.5
9532	92.7
9533	91.6
9534	90.8
9535	92.4
9536	92.5
9537	92.8
9538	92.55
9539	92.5
9540	91.4
9541	91.25
9542	92.4
9543	92.1
9544	93.1
9545	92.3
9546	92
9547	92.6
9548	91.1
9549	92.85
9550	92.4
9551	92.15
9552	91.6
9553	92.6
9554	92.15
9555	91.8
9556	90.6
9557	91.7
9558	92.5
9559	92.7
9560	92.9
9561	91.75
9562	92.8
9563	92.1
9564	92.7
9565	91.25
9566	91.9
9567	91.85
9568	92.2
9569	92.8
9570	92.4
9571	92
9572	91.8
9573	92.5
9574	92.2
9575	92.4
9576	92.1
9577	93.1
9578	92.4
9579	90.35
9580	92
9581	91.3
9582	91.2
9583	91.6
9584	89.85
9585	92.45
9586	92.2
9587	91.0
9588	92.8
9589	90.7
9590	91.2
9591	92.1
9592	92.1
9593	92.7
9594	92.0
9595	93.2
9596	91.6
9597	92.35
9598	91.4
9599	91.65
9600	90.9
9601	91.5
9602	92.15
9603	92.8
9604	91.8
9605	91.1
9606	92.2
9607	91.7
9608	91.9
9609	90.95
9610	92.7
9611	93.0
9612	91.5
9613	92.3
9614	91.5
9615	91.2
9616	92
9617	91.1
9618	92.7
9619	91.5
9620	92.3
9621	91.4
9622	92.65
9623	90.9
9624	91.2
9625	91.85
9626	91.5
9627	92.0
9628	91.5
9629	91.2
9630	92.15
9631	92.4
9632	92.5
9633	92.8
9634	91.6
9635	92.0
9636	91.6
9637	90.3
9638	91.1
9639	91.4
9640	91.25
9641	92.5
9642	93.35
9643	92.5
9644	91.5
9645	92.45
9646	90.0
9647	91.4
9648	91.7
9649	91.1
9650	91.9
9651	91.5
9652	90.05
9653	92.5
9654	92.0
9655	92.6
9656	91.9
9657	92.8
9658	91.8
9659	90.9
9660	89.6
9661	92.7
9662	91.9
9663	91.85
9664	92.3
9665	91.8
9666	92.45
9667	91.7
9668	91.6
9669	92.9
9670	92.5
9671	92.5
9672	91.8
9673	92.15
9674	92.3
9675	90.8
9676	92.75
9677	92.0
9678	91.5
9679	90
9680	90.7
9681	90.9
9682	90.4
9683	92.1
9684	91.45
9685	90.8
9686	90.1
9687	92.5
9688	90.8
9689	92.4
9690	91.8
9691	90.5
9692	91.7
9693	92.9
9694	92.9
9695	91.4
9696	92.9
9697	92.3
9698	92.3
9699	91.8
9700	91.7
9701	92.5
9702	92.6
9703	93.1
9704	92.5
9705	90.7
9706	92.2
9707	92.2
9708	90.7
9709	91.2
9710	90.65
9711	92.1
9712	91.45
9713	92.2
9714	91.45
9715	91.2
9716	91.2
9717	90.6
9718	92.5
9719	92.3
9720	92.3
9721	92.8
9722	92.65
9723	91.8
9724	92.1
9725	90.5
9726	93.0
9727	92.05
9728	91.8
9729	90.6
9730	93.0
9731	92.1
9732	91.05
9733	92.6
9734	92.2
9735	92.1
9736	91.4
9737	92.4
9738	92.4
9739	92
9740	92.8
9741	91.9
9742	92.2
9743	91.0
9744	91.6
9745	92.1
9746	91.95
9747	92.3
9748	92.0
9749	90.3
9750	92.8
9751	92.4
9752	92.4
9753	92.65
9754	91.5
9755	91.75
9756	90
9757	92.85
9758	93.0
9759	92.95
9760	92.8
9761	91.3
9762	93.2
9763	92.2
9764	91.4
9765	93.8
9766	90.0
9767	91.9
9768	92.3
9769	93.0
9770	91.8
9771	92.2
9772	89.7
9773	92.1
9774	90.7
9775	90.15
9776	91.0
9777	93
9778	90.95
9779	92.15
9780	92.2
9781	92.35
9782	91.6
9783	91.8
9784	91.6
9785	92.9
9786	92.1
9787	91.5
9788	90.3
9789	92.1
9790	91.75
9791	92.4
9792	91.8
9793	90.3
9794	90.6
9795	92.3
9796	92.4
9797	92.9
9798	92.8
9799	91.8
9800	91.1
9801	93.6
9802	92.0
9803	92.9
9804	91.25
9805	92.4
9806	92.5
9807	92.4
9808	92.35
9809	92.1
9810	91.5
9811	93.1
9812	92.15
9813	92.7
9814	91.2
9815	92.1
9816	91.45
9817	91.1
9818	91.4
9819	93.3
9820	90.3
9821	92.3
9822	93.05
9823	91.7
9824	91.6
9825	92.7
9826	92.1
9827	91.9
9828	92.0
9829	91.5
9830	92.2
9831	92.8
9832	91.0
9833	92.3
9834	91.8
9835	92.1
9836	91.2
9837	92.2
9838	92.1
9839	91.3
9840	91.8
9841	92.7
9842	91.8
9843	91.5
9844	91.7
9845	91.8
9846	91.6
9847	91.55
9848	92.15
9849	93.05
9850	92
9851	91.45
9852	92.1
9853	91.6
9854	92.25
9855	90.5
9856	92.7
9857	90.35
9858	92.75
9859	91.7
9860	90.3
9861	91.9
9862	91.0
9863	92.75
9864	90.8
9865	91.3
9866	91.5
9867	90.95
9868	92.4
9869	92.0
9870	92.8
9871	93.2
9872	91.5
9873	92.5
9874	91.1
9875	91.1
9876	91.9
9877	92.2
9878	91.9
9879	92.65
9880	93.1
9881	92.55
9882	92.8
9883	92.9
9884	94
9885	91.6
9886	91.9
9887	93.1
9888	92.6
9889	92.6
9890	92.1
9891	91.2
9892	90.0
9893	92.85
9894	91.55
9895	90.6
9896	90.7
9897	92.7
9898	92.5
9899	91.4
9900	91.9
9901	91.05
9902	92.0
9903	92.2
9904	91.7
9905	92.0
9906	92.1
9907	91.3
9908	92.2
9909	91.2
9910	91.85
9911	92.1
9912	90.9
9913	90.95
9914	90.3
9915	92.45
9916	92.15
9917	92.75
9918	90.95
9919	92.6
9920	92.9
9921	91.3
9922	91.7
9923	90.9
9924	92.8
9925	92.0
9926	92.75
9927	91.25
9928	90.4
9929	90.4
9930	92.8
9931	90.5
9932	92.05
9933	91.8
9934	91.95
9935	90.5
9936	92.35
9937	91.3
9938	90
9939	92
9940	90.6
9941	92.2
9942	92.0
9943	92.6
9944	90.5
9945	92.35
9946	92.5
9947	91.5
9948	92.7
9949	90.6
9950	91.35
9951	91.9
9952	91.8
9953	90.6
9954	90.7
9955	91.3
9956	91.8
9957	91.7
9958	92.3
9959	90.95
9960	92.1
9961	91.8
9962	92.6
9963	91.25
9964	92.25
9965	92
9966	91.5
9967	91.2
9968	90.55
9969	91.7
9970	91.7
9971	92.0
9972	92
9973	92.8
9974	91.3
9975	92.1
9976	92.9
9977	90.7
9978	91.8
9979	92.2
9980	92.2
9981	91.5
9982	91.7
9983	92.9
9984	91.6
9985	92.7
9986	92.5
9987	92.2
9988	91.0
9989	92.4
9990	91.1
9991	93.0
9992	91.7
9993	91.7
9994	91.6
9995	92.8
9996	92.7
9997	92.1
9998	92.2
9999	91.4
10000	91.6
