"Chromosome"	"Start"	"End"	"MP"
"chr16"	75423552	75423553	96.2
"chr3"	186438147	186438148	75.4
"chr3"	186873590	186873591	92.8
"chr1"	14478738	14478739	10.2
"chr16"	439094	439095	95.8
"chrX"	18762848	18762849	67.7
"chr5"	179774722	179774723	96.6
"chr4"	156238579	156238580	90.3
"chr8"	40276334	40276335	44.8
"chr19"	2511448	2511449	96.9
"chr4"	7836285	7836286	91.8
"chr3"	20895185	20895186	60.4
"chr5"	1617613	1617614	96
"chr17"	78958161	78958162	91.8
"chr7"	28637676	28637677	5.7
"chr11"	48942866	48942867	6.4
"chr7"	35257020	35257021	3.6
"chr6"	71177879	71177880	49.4
"chr19"	3189575	3189576	95.3
"chr5"	21290379	21290380	46.7
"chr18"	5379202	5379203	6.9
"chr9"	87525589	87525590	49.7
"chr12"	113436914	113436915	71.4
"chr11"	31152187	31152188	96.4
"chrX"	42004716	42004717	96.6
"chr8"	106433034	106433035	95.1
"chr7"	57675442	57675443	2.9
"chr7"	98028749	98028750	87.3
"chr10"	23650902	23650903	42.2
"chr4"	533861	533862	96.6
"chr4"	181536067	181536068	95.7
"chr3"	38537603	38537604	97
"chr4"	1750474	1750475	54.3
"chr6"	21575015	21575016	96.7
"chr2"	109203398	109203399	97.3
"chr12"	42006051	42006052	85.3
"chr6"	105292921	105292922	96.4
"chr13"	19496845	19496846	82.6
"chr2"	104726463	104726464	79.4
"chr11"	37105060	37105061	14.4
"chr8"	61181759	61181760	94.9
"chr10"	117756588	117756589	69.8
"chr3"	193018297	193018298	70
"chr10"	5299116	5299117	94.4
"chr2"	2411200	2411201	4.1
"chr5"	107167041	107167042	92.5
"chr17"	59335838	59335839	97
"chr6"	4569935	4569936	85.1
"chr7"	35005734	35005735	93.7
"chr17"	74203862	74203863	2.5
"chr8"	130355855	130355856	94.7
"chr1"	192500643	192500644	96.7
"chr9"	62740879	62740880	95.4
"chr10"	59027910	59027911	35.9
"chr2"	4870627	4870628	7
"chr16"	11573013	11573014	97.3
"chr20"	33759040	33759041	96.6
"chr10"	59170794	59170795	74.3
"chr2"	41973996	41973997	3.1
"chr6"	78364672	78364673	49.2
"chr2"	76961108	76961109	55
"chr12"	10253856	10253857	67.5
"chr17"	46976116	46976117	84.8
"chr8"	9606135	9606136	59.2
"chr16"	18637863	18637864	96.2
"chr12"	129336495	129336496	75.2
"chr8"	22607497	22607498	92
"chr1"	162581704	162581705	94.6
"chr10"	129510663	129510664	94.6
"chr16"	24290409	24290410	3.9
"chr6"	13777702	13777703	37.9
"chr1"	222853216	222853217	76.2
"chr20"	58883906	58883907	92.6
"chr5"	93594880	93594881	4
"chr20"	38461347	38461348	95.7
"chr2"	115564129	115564130	26.4
"chrX"	38775183	38775184	96.1
"chr3"	129424652	129424653	3.6
"chr19"	46375158	46375159	96.7
"chr14"	103441384	103441385	96.9
"chr12"	116066818	116066819	19.1
"chr5"	100535495	100535496	3.3
"chr3"	68125399	68125400	8
"chr14"	67852157	67852158	89.4
"chr2"	235830073	235830074	29
"chr15"	34174574	34174575	97.1
"chr6"	151241263	151241264	4.1
"chr12"	123134281	123134282	96.6
"chr17"	78087009	78087010	97
"chr3"	94003605	94003606	95.8
"chr8"	105500306	105500307	5.7
"chr14"	18372015	18372016	34.8
"chr15"	100427069	100427070	85.5
"chr9"	98900344	98900345	71.2
"chr15"	26165807	26165808	27.3
"chr2"	1115472	1115473	91.6
"chr2"	120912811	120912812	96
"chrX"	153260089	153260090	94.7
"chr2"	225015432	225015433	97.1
"chr17"	3590365	3590366	3.6
"chr14"	19321293	19321294	24.4
"chr11"	2730057	2730058	5
"chr4"	114894835	114894836	74.3
"chr15"	47466794	47466795	86.1
"chr7"	116542045	116542046	95
"chr7"	136916564	136916565	84.4
"chr6"	41687918	41687919	96.7
"chr9"	91084807	91084808	92
"chr20"	187205	187206	89.6
"chr20"	43900210	43900211	95.4
"chr20"	5987893	5987894	92.2
"chr2"	28812977	28812978	95
"chr12"	50895327	50895328	92
"chr2"	26398279	26398280	95.6
"chr5"	38463782	38463783	62.8
"chr10"	34532136	34532137	93.6
"chr12"	106080826	106080827	54
"chr10"	102029725	102029726	96
"chrY"	10611367	10611368	97.1
"chr11"	76607077	76607078	7.3
"chr3"	184230269	184230270	3.5
"chr21"	43724442	43724443	29.9
"chr22"	48559101	48559102	95.7
"chr20"	4595181	4595182	72.8
"chr2"	107170548	107170549	69.2
"chr15"	27486033	27486034	56.4
"chr3"	114179023	114179024	43.3
"chr12"	131838211	131838212	63.2
"chrX"	71812950	71812951	96.4
"chr1"	78359011	78359012	96.3
"chr5"	28809013	28809014	87.6
"chr5"	65173299	65173300	90.5
"chr5"	147692748	147692749	94.7
"chr6"	150043281	150043282	71.6
"chr7"	17122603	17122604	95
"chr1"	152023078	152023079	57.6
"chr10"	123637524	123637525	34.8
"chr2"	112276841	112276842	17.9
"chr1"	63431595	63431596	96.6
"chr2"	152438492	152438493	60.6
"chr7"	1256230	1256231	31.3
"chr12"	4327268	4327269	96.8
"chr18"	27511034	27511035	39.9
"chr10"	119639197	119639198	90.6
"chr11"	93522679	93522680	47.4
"chr1"	147004688	147004689	49.3
"chr5"	144015978	144015979	71.5
"chr7"	156382850	156382851	25.8
"chr1"	208244240	208244241	3.3
"chr17"	9296045	9296046	95.7
"chr18"	10528041	10528042	92.6
"chr13"	112744280	112744281	97.3
"chr15"	35259138	35259139	96.6
"chr11"	116947627	116947628	96.6
"chr1"	143282165	143282166	40.5
"chr2"	130764586	130764587	65.1
"chr7"	17208759	17208760	96.4
"chr9"	136076961	136076962	94.5
"chr8"	33362255	33362256	96.1
"chr16"	76251451	76251452	5.1
"chr2"	52462237	52462238	93.3
"chr16"	76472114	76472115	5
"chrY"	12737130	12737131	96.2
"chr1"	55009191	55009192	93.2
"chr7"	131296838	131296839	94.8
"chr4"	229387	229388	95.1
"chr18"	32065393	32065394	82.1
"chr3"	180060296	180060297	90.9
"chr13"	65330426	65330427	88.5
"chr3"	172450053	172450054	2.4
"chr5"	40209870	40209871	83.6
"chr7"	82805963	82805964	68.8
"chr13"	70690197	70690198	91
"chr9"	96475734	96475735	92.1
"chr1"	171402314	171402315	88.2
"chr2"	75654830	75654831	94.4
"chr11"	1078508	1078509	96.8
"chr2"	121021799	121021800	85.7
"chr22"	49900548	49900549	96.6
"chr7"	3876058	3876059	75.7
"chr2"	13698393	13698394	58.1
"chr17"	60550815	60550816	97.1
"chr1"	4171463	4171464	86.2
"chr6"	141139700	141139701	88.2
"chr2"	25541412	25541413	89.7
"chr21"	43830309	43830310	95.3
"chr10"	15905362	15905363	65.1
"chr10"	128269490	128269491	91
"chr7"	68964660	68964661	56.2
"chr13"	66704025	66704026	96.3
"chr16"	87728093	87728094	95.4
"chr15"	99452193	99452194	96.8
"chr5"	141583547	141583548	93.7
"chr3"	188568528	188568529	92.9
"chr7"	24989847	24989848	89.2
"chr7"	157240214	157240215	95.8
"chr10"	78407653	78407654	3.9
"chr5"	35397421	35397422	96.8
"chr15"	25567171	25567172	81.1
"chr14"	60584328	60584329	96.3
"chr14"	106119199	106119200	3.1
"chr22"	20151894	20151895	97.2
"chr17"	2130215	2130216	97
"chr19"	19063580	19063581	3.9
"chr1"	149165619	149165620	92.8
"chr5"	32746305	32746306	28.3
"chr4"	142930908	142930909	60
"chr4"	41016598	41016599	96.9
"chr2"	177104416	177104417	93.5
"chr1"	163352737	163352738	95.7
"chr4"	77819845	77819846	3.4
"chr10"	17029458	17029459	68.3
"chr1"	210660402	210660403	8.7
"chr6"	166766960	166766961	72.8
"chr13"	103426319	103426320	95.2
"chr1"	171979188	171979189	69.1
"chr11"	1498439	1498440	97.3
"chr9"	122904851	122904852	4
"chr9"	80498125	80498126	64.6
"chr1"	233191298	233191299	95.8
"chr20"	58489457	58489458	89
"chr1"	37672653	37672654	96.7
"chr14"	67237849	67237850	83.5
"chr13"	101763008	101763009	45.9
"chr11"	68271547	68271548	3.6
"chr12"	122084439	122084440	96.4
"chr15"	62258302	62258303	91.6
"chr3"	24830564	24830565	2.5
"chr5"	146338778	146338779	25.5
"chr6"	33688951	33688952	94.6
"chr9"	67628741	67628742	95.2
"chr16"	87619113	87619114	47
"chr17"	40178011	40178012	3.4
"chr2"	79054854	79054855	93.3
"chr7"	37510606	37510607	7.8
"chr8"	143389396	143389397	94.7
"chr2"	56139563	56139564	29.1
"chr5"	179432599	179432600	96.5
"chr16"	348670	348671	97
"chr4"	44374326	44374327	73.9
"chr5"	10439855	10439856	96.2
"chr13"	112374499	112374500	96.6
"chr20"	39867558	39867559	84.3
"chr7"	141045239	141045240	5.2
"chr17"	81481356	81481357	33.4
"chr16"	35233693	35233694	51.8
"chr7"	10835712	10835713	92.2
"chr11"	49479961	49479962	4.6
"chr18"	27859196	27859197	78.6
"chr8"	81284543	81284544	78.4
"chr11"	132142644	132142645	15.8
"chr10"	112794352	112794353	95
"chr19"	5543174	5543175	95.5
"chr3"	72221463	72221464	95.5
"chr4"	188372994	188372995	13.3
"chr9"	37027901	37027902	3.1
"chr3"	185877288	185877289	97.5
"chr9"	84367851	84367852	54.6
"chr17"	64919221	64919222	3.5
"chr8"	79374770	79374771	69.2
"chr6"	31276901	31276902	15.2
"chr12"	124296943	124296944	77.6
"chr5"	135375446	135375447	87.7
"chr1"	213526327	213526328	95.8
"chr17"	31559115	31559116	2.8
"chr3"	71511060	71511061	72.9
"chr10"	130027015	130027016	95.6
"chr8"	131173446	131173447	93.6
"chr22"	31346242	31346243	4.2
"chr8"	67387508	67387509	86.6
"chr1"	162746589	162746590	97
"chr12"	132550382	132550383	64.6
"chr5"	26507232	26507233	5.3
"chr2"	2131299	2131300	36.7
"chr4"	47468921	47468922	93.2
"chr17"	19004503	19004504	3.2
"chr14"	100851771	100851772	82.1
"chr7"	23882818	23882819	90.8
"chr19"	55993994	55993995	95.4
"chr4"	48760820	48760821	97.4
"chr13"	66785400	66785401	49
"chr7"	137355797	137355798	69.8
"chr1"	92348001	92348002	96.4
"chr2"	7554813	7554814	81.6
"chr17"	2755275	2755276	2.7
"chr2"	195021208	195021209	89.2
"chr12"	69142078	69142079	92.8
"chr1"	220667720	220667721	94.2
"chr3"	60292330	60292331	94.7
"chr10"	30090191	30090192	95.2
"chrX"	57996993	57996994	4.5
"chr17"	40140616	40140617	3.6
"chrX"	68017318	68017319	10.6
"chr7"	37048689	37048690	97.1
"chr16"	86183877	86183878	78.1
"chr6"	52916486	52916487	6.7
"chr6"	32894651	32894652	3.3
"chr9"	128998186	128998187	95.8
"chr19"	3064123	3064124	71.8
"chr9"	136666128	136666129	3.5
"chr7"	28933443	28933444	96.4
"chr17"	8207693	8207694	97
"chr6"	29675014	29675015	94.1
"chr4"	69761514	69761515	94
"chr22"	40398561	40398562	68.2
"chr2"	11389648	11389649	90
"chr18"	32208799	32208800	47.1
"chr17"	82240036	82240037	95.8
"chr11"	49411012	49411013	71.4
"chr5"	126659053	126659054	96.8
"chr21"	12981839	12981840	56.8
"chr4"	11388346	11388347	94.8
"chr5"	44384404	44384405	62.2
"chr13"	44994309	44994310	96.1
"chr15"	40935998	40935999	71.6
"chr1"	90626505	90626506	95.6
"chr17"	9410566	9410567	92.4
"chr12"	54188888	54188889	4.2
"chr16"	7487118	7487119	91.3
"chr15"	99039103	99039104	82.6
"chr1"	118183357	118183358	22.4
"chr15"	70626103	70626104	91.2
"chr12"	63837721	63837722	81.1
"chrY"	3174672	3174673	84.9
"chr2"	191925924	191925925	42.3
"chr8"	10589890	10589891	95.7
"chr4"	96368489	96368490	50.4
"chr19"	426547	426548	94.6
"chr10"	124093533	124093534	3.5
"chr12"	68214606	68214607	44.4
"chr7"	92150252	92150253	96.3
"chr3"	52845937	52845938	49.4
"chr7"	128559442	128559443	97.2
"chr1"	89072191	89072192	94.5
"chr1"	225876894	225876895	96.1
"chr15"	67712635	67712636	97.1
"chr4"	39553839	39553840	96.2
"chr1"	58745982	58745983	65.3
"chr16"	59259941	59259942	3.9
"chr16"	46738900	46738901	96.1
"chr9"	136896482	136896483	95.5
"chr22"	26743097	26743098	96.8
"chr6"	164736940	164736941	85.9
"chr4"	87220339	87220340	3.9
"chr19"	32502486	32502487	72.8
"chr9"	99084293	99084294	96
"chrX"	30481417	30481418	95.6
"chr18"	29588324	29588325	91.4
"chr14"	31287120	31287121	97.3
"chr22"	49322238	49322239	41.1
"chr10"	7296944	7296945	96.9
"chr21"	36804408	36804409	94.7
"chr20"	61423762	61423763	94
"chr4"	180677004	180677005	68.2
"chr13"	22967083	22967084	81
"chr11"	47835279	47835280	75.7
"chr10"	106543628	106543629	85.5
"chr12"	71558742	71558743	25.7
"chr12"	106164479	106164480	39.5
"chr2"	28528900	28528901	72.6
"chr3"	50582257	50582258	96.5
"chr7"	2919295	2919296	90.2
"chr6"	136259691	136259692	72.7
"chr5"	78027895	78027896	96.4
"chrY"	12800114	12800115	96.7
"chr7"	81176650	81176651	15.1
"chr20"	63910281	63910282	95.9
"chr14"	95079895	95079896	90
"chr1"	27233450	27233451	88
"chr16"	56449113	56449114	95.9
"chr1"	245619364	245619365	96.7
"chr21"	31391044	31391045	16.8
"chr16"	88584135	88584136	96.6
"chr6"	39178363	39178364	94.9
"chr15"	50594185	50594186	97
"chr3"	7281877	7281878	80.3
"chr8"	47511242	47511243	91.2
"chr6"	157786096	157786097	90.4
"chr2"	160189538	160189539	95.2
"chr13"	27171864	27171865	3.8
"chr4"	168483030	168483031	94.1
"chr22"	48056081	48056082	87.1
"chr3"	9915404	9915405	5.5
"chr8"	141472359	141472360	94.5
"chr6"	111062476	111062477	93.3
"chr5"	102024140	102024141	94.5
"chrX"	86975203	86975204	66.1
"chr15"	51716378	51716379	94.1
"chr17"	76842956	76842957	95.8
"chr3"	50155581	50155582	4.8
"chr8"	45485008	45485009	44.5
"chr5"	93286073	93286074	81.7
"chr5"	102905615	102905616	96.3
"chr12"	70522572	70522573	95
"chr19"	616410	616411	50.4
"chr14"	67088993	67088994	95
"chr12"	125908964	125908965	3.9
"chr4"	38047485	38047486	84.8
"chr1"	206612189	206612190	4.5
"chr1"	148667444	148667445	77
"chr22"	20709216	20709217	92.9
"chr16"	2245147	2245148	97
"chr22"	35925720	35925721	95.1
"chr7"	62304010	62304011	93.8
"chr3"	74650566	74650567	95
"chr2"	225100266	225100267	28.1
"chr12"	2565545	2565546	96.8
"chr5"	127478927	127478928	58.6
"chr3"	52088784	52088785	93.3
"chr11"	6453058	6453059	96.5
"chr22"	48616281	48616282	16.8
"chr19"	4038144	4038145	96.8
"chr12"	108640528	108640529	95.7
"chr19"	7920835	7920836	3.3
"chr21"	41665310	41665311	72.4
"chr14"	24131855	24131856	96.3
"chr1"	203625932	203625933	3.8
"chr22"	23882822	23882823	96.3
"chr19"	49497199	49497200	3.9
"chr1"	31661572	31661573	86
"chr5"	96230893	96230894	95.7
"chr17"	74853969	74853970	66
"chr13"	30605375	30605376	86.2
"chr5"	20803669	20803670	83.9
"chr3"	181897125	181897126	96.7
"chr17"	80784854	80784855	96.6
"chr3"	141231159	141231160	3.7
"chr13"	47101265	47101266	94.4
"chr6"	141202384	141202385	7.4
"chr3"	101303581	101303582	18
"chr9"	35055716	35055717	95.8
"chr2"	17566100	17566101	13.2
"chr3"	121494263	121494264	96.8
"chr22"	39567649	39567650	3.9
"chr4"	8898318	8898319	33.9
"chr20"	59729920	59729921	85.6
"chr16"	28997816	28997817	96.6
"chr6"	22938961	22938962	96
"chr2"	105380263	105380264	80.7
"chr10"	97502833	97502834	11.1
"chr8"	136552542	136552543	14.7
"chr3"	100026350	100026351	96.6
"chr10"	133169974	133169975	63
"chr5"	127594554	127594555	95.5
"chr1"	179075845	179075846	96.5
"chr6"	44032545	44032546	16.5
"chrX"	80909432	80909433	5.3
"chr10"	102175963	102175964	44.3
"chr18"	19483749	19483750	51.7
"chr13"	40991576	40991577	72.4
"chr12"	84673191	84673192	94.4
"chr18"	19586340	19586341	96.9
"chr5"	16958907	16958908	85.2
"chr15"	52621968	52621969	95.2
"chr11"	113616871	113616872	92.6
"chr19"	30688133	30688134	40
"chr4"	178296399	178296400	51.9
"chr16"	34252844	34252845	29.7
"chr13"	110719296	110719297	95.8
"chr3"	50060876	50060877	96.9
"chr11"	85914625	85914626	96.8
"chr4"	88667537	88667538	84.9
"chr5"	98317765	98317766	95.3
"chr7"	30394302	30394303	96.3
"chr9"	39892919	39892920	81.5
"chrX"	134499719	134499720	96.1
"chr13"	74282841	74282842	90.1
"chr3"	2724263	2724264	3.8
"chr8"	26614355	26614356	95.6
"chr5"	161249926	161249927	5.9
"chr1"	209232412	209232413	96.3
"chr5"	178509644	178509645	91.8
"chr15"	81730535	81730536	96.3
"chr20"	33456989	33456990	13.5
"chr4"	26298062	26298063	91.4
"chr6"	148896818	148896819	92.3
"chr2"	172100108	172100109	2.9
"chr17"	81960961	81960962	3.9
"chr17"	12247139	12247140	74.8
"chr4"	3708449	3708450	3.5
"chr13"	113109096	113109097	83.7
"chr5"	1860312	1860313	94.7
"chr5"	134992494	134992495	91.4
"chr5"	103199280	103199281	96.1
"chrX"	154339010	154339011	84
"chr18"	76666386	76666387	58.5
"chr13"	78725565	78725566	95.8
"chr15"	23039348	23039349	4.2
"chr21"	44245988	44245989	3.8
"chr3"	64613086	64613087	92.7
"chr8"	138703980	138703981	57
"chr12"	124315481	124315482	24.2
"chr19"	14211334	14211335	51
"chr17"	58878485	58878486	85
"chr20"	57892800	57892801	68.2
"chr11"	120073282	120073283	93.7
"chr10"	99329643	99329644	3.5
"chr19"	5776787	5776788	76.2
"chr8"	13386281	13386282	88
"chr15"	81072373	81072374	94.8
"chr18"	24682630	24682631	24.3
"chr16"	82033839	82033840	6
"chr4"	82395360	82395361	69
"chr12"	124102812	124102813	97.1
"chr6"	134523475	134523476	96.1
"chr16"	11847816	11847817	95.3
"chr15"	89297736	89297737	97.2
"chr6"	152868323	152868324	54.5
"chr12"	100096752	100096753	96.2
"chr14"	101630252	101630253	87.8
"chr1"	866613	866614	49.4
"chr3"	196234276	196234277	92.7
"chr8"	6257041	6257042	91.8
"chr10"	81875398	81875399	3.4
"chr4"	85296878	85296879	62.8
"chr15"	35039617	35039618	94.6
"chr17"	13053572	13053573	84.9
"chr19"	2281334	2281335	2.9
"chr3"	34455443	34455444	91.8
"chr3"	121612974	121612975	96.5
"chr17"	34399137	34399138	3.7
"chr2"	123771720	123771721	15.8
"chr2"	8684464	8684465	5.7
"chr1"	59371820	59371821	76.3
"chr9"	25532199	25532200	71.2
"chr4"	15167651	15167652	95.7
"chr13"	33349566	33349567	71.5
"chr8"	21883841	21883842	6.9
"chr17"	32284777	32284778	96.6
"chr21"	9679059	9679060	95.6
"chr15"	98381149	98381150	33.8
"chr16"	53566214	53566215	53.1
"chr5"	997241	997242	12.7
"chr7"	137621858	137621859	92.2
"chr5"	60780935	60780936	88.1
"chr15"	100880179	100880180	3.3
"chr4"	72125779	72125780	56.6
"chr17"	19498415	19498416	30.7
"chr12"	155137	155138	50.3
"chr15"	52165588	52165589	76.8
"chr3"	80590933	80590934	12.7
"chr3"	31157308	31157309	67.8
"chr7"	123619757	123619758	95.7
"chr19"	23901878	23901879	14.8
"chr9"	24820297	24820298	2.9
"chr9"	112175683	112175684	55
"chr16"	11709970	11709971	93.2
"chr19"	39135674	39135675	95.9
"chr20"	57904047	57904048	47.8
"chr1"	27603626	27603627	3.3
"chr1"	48003331	48003332	95.1
"chr22"	38643345	38643346	91.5
"chr1"	174886356	174886357	96.4
"chr10"	79547661	79547662	61.2
"chr11"	63975209	63975210	4.3
"chr6"	46785987	46785988	32.4
"chr10"	76881450	76881451	94.5
"chr6"	7061507	7061508	97.1
"chr1"	160645642	160645643	3
"chr1"	233897252	233897253	10
"chr3"	32795691	32795692	81.7
"chr10"	36820317	36820318	96.4
"chr7"	80079663	80079664	84.5
"chr11"	94088984	94088985	95.2
"chr12"	94400830	94400831	92.1
"chr16"	76094394	76094395	91.3
"chr7"	53899518	53899519	8.5
"chr2"	10046308	10046309	95.5
"chr12"	127703220	127703221	89.2
"chr11"	62999048	62999049	95.8
"chr1"	245972767	245972768	87.2
"chr11"	119921255	119921256	91.2
"chr9"	126625568	126625569	8
"chr5"	31960276	31960277	94.3
"chr19"	53860506	53860507	96
"chr10"	117168833	117168834	3.7
"chr3"	154884651	154884652	80.2
"chr11"	71386733	71386734	96.6
"chrX"	58007639	58007640	94.4
"chr17"	5097243	5097244	2.6
"chr6"	26214007	26214008	96
"chr5"	9747677	9747678	5
"chr2"	81148	81149	43.8
"chrX"	101452699	101452700	97
"chr3"	47755229	47755230	96.4
"chr2"	175941557	175941558	96.3
"chr13"	52724666	52724667	96.1
"chr8"	133483319	133483320	93.2
"chr19"	919050	919051	4.3
"chr1"	205985416	205985417	48.3
"chr4"	47677998	47677999	94.5
"chr10"	78090346	78090347	95.6
"chr11"	24442331	24442332	91
"chr1"	248935684	248935685	84.8
"chr17"	874893	874894	68.8
"chr5"	45658809	45658810	95.3
"chr6"	33278075	33278076	80.8
"chr9"	129154136	129154137	93.7
"chr1"	40919297	40919298	96.4
"chr14"	90816375	90816376	3.2
"chr8"	625343	625344	90.1
"chr13"	56905926	56905927	4.4
"chr5"	70060847	70060848	96.7
"chr15"	98878887	98878888	35
"chr17"	9210416	9210417	76.3
"chr13"	82417860	82417861	34.4
"chr19"	20523834	20523835	46.1
"chr6"	13859972	13859973	4.3
"chr1"	19338780	19338781	96.1
"chr1"	2905517	2905518	79.7
"chr2"	110034021	110034022	20.3
"chr20"	10062952	10062953	89.8
"chr10"	112049456	112049457	83.8
"chr10"	112813476	112813477	96.6
"chr5"	150776061	150776062	95.3
"chr5"	80476225	80476226	95.9
"chr19"	4529783	4529784	65.8
"chr13"	27993573	27993574	97.4
"chr9"	83677453	83677454	96.6
"chr10"	43102408	43102409	96.2
"chr3"	9571128	9571129	6
"chr11"	71251761	71251762	2.9
"chr12"	76687342	76687343	15.9
"chr7"	101735777	101735778	95.7
"chrX"	39539473	39539474	93.9
"chr9"	133163206	133163207	96.7
"chr13"	109319104	109319105	90.7
"chr5"	54276740	54276741	31.4
"chr7"	4094158	4094159	95.7
"chr4"	1446654	1446655	80.4
"chr1"	22651820	22651821	18.5
"chr10"	42085250	42085251	6.4
"chr22"	21690840	21690841	94.3
"chr1"	121620667	121620668	67.4
"chr22"	26347890	26347891	81.5
"chr8"	1549441	1549442	96.4
"chr12"	59404761	59404762	62.2
"chr9"	6830363	6830364	97.4
"chr19"	7013282	7013283	62.1
"chr9"	89243023	89243024	91.3
"chr4"	66747029	66747030	76.1
"chr19"	23937697	23937698	95.7
"chr17"	35431469	35431470	97.2
"chr2"	105047203	105047204	92.4
"chr2"	69444598	69444599	96.8
"chr15"	33382408	33382409	94.9
"chr17"	22990925	22990926	79.4
"chr6"	85182901	85182902	24.1
"chr1"	9353848	9353849	89.3
"chr15"	99503947	99503948	3.3
"chr10"	31949896	31949897	96
"chr15"	55289675	55289676	4.3
"chr7"	150035304	150035305	96.6
"chr3"	169734457	169734458	89
"chr7"	75956126	75956127	93.5
"chr11"	125592872	125592873	4.6
"chr12"	10205916	10205917	90.6
"chr15"	58598705	58598706	96.4
"chr21"	16089559	16089560	49.2
"chr1"	144691247	144691248	96.9
"chr7"	50508287	50508288	89.6
"chr4"	148442616	148442617	3.9
"chr5"	67795874	67795875	9.3
"chr9"	60617746	60617747	66.1
"chr13"	42293370	42293371	95.9
"chr6"	138039712	138039713	73.5
"chr13"	109889879	109889880	94.3
"chr17"	64776042	64776043	80.2
"chr6"	53881305	53881306	65.3
"chr9"	124017571	124017572	2.8
"chr5"	129095361	129095362	4.1
"chr1"	6383432	6383433	96.6
"chr1"	37626538	37626539	46.7
"chr16"	17565493	17565494	96.1
"chr10"	33158764	33158765	97
"chr10"	102371649	102371650	96.7
"chr19"	2177707	2177708	96
"chr21"	44628006	44628007	4.9
"chr5"	155026827	155026828	84.1
"chrX"	28026331	28026332	95
"chr20"	35050910	35050911	96.7
"chr5"	19692033	19692034	9
"chr2"	25431747	25431748	4.2
"chr13"	21302948	21302949	95.6
"chr15"	26374102	26374103	42.6
"chr5"	273071	273072	96.3
"chr20"	33791085	33791086	96.1
"chr9"	134997267	134997268	73.7
"chrX"	2336298	2336299	89.1
"chr1"	43101758	43101759	67.8
"chr7"	38136769	38136770	39.4
"chr14"	100801619	100801620	96.2
"chr19"	41353937	41353938	4.4
"chr17"	49964558	49964559	14.5
"chr1"	234003808	234003809	85.3
"chr3"	196851769	196851770	74.4
"chr6"	69284466	69284467	94.4
"chr9"	123697632	123697633	92.4
"chr11"	85025300	85025301	37.5
"chr15"	45403499	45403500	3.1
"chr18"	68056455	68056456	96.3
"chr16"	29375705	29375706	87.8
"chrX"	9052508	9052509	56.3
"chr14"	100777206	100777207	47
"chr17"	37605831	37605832	95.2
"chr9"	127225643	127225644	2.4
"chr12"	17738858	17738859	63.5
"chr19"	24110023	24110024	95.7
"chr2"	202562222	202562223	71.7
"chr19"	42376603	42376604	97.1
"chr13"	69733422	69733423	6.8
"chr8"	42812380	42812381	96.8
"chr17"	38180034	38180035	95.9
"chr17"	6938047	6938048	95.4
"chr16"	47138138	47138139	96.2
"chr4"	143410075	143410076	95.1
"chr14"	75964919	75964920	96.2
"chrX"	154188092	154188093	75.1
"chr6"	33608735	33608736	37.2
"chr5"	141415074	141415075	5.1
"chr4"	113763077	113763078	2.6
"chr6"	170147071	170147072	86.7
"chr5"	65701776	65701777	93.4
"chr15"	68991897	68991898	58.1
"chr6"	32315784	32315785	26.7
"chr16"	88970744	88970745	48.4
"chr19"	6516605	6516606	3.9
"chr8"	139671545	139671546	94.1
"chr19"	27739788	27739789	95.8
"chr7"	56412656	56412657	62.4
"chr15"	60777288	60777289	50.6
"chr10"	119311376	119311377	96.6
"chr13"	19378117	19378118	94.5
"chrX"	120020998	120020999	94.6
"chr10"	67850375	67850376	4.2
"chr1"	36464795	36464796	48.5
"chr17"	22626029	22626030	47
"chr19"	2699660	2699661	91
"chr8"	90587998	90587999	97.2
"chr10"	95777853	95777854	5.8
"chr8"	143519521	143519522	96.2
"chr1"	244074965	244074966	3.1
"chr2"	121108984	121108985	95.7
"chr1"	123884251	123884252	44.3
"chr5"	164417661	164417662	91.9
"chr10"	106477441	106477442	84.4
"chr8"	37965922	37965923	3.7
"chr21"	30041119	30041120	86.8
"chr14"	82210262	82210263	31.6
"chr7"	116844867	116844868	94.4
"chr7"	73609346	73609347	82.1
"chr17"	5077645	5077646	96.6
"chr3"	146653522	146653523	3.5
"chr22"	24952623	24952624	2.7
"chr9"	29042230	29042231	5.1
"chr1"	220347687	220347688	92.6
"chr10"	74656839	74656840	95.5
"chr10"	31513510	31513511	96.3
"chr20"	37462314	37462315	94
"chr11"	8076032	8076033	52.7
"chr5"	8788488	8788489	73.4
"chr11"	72718061	72718062	8
"chr5"	18503383	18503384	74.2
"chr17"	83005631	83005632	95.2
"chr14"	77547661	77547662	94.6
"chr10"	30804017	30804018	92.5
"chr22"	17592870	17592871	96.1
"chr16"	46505330	46505331	41.9
"chr4"	27039084	27039085	38.4
"chr16"	84344526	84344527	92.8
"chr1"	122725144	122725145	52.8
"chrX"	25403059	25403060	82.9
"chr4"	186815387	186815388	61
"chr1"	44082435	44082436	84.6
"chr4"	3765971	3765972	3.4
"chr13"	83502150	83502151	86.6
"chr17"	51548914	51548915	58.3
"chr21"	22852765	22852766	55.5
"chr19"	11845437	11845438	97
"chr21"	6372446	6372447	2.5
"chr5"	100878925	100878926	95.8
"chr15"	22977223	22977224	96.6
"chr6"	64686478	64686479	97
"chr7"	52393855	52393856	91
"chr14"	31694764	31694765	94.3
"chr3"	47479736	47479737	97.6
"chr6"	165336724	165336725	96.5
"chrX"	116059853	116059854	3.7
"chr20"	12802337	12802338	53.6
"chr14"	63384935	63384936	96.7
"chr2"	50073128	50073129	90.8
"chr6"	9875321	9875322	20.3
"chr15"	94835459	94835460	94.8
"chr13"	107055098	107055099	95.5
"chr20"	31813582	31813583	94.2
"chr15"	77206837	77206838	92.3
"chr1"	13377346	13377347	88.8
"chr18"	79803131	79803132	96.6
"chr1"	41381707	41381708	5.3
"chr2"	39929229	39929230	96.7
"chr6"	164403534	164403535	23.4
"chr6"	74015621	74015622	25.8
"chr7"	58363664	58363665	80.7
"chr5"	138575482	138575483	3.6
"chr5"	178817921	178817922	74.5
"chr21"	16118297	16118298	69.7
"chr5"	131284072	131284073	37.3
"chr14"	21299280	21299281	90
"chr5"	75711935	75711936	93.8
"chr10"	92189818	92189819	96.6
"chr22"	47970044	47970045	95.6
"chrX"	71736332	71736333	95.2
"chr14"	82105668	82105669	28.1
"chr8"	64254561	64254562	95.9
"chr19"	50831879	50831880	83.1
"chr1"	246565434	246565435	35
"chr2"	1981592	1981593	90.3
"chr2"	97055610	97055611	80.9
"chr6"	93750103	93750104	19.1
"chr12"	132204592	132204593	84.4
"chr17"	31057460	31057461	86.8
"chr18"	47034728	47034729	64
"chr6"	33714521	33714522	9
"chr1"	38814944	38814945	3.5
"chr3"	61903662	61903663	95.8
"chr5"	43553613	43553614	95.3
"chr17"	25063062	25063063	7.3
"chr8"	100063188	100063189	91.1
"chr8"	139708135	139708136	93.8
"chr3"	73423392	73423393	85.1
"chr4"	82874189	82874190	96.5
"chr1"	158602796	158602797	93
"chr5"	106032525	106032526	5.7
"chr19"	2900588	2900589	4.3
"chr16"	35145811	35145812	94.2
"chr20"	62349218	62349219	61.5
"chr4"	75969465	75969466	94.7
"chr1"	184373456	184373457	92.4
"chr1"	2566358	2566359	96.9
"chr1"	42565443	42565444	73.4
"chr12"	20244409	20244410	70.4
"chr9"	14244937	14244938	93.4
"chr13"	19154546	19154547	10.3
"chr1"	204245674	204245675	77.3
"chr2"	39527596	39527597	23.3
"chr22"	16371934	16371935	96.9
"chr11"	9514145	9514146	97.1
"chr12"	109391324	109391325	12.3
"chr5"	58816486	58816487	95.1
"chr11"	111162202	111162203	15.9
"chr19"	22193344	22193345	40.4
"chr8"	21102853	21102854	3
"chr2"	97948805	97948806	96.5
"chr8"	38198369	38198370	96.3
"chr4"	147714366	147714367	96.2
"chr16"	78990613	78990614	6.8
"chr9"	74750274	74750275	39.9
"chr8"	132752269	132752270	54.9
"chr22"	49286792	49286793	40.1
"chr22"	26517923	26517924	95
"chr19"	56889915	56889916	88.2
"chr13"	24960052	24960053	95
"chr11"	80748132	80748133	87.1
"chr11"	67470318	67470319	34.1
"chr1"	182853178	182853179	96.4
"chr3"	38466797	38466798	88.3
"chr16"	46626077	46626078	92.2
"chr5"	14100513	14100514	96.8
"chr7"	39807483	39807484	60.8
"chr10"	80887498	80887499	37.8
"chr1"	85580813	85580814	3.5
"chr15"	31028387	31028388	3.4
"chr19"	50402948	50402949	97.3
"chr6"	28660437	28660438	94
"chr8"	104619031	104619032	85.8
"chr9"	79579854	79579855	93.1
"chr20"	39277501	39277502	93.9
"chr20"	37325031	37325032	97
"chr9"	120467809	120467810	96.5
"chr4"	115565689	115565690	5.3
"chr13"	95368086	95368087	95.3
"chr12"	110260051	110260052	96.4
"chr21"	44237377	44237378	97
"chrX"	9744660	9744661	97.1
"chr7"	139716249	139716250	96.1
"chr8"	23426852	23426853	96.6
"chr12"	97487371	97487372	29.2
"chr12"	130973982	130973983	96.7
"chr16"	16502006	16502007	92.3
"chr12"	4269458	4269459	3.5
"chr4"	160873759	160873760	73.9
"chr6"	25455202	25455203	85.4
"chr5"	160544728	160544729	33.7
"chr10"	39084233	39084234	46.7
"chr2"	224697773	224697774	47.5
"chr21"	13506463	13506464	13.9
"chr12"	121527467	121527468	96.1
"chr4"	86394044	86394045	41.6
"chr1"	202135503	202135504	42.3
"chr8"	28069633	28069634	91.4
"chr13"	109155423	109155424	95.7
"chr19"	3184626	3184627	96.3
"chr9"	8082198	8082199	95.1
"chr2"	62758350	62758351	96
"chr3"	22806937	22806938	44.6
"chr12"	94528729	94528730	93.5
"chr4"	3872247	3872248	48.2
"chr19"	10710794	10710795	96.3
"chr6"	165644690	165644691	94.2
"chr13"	113814828	113814829	94.2
"chr20"	26209206	26209207	16.4
"chr5"	150509580	150509581	96.6
"chr5"	59010090	59010091	89.5
"chr22"	23157737	23157738	84.2
"chr5"	73119809	73119810	2.8
"chr11"	45286068	45286069	3
"chr10"	131813196	131813197	84.8
"chr10"	70596521	70596522	96.8
"chr11"	8263311	8263312	3.4
"chr17"	795847	795848	63.6
"chr15"	56626120	56626121	96.4
"chr22"	43548508	43548509	10.8
"chr4"	131737381	131737382	96.7
"chrX"	66085468	66085469	74.9
"chr15"	36112125	36112126	89.3
"chr1"	179896443	179896444	97.1
"chr1"	44033055	44033056	94.8
"chr6"	18957510	18957511	94.7
"chr3"	139920458	139920459	95.8
"chr1"	9997103	9997104	3.3
"chr15"	41827553	41827554	3.8
"chr12"	132566760	132566761	96
"chr1"	177671304	177671305	5.3
"chr9"	34460862	34460863	44.7
"chr8"	127807957	127807958	97
"chr15"	40419382	40419383	97.2
"chr3"	141988792	141988793	96.1
"chr1"	203256736	203256737	95.4
"chr3"	16786089	16786090	96.3
"chr9"	123596126	123596127	96.1
"chr6"	44080251	44080252	96
"chr10"	120161572	120161573	95.1
"chr10"	70739864	70739865	78.3
"chr13"	19504504	19504505	94.1
"chr12"	105848208	105848209	81.5
"chr4"	174192907	174192908	96.4
"chr20"	35999745	35999746	93.4
"chr19"	50030038	50030039	61.1
"chr16"	50534580	50534581	74.1
"chr3"	19926878	19926879	84.5
"chr3"	42906676	42906677	56.9
"chr10"	38585436	38585437	68.5
"chr6"	148531630	148531631	77.3
"chr3"	47369735	47369736	82.4
"chr19"	14277489	14277490	96.4
"chr2"	52433211	52433212	95.1
"chr3"	43160397	43160398	64
"chr4"	170412399	170412400	67
"chr10"	96354632	96354633	96.7
"chr14"	81371610	81371611	90.1
"chr8"	4680293	4680294	19.7
"chr9"	74425536	74425537	71.1
"chr11"	68739054	68739055	51.1
"chr13"	113821740	113821741	95.9
"chrX"	13299163	13299164	92.5
"chr7"	11361247	11361248	90.9
"chr18"	2906130	2906131	4.2
"chr13"	94458455	94458456	29.8
"chr1"	151281614	151281615	4
"chr17"	6097206	6097207	45.5
"chr9"	120009800	120009801	8.3
"chr2"	225123956	225123957	67.6
"chr6"	46634367	46634368	91.3
"chr1"	28667602	28667603	96.7
"chr17"	76487404	76487405	96.3
"chr9"	134483233	134483234	85.7
"chr3"	192710960	192710961	28.1
"chr2"	185624262	185624263	11.6
"chr7"	10031425	10031426	54.7
"chr2"	193825887	193825888	60.9
"chr14"	25664659	25664660	95.5
"chr6"	151971523	151971524	13.6
"chr20"	153740	153741	61.2
"chr17"	19052351	19052352	93.9
"chr2"	25539017	25539018	94.1
"chrX"	118715892	118715893	96.6
"chr17"	2809196	2809197	96.4
"chrX"	11123913	11123914	96.6
"chr3"	187569473	187569474	55.7
"chr8"	29523255	29523256	96.2
"chrX"	147801709	147801710	89.1
"chr6"	136537816	136537817	82.8
"chr13"	68680507	68680508	62.8
"chr19"	17136966	17136967	94.5
"chr8"	84953032	84953033	67.5
"chr11"	1378259	1378260	87
"chr13"	57460334	57460335	7.1
"chr10"	112720738	112720739	96.5
"chr19"	55227321	55227322	97
"chr1"	151271278	151271279	97.1
"chr11"	77153752	77153753	15.8
"chr11"	62868427	62868428	97
"chr3"	182431650	182431651	65.9
"chr15"	44496418	44496419	97.2
"chr2"	66763516	66763517	95.2
"chr7"	50734905	50734906	70.8
"chr2"	135335749	135335750	94.2
"chr17"	59313450	59313451	96.4
"chr12"	116102781	116102782	94.9
"chr12"	1811449	1811450	80.4
"chr18"	75248832	75248833	86.4
"chr11"	111996721	111996722	94
"chr2"	109488599	109488600	34.1
"chr16"	88249058	88249059	85.3
"chr18"	65377430	65377431	54.4
"chrX"	58148776	58148777	68.2
"chr11"	27479217	27479218	96.5
"chr8"	1776707	1776708	96.6
"chr4"	185075871	185075872	54
"chr15"	30162425	30162426	70.4
"chrX"	28146155	28146156	19.6
"chr4"	93391502	93391503	96.3
"chr2"	178217000	178217001	44
"chr22"	43174605	43174606	95.5
"chr11"	41994409	41994410	53.9
"chr3"	170526273	170526274	95.7
"chr11"	69918407	69918408	93.9
"chr1"	54155910	54155911	89.3
"chr14"	32061866	32061867	93.1
"chr2"	148949799	148949800	95.7
"chr9"	32384797	32384798	3.5
"chr13"	27765723	27765724	93.7
"chr20"	61947388	61947389	82.2
"chr1"	208330037	208330038	4.8
"chr19"	27675524	27675525	70.6
"chr13"	25082677	25082678	92.1
"chr5"	32327688	32327689	96.3
"chr8"	116137885	116137886	93
"chr12"	31620854	31620855	96.4
"chr6"	17388863	17388864	95.6
"chr8"	33233886	33233887	50.9
"chr6"	141453407	141453408	96
"chr9"	119369497	119369498	3.8
"chr18"	28047398	28047399	96.6
"chr11"	41173697	41173698	80.8
"chr1"	45009700	45009701	96.4
"chr7"	2953459	2953460	95.9
"chr13"	61212923	61212924	51.9
"chr3"	67781403	67781404	94
"chr13"	28042773	28042774	74.8
"chr1"	88055128	88055129	54.6
"chr15"	96053903	96053904	3.3
"chr10"	71079927	71079928	94.1
"chr2"	180408361	180408362	43.4
"chr4"	37616908	37616909	97.7
"chr16"	24568820	24568821	94.8
"chr13"	77841922	77841923	83.2
"chr20"	21047554	21047555	95.9
"chr8"	97697545	97697546	87.4
"chr4"	134702616	134702617	49.7
"chrX"	363624	363625	81.1
"chr18"	29616062	29616063	17.7
"chr17"	8436472	8436473	2.8
"chr1"	160886692	160886693	97
"chr2"	26034625	26034626	5.5
"chr17"	2003482	2003483	96.7
"chr1"	86762619	86762620	63.7
"chr19"	52233785	52233786	82.5
"chr2"	130761440	130761441	61.6
"chr17"	31484364	31484365	93.6
"chr1"	111541616	111541617	91.6
"chr11"	129419936	129419937	95.1
"chr14"	94218428	94218429	95.3
"chr22"	44634455	44634456	63
"chr10"	111632299	111632300	61.7
"chr10"	101107157	101107158	52.8
"chr17"	82735957	82735958	3.3
"chr6"	13775383	13775384	96.4
"chr3"	160464930	160464931	93.3
"chr6"	42118546	42118547	59.2
"chr6"	60268308	60268309	95.6
"chr4"	1790452	1790453	77.3
"chr10"	84758180	84758181	5.2
"chr9"	91852938	91852939	78.3
"chr17"	13855494	13855495	85.5
"chr6"	87796282	87796283	3
"chr10"	51164077	51164078	95.1
"chr1"	75617224	75617225	3.4
"chr17"	74747652	74747653	88.2
"chrX"	112335691	112335692	77
"chr8"	33484753	33484754	3.5
"chr12"	123442296	123442297	94.2
"chrX"	139606449	139606450	84.1
"chr14"	43530046	43530047	6.7
"chr1"	114632858	114632859	20.8
"chr8"	70753057	70753058	96
"chr12"	48892938	48892939	92.4
"chr20"	9876752	9876753	81
"chr7"	129826194	129826195	3
"chr4"	100145135	100145136	68
"chr12"	151309	151310	33.3
"chr5"	165648221	165648222	90
"chr22"	28446550	28446551	93.9
"chr12"	87183359	87183360	85.6
"chr7"	33994625	33994626	95.7
"chr18"	57784424	57784425	90.8
"chr6"	152636859	152636860	4.1
"chr14"	87507491	87507492	77.8
"chr20"	46450362	46450363	50.3
"chr2"	164889481	164889482	94.9
"chr14"	106401569	106401570	95.5
"chr12"	18351986	18351987	88.8
"chr16"	581911	581912	96.6
"chr1"	228647168	228647169	4.1
"chr10"	107094901	107094902	96.8
"chr17"	55265112	55265113	3.6
"chr7"	31003734	31003735	94
"chr20"	34290909	34290910	94.4
"chr15"	62244848	62244849	42.7
"chr20"	45320496	45320497	90.8
"chr8"	60372191	60372192	79.2
"chrX"	6728592	6728593	96.2
"chr2"	13986286	13986287	92.9
"chr3"	101260131	101260132	84.9
"chr11"	130361908	130361909	91.2
"chr2"	429361	429362	92
"chr22"	27247300	27247301	8.3
"chr5"	102694651	102694652	41.1
"chr11"	60999503	60999504	77.3
"chr3"	132977107	132977108	26
"chr8"	142988920	142988921	95.7
"chr13"	111864189	111864190	50.5
"chr14"	69746529	69746530	77.7
"chr16"	68447179	68447180	6.5
"chr21"	14732214	14732215	97.1
"chr4"	108172752	108172753	2.6
"chr12"	69692864	69692865	96.5
"chr4"	7759371	7759372	3.9
"chr20"	35292327	35292328	92.3
"chr20"	8159541	8159542	92.2
"chr7"	55295628	55295629	95.8
"chr22"	23379758	23379759	72.1
"chr1"	15176384	15176385	67.7
"chr7"	134506443	134506444	54.8
"chr18"	50268396	50268397	9.9
"chr5"	108662856	108662857	65.4
"chr1"	112847550	112847551	95.1
"chr14"	68480327	68480328	96.8
"chr3"	51530826	51530827	74.1
"chr8"	80667837	80667838	68.6
"chr16"	8878315	8878316	95.1
"chr16"	57787594	57787595	24.4
"chr18"	55644104	55644105	58.7
"chr8"	96410795	96410796	92.8
"chr12"	130293382	130293383	3.4
"chr10"	5515098	5515099	96.4
"chr17"	39154561	39154562	3.3
"chr3"	26647260	26647261	70
"chr3"	43829887	43829888	93
"chr4"	46377150	46377151	95
"chr5"	88099809	88099810	49.7
"chr19"	51009473	51009474	63.9
"chr9"	7982102	7982103	97
"chr13"	64347085	64347086	80.9
"chr17"	75035728	75035729	94.1
"chr15"	73707667	73707668	67.8
"chr1"	3723654	3723655	96.2
"chr19"	45971973	45971974	8
"chr3"	89280430	89280431	7.5
"chr6"	163959838	163959839	97
"chr5"	166889849	166889850	93.8
"chr2"	196157032	196157033	80.7
"chr11"	1109508	1109509	55.3
"chr3"	29532008	29532009	17.5
"chr20"	56267309	56267310	96.3
"chr5"	82031980	82031981	57.6
"chr6"	20040773	20040774	92.1
"chr19"	3964910	3964911	93.9
"chr2"	213152706	213152707	3.6
"chr6"	93068525	93068526	92.7
"chr16"	70347270	70347271	3.2
"chr8"	136686133	136686134	60.7
"chr13"	37251833	37251834	52
"chr15"	76762750	76762751	93.2
"chr16"	1449302	1449303	90.5
"chr4"	94421638	94421639	83.5
"chr2"	19910939	19910940	96
"chr10"	71973114	71973115	94.6
"chr11"	77832347	77832348	95.2
"chr15"	101189269	101189270	96.4
"chr4"	111155097	111155098	69.6
"chr3"	169772365	169772366	4.8
"chr4"	166053770	166053771	62.1
"chr16"	29753363	29753364	91
"chr2"	125556245	125556246	82.6
"chr9"	3864878	3864879	59.8
"chr2"	153248779	153248780	95.6
"chr18"	29573385	29573386	40.3
"chr14"	94740045	94740046	43.3
"chr22"	31945148	31945149	3.5
"chr14"	20390439	20390440	91.8
"chr3"	187083742	187083743	96.4
"chr14"	49704646	49704647	89.5
"chr2"	42028010	42028011	93.5
"chr17"	52883244	52883245	86.9
"chr1"	18462800	18462801	95
"chr5"	152676673	152676674	2.9
"chr11"	89981936	89981937	16.4
"chr1"	24797508	24797509	95.6
"chr8"	67880273	67880274	54
"chrX"	102264741	102264742	92.2
"chr4"	3931574	3931575	56.9
"chr8"	94590318	94590319	96.5
"chr13"	42526424	42526425	92.4
"chr12"	44650378	44650379	81.8
"chr7"	27533039	27533040	10.9
"chr4"	157555454	157555455	51
"chr7"	110870566	110870567	97.8
"chr11"	58416131	58416132	71
"chrX"	12517935	12517936	69.2
"chr16"	55300493	55300494	52.1
"chr13"	24542352	24542353	3.5
"chr3"	22577025	22577026	4.5
"chr7"	94410276	94410277	96.3
"chr2"	83297782	83297783	40.6
"chr16"	2269510	2269511	62.5
"chr11"	51331424	51331425	94.9
"chr10"	100185814	100185815	4.4
"chr16"	23097089	23097090	94.9
"chrX"	89150373	89150374	3.1
"chr2"	189983065	189983066	92
"chr1"	21396045	21396046	82.1
"chr15"	33625288	33625289	93.7
"chr1"	4599312	4599313	95.7
"chrY"	9505703	9505704	71.9
"chr17"	41464304	41464305	89
"chrY"	21067448	21067449	4.6
"chr15"	89424262	89424263	10.5
"chr6"	159150408	159150409	96
"chr5"	6300331	6300332	88.3
"chr19"	45575250	45575251	95.5
"chr9"	77966437	77966438	60.3
"chr3"	165500979	165500980	82.2
"chr12"	71282298	71282299	44.3
"chr4"	83186084	83186085	94.4
"chr6"	161975626	161975627	43.7
"chr6"	29448054	29448055	86.1
"chr1"	34641722	34641723	92.9
"chr16"	28800169	28800170	88.1
"chr19"	45419505	45419506	2.6
"chr19"	53156747	53156748	95.6
"chr10"	78515138	78515139	90.2
"chr2"	200027867	200027868	82.9
"chr1"	242293102	242293103	69.9
"chr13"	43366465	43366466	96.2
"chr8"	69290465	69290466	92.9
"chr18"	21654522	21654523	93.6
"chr12"	122465758	122465759	93.8
"chr7"	96119757	96119758	95.3
"chr1"	18535546	18535547	60.2
"chr14"	96459229	96459230	91.6
"chr11"	53477600	53477601	47.7
"chr3"	138944419	138944420	3.4
"chr16"	28362257	28362258	9
"chr6"	158231333	158231334	89.5
"chr2"	44164978	44164979	95.8
"chr19"	6180334	6180335	27.6
"chr22"	37019862	37019863	3
"chr20"	26837052	26837053	96.2
"chr19"	5014349	5014350	96.4
"chr6"	32345734	32345735	41.6
"chr9"	137875014	137875015	95.8
"chrY"	21920057	21920058	95.9
"chr3"	113606619	113606620	17.6
"chr22"	40406110	40406111	95.2
"chr6"	161057922	161057923	96
"chr16"	57509138	57509139	50.7
"chr10"	87390846	87390847	79.3
"chr22"	20996187	20996188	94.8
"chr19"	5401201	5401202	52.5
"chr4"	39545968	39545969	96.5
"chr13"	42359379	42359380	89.6
"chr7"	5231913	5231914	5.1
"chr5"	173335874	173335875	92.2
"chr3"	117057172	117057173	18.2
"chr4"	57478032	57478033	63.4
"chr7"	36397824	36397825	96.7
"chr5"	60091981	60091982	95
"chr15"	55035097	55035098	5.5
"chr19"	18752777	18752778	93.1
"chr14"	55411770	55411771	4
"chr7"	1367700	1367701	60.9
"chr5"	69018806	69018807	36.2
"chr18"	9656659	9656660	52.4
"chr7"	147809827	147809828	15.9
"chr5"	92835200	92835201	96.1
"chr14"	73645032	73645033	3.6
"chr12"	89408775	89408776	96.2
"chr18"	46018587	46018588	51.9
"chr2"	88630997	88630998	96.1
"chr2"	222186135	222186136	56.7
"chr1"	146480798	146480799	96.7
"chr6"	21849648	21849649	80.9
"chr9"	137588434	137588435	84.9
"chr5"	141058068	141058069	91.8
"chr4"	85541221	85541222	95.3
"chr1"	58623755	58623756	96.7
"chr1"	31687732	31687733	92.6
"chr13"	41458527	41458528	3.1
"chr5"	7713650	7713651	95.5
"chr17"	21213487	21213488	3.2
"chr1"	206613192	206613193	96.7
"chr2"	33820015	33820016	96.2
"chr2"	53492655	53492656	29.6
"chr20"	62275357	62275358	47.8
"chr19"	18667685	18667686	87.6
"chr2"	178654382	178654383	95.6
"chr7"	55020245	55020246	62.1
"chr18"	37580398	37580399	60.8
"chr2"	13056540	13056541	12.2
"chr10"	130815725	130815726	89.8
"chr1"	35962410	35962411	96.3
"chr16"	56796850	56796851	96.4
"chr10"	74726023	74726024	95.9
"chrX"	136934919	136934920	60.6
"chrX"	145076673	145076674	73.3
"chr16"	16586045	16586046	95.7
"chr7"	158915384	158915385	82.1
"chr20"	48541764	48541765	2.9
"chr7"	44031247	44031248	95.6
"chr13"	40398350	40398351	93.1
"chr4"	77884294	77884295	96.8
"chr4"	40031201	40031202	96.5
"chr10"	24937450	24937451	94
"chr11"	131838177	131838178	94.8
"chr9"	38153810	38153811	65.9
"chr22"	31681116	31681117	94.4
"chr2"	157838318	157838319	20.4
"chr14"	51166451	51166452	95.6
"chr21"	38709795	38709796	91.9
"chr6"	139176059	139176060	94.8
"chr1"	22664889	22664890	70.9
"chr3"	196570859	196570860	96.6
"chr8"	1922615	1922616	97
"chr9"	136202029	136202030	2.7
"chr20"	49694378	49694379	87.7
"chr4"	190066470	190066471	5
"chr14"	86416680	86416681	16.6
"chr6"	16594670	16594671	96.6
"chr7"	142476371	142476372	77.8
"chr6"	18504244	18504245	2.9
"chr3"	142724342	142724343	4.7
"chr17"	45036311	45036312	95.4
"chr9"	9445669	9445670	27
"chr10"	18278785	18278786	93.3
"chr9"	136728770	136728771	2.8
"chr2"	55110767	55110768	91.6
"chr4"	961969	961970	84.7
"chr6"	18286625	18286626	37.5
"chr15"	48710128	48710129	96.3
"chr9"	9981560	9981561	80.8
"chr13"	41547182	41547183	95.3
"chr16"	38021255	38021256	62.5
"chr7"	72036514	72036515	16.2
"chr17"	32145883	32145884	96.4
"chr1"	45086951	45086952	26
"chr15"	44550944	44550945	66.4
"chr7"	21901516	21901517	97.2
"chr11"	116644697	116644698	80.1
"chr9"	130172271	130172272	3
"chr17"	41546069	41546070	60
"chr22"	45249387	45249388	3.8
"chr7"	132540564	132540565	75.1
"chr11"	51687452	51687453	48.2
"chr8"	38126591	38126592	95.6
"chr7"	97597291	97597292	72.6
"chr8"	140215369	140215370	96.1
"chr3"	142771376	142771377	14.4
"chr19"	49774448	49774449	94.9
"chr14"	28754309	28754310	3.7
"chr12"	96196255	96196256	2.6
"chr10"	33140768	33140769	95
"chr4"	27329902	27329903	6.6
"chr7"	98084011	98084012	87.2
"chr5"	51462376	51462377	95.6
"chr4"	145077697	145077698	97.4
"chr8"	54283831	54283832	89.3
"chr11"	74390096	74390097	88.4
"chr1"	22626641	22626642	3.7
"chr16"	74765398	74765399	58.2
"chr16"	74445401	74445402	95.3
"chr1"	177718902	177718903	96.1
"chr17"	30709846	30709847	3.6
"chr7"	154294567	154294568	4.8
"chr11"	98510108	98510109	69
"chr18"	59028409	59028410	62.9
"chrX"	120638970	120638971	94.7
"chr11"	75834065	75834066	96.7
"chr14"	49357658	49357659	91.5
"chr3"	190255319	190255320	44
"chr3"	102387929	102387930	95.5
"chr3"	38039317	38039318	2.9
"chr14"	33097819	33097820	6.5
"chr13"	80338770	80338771	4.1
"chr14"	23715114	23715115	96.2
"chr15"	77801426	77801427	73.5
"chr9"	85139597	85139598	85.6
"chr3"	169767859	169767860	93.2
"chr4"	46824896	46824897	92.9
"chr7"	147611413	147611414	66
"chr4"	151255386	151255387	95.3
"chr20"	26473656	26473657	61
"chr2"	136140052	136140053	93.7
"chr3"	128315515	128315516	95.8
"chr14"	21275698	21275699	7.3
"chr12"	124794885	124794886	94.9
"chr12"	21834954	21834955	89.7
"chr14"	31022116	31022117	87.4
"chr22"	21572261	21572262	96.7
"chr10"	124454029	124454030	35.4
"chr2"	230827757	230827758	97
"chr11"	118898549	118898550	83.2
"chr16"	77722531	77722532	6
"chr7"	145837340	145837341	25.2
"chr2"	149315873	149315874	90
"chr10"	6112242	6112243	87
"chr16"	35181503	35181504	86.2
"chr10"	112079970	112079971	18.8
"chr11"	33894041	33894042	3.2
"chr5"	79275220	79275221	96.4
"chr9"	110208180	110208181	84.5
"chr1"	11305278	11305279	53.7
"chr12"	74268825	74268826	44.6
"chr16"	15419042	15419043	58.7
"chr6"	54107449	54107450	90.5
"chr1"	148963791	148963792	92.9
"chr2"	221507766	221507767	57.6
"chr4"	147599061	147599062	50.4
"chr7"	96108717	96108718	95.6
"chr21"	17376885	17376886	35.1
"chr1"	11668801	11668802	96
"chr14"	45415293	45415294	95.7
"chr7"	102443340	102443341	96.7
"chr15"	79733742	79733743	63.5
"chr2"	131035198	131035199	3.1
"chr10"	11399814	11399815	96.7
"chrX"	93666151	93666152	74.4
"chr16"	3914002	3914003	96.4
"chr4"	150963596	150963597	96
"chr11"	118017800	118017801	58.6
"chr1"	234816812	234816813	95.3
"chr3"	125805742	125805743	65.8
"chr22"	50627069	50627070	96.7
"chrX"	150611062	150611063	95.7
"chr21"	33588297	33588298	3.3
"chr12"	112858061	112858062	40.8
"chr4"	88502454	88502455	89.1
"chr10"	93834903	93834904	7.1
"chr7"	4371660	4371661	88.8
"chr10"	17199010	17199011	96.3
"chr1"	36224275	36224276	29
"chr17"	22379266	22379267	88.5
"chrY"	5354569	5354570	94.9
"chr10"	35234155	35234156	96.5
"chr7"	79548451	79548452	96.5
"chr1"	57353413	57353414	23.8
"chr5"	67255305	67255306	74.4
"chr3"	26625396	26625397	72.6
"chr7"	60925572	60925573	86.2
"chr8"	72619462	72619463	5.9
"chr8"	14013084	14013085	52.9
"chr13"	29450041	29450042	62.3
"chr10"	30058721	30058722	23
"chr8"	48404911	48404912	4.8
"chr22"	46670142	46670143	4.7
"chr3"	100374425	100374426	97
"chr4"	184233302	184233303	88.4
"chr19"	52314434	52314435	96.2
"chr5"	119463936	119463937	98
"chr22"	31250525	31250526	94.7
"chr2"	122115881	122115882	14.1
"chr11"	6491461	6491462	96.1
"chrX"	140650963	140650964	94.3
"chr16"	53924239	53924240	92.1
"chr2"	45373057	45373058	94.3
"chr16"	85750925	85750926	3.8
"chr6"	125367985	125367986	90
"chr19"	32405193	32405194	3.3
"chr14"	42163228	42163229	88.3
"chr12"	97064132	97064133	55.9
"chr16"	27452777	27452778	96.7
"chr12"	45876320	45876321	95.9
"chr21"	8820327	8820328	74.1
"chr13"	16575166	16575167	29.3
"chr20"	58879335	58879336	96.7
"chr15"	78472730	78472731	95.5
"chr19"	54222209	54222210	61.6
"chrX"	103940831	103940832	94.3
"chr8"	11707966	11707967	20.4
"chr6"	29634436	29634437	3.2
"chr16"	16417919	16417920	56.8
"chr16"	72926022	72926023	96.7
"chr3"	66771270	66771271	93.3
"chr8"	33766523	33766524	80.4
"chr6"	46388087	46388088	95.2
"chr10"	34565485	34565486	96.1
"chr18"	78601490	78601491	89.4
"chr6"	126040834	126040835	94.4
"chr6"	136529057	136529058	91.7
"chr16"	35391074	35391075	95.6
"chr3"	16603803	16603804	94.6
"chr19"	44909271	44909272	95.7
"chr16"	69124571	69124572	96.6
"chr4"	114521362	114521363	93.5
"chr4"	120550157	120550158	92.5
"chr7"	107770945	107770946	95
"chr11"	92290481	92290482	88.5
"chr1"	217056672	217056673	85.9
"chr18"	40903990	40903991	86.5
"chr18"	10759679	10759680	95.4
"chr9"	128846225	128846226	82.9
"chr7"	153640229	153640230	92.1
"chrX"	144274383	144274384	69.9
"chr9"	6030988	6030989	48.3
"chr18"	8516500	8516501	87.9
"chr6"	159879402	159879403	94.6
"chr1"	1706885	1706886	92.3
"chr8"	16901053	16901054	95.9
"chr20"	740999	741000	94.3
"chr5"	30864850	30864851	55.5
"chr17"	82615207	82615208	93.4
"chr3"	134152212	134152213	95.9
"chr18"	78985359	78985360	5.3
"chr19"	44442317	44442318	96.3
"chr9"	1063877	1063878	3.6
"chr22"	32180363	32180364	50.2
"chr6"	37610326	37610327	95.5
"chr12"	41684662	41684663	41.5
"chr15"	34772797	34772798	92.4
"chr9"	132700792	132700793	53.8
"chr13"	101390163	101390164	62.1
"chr19"	40457443	40457444	89.1
"chr16"	36805325	36805326	63.1
"chr8"	796367	796368	93.7
"chr9"	94521915	94521916	89.3
"chr6"	131475993	131475994	55.1
"chr22"	44142965	44142966	96.5
"chr4"	26584398	26584399	3.6
"chr11"	97467922	97467923	43.1
"chr15"	64540654	64540655	96.7
"chr15"	100557284	100557285	93.6
"chr5"	105384881	105384882	29.8
"chr6"	153054760	153054761	94.9
"chr5"	38890256	38890257	38.5
"chrX"	911532	911533	95.9
"chr17"	80544236	80544237	97.2
"chr14"	104776215	104776216	93.3
"chr8"	106054579	106054580	92.9
"chr2"	65679221	65679222	90.9
"chr9"	21286836	21286837	95.7
"chr18"	3880243	3880244	91.2
"chr4"	126304607	126304608	42.5
"chr14"	20952096	20952097	48.9
"chr1"	155097438	155097439	95.2
"chr16"	83285137	83285138	2.4
"chr18"	72519440	72519441	22.4
"chr16"	89581414	89581415	95.7
"chr16"	2565599	2565600	95.3
"chr1"	92447012	92447013	90.8
"chr8"	21775091	21775092	68.2
"chr21"	6110787	6110788	3.3
"chr4"	152744203	152744204	96.1
"chr13"	98568140	98568141	3
"chr7"	154109139	154109140	49.4
"chr19"	5050348	5050349	52.2
"chr11"	6754439	6754440	11.4
"chr15"	33583848	33583849	66.4
"chr20"	1980395	1980396	84.4
"chr3"	54446122	54446123	44.1
"chr14"	77276617	77276618	70
"chr16"	76238218	76238219	96.4
"chr4"	6324201	6324202	94.8
"chr5"	17862184	17862185	11.3
"chr20"	39376037	39376038	46.5
"chr20"	30920720	30920721	96
"chr16"	3064348	3064349	97
"chr12"	91808339	91808340	76.5
"chr5"	181189947	181189948	3.4
"chr8"	53475223	53475224	24.9
"chr4"	4344062	4344063	59.7
"chr14"	100835945	100835946	96.5
"chr2"	68528636	68528637	91
"chr19"	48659381	48659382	95.9
"chr18"	51833148	51833149	89.7
"chr10"	68811714	68811715	55.7
"chr4"	74816358	74816359	20.1
"chr20"	3655446	3655447	73.7
"chr10"	89535669	89535670	3.9
"chr10"	16843206	16843207	71.4
"chr1"	200956696	200956697	96.6
"chr6"	134446417	134446418	45.6
"chr2"	171097641	171097642	96
"chr15"	66384903	66384904	76.2
"chr3"	67737943	67737944	92.9
"chr1"	213174427	213174428	96.3
"chr1"	21338003	21338004	8.2
"chr18"	13459671	13459672	95.5
"chr4"	179812561	179812562	95.1
"chr6"	54091237	54091238	82.5
"chr18"	13941405	13941406	96.4
"chr1"	100296740	100296741	96.5
"chr22"	42649523	42649524	3.7
"chr19"	46648993	46648994	95.9
"chr9"	125099560	125099561	96.6
"chr1"	43855587	43855588	96.3
"chr11"	62642723	62642724	94.1
"chr9"	132713133	132713134	88.4
"chr18"	49521207	49521208	39.1
"chr3"	18402172	18402173	32.9
"chr5"	16972617	16972618	96.5
"chr2"	4543543	4543544	93
"chr11"	105895251	105895252	93.5
"chr16"	49055230	49055231	95.8
"chr4"	1898379	1898380	95.9
"chr16"	85575595	85575596	94.8
"chr12"	125373816	125373817	83
"chr1"	17606378	17606379	61.4
"chr3"	56509573	56509574	95.8
"chr19"	16829033	16829034	56.2
"chr10"	113152214	113152215	95
"chr3"	8769531	8769532	3.4
"chr6"	67122246	67122247	86.1
"chr3"	100600970	100600971	94.4
"chr14"	59844198	59844199	96.7
"chr7"	143852301	143852302	91.7
"chr12"	122980608	122980609	4.2
"chr22"	11264832	11264833	51.3
"chr18"	3920961	3920962	90.5
"chr17"	30460431	30460432	93.3
"chr22"	46626573	46626574	90.4
"chr8"	23269480	23269481	90.7
"chr9"	114319648	114319649	89.8
"chr6"	107445705	107445706	96.7
"chr5"	178101761	178101762	94.5
"chr10"	43340903	43340904	93.6
"chr7"	112389813	112389814	96.5
"chr19"	49033952	49033953	56.8
"chr5"	515349	515350	2.5
"chr19"	4722194	4722195	94.2
"chr13"	74690010	74690011	89.9
"chr1"	1342130	1342131	76.6
"chr4"	3907609	3907610	53.6
"chr8"	3830965	3830966	95
"chr5"	80355124	80355125	93.8
"chr16"	74817738	74817739	85.5
"chr18"	68400400	68400401	4.2
"chr7"	59224846	59224847	5.3
"chr15"	49366699	49366700	96.7
"chr5"	105384342	105384343	96.8
"chr14"	52627836	52627837	94.4
"chr3"	15347038	15347039	91.7
"chr19"	56160154	56160155	96.2
"chr9"	2407817	2407818	91.1
"chr5"	17255005	17255006	7.6
"chr20"	60921279	60921280	6
"chr3"	9500446	9500447	9.9
"chr9"	36058574	36058575	93.7
"chr1"	30374398	30374399	52.4
"chr19"	3238615	3238616	85.4
"chr7"	157740655	157740656	34.4
"chr3"	84200474	84200475	95.8
"chr9"	97112312	97112313	89.7
"chr5"	159791463	159791464	83.6
"chr9"	20620011	20620012	3.4
"chr9"	100012038	100012039	96.6
"chr2"	237361189	237361190	96
"chrX"	58913282	58913283	62.9
"chr2"	32514217	32514218	77.7
"chr13"	89393858	89393859	7.8
"chr20"	53735579	53735580	95.5
"chr16"	23164544	23164545	95.2
"chr1"	107055574	107055575	96
"chr4"	155193889	155193890	38.1
"chr5"	142343628	142343629	96.8
"chr3"	146255313	146255314	58.2
"chr13"	55925235	55925236	78.1
"chr20"	44679704	44679705	96.4
"chrX"	105268358	105268359	5.6
"chr16"	2626291	2626292	95.5
"chr7"	76301481	76301482	55.7
"chr10"	94631055	94631056	90.5
"chr12"	55858767	55858768	96.5
"chr2"	241373640	241373641	92.5
"chr20"	47958849	47958850	81.5
"chr5"	80265564	80265565	95.2
"chr6"	155422946	155422947	96.8
"chr21"	43740190	43740191	96.6
"chr8"	101484558	101484559	94.9
"chr10"	115961008	115961009	91.6
"chr11"	51857750	51857751	79.5
"chr5"	176145363	176145364	95.8
"chr12"	109267604	109267605	94.1
"chr6"	69434018	69434019	96.8
"chr22"	49935319	49935320	3.8
"chr5"	98104556	98104557	43
"chr19"	39498951	39498952	4
"chr1"	8750065	8750066	96.9
"chr5"	43214763	43214764	89
"chr21"	31732454	31732455	4.1
"chr13"	109782010	109782011	97.2
"chr2"	173451474	173451475	34
"chr2"	80843467	80843468	93.3
"chr12"	22929084	22929085	61.3
"chr15"	92610138	92610139	61.2
"chr2"	41101121	41101122	83.4
"chr4"	40387979	40387980	96.7
"chr10"	6145320	6145321	3.6
"chr16"	79154576	79154577	35.9
"chr7"	135124945	135124946	92.8
"chr7"	138746627	138746628	67.6
"chr2"	3643943	3643944	96.6
"chr6"	128134702	128134703	88.1
"chr6"	96335703	96335704	51.9
"chr1"	180812943	180812944	96.9
"chr15"	44408027	44408028	96.5
"chr1"	32651203	32651204	3.4
"chr10"	112622198	112622199	96.8
"chr8"	5258589	5258590	94
"chr1"	32259491	32259492	96.8
"chr12"	93074695	93074696	94.2
"chr21"	41167841	41167842	3.5
"chr11"	10306322	10306323	26.4
"chr1"	143562113	143562114	86.4
"chr8"	31947025	31947026	95.3
"chr9"	37929080	37929081	96.6
"chr6"	36024044	36024045	29.1
"chr1"	54096354	54096355	94.9
"chr3"	146791468	146791469	62.9
"chr9"	106703153	106703154	91.2
"chr10"	14630028	14630029	5.3
"chr2"	202527734	202527735	94.3
"chr7"	148504477	148504478	94.6
"chr17"	12933933	12933934	96.1
"chr10"	39027507	39027508	61.6
"chr4"	99946194	99946195	3.1
"chr14"	47360591	47360592	51.2
"chr11"	69055985	69055986	3.1
"chr11"	53480173	53480174	80.3
"chr18"	14090642	14090643	96.5
"chr7"	149621465	149621466	94.4
"chr7"	427383	427384	96.2
"chr11"	70558896	70558897	96.5
"chr4"	107271042	107271043	45.4
"chr16"	78071083	78071084	71.9
"chr19"	759600	759601	94.6
"chr15"	25473919	25473920	51
"chr1"	154432459	154432460	96.5
"chr6"	18573876	18573877	84.9
"chrX"	128544242	128544243	56
"chr22"	35479381	35479382	73.5
"chr3"	58062974	58062975	97
"chr4"	3373376	3373377	90.9
"chr15"	22960535	22960536	95.6
"chr6"	17986756	17986757	3.2
"chr16"	25011797	25011798	93.2
"chrX"	136016491	136016492	78.5
"chr15"	65727438	65727439	94.7
"chr11"	33029224	33029225	97.3
"chr2"	103969690	103969691	6.4
"chr8"	100222518	100222519	96.3
"chr6"	1598945	1598946	86
"chr16"	51526655	51526656	73.4
"chr22"	16828571	16828572	89.7
"chr4"	176015139	176015140	3.4
"chr2"	241971092	241971093	86.7
"chr9"	120354825	120354826	90.8
"chr20"	46745381	46745382	90.8
"chr5"	157967466	157967467	90
"chr5"	179452521	179452522	94
"chr17"	43794527	43794528	54.7
"chr5"	1260394	1260395	90.2
"chrX"	143354073	143354074	5.4
"chr11"	76847044	76847045	55.8
"chr5"	84132218	84132219	68.3
"chr1"	20732854	20732855	3.3
"chr7"	39934919	39934920	94.3
"chr16"	62083678	62083679	52.3
"chr4"	160379104	160379105	95
"chr21"	24266942	24266943	91.4
"chrX"	19887668	19887669	4.3
"chr12"	70117649	70117650	48.8
"chr19"	3400835	3400836	97.2
"chr17"	24549048	24549049	4.4
"chr17"	1817914	1817915	97
"chr4"	1722056	1722057	3.5
"chr17"	50718125	50718126	94.5
"chr21"	25899780	25899781	67.4
"chr16"	89184256	89184257	95.3
"chr5"	153199112	153199113	59.7
"chr22"	46769794	46769795	93.7
"chr8"	13282068	13282069	38.9
"chr3"	16310714	16310715	95.4
"chr1"	3796106	3796107	3.5
"chr11"	2199194	2199195	28.2
"chr5"	78648719	78648720	3.4
"chr16"	12531344	12531345	96.6
"chr5"	151897298	151897299	94.9
"chr2"	99742539	99742540	92.7
"chr5"	143633024	143633025	94.5
"chr10"	114220951	114220952	93.3
"chr13"	61035164	61035165	76.6
"chr2"	198022928	198022929	70.7
"chr20"	54013666	54013667	87.3
"chr10"	26470789	26470790	94.7
"chr1"	176556695	176556696	70.9
"chr6"	48001613	48001614	4.2
"chr17"	82880069	82880070	93.8
"chr10"	3191748	3191749	95.9
"chr16"	11901705	11901706	96.8
"chr8"	100330252	100330253	95.1
"chr4"	158531159	158531160	81.1
"chr5"	103387405	103387406	92.2
"chr22"	37214907	37214908	96.2
"chr13"	82023612	82023613	6.4
"chr16"	26358608	26358609	5.8
"chr11"	125950393	125950394	57.8
"chr3"	79059089	79059090	93.1
"chr12"	29762799	29762800	79
"chr17"	3889791	3889792	85.8
"chr12"	61941620	61941621	88
"chr8"	123186970	123186971	96.5
"chr4"	181697633	181697634	94.4
"chr12"	64707024	64707025	96.6
"chr16"	3023518	3023519	2.3
"chr11"	70432712	70432713	95.3
"chr1"	53754384	53754385	3.7
"chr3"	141051296	141051297	3.2
"chr16"	57901574	57901575	96
"chr3"	60726069	60726070	5.8
"chr11"	65476778	65476779	30.2
"chr11"	78196264	78196265	54.2
"chr9"	17843940	17843941	47.5
"chr5"	133362099	133362100	18.2
"chr10"	125291725	125291726	67.3
"chr12"	116862592	116862593	80.6
"chr4"	82370136	82370137	96.1
"chr10"	124381205	124381206	4.5
"chr11"	66864686	66864687	54.4
"chr2"	58175584	58175585	89.1
"chr16"	57429770	57429771	92.9
"chr1"	228510345	228510346	88.9
"chrY"	14024417	14024418	81
"chr10"	74881160	74881161	95.7
"chr15"	100237123	100237124	39.7
"chr8"	29061728	29061729	97
"chr3"	162725740	162725741	92.7
"chr9"	38686160	38686161	88.6
"chr2"	234497321	234497322	2.8
"chr1"	103381860	103381861	57.4
"chr8"	11769509	11769510	2.8
"chr10"	7615963	7615964	86
"chr4"	49530966	49530967	43.5
"chr7"	66607014	66607015	87.8
"chr1"	15603711	15603712	4.3
"chr17"	24048537	24048538	94.5
"chr21"	21645655	21645656	18.1
"chr8"	126833831	126833832	94
"chr2"	70121822	70121823	63.7
"chr1"	23743403	23743404	3.4
"chr8"	140511332	140511333	3.4
"chr21"	27258872	27258873	85
"chr3"	20533787	20533788	38.4
"chr14"	39172682	39172683	96
"chr9"	95125229	95125230	95.1
"chr16"	86515576	86515577	19.4
"chr1"	85747173	85747174	75.4
"chr11"	2515553	2515554	85
"chr6"	66009589	66009590	6.5
"chr21"	45527868	45527869	83.7
"chr20"	48059028	48059029	68
"chr1"	77930387	77930388	52.5
"chr1"	150925623	150925624	96.6
"chr2"	196308009	196308010	96.2
"chr11"	59198275	59198276	72.6
"chr13"	52911095	52911096	73.4
"chr2"	152733553	152733554	96.6
"chr17"	70896855	70896856	82.8
"chr2"	80925898	80925899	4.6
"chr1"	205509986	205509987	74.5
"chr1"	26960196	26960197	3.5
"chr9"	66269855	66269856	3.7
"chr6"	44206873	44206874	94.9
"chr15"	100904450	100904451	95.7
"chr19"	43360027	43360028	73.4
"chr1"	214608617	214608618	95.9
"chr9"	7085271	7085272	96.9
"chr1"	2428019	2428020	95.6
"chr2"	218994173	218994174	3.2
"chr9"	131640312	131640313	95.1
"chr6"	84854591	84854592	15.5
"chr13"	96592238	96592239	73.9
"chr1"	148428931	148428932	78.4
"chr17"	79519509	79519510	5.9
"chr16"	32241327	32241328	95.6
"chr7"	101989991	101989992	29.3
"chr9"	27308007	27308008	73.4
"chr8"	12003484	12003485	15.7
"chr7"	122779729	122779730	3.9
"chr15"	38783002	38783003	97
"chr22"	38701213	38701214	3.6
"chr4"	116403200	116403201	92.5
"chr2"	72149481	72149482	4.4
"chr13"	94307500	94307501	37.6
"chr4"	122110145	122110146	96.3
"chr19"	2076950	2076951	96.2
"chr7"	5018402	5018403	95.4
"chr1"	6953556	6953557	45
"chr5"	55820114	55820115	93.4
"chr14"	64549853	64549854	4
"chr8"	6145031	6145032	36.2
"chrX"	110366793	110366794	96.6
"chr2"	223656005	223656006	61
"chr8"	26152465	26152466	60.6
"chr11"	64008357	64008358	92.2
"chr17"	57823702	57823703	95.7
"chr8"	95173004	95173005	96.5
"chr3"	81665483	81665484	96.4
"chr22"	16410975	16410976	42.4
"chr19"	11322078	11322079	5.7
"chr1"	49587564	49587565	86.8
"chr14"	56871236	56871237	96.6
"chr3"	52246736	52246737	64.2
"chr6"	41600608	41600609	90.3
"chr14"	33885238	33885239	50.5
"chr6"	22957312	22957313	95.6
"chr5"	178405240	178405241	51
"chrX"	53359045	53359046	95.4
"chr10"	128397834	128397835	48.8
"chr19"	23852684	23852685	93
"chr6"	86268440	86268441	90.8
"chr3"	89968690	89968691	96.6
"chr8"	55966429	55966430	93
"chr3"	75065540	75065541	94.6
"chr10"	132715180	132715181	49.1
"chr8"	1320535	1320536	83.6
"chr6"	135594766	135594767	86.9
"chr8"	2002282	2002283	3.6
"chr9"	92449212	92449213	96
"chr15"	50941879	50941880	95.8
"chr16"	66924361	66924362	94.8
"chr9"	43338467	43338468	94.4
"chr5"	178055009	178055010	96.9
"chr2"	28569761	28569762	90.8
"chr3"	194910909	194910910	93.6
"chr13"	73977202	73977203	96.4
"chr5"	71479104	71479105	94.7
"chr11"	4771460	4771461	65.2
"chr17"	17770973	17770974	95.7
"chr11"	39268758	39268759	5.7
"chr5"	140688472	140688473	97.1
"chr12"	131801906	131801907	95.7
"chr7"	36683849	36683850	95.2
"chr17"	41127244	41127245	94.6
"chr6"	93867803	93867804	51.6
"chr5"	142262124	142262125	44.5
"chr8"	15076341	15076342	10.3
"chr1"	91905932	91905933	95
"chr11"	7578972	7578973	91.3
"chr10"	86262986	86262987	3.4
"chr2"	181890888	181890889	96.9
"chr5"	130596556	130596557	96.7
"chr4"	33906583	33906584	48.6
"chr7"	158629458	158629459	95.6
"chr15"	95810102	95810103	62.6
"chr1"	25162185	25162186	20.5
"chr7"	130003909	130003910	95.4
"chr10"	11395347	11395348	55.3
"chr4"	144008935	144008936	96.6
"chr11"	81661379	81661380	83.6
"chr19"	9149395	9149396	96.1
"chr6"	170611448	170611449	94.5
"chr18"	19552010	19552011	76.2
"chr8"	66613016	66613017	3.3
"chr1"	46768915	46768916	54.3
"chr3"	191147695	191147696	96.7
"chr2"	5513539	5513540	64.6
"chr9"	115059663	115059664	95.1
"chr3"	47688774	47688775	95.4
"chr2"	9260171	9260172	74.7
"chr1"	3755211	3755212	84.6
"chr12"	69056137	69056138	57.2
"chr5"	80309638	80309639	96.6
"chr4"	36310935	36310936	3.2
"chrX"	144147506	144147507	78.1
"chr16"	89800751	89800752	96.7
"chr2"	140578704	140578705	65.9
"chr19"	636653	636654	71.5
"chr3"	196644697	196644698	93.7
"chr10"	126656643	126656644	95.4
"chr5"	172592872	172592873	65.4
"chr1"	181758026	181758027	97.2
"chr19"	18116321	18116322	96.3
"chr16"	1551906	1551907	95.2
"chrY"	8886937	8886938	95.8
"chr22"	44717685	44717686	95.3
"chr19"	55166052	55166053	3.4
"chr1"	226226903	226226904	88.3
"chrX"	47633647	47633648	94.8
"chr5"	66941750	66941751	94.3
"chr1"	23825860	23825861	3.4
"chr5"	141742785	141742786	2.9
"chr12"	125261989	125261990	88.2
"chr10"	123543306	123543307	59.4
"chrY"	6727320	6727321	95.8
"chrX"	45632582	45632583	96.9
"chr21"	26076878	26076879	86.4
"chr12"	30317783	30317784	13.3
"chr13"	68766706	68766707	88.4
"chr7"	132629780	132629781	36.1
"chr5"	59445128	59445129	45.4
"chr9"	95380461	95380462	96.5
"chrX"	49234978	49234979	76.8
"chr1"	145425374	145425375	3.2
"chr17"	19470878	19470879	93.3
"chr13"	31973787	31973788	96.3
"chr12"	116271645	116271646	45.2
"chr11"	115767218	115767219	74
"chr17"	11690802	11690803	95.9
"chr1"	46324118	46324119	95.3
"chr11"	98336503	98336504	77.5
"chr7"	109772926	109772927	37.2
"chr18"	28178071	28178072	3.6
"chr19"	37272544	37272545	66.6
"chr17"	49026803	49026804	97
"chr8"	14968897	14968898	26.6
"chr8"	101141790	101141791	72.8
"chr9"	129651181	129651182	83.9
"chr2"	202026373	202026374	68.1
"chr3"	69408811	69408812	70.5
"chr5"	136457185	136457186	73.2
"chr4"	7986831	7986832	46.1
"chr22"	16032755	16032756	37.4
"chr18"	30547663	30547664	93.2
"chr1"	245697995	245697996	93.8
"chr3"	115683143	115683144	89.4
"chr5"	34476726	34476727	58.8
"chr3"	184354556	184354557	16.3
"chr4"	18826675	18826676	50.1
"chr16"	75735936	75735937	33.4
"chr20"	35087144	35087145	96.4
"chr2"	29229607	29229608	84.2
"chr8"	20260465	20260466	68.4
"chr6"	136366479	136366480	94
"chr17"	31578269	31578270	97.6
"chr17"	7336156	7336157	58
"chr11"	14717836	14717837	95.3
"chr5"	147872939	147872940	96
"chr22"	44257077	44257078	95.2
"chr5"	16085670	16085671	96.7
"chr13"	92036019	92036020	6.2
"chrX"	123448648	123448649	92.7
"chr11"	64939813	64939814	60.5
"chr1"	96729778	96729779	96.1
"chr5"	66751573	66751574	96.2
"chr10"	126927731	126927732	94.1
"chr3"	101578731	101578732	95
"chr1"	75027323	75027324	96.4
"chr5"	26352429	26352430	96.7
"chrX"	42842662	42842663	56.5
"chr1"	243732408	243732409	73.5
"chr10"	13702290	13702291	93
"chr8"	100167759	100167760	38.3
"chr2"	87012590	87012591	95
"chr9"	85875391	85875392	96.5
"chr3"	14669333	14669334	96.8
"chr1"	59702211	59702212	89.9
"chr2"	57677076	57677077	30.6
"chr11"	59538845	59538846	91
"chr17"	38063931	38063932	91.4
"chr7"	6320081	6320082	83.9
"chr7"	67027999	67028000	96.7
"chr5"	52766633	52766634	93.9
"chrX"	130171920	130171921	30.3
"chr5"	168044230	168044231	90.8
"chr10"	78052063	78052064	91.7
"chr7"	46353288	46353289	93.7
"chr3"	79130287	79130288	23.6
"chr4"	28529300	28529301	8
"chr19"	14175775	14175776	72.9
"chr5"	2206313	2206314	96.6
"chr1"	26697313	26697314	3.5
"chr6"	101709729	101709730	96.7
"chr14"	95346718	95346719	65.3
"chr10"	6125799	6125800	95.9
"chr9"	131550729	131550730	96.4
"chr16"	34357857	34357858	57
"chr18"	8245246	8245247	96.5
"chr4"	92944464	92944465	67.9
"chr16"	82449144	82449145	95
"chr5"	98319425	98319426	39.8
"chr5"	138492438	138492439	4.3
"chr8"	58936122	58936123	96.9
"chr6"	160066249	160066250	95.6
"chr2"	239348061	239348062	53.1
"chr6"	163396191	163396192	90.9
"chr20"	54252203	54252204	95.4
"chr10"	107439376	107439377	86.8
"chr1"	52027408	52027409	93.1
"chr2"	208254305	208254306	3.9
"chr9"	133262150	133262151	90.3
"chr2"	209366810	209366811	79.8
"chr4"	181228817	181228818	88.1
"chr10"	131781488	131781489	58.4
"chr6"	95996366	95996367	20.4
"chr9"	118522097	118522098	68.7
"chr11"	116710455	116710456	15.3
"chr5"	1090787	1090788	91
"chr18"	49492195	49492196	3.3
"chr16"	48259597	48259598	84.6
"chr8"	108506078	108506079	96.2
"chr16"	36474704	36474705	74.4
"chr1"	242581189	242581190	59.7
"chr18"	19170817	19170818	53.1
"chr3"	2072748	2072749	3.6
"chrY"	23344221	23344222	45.3
"chr17"	63176736	63176737	96
"chr3"	71860025	71860026	94
"chr3"	60309924	60309925	87.7
"chr4"	1012059	1012060	2.8
"chr8"	11059476	11059477	3.6
"chr1"	93614060	93614061	85.9
"chr12"	36268819	36268820	3.6
"chr1"	197930472	197930473	10.8
"chr10"	60731845	60731846	5
"chr1"	237993314	237993315	94.4
"chr5"	37432544	37432545	96.2
"chr12"	80831253	80831254	11
"chr6"	90314058	90314059	93.1
"chr10"	79013813	79013814	83.7
"chr13"	33680368	33680369	96.1
"chr7"	140903000	140903001	69.1
"chr12"	76930444	76930445	10.3
"chr10"	14838979	14838980	4.4
"chr2"	69341921	69341922	95.3
"chr15"	76388502	76388503	94.9
"chr9"	100391258	100391259	96
"chr16"	34241535	34241536	95.7
"chrX"	133985352	133985353	7.5
"chr1"	214277559	214277560	13.4
"chr20"	4664716	4664717	96.2
"chrX"	44805618	44805619	56.8
"chr17"	12909994	12909995	61.4
"chr3"	112959149	112959150	3.3
"chr7"	52821010	52821011	39.4
"chr4"	98653098	98653099	96.5
"chr7"	27422711	27422712	96.3
"chr2"	31339937	31339938	57.3
"chr22"	39045376	39045377	96.4
"chr2"	193015455	193015456	94.5
"chr16"	78360922	78360923	87.6
"chr15"	50055046	50055047	69.1
"chr1"	148280920	148280921	3.5
"chr5"	30371702	30371703	94.5
"chr17"	9560375	9560376	96.5
"chr18"	2131002	2131003	96.4
"chr6"	78091879	78091880	85.6
"chr8"	108185008	108185009	80
"chr18"	74851099	74851100	94.6
"chr4"	49176167	49176168	47
"chr19"	13298290	13298291	97
"chr1"	147624455	147624456	96.4
"chr12"	99132443	99132444	52.8
"chr20"	20330032	20330033	94.8
"chr4"	164508223	164508224	2.9
"chr18"	74227047	74227048	69
"chr9"	123272867	123272868	96.2
"chrX"	39320917	39320918	96.5
"chr1"	118180073	118180074	95.4
"chr15"	96450197	96450198	64.4
"chr10"	80486223	80486224	47.8
"chr2"	136804266	136804267	45.7
"chr9"	124285933	124285934	38
"chr22"	40991118	40991119	45.5
"chr2"	229851098	229851099	96.3
"chr17"	56253462	56253463	92.1
"chr5"	139544411	139544412	94.9
"chr8"	123048361	123048362	96.1
"chr13"	19089428	19089429	57.4
"chr14"	52476518	52476519	83.8
"chr17"	76140986	76140987	5.4
"chr5"	126809664	126809665	96.9
"chr10"	28939986	28939987	93.6
"chr8"	11200823	11200824	3.4
"chr1"	88630095	88630096	95.5
"chr7"	11186216	11186217	95.2
"chr3"	120761820	120761821	79.3
"chr2"	43762144	43762145	88
"chr5"	174460271	174460272	60.1
"chr4"	94397799	94397800	70.3
"chr20"	61946117	61946118	95.6
"chr2"	131428767	131428768	38.8
"chr22"	39114049	39114050	55.9
"chr1"	50421521	50421522	2.8
"chr15"	23284454	23284455	91.6
"chr17"	8109330	8109331	96.2
"chr21"	33061747	33061748	55.5
"chrX"	93587894	93587895	70.6
"chr16"	81688493	81688494	95.4
"chr1"	28951578	28951579	10.1
"chr22"	49508079	49508080	81.9
"chr3"	47622468	47622469	95.7
"chr1"	21783227	21783228	2.6
"chr1"	96224482	96224483	97
"chr5"	31072580	31072581	4.5
"chr3"	165756139	165756140	4.8
"chr11"	111718054	111718055	42
"chr13"	33874613	33874614	96.4
"chr16"	1261311	1261312	34.2
"chr18"	3234626	3234627	68
"chr4"	63831394	63831395	3.7
"chr7"	116871938	116871939	94.8
"chr6"	74764841	74764842	51
"chrX"	20672708	20672709	41.9
"chr7"	62402307	62402308	87.6
"chr2"	122912170	122912171	4.6
"chr1"	223143227	223143228	2.7
"chr2"	170521137	170521138	96.8
"chr9"	93024760	93024761	92.5
"chr2"	28393624	28393625	7.7
"chr5"	173734335	173734336	3
"chr17"	12715062	12715063	34.2
"chr7"	149588163	149588164	96.8
"chr1"	9788727	9788728	95.9
"chr10"	113265602	113265603	50.6
"chr7"	65057234	65057235	96.2
"chr17"	35489408	35489409	90.6
"chr7"	13758950	13758951	33.2
"chr13"	109311825	109311826	96
"chrX"	140377378	140377379	95.9
"chr15"	41141970	41141971	95.9
"chr2"	178106883	178106884	93.5
"chr16"	29293943	29293944	96.4
"chr19"	55946008	55946009	39.4
"chrX"	80216459	80216460	7.5
"chr4"	139725910	139725911	87.1
"chr9"	126730793	126730794	38.7
"chr19"	22765889	22765890	68.2
"chr3"	173044079	173044080	90.8
"chr6"	73096968	73096969	97.2
"chr12"	125284612	125284613	25.1
"chr15"	25468779	25468780	83.2
"chr5"	57601587	57601588	62.5
"chrX"	129104542	129104543	94.4
"chr18"	60086427	60086428	63.6
"chr5"	149349873	149349874	94.4
"chr1"	181708237	181708238	94.7
"chr6"	57753768	57753769	95.9
"chr15"	56243675	56243676	4.2
"chr21"	23119340	23119341	30
"chr3"	51499465	51499466	3.1
"chr2"	85814374	85814375	2.8
"chr11"	99550013	99550014	48.6
"chr10"	26120184	26120185	53.2
"chr12"	82031823	82031824	53.6
"chr2"	114328695	114328696	79.7
"chr4"	35843517	35843518	64.7
"chr10"	1493843	1493844	95.7
"chr20"	45577522	45577523	95.5
"chr9"	137188688	137188689	3
"chr3"	67059370	67059371	96.5
"chr18"	55566198	55566199	65.8
"chr17"	41221690	41221691	58.6
"chr9"	136423053	136423054	96.6
"chr17"	51166372	51166373	3
"chr16"	85055853	85055854	4.7
"chr1"	225824712	225824713	91.1
"chr13"	111948155	111948156	4.6
"chr1"	145754578	145754579	96.4
"chr2"	54708841	54708842	4.1
"chr11"	116858371	116858372	96.6
"chr5"	120676897	120676898	70.4
"chr1"	37224806	37224807	90.4
"chr12"	32418153	32418154	95.9
"chr17"	72681622	72681623	96
"chr4"	107071098	107071099	43.5
"chr2"	220911774	220911775	19.8
"chr21"	45502856	45502857	23.5
"chr21"	6831205	6831206	61.6
"chr1"	20532873	20532874	45.5
"chr11"	47741739	47741740	96.7
"chr3"	55772516	55772517	87
"chr8"	16822863	16822864	60.6
"chr17"	80950339	80950340	95.8
"chr22"	24166287	24166288	97.3
"chr11"	17353527	17353528	3.7
"chr16"	84230296	84230297	94.8
"chr10"	132817205	132817206	95.9
"chr3"	139909574	139909575	30.2
"chr21"	29859266	29859267	39.1
"chr2"	218360071	218360072	93.2
"chr1"	81245642	81245643	93.8
"chr3"	32106466	32106467	3
"chr19"	16705423	16705424	92.5
"chr7"	82735752	82735753	64.5
"chr11"	47931396	47931397	96.2
"chr12"	109575075	109575076	95
"chr5"	142698146	142698147	90.9
"chr22"	45039969	45039970	88.6
"chrX"	6128723	6128724	88
"chr13"	98021053	98021054	96.9
"chr22"	15563936	15563937	69.6
"chr14"	38350320	38350321	7.3
"chr18"	79627548	79627549	95.7
"chr1"	231426813	231426814	33.6
"chr13"	24353539	24353540	76.4
"chr19"	58380915	58380916	3.1
"chr8"	72118442	72118443	96.4
"chr10"	11664554	11664555	9.2
"chr14"	78173472	78173473	84.7
"chr18"	75040935	75040936	93.2
"chr1"	110674960	110674961	2.9
"chr17"	2511650	2511651	3.7
"chr12"	48018737	48018738	70.3
"chr5"	423944	423945	93
"chr15"	64297421	64297422	96.6
"chr1"	121020734	121020735	14.6
"chr13"	77647402	77647403	92.6
"chr14"	91405478	91405479	95.9
"chrX"	141076503	141076504	50.8
"chr10"	83142834	83142835	66.8
"chr16"	32937444	32937445	95.2
"chr7"	15933812	15933813	39.4
"chr11"	68127264	68127265	95.7
"chr4"	75017239	75017240	95.4
"chr20"	36065170	36065171	3.5
"chr10"	123183996	123183997	92
"chr18"	14154901	14154902	95.5
"chr5"	70511954	70511955	95.2
"chr10"	57500609	57500610	95.8
"chr17"	15355051	15355052	95.7
"chr6"	16636297	16636298	25.4
"chr5"	113683074	113683075	54.3
"chrX"	72839085	72839086	93.8
"chr12"	122048144	122048145	96
"chr8"	134547117	134547118	96.5
"chr8"	120984636	120984637	92.9
"chr4"	56496858	56496859	96.5
"chr11"	29599832	29599833	95.5
"chr8"	799407	799408	96.9
"chr9"	137387788	137387789	71.9
"chr22"	44082087	44082088	96.1
"chr15"	31002921	31002922	96.5
"chr21"	36825660	36825661	93.7
"chr2"	9555914	9555915	3.2
"chr10"	27405505	27405506	94.6
"chr2"	49744034	49744035	8
"chrX"	149748407	149748408	70.3
"chr7"	72336962	72336963	3.6
"chr13"	103332827	103332828	46.1
"chr4"	147537504	147537505	90.6
"chr16"	37051784	37051785	57.6
"chr10"	133422645	133422646	97.2
"chr2"	8727377	8727378	92.3
"chr3"	196391527	196391528	96.7
"chr7"	83057429	83057430	63.8
"chr13"	24048299	24048300	88.7
"chr1"	200012838	200012839	96.2
"chr17"	78806634	78806635	13
"chr7"	5648675	5648676	93
"chr19"	1669579	1669580	3.4
"chr22"	48702824	48702825	2.5
"chr5"	94528102	94528103	94.9
"chr19"	55196887	55196888	95.9
"chr5"	141703229	141703230	4.4
"chr1"	30940070	30940071	95.6
"chr6"	108364218	108364219	96.5
"chr16"	88779329	88779330	96.3
"chr12"	89311062	89311063	96.3
"chr6"	80824544	80824545	4.9
"chr16"	26944361	26944362	62.8
"chr7"	44927312	44927313	86.8
"chr5"	56606933	56606934	85.1
"chr18"	28538575	28538576	15.7
"chr13"	87211539	87211540	73.6
"chr6"	98965243	98965244	93.4
"chr6"	101794500	101794501	95.9
"chr20"	23362388	23362389	3.7
"chr15"	57305619	57305620	96.3
"chr5"	81823072	81823073	96.3
"chr5"	139561197	139561198	3.3
"chr3"	37552945	37552946	96.4
"chr1"	211976282	211976283	95.8
"chr6"	5727104	5727105	24
"chr4"	37168826	37168827	3.2
"chr3"	57227227	57227228	3.1
"chr1"	183568848	183568849	77.5
"chr1"	3221288	3221289	95.3
"chr7"	130802842	130802843	74.4
"chr3"	150389209	150389210	63.6
"chr19"	43570656	43570657	87.4
"chr12"	106741763	106741764	79.1
"chr19"	2800844	2800845	95.2
"chr7"	155160143	155160144	67.9
"chr3"	1261887	1261888	62.6
"chr12"	22945732	22945733	63.9
"chr2"	187673280	187673281	87.4
"chr2"	131997475	131997476	7.4
"chr4"	1025743	1025744	78.4
"chr7"	66723601	66723602	96.4
"chr20"	51369008	51369009	30.1
"chr8"	132673541	132673542	76.9
"chr2"	59067226	59067227	96.9
"chr15"	101158652	101158653	97
"chr7"	99286464	99286465	3.2
"chr10"	12812571	12812572	96.7
"chr6"	103573941	103573942	93.5
"chr12"	26939246	26939247	3.9
"chrX"	126505492	126505493	18.4
"chr16"	64368176	64368177	43.2
"chr2"	2116057	2116058	96
"chr10"	20774884	20774885	59.2
"chr3"	193880559	193880560	95.2
"chr1"	71065095	71065096	97
"chr6"	33576400	33576401	96
"chr4"	6626977	6626978	95.5
"chr17"	45128007	45128008	96.7
"chrX"	105318261	105318262	96.9
"chr1"	69824547	69824548	86.1
"chr9"	88038121	88038122	90.6
"chr14"	94644156	94644157	87
"chrX"	156018630	156018631	40.2
"chr1"	194229995	194229996	81.1
"chr14"	97281920	97281921	83.5
"chr2"	213589875	213589876	97.6
"chr9"	32378658	32378659	6.4
"chr1"	5808198	5808199	62.8
"chr7"	156147324	156147325	61.8
"chr1"	89379714	89379715	7.2
"chr5"	147487165	147487166	38
"chr4"	124002157	124002158	55.4
"chr5"	166200838	166200839	88.5
"chr16"	22389276	22389277	94.5
"chr10"	27948494	27948495	36.7
"chr3"	78971647	78971648	10.1
"chr19"	22717127	22717128	88
"chr7"	63088866	63088867	90.5
"chr19"	1421092	1421093	96.4
"chr3"	193316863	193316864	8.6
"chr20"	26208427	26208428	21.5
"chrX"	17867943	17867944	94.9
"chr20"	19527779	19527780	36.6
"chr22"	46989409	46989410	95.1
"chr22"	25605804	25605805	54.1
"chr4"	128746934	128746935	97
"chr9"	117853139	117853140	96.8
"chr8"	104367678	104367679	95.8
"chr12"	129982366	129982367	84
"chr17"	76804313	76804314	50.1
"chr20"	37737137	37737138	95.9
"chr7"	48828314	48828315	96
"chr4"	175704343	175704344	92.4
"chr11"	30586492	30586493	3.7
"chr8"	27963291	27963292	95.8
"chr21"	13763136	13763137	95.6
"chr10"	7858832	7858833	95.9
"chr19"	8197904	8197905	95.7
"chr1"	171900630	171900631	75
"chr19"	20769825	20769826	93.5
"chr3"	58219472	58219473	94.5
"chr5"	55959486	55959487	63.8
"chr13"	90973769	90973770	58.2
"chr9"	31584615	31584616	12.1
"chr3"	8172868	8172869	52.5
"chr5"	176115001	176115002	52.9
"chr2"	71136406	71136407	94.5
"chrX"	77884879	77884880	95.9
"chr7"	5190376	5190377	4.6
"chr2"	122278697	122278698	96.1
"chr13"	95870447	95870448	93.7
"chr1"	203315839	203315840	96.4
"chr11"	77943041	77943042	95.9
"chr12"	116711978	116711979	97.5
"chr4"	122687321	122687322	94.6
"chr19"	45827724	45827725	96.9
"chr18"	66338596	66338597	4.6
"chr8"	17344524	17344525	88.9
"chr19"	45385648	45385649	3.2
"chr10"	11823983	11823984	3.6
"chr1"	8291227	8291228	96.8
"chr3"	124861646	124861647	94.5
"chr4"	179689526	179689527	96.4
"chr1"	62233384	62233385	11.8
"chr22"	35401475	35401476	74.1
"chr15"	83519767	83519768	23.9
"chr8"	76391477	76391478	11.1
"chr1"	144077766	144077767	3.6
"chr10"	92599553	92599554	95.8
"chr8"	56983022	56983023	96.5
"chr20"	23084937	23084938	95.5
"chr1"	123591687	123591688	11.9
"chr4"	144572985	144572986	95
"chr2"	145992772	145992773	94.6
"chrX"	137003880	137003881	95.2
"chr13"	85206429	85206430	77
"chr1"	9059227	9059228	96.4
"chr10"	64912787	64912788	95.8
"chr17"	3045366	3045367	88.8
"chr1"	202592002	202592003	96.2
"chr11"	62453008	62453009	95.7
"chr7"	141089211	141089212	2.2
"chr19"	42323808	42323809	47.8
"chr1"	37081535	37081536	96.5
"chrX"	20207960	20207961	33.1
"chr11"	50197337	50197338	15.4
"chr18"	76424673	76424674	96.4
"chr8"	128158363	128158364	97.2
"chr3"	125040068	125040069	91.8
"chrY"	16151203	16151204	10.9
"chr17"	76423313	76423314	96.6
"chr7"	48346478	48346479	43.7
"chr6"	168540334	168540335	97
"chr5"	2525067	2525068	78.1
"chr19"	54877547	54877548	56.4
"chr12"	82532491	82532492	92.5
"chr9"	126533085	126533086	63.3
"chr18"	55781616	55781617	90.8
"chr9"	130701790	130701791	96
"chr4"	190076687	190076688	60.5
"chr4"	25503403	25503404	54
"chr2"	164744674	164744675	71.8
"chr22"	48309493	48309494	94.2
"chr3"	164682783	164682784	95.4
"chr14"	57405911	57405912	96.1
"chr3"	28635857	28635858	26.8
"chr2"	187973447	187973448	84.6
"chr4"	6665561	6665562	97.2
"chr4"	32688170	32688171	63.2
"chr2"	237540925	237540926	45.4
"chr19"	751184	751185	68.7
"chr7"	70070855	70070856	94.4
"chr3"	13282993	13282994	3.5
"chr15"	80779264	80779265	4.5
"chr1"	241500206	241500207	78.6
"chr11"	66849356	66849357	96.4
"chr1"	205171381	205171382	88.5
"chr18"	16523084	16523085	72.8
"chr1"	99828360	99828361	91.3
"chr8"	9815899	9815900	60.2
"chr10"	130022728	130022729	64.7
"chr10"	77978950	77978951	96.7
"chr2"	25673644	25673645	3.3
"chrX"	56722304	56722305	95.4
"chr2"	71327713	71327714	84.3
"chr17"	60168764	60168765	96.6
"chr15"	29197492	29197493	95.6
"chr3"	168932679	168932680	84.2
"chr14"	69341822	69341823	68.6
"chr1"	45817954	45817955	53.7
"chr13"	98576596	98576597	10.2
"chr18"	75078075	75078076	9.1
"chr6"	112331467	112331468	33.9
"chr6"	41650824	41650825	52.4
"chr10"	74640607	74640608	87.5
"chr10"	2471553	2471554	29.1
"chr6"	156599402	156599403	92.8
"chr10"	53652823	53652824	90.7
"chr12"	81496296	81496297	13.6
"chr12"	105271795	105271796	94.1
"chr15"	57619523	57619524	79.5
"chr12"	124294502	124294503	34.8
"chr9"	14343343	14343344	35.9
"chr2"	108015644	108015645	85.9
"chr1"	94150727	94150728	96.2
"chr5"	130819112	130819113	60.3
"chr16"	30605817	30605818	96
"chr15"	75426119	75426120	82.3
"chr19"	47436771	47436772	2.8
"chr2"	201893993	201893994	95.7
"chr13"	25085581	25085582	95.8
"chr3"	66458561	66458562	95.9
"chr3"	138280742	138280743	97.4
"chr4"	148894050	148894051	41.3
"chr1"	167161215	167161216	86.9
"chr12"	70929517	70929518	91.1
"chr16"	71795973	71795974	54.8
"chr1"	236754139	236754140	75
"chr7"	44563757	44563758	95.6
"chr5"	123550286	123550287	96
"chr9"	116188058	116188059	50
"chr20"	50601958	50601959	75.2
"chr19"	22648029	22648030	90.1
"chr1"	54662087	54662088	86
"chr12"	19278825	19278826	96.1
"chr1"	201688330	201688331	65.3
"chr1"	237192952	237192953	90.8
"chr5"	2864556	2864557	5.5
"chr4"	130798721	130798722	19.9
"chr8"	4727082	4727083	95.3
"chr10"	86665490	86665491	78.9
"chrX"	22478032	22478033	93.7
"chr10"	18080993	18080994	94.1
"chr12"	24185873	24185874	90.8
"chr6"	24216535	24216536	32.4
"chr7"	23532307	23532308	3.9
"chr9"	128339119	128339120	96.5
"chr12"	32619499	32619500	91.9
"chr13"	83881066	83881067	3.9
"chr5"	179147236	179147237	71.2
"chr18"	6683821	6683822	73
"chr4"	7588253	7588254	85
"chr5"	87065006	87065007	94.8
"chr4"	55998365	55998366	97
"chr11"	117614280	117614281	69
"chr16"	21915866	21915867	92.9
"chr5"	172770501	172770502	3.8
"chr10"	109133867	109133868	42.7
"chr2"	156342390	156342391	2.6
"chr5"	93143425	93143426	11.3
"chr8"	139318771	139318772	62.3
"chrX"	96928487	96928488	90.9
"chr7"	100884405	100884406	95.4
"chrX"	74211469	74211470	81.9
"chr5"	147782566	147782567	2.8
"chr11"	12227243	12227244	87.7
"chr11"	74508872	74508873	41.7
"chr4"	58779332	58779333	93.5
"chr18"	12583268	12583269	92.9
"chr3"	121585040	121585041	67.6
"chr21"	34874933	34874934	3.3
"chr12"	78033565	78033566	90.7
"chr20"	615308	615309	56.7
"chr4"	140426921	140426922	57
"chr11"	105850741	105850742	54.8
"chr4"	10406224	10406225	74.8
"chr21"	46388992	46388993	73.5
"chr1"	95273945	95273946	6.2
"chr2"	1649471	1649472	96.3
"chr2"	99639977	99639978	62.5
"chr6"	43953974	43953975	59.4
"chr9"	136112688	136112689	96.3
"chr2"	242058463	242058464	37.3
"chr22"	45978929	45978930	3
"chr2"	42095325	42095326	96.4
"chr14"	55485787	55485788	91.7
"chr11"	87353066	87353067	2.5
"chr5"	33768413	33768414	85.9
"chr8"	58659102	58659103	3.3
"chr22"	23630733	23630734	31.2
"chr7"	5112260	5112261	96.8
"chr7"	130181969	130181970	97.2
"chr14"	19167542	19167543	60.7
"chr6"	109861271	109861272	67.8
"chr2"	89635879	89635880	13.2
"chr16"	5319066	5319067	78
"chr7"	12986972	12986973	18.3
"chr16"	4366139	4366140	95.6
"chr11"	29517822	29517823	20.6
"chr8"	10886670	10886671	53
"chr20"	60399702	60399703	70.4
"chr15"	48001003	48001004	87.7
"chr4"	160946687	160946688	91.4
"chr3"	75350463	75350464	96.2
"chr17"	46499142	46499143	93.4
"chr7"	7627281	7627282	95.5
"chr1"	1668882	1668883	67.4
"chr12"	5109238	5109239	67.9
"chr8"	133508886	133508887	56.5
"chr1"	16974972	16974973	67.4
"chr5"	118411760	118411761	71.3
"chr2"	121199289	121199290	77.3
"chr12"	26363673	26363674	95.9
"chr20"	2101973	2101974	3.8
"chr12"	13347609	13347610	5
"chr3"	108486599	108486600	74.6
"chrX"	234158	234159	97.2
"chr11"	40509854	40509855	27.2
"chr12"	132258816	132258817	86.8
"chr5"	119423078	119423079	95.1
"chr16"	49281473	49281474	2.7
"chr2"	154728770	154728771	68.2
"chr16"	67166502	67166503	84
"chr4"	73372542	73372543	89.8
"chr11"	76583367	76583368	91.5
"chr3"	133948619	133948620	95.8
"chr4"	67723998	67723999	96.1
"chr2"	189441672	189441673	3.5
"chr11"	2396723	2396724	94.9
"chr6"	73050512	73050513	96.2
"chr19"	8424598	8424599	96.5
"chr11"	60951024	60951025	6.6
"chr3"	49718852	49718853	46.4
"chr12"	54050107	54050108	3.9
"chr3"	134313086	134313087	3.8
"chr17"	79104062	79104063	5.4
"chr15"	91027225	91027226	94.7
"chr5"	132982920	132982921	95.7
"chr3"	173022566	173022567	96.8
"chr7"	33363381	33363382	72.8
"chr5"	84070400	84070401	68.8
"chr16"	73780303	73780304	78.6
"chr6"	31590427	31590428	96.5
"chr17"	16310939	16310940	96.5
"chr8"	95843125	95843126	53.3
"chrX"	132831654	132831655	90.1
"chr15"	40814300	40814301	97.1
"chr3"	138248524	138248525	97.4
"chr6"	41031789	41031790	96.5
"chr4"	38118944	38118945	96.4
"chr16"	89990565	89990566	96.4
"chr1"	86917390	86917391	95
"chr2"	219332145	219332146	53.2
"chr22"	39606223	39606224	45.7
"chr6"	72230809	72230810	49.3
"chr15"	26868772	26868773	94.5
"chr22"	43188026	43188027	83.5
"chr20"	15612718	15612719	16.6
"chr13"	82150894	82150895	25.6
"chr1"	237159546	237159547	88.6
"chr8"	143516968	143516969	5.3
"chr3"	176685646	176685647	11.2
"chr5"	23123380	23123381	94.8
"chr4"	22952133	22952134	96.6
"chr11"	81321515	81321516	44.8
"chr7"	55255794	55255795	4
"chr1"	205759737	205759738	88.6
"chr7"	32610252	32610253	70.3
"chr2"	191245849	191245850	3.7
"chr22"	30896143	30896144	96.3
"chr8"	97409507	97409508	24.5
"chr6"	82758098	82758099	8.9
"chrX"	40665679	40665680	94.5
"chr5"	1509406	1509407	96.3
"chr6"	42881364	42881365	96
"chr11"	48170255	48170256	11.1
"chr10"	94365761	94365762	86.2
"chr1"	823282	823283	96.8
"chr4"	26590049	26590050	3
"chr12"	1072377	1072378	64.2
"chr1"	41625525	41625526	97.3
"chr12"	31419316	31419317	94.5
"chr4"	123413914	123413915	90.3
"chr5"	169081577	169081578	81.7
"chr12"	124249744	124249745	83.9
"chr14"	101481235	101481236	46.2
"chr1"	23436759	23436760	93.3
"chr20"	49689915	49689916	5.9
"chr15"	31456552	31456553	96.2
"chr16"	66517138	66517139	3
"chr2"	95914555	95914556	94.1
"chr17"	75225087	75225088	86.7
"chr6"	164085560	164085561	95.3
"chr10"	21528673	21528674	3.8
"chr7"	86438856	86438857	96.4
"chr2"	70785229	70785230	4.5
"chr16"	10036638	10036639	96.1
"chr14"	58811567	58811568	96.5
"chr8"	102485878	102485879	95.9
"chr5"	80579941	80579942	95.8
"chr9"	114101274	114101275	95.9
"chr19"	10858456	10858457	47.7
"chr4"	106482098	106482099	95.6
"chr1"	35852190	35852191	95.6
"chr12"	47476756	47476757	44.6
"chr16"	30053284	30053285	3.9
"chr10"	41214422	41214423	56.6
"chr5"	179809282	179809283	95.8
"chr2"	14918171	14918172	44.2
"chr15"	101475908	101475909	56.6
"chr14"	21674449	21674450	71.1
"chr11"	117365868	117365869	96.6
"chr4"	40211989	40211990	96.4
"chr3"	80926465	80926466	84.9
"chr17"	56697010	56697011	60.5
"chr16"	14634019	14634020	3.8
"chr7"	33978241	33978242	47.9
"chr11"	9300704	9300705	96.8
"chr3"	113601949	113601950	97.6
"chr11"	2937187	2937188	96.1
"chr4"	157548757	157548758	76.4
"chr21"	37974117	37974118	68.9
"chr16"	23189598	23189599	96
"chr10"	133290690	133290691	95.7
"chr5"	56669779	56669780	29.4
"chr12"	15943834	15943835	91.2
"chr10"	51411915	51411916	89.7
"chr2"	114588408	114588409	95.8
"chr14"	57498599	57498600	95.5
"chr10"	97412253	97412254	85.7
"chr2"	160881048	160881049	19.5
"chr4"	101347087	101347088	3.5
"chr5"	10037017	10037018	63.6
"chr17"	38628342	38628343	62.9
"chr22"	23974365	23974366	3.2
"chr1"	158645221	158645222	48.3
"chr15"	27338751	27338752	37.2
"chr14"	62695398	62695399	37.7
"chr7"	74423429	74423430	96.1
"chr1"	34089330	34089331	93.3
"chr8"	141989952	141989953	50.2
"chr19"	21853647	21853648	74.3
"chr8"	95025431	95025432	23.4
"chr1"	179322848	179322849	91.4
"chr2"	45060696	45060697	92.5
"chr7"	25851187	25851188	96.6
"chr16"	49665202	49665203	75.8
"chr14"	49889191	49889192	97.2
"chr3"	185067121	185067122	54.3
"chr11"	60739394	60739395	54.9
"chr4"	180552859	180552860	74.4
"chr20"	38387740	38387741	65.4
"chr14"	71036758	71036759	97.5
"chr16"	77839252	77839253	92.3
"chr3"	197075578	197075579	96.9
"chr2"	227457598	227457599	95
"chr2"	40183315	40183316	59.3
"chr2"	137137444	137137445	35.6
"chr8"	6219809	6219810	5.2
"chr16"	13081555	13081556	72.8
"chr9"	135087159	135087160	66.4
"chr11"	66398101	66398102	93.6
"chr3"	151814272	151814273	82.3
"chr7"	58274787	58274788	83.2
"chr16"	82160606	82160607	93.6
"chr6"	168274886	168274887	92.3
"chr12"	98586163	98586164	96.2
"chr7"	158316824	158316825	96.7
"chr15"	86860243	86860244	78
"chr17"	81804627	81804628	3.3
"chr20"	54681245	54681246	62.6
"chr16"	88575029	88575030	96.2
"chr9"	19272507	19272508	92.5
"chr15"	67490265	67490266	94.8
"chr21"	15644892	15644893	96.6
"chr11"	28529103	28529104	51.8
"chr1"	162374966	162374967	47.4
"chr6"	91968900	91968901	93
"chr1"	44432997	44432998	79.8
"chr14"	97104557	97104558	92.3
"chr15"	58829678	58829679	56
"chr16"	59308169	59308170	36.7
"chr16"	37142505	37142506	88.6
"chr3"	10858336	10858337	53.7
"chr15"	53722157	53722158	78
"chr8"	17762053	17762054	68.6
"chrX"	357912	357913	3.3
"chr3"	20033024	20033025	96.1
"chr8"	2120487	2120488	80.6
"chr1"	111968942	111968943	46.6
"chr1"	224774448	224774449	96.5
"chr3"	2733693	2733694	94.9
"chr3"	195865045	195865046	77.7
"chr3"	66569409	66569410	87.6
"chr15"	20099043	20099044	67.6
"chr1"	22787670	22787671	90
"chr8"	67453409	67453410	62.8
"chr19"	19258557	19258558	96
"chr6"	92469992	92469993	56.1
"chrY"	11935618	11935619	64.6
"chr16"	80750823	80750824	90.9
"chrX"	109280935	109280936	95.5
"chr12"	38719236	38719237	96.6
"chr10"	71964468	71964469	3.5
"chr6"	165873342	165873343	88.7
"chr6"	2388533	2388534	78.9
"chrX"	112753096	112753097	82.4
"chr5"	72525749	72525750	52.6
"chr18"	36361757	36361758	89.6
"chr5"	115244230	115244231	95.8
"chr13"	113267310	113267311	96
"chr7"	126979553	126979554	88
"chr1"	5571096	5571097	6.2
"chr14"	91529187	91529188	93.4
"chr3"	9213580	9213581	93.6
"chr4"	151110180	151110181	45.3
"chr4"	147116076	147116077	58.8
"chr2"	118008200	118008201	97.1
"chr13"	78399953	78399954	88.7
"chr2"	179745866	179745867	91.5
"chr6"	35727929	35727930	3.5
"chr3"	100635778	100635779	96
"chr1"	47546598	47546599	55.3
"chr3"	134908246	134908247	23.9
"chr13"	91420298	91420299	6
"chr11"	60385850	60385851	62.1
"chrX"	118712219	118712220	96.8
"chr22"	41205924	41205925	42.4
"chr4"	132646194	132646195	9.9
"chr1"	55655610	55655611	92.6
"chr11"	43575773	43575774	3.3
"chr17"	20433379	20433380	91.9
"chr4"	159907129	159907130	47.7
"chr2"	158857760	158857761	73.6
"chr21"	37563896	37563897	3.3
"chr8"	121385891	121385892	93.1
"chr9"	112871050	112871051	96.5
"chr19"	48461855	48461856	95.8
"chr5"	160849094	160849095	96.7
"chr18"	6104879	6104880	96.8
"chr13"	113601971	113601972	95.6
"chr19"	18475399	18475400	83.8
"chr6"	16403569	16403570	94
"chr7"	17325241	17325242	95.2
"chr3"	34183778	34183779	96.5
"chr15"	96211486	96211487	4.2
"chr17"	30808974	30808975	4.3
"chr2"	61653077	61653078	90.8
"chr11"	56947645	56947646	87.8
"chr22"	39974229	39974230	93.7
"chr6"	137935616	137935617	95.8
"chr3"	50702431	50702432	90.2
"chr13"	19257221	19257222	85.1
"chr19"	36666958	36666959	4.6
"chr13"	67231963	67231964	3.3
"chr8"	23155178	23155179	95.5
"chr1"	75693591	75693592	4.5
"chr5"	177320547	177320548	91.7
"chr10"	22600736	22600737	2.9
"chr17"	17656343	17656344	95.2
"chr17"	3434869	3434870	5
"chr13"	46707335	46707336	60.2
"chr14"	99235451	99235452	3.4
"chr1"	72939526	72939527	2.8
"chr12"	113703008	113703009	96.3
"chr3"	97286825	97286826	10.9
"chr10"	99086572	99086573	92.3
"chr3"	196158889	196158890	95.7
"chr4"	8371112	8371113	96.7
"chr1"	93844176	93844177	93.7
"chr6"	97800681	97800682	92.3
"chr1"	151173996	151173997	95.8
"chr4"	157854322	157854323	90.1
"chr5"	168354329	168354330	96.2
"chr17"	21371027	21371028	9.5
"chr16"	9089980	9089981	93.7
"chr1"	2779973	2779974	37.6
"chr7"	20667932	20667933	93
"chr11"	29975879	29975880	95.4
"chr14"	36634538	36634539	81.9
"chr7"	114490750	114490751	5.3
"chr8"	58659217	58659218	3.6
"chr7"	102509469	102509470	96.4
"chr5"	144612536	144612537	65.4
"chr12"	84352912	84352913	46
"chr1"	201185629	201185630	50.2
"chr20"	44896065	44896066	82.9
"chr5"	26152247	26152248	91
"chr12"	26463387	26463388	91
"chr5"	25373008	25373009	5.3
"chr14"	91842734	91842735	96.5
"chr20"	56594273	56594274	86.1
"chr12"	59497530	59497531	94.6
"chr16"	70462576	70462577	96.2
"chr15"	65522592	65522593	93.6
"chr4"	108213208	108213209	47.4
"chr18"	22993591	22993592	93.3
"chr19"	38256644	38256645	4
"chr2"	109610571	109610572	96.4
"chr4"	122322677	122322678	71.5
"chr20"	35631491	35631492	96.5
"chr7"	69025121	69025122	76.7
"chr17"	29335139	29335140	28.4
"chr5"	40951610	40951611	78.1
"chr19"	2347227	2347228	96.9
"chr8"	42659589	42659590	97.1
"chr11"	68752229	68752230	94.2
"chr14"	88180502	88180503	93.2
"chr3"	170418411	170418412	5.9
"chr9"	109379256	109379257	82.8
"chr20"	43031569	43031570	20.2
"chr19"	13264998	13264999	41.4
"chr13"	43855110	43855111	92.1
"chr15"	51018940	51018941	95.7
"chr10"	5906402	5906403	80.3
"chr12"	4315146	4315147	96.8
"chr19"	7903118	7903119	46.6
"chr8"	142500266	142500267	65.3
"chr10"	41496877	41496878	64
"chr15"	62389146	62389147	95.1
"chr1"	216141373	216141374	22.8
"chr2"	24329351	24329352	3.3
"chr2"	24213081	24213082	96.8
"chr15"	40242843	40242844	94.9
"chr8"	10610833	10610834	84.1
"chr7"	38931689	38931690	65.6
"chr19"	40754394	40754395	48.7
"chr12"	11868973	11868974	82
"chr2"	188260838	188260839	84.4
"chr5"	177087918	177087919	96.4
"chr11"	9613960	9613961	2.6
"chr7"	3899672	3899673	96.2
"chr3"	142538104	142538105	96.9
"chr21"	41378104	41378105	96.8
"chr10"	26640588	26640589	57.4
"chr2"	118362661	118362662	93.9
"chr11"	22415529	22415530	85.9
"chr11"	117139407	117139408	93.6
"chr10"	13264272	13264273	47.1
"chr9"	121156837	121156838	4.8
"chr3"	28397811	28397812	93.2
"chr12"	40479067	40479068	94.9
"chr20"	7409430	7409431	14.7
"chr1"	48616274	48616275	74.7
"chr5"	131311761	131311762	90.5
"chr19"	41786685	41786686	96.5
"chr7"	121433443	121433444	95
"chr22"	48623703	48623704	97.2
"chr2"	233838980	233838981	96.4
"chr19"	29120719	29120720	22.2
"chr19"	45849152	45849153	95.3
"chr6"	21267048	21267049	95.3
"chr7"	129810134	129810135	52.2
"chr8"	115520985	115520986	92.7
"chr12"	57106826	57106827	96.1
"chr6"	129315048	129315049	48.4
"chr4"	83012951	83012952	4.5
"chr2"	72732304	72732305	77.1
"chr17"	1594070	1594071	83.6
"chr6"	68435203	68435204	3.2
"chr17"	1459097	1459098	96.5
"chr16"	66270639	66270640	3.2
"chr17"	17702600	17702601	96.3
"chrX"	80708073	80708074	97.1
"chr17"	57339607	57339608	96.3
"chr7"	57377407	57377408	47.5
"chr15"	20679708	20679709	95.9
"chr7"	10718367	10718368	88
"chr7"	37552324	37552325	83.4
"chr8"	22617293	22617294	59.7
"chr5"	178637603	178637604	3.9
"chr7"	22066773	22066774	3.5
"chr1"	242409794	242409795	47.8
"chr4"	34877455	34877456	7.7
"chr19"	17505682	17505683	96
"chr3"	193868257	193868258	90.5
"chr4"	51801794	51801795	92.1
"chr22"	20150052	20150053	8
"chr1"	14547674	14547675	96.5
"chr22"	31145962	31145963	47.8
"chr1"	81926059	81926060	80.3
"chr1"	53010430	53010431	69.4
"chr22"	23406147	23406148	11.3
"chr3"	46412139	46412140	94.4
"chr11"	63975322	63975323	3.5
"chr1"	180632517	180632518	3.4
"chr8"	131390842	131390843	65.4
"chr2"	75785916	75785917	19.9
"chr1"	217737892	217737893	85.3
"chr5"	142430508	142430509	91.3
"chr7"	147811240	147811241	78.3
"chr12"	5791443	5791444	27.8
"chr1"	50032239	50032240	61.6
"chrX"	16666040	16666041	96.9
"chr16"	77989718	77989719	91.9
"chr2"	42497119	42497120	94.4
"chr17"	21318072	21318073	76.6
"chr8"	125768748	125768749	70.7
"chr17"	45145570	45145571	96.8
"chr8"	72975349	72975350	82.7
"chr2"	83269348	83269349	37.1
"chr2"	26943325	26943326	84.2
"chr6"	57331008	57331009	96.5
"chr8"	22421585	22421586	94
"chr1"	113226356	113226357	66.8
"chr16"	82688675	82688676	86.2
"chr2"	188165754	188165755	5.2
"chr1"	110116620	110116621	4
"chr5"	50636461	50636462	78.1
"chr3"	175100359	175100360	49.1
"chr1"	179490713	179490714	86.5
"chr15"	88255631	88255632	3.6
"chr10"	56158706	56158707	92.2
"chr3"	180828252	180828253	96.8
"chr1"	151563333	151563334	60.4
"chr17"	56718497	56718498	71.8
"chr11"	120091676	120091677	95.5
"chr1"	200394175	200394176	96.9
"chr7"	8299846	8299847	96.1
"chr10"	23157569	23157570	10.4
"chr18"	59497296	59497297	94.7
"chr16"	2532744	2532745	16.5
"chr4"	39609772	39609773	2.8
"chr3"	198210612	198210613	66.3
"chr6"	123057937	123057938	81.1
"chr12"	68322501	68322502	96.7
"chr10"	131739398	131739399	2.6
"chr8"	49499196	49499197	95.6
"chr8"	13533570	13533571	15.3
"chr1"	56090063	56090064	79.1
"chr1"	84746635	84746636	96.4
"chr3"	125978667	125978668	97.3
"chr3"	182675996	182675997	95.9
"chr22"	23284036	23284037	93.3
"chrY"	26418676	26418677	92.2
"chr1"	153470628	153470629	93.6
"chr2"	45005123	45005124	3.3
"chr15"	40395337	40395338	75.8
"chr2"	105768603	105768604	54
"chr12"	32022982	32022983	95.9
"chr18"	12923317	12923318	80.5
"chr13"	71093483	71093484	64.4
"chr4"	91217625	91217626	90.8
"chr5"	93245466	93245467	82.8
"chr1"	20118387	20118388	93.6
"chr20"	48459940	48459941	94
"chr17"	82231423	82231424	3.3
"chr13"	79311816	79311817	54.1
"chr10"	123995598	123995599	9.4
"chr10"	17476828	17476829	9.7
"chr14"	56928066	56928067	84.9
"chr1"	150735621	150735622	96.8
"chr3"	51019167	51019168	89.4
"chr5"	164601324	164601325	95.3
"chr17"	19888237	19888238	96.2
"chr4"	123600235	123600236	5.7
"chr5"	118572601	118572602	92
"chr7"	39961226	39961227	91.4
"chr6"	106973036	106973037	4.1
"chr1"	150257102	150257103	3.6
"chr8"	104904072	104904073	89.3
"chr2"	7858158	7858159	4.9
"chr12"	31706275	31706276	92.6
"chr14"	89573962	89573963	92.5
"chr2"	86673824	86673825	96.2
"chr1"	151876509	151876510	76.4
"chr1"	63161626	63161627	70.8
"chr4"	184059244	184059245	44.2
"chr3"	99707658	99707659	92.4
"chr5"	173341948	173341949	57.4
"chr6"	27239328	27239329	70.8
"chr7"	145201387	145201388	93.8
"chr16"	80228512	80228513	87.1
"chr22"	31490190	31490191	3.5
"chr13"	64284899	64284900	17.5
"chr13"	49010626	49010627	95.8
"chr1"	144368821	144368822	18.4
"chr2"	177301436	177301437	89.6
"chr7"	105221477	105221478	95.7
"chr3"	123557783	123557784	95.8
"chr11"	87053268	87053269	57.9
"chrX"	49793639	49793640	60.7
"chr6"	12712188	12712189	6.7
"chr11"	124215010	124215011	88.8
"chr1"	31925539	31925540	2.9
"chr17"	82497042	82497043	57.4
"chr3"	155854155	155854156	3.7
"chr7"	89854208	89854209	32.1
"chr4"	25475086	25475087	4.2
"chr8"	82923432	82923433	25.8
"chr12"	27292646	27292647	87.3
"chr3"	15286285	15286286	91.6
"chr20"	33503402	33503403	95.9
"chr19"	599749	599750	52.5
"chr8"	60653212	60653213	4.3
"chr7"	101835947	101835948	92.3
"chr7"	22772002	22772003	77.6
"chr10"	85724564	85724565	95
"chr8"	12759316	12759317	95.2
"chr22"	35695124	35695125	95.9
"chr11"	65857781	65857782	3.7
"chr18"	74920147	74920148	77.2
"chr11"	112801191	112801192	62.9
"chr3"	9183263	9183264	94.8
"chr10"	33335538	33335539	4.6
"chr17"	6499832	6499833	96.7
"chr9"	127882807	127882808	2.5
"chr9"	126468438	126468439	92.1
"chr2"	48617890	48617891	55.9
"chr1"	171854990	171854991	80.2
"chr16"	57322038	57322039	96.1
"chr16"	15797653	15797654	41.5
"chr8"	49679588	49679589	84.2
"chr2"	61551804	61551805	49.7
"chr14"	75558544	75558545	96
"chr5"	64792278	64792279	96.5
"chr9"	107599598	107599599	95.1
"chr6"	131347272	131347273	96.1
"chr1"	204466058	204466059	2.6
"chr7"	157187036	157187037	96.6
"chr14"	81541093	81541094	62
"chr5"	175654475	175654476	70.2
"chr10"	65731865	65731866	57.8
"chr1"	41569334	41569335	78.8
"chr5"	122873825	122873826	94.1
"chr17"	68584081	68584082	93.8
"chr11"	127837468	127837469	94.1
"chr11"	120133402	120133403	14.8
"chr7"	101482693	101482694	68.5
"chrX"	75698263	75698264	49.5
"chr1"	16228237	16228238	10.3
"chr7"	423490	423491	95.7
"chr9"	4572167	4572168	96.9
"chr8"	105727334	105727335	82.4
"chr7"	109365146	109365147	85.4
"chr1"	237904645	237904646	72.4
"chr4"	47702531	47702532	10.5
"chr8"	11571914	11571915	47.5
"chr3"	11515396	11515397	95.5
"chr19"	17681425	17681426	81.6
"chr1"	166190633	166190634	11.1
"chrX"	62370697	62370698	95.2
"chr5"	78414430	78414431	96.3
"chr17"	50032648	50032649	86.8
"chr15"	78374489	78374490	80.7
"chr9"	95484942	95484943	78.5
"chr2"	229254561	229254562	18
"chr1"	28001606	28001607	96.5
"chr8"	70472434	70472435	95.2
"chr3"	15440273	15440274	95.9
"chr12"	125524060	125524061	2.9
"chr4"	64122615	64122616	85.1
"chr20"	50270409	50270410	78.5
"chr3"	141839156	141839157	93.9
"chr4"	47659619	47659620	73.9
"chr15"	65774217	65774218	3.1
"chr4"	188681265	188681266	95.6
"chr3"	62334592	62334593	93.2
"chr12"	113610908	113610909	2.6
"chrX"	11894582	11894583	73
"chr11"	11203191	11203192	29.8
"chr1"	69703937	69703938	75.2
"chr15"	51591389	51591390	96.5
"chr4"	74378289	74378290	91.5
"chr16"	74774536	74774537	3.5
"chr21"	43365190	43365191	96.7
"chr9"	109166525	109166526	96.9
"chr18"	79140319	79140320	97.1
"chr1"	108658256	108658257	96
"chr1"	228363364	228363365	29.3
"chr21"	43972013	43972014	96.4
"chr3"	191271732	191271733	38.2
"chr10"	116715038	116715039	3.3
"chr6"	119610095	119610096	8.7
"chr11"	107859705	107859706	3.9
"chr7"	152589969	152589970	90.9
"chr12"	104912106	104912107	89.2
"chr16"	5467082	5467083	4.3
"chr5"	132888743	132888744	96.6
"chr7"	149619572	149619573	43.8
"chr7"	43493552	43493553	95.6
"chr17"	4617196	4617197	89.5
"chr18"	21904918	21904919	86.1
"chr4"	168907325	168907326	96.2
"chr1"	77534913	77534914	94.8
"chr7"	71348412	71348413	5.5
"chr10"	105789816	105789817	48.2
"chr2"	121816	121817	42.8
"chr2"	54653691	54653692	96.1
"chr21"	36159931	36159932	95.9
"chr20"	5930982	5930983	46.3
"chr14"	101068849	101068850	3.2
"chr2"	47395201	47395202	84.6
"chr17"	4833454	4833455	3.1
"chr13"	108912769	108912770	84.9
"chr6"	13815335	13815336	3
"chr9"	129959250	129959251	96.5
"chr2"	238817008	238817009	94.1
"chr18"	7289037	7289038	53.8
"chr19"	4728716	4728717	94.8
"chr1"	31319522	31319523	96.9
"chr18"	50194908	50194909	3
"chr5"	177478410	177478411	93.1
"chr1"	88290224	88290225	77.8
"chr20"	9296139	9296140	56.8
"chr16"	86487346	86487347	63.2
"chr8"	93202304	93202305	69.5
"chr4"	71581461	71581462	9.4
"chr12"	63150962	63150963	3.2
"chr6"	37293311	37293312	96
"chr19"	32069594	32069595	52.3
"chr1"	69186573	69186574	21.1
"chr7"	118971086	118971087	2.9
"chr5"	130213973	130213974	4.5
"chr18"	41159010	41159011	6.2
"chr5"	17792457	17792458	97
"chr13"	113404907	113404908	44.4
"chr12"	3091604	3091605	78.2
"chr10"	34242416	34242417	52.7
"chr18"	79650083	79650084	97
"chr7"	35950173	35950174	93.5
"chr6"	56697534	56697535	93.5
"chr2"	98569100	98569101	96.1
"chr8"	91952121	91952122	46.6
"chr1"	229558883	229558884	2.8
"chr7"	100633233	100633234	3.7
"chr12"	57358947	57358948	95.5
"chr1"	3308615	3308616	96.7
"chr7"	2300921	2300922	3.7
"chr9"	103999545	103999546	96.4
"chr4"	7764997	7764998	95.7
"chr6"	118351567	118351568	90.7
"chr19"	48576048	48576049	48
"chr13"	36789319	36789320	76.6
"chr1"	155825870	155825871	93.1
"chr17"	81847509	81847510	96.6
"chr9"	91581359	91581360	58.3
"chrX"	5996365	5996366	97.2
"chr7"	91908501	91908502	94
"chr2"	95904685	95904686	95.1
"chrX"	19513900	19513901	48.4
"chr8"	98973819	98973820	3.9
"chr6"	38797636	38797637	96
"chr19"	41964323	41964324	84.9
"chr6"	1473446	1473447	74.2
"chr21"	45022016	45022017	88.6
"chr1"	28925183	28925184	96.1
"chr15"	70609299	70609300	86.6
"chr2"	44688793	44688794	61.2
"chr15"	91929440	91929441	48.3
"chrY"	11510120	11510121	19.1
"chr22"	21004750	21004751	95.7
"chr5"	30659503	30659504	54.3
"chr2"	130602096	130602097	3.6
"chr7"	109955042	109955043	13.1
"chr15"	32153508	32153509	48
"chr13"	96415783	96415784	3.4
"chr15"	33207582	33207583	84
"chr17"	37466049	37466050	96.2
"chr4"	151322388	151322389	93.4
"chr4"	129082369	129082370	97
"chrX"	15526280	15526281	91.7
"chr3"	20156452	20156453	77.5
"chr16"	72381738	72381739	95.8
"chr1"	117697927	117697928	15.1
"chr18"	64683992	64683993	95.6
"chr9"	24374819	24374820	95
"chr9"	13279708	13279709	17.3
"chr11"	535343	535344	3.2
"chr14"	66319420	66319421	92
"chr11"	23155593	23155594	5.1
"chrX"	100944422	100944423	93.4
"chr20"	35506741	35506742	80.8
"chr2"	148054204	148054205	96.6
"chr7"	248550	248551	74.9
"chr12"	11887639	11887640	95.5
"chr5"	168455454	168455455	96
"chr1"	156543898	156543899	89.3
"chr3"	141599065	141599066	96.9
"chr12"	35933909	35933910	70.7
"chr6"	17449604	17449605	94.5
"chr6"	157421767	157421768	95.8
"chr9"	10282455	10282456	65
"chr4"	119445715	119445716	96.8
"chr6"	58255220	58255221	84.7
"chr9"	136633766	136633767	94
"chr3"	37010801	37010802	95.7
"chr7"	7155387	7155388	97.4
"chr13"	98431111	98431112	92.5
"chr9"	43350921	43350922	97.2
"chr5"	112921798	112921799	3.4
"chrX"	121633844	121633845	4.9
"chr2"	61598598	61598599	91.7
"chr1"	228432684	228432685	5.8
"chr2"	234973313	234973314	64
"chr7"	47822588	47822589	94.9
"chr9"	111971457	111971458	95.1
"chr13"	27113012	27113013	94.2
"chr1"	219076635	219076636	96.1
"chr11"	22334847	22334848	81.4
"chr6"	61392799	61392800	13
"chr3"	37670455	37670456	70.7
"chr15"	85208116	85208117	96
"chr14"	62708109	62708110	94.2
"chr7"	64919439	64919440	97.7
"chr11"	130314130	130314131	3.3
"chr11"	119092830	119092831	73.5
"chr11"	73108791	73108792	95.9
"chr9"	81017295	81017296	96.2
"chr6"	12913275	12913276	97
"chr14"	37012686	37012687	83.6
"chr9"	92756481	92756482	96.2
"chr13"	60833273	60833274	68.4
"chr1"	24032749	24032750	96.6
"chr1"	28103934	28103935	86.4
"chr20"	4427654	4427655	94.8
"chr5"	12925395	12925396	92.7
"chr8"	123972519	123972520	3.7
"chr5"	140395578	140395579	94.9
"chrX"	140042512	140042513	59.3
"chr3"	198142914	198142915	63.5
"chr11"	48018913	48018914	3.4
"chr2"	156143496	156143497	67.2
"chr22"	16470038	16470039	23.3
"chr5"	66596454	66596455	2.9
"chr5"	179162743	179162744	86.2
"chr15"	94399977	94399978	96.4
"chr2"	213534335	213534336	89.5
"chr6"	82539042	82539043	9.7
"chr12"	130872586	130872587	3.1
"chr1"	124925592	124925593	61.6
"chr18"	78671554	78671555	82.5
"chr11"	1779843	1779844	96.2
"chr11"	16168286	16168287	73.8
"chr7"	87482233	87482234	72.6
"chr1"	26866729	26866730	96.7
"chr12"	49705784	49705785	3.6
"chrX"	138658601	138658602	96
"chr2"	5549169	5549170	48.8
"chr22"	23961979	23961980	4
"chr6"	6536430	6536431	96.9
"chr2"	40633775	40633776	82.8
"chr7"	139160632	139160633	96.1
"chr4"	186651862	186651863	97.4
"chr12"	17500525	17500526	6.5
"chr2"	10191783	10191784	95.5
"chr4"	41879184	41879185	3.4
"chr19"	3808583	3808584	80.9
"chr7"	43416562	43416563	76.9
"chr17"	79571075	79571076	5.4
"chr1"	205005828	205005829	93.4
"chr6"	115175877	115175878	51.4
"chr10"	73473514	73473515	95.3
"chrX"	153637689	153637690	71.9
"chr6"	132786864	132786865	96.5
"chr2"	218156298	218156299	93.8
"chr19"	2373268	2373269	94.1
"chr9"	123002930	123002931	3.4
"chr14"	74615790	74615791	95.3
"chr1"	67429100	67429101	3.9
"chr10"	9292215	9292216	89.5
"chr8"	57330057	57330058	35.6
"chr10"	35815619	35815620	5.8
"chr18"	50039817	50039818	96.7
"chr10"	21387902	21387903	30.3
"chr21"	34748130	34748131	57.4
"chr9"	130713512	130713513	3.5
"chr11"	25205385	25205386	27.6
"chr18"	34593262	34593263	4.9
"chr6"	142109690	142109691	5
"chr17"	67916545	67916546	96.4
"chr11"	95166254	95166255	97.7
"chr22"	31871937	31871938	89.9
"chr20"	51841976	51841977	91.7
"chr2"	16589437	16589438	86.6
"chr18"	26826440	26826441	4.4
"chr3"	157277412	157277413	93.7
"chr6"	65704409	65704410	74.5
"chr5"	157813152	157813153	96.7
"chr14"	52182634	52182635	95.3
"chr3"	141300588	141300589	93.9
"chr15"	78950880	78950881	96.1
"chr10"	30200551	30200552	51.5
"chr17"	29972185	29972186	96.5
"chr8"	14896533	14896534	94.6
"chr21"	39697082	39697083	60.7
"chr8"	2978757	2978758	96.1
"chr2"	32818369	32818370	97.8
"chr1"	30745026	30745027	18
"chr2"	128201611	128201612	95.1
"chrX"	47470586	47470587	95.5
"chr6"	108134394	108134395	5.8
"chr4"	128287426	128287427	3
"chr7"	140559844	140559845	94.3
"chr11"	120784228	120784229	13.3
"chr2"	34567682	34567683	80.1
"chr5"	26476357	26476358	96.4
"chr17"	63797122	63797123	96.5
"chr10"	9451843	9451844	53.4
"chr13"	76709964	76709965	93.2
"chr4"	9498998	9498999	77.5
"chr19"	45902476	45902477	3.5
"chr1"	155706594	155706595	91.8
"chr18"	32165347	32165348	94.4
"chr1"	185036439	185036440	95.9
"chrX"	118632078	118632079	91.6
"chr13"	88998392	88998393	5.5
"chr1"	14880248	14880249	94
"chr9"	83301605	83301606	96.6
"chr11"	61893516	61893517	95.2
"chr16"	51151113	51151114	3.6
"chr12"	3071959	3071960	95.8
"chr19"	796610	796611	63.6
"chr22"	30614800	30614801	95.8
"chr13"	58712008	58712009	89.7
"chr10"	85991783	85991784	10
"chr7"	82386529	82386530	95.9
"chr15"	24433914	24433915	56.3
"chr6"	1506530	1506531	34.6
"chr3"	64238875	64238876	52.3
"chr1"	149940891	149940892	76.7
"chr19"	5272573	5272574	89.6
"chr5"	102814414	102814415	95.8
"chr1"	3085559	3085560	63.9
"chr10"	65338831	65338832	9.1
"chr11"	40814672	40814673	27
"chrX"	106415172	106415173	62.6
"chr16"	13879032	13879033	95.9
"chr3"	177244019	177244020	95.9
"chr18"	20072698	20072699	96.3
"chr11"	62687991	62687992	72.8
"chr15"	22258624	22258625	96.7
"chr15"	84200382	84200383	88.9
"chr12"	40818494	40818495	94.5
"chr12"	10600665	10600666	96.8
"chr2"	125176754	125176755	5
"chr8"	94703214	94703215	91.2
"chr1"	74959685	74959686	90.9
"chr7"	1066262	1066263	30.5
"chr5"	20837206	20837207	7.5
"chr21"	22598101	22598102	90.5
"chr5"	2038447	2038448	3.7
"chr15"	91633172	91633173	66.1
"chr2"	229338324	229338325	46.4
"chr16"	33613684	33613685	81
"chr10"	23993282	23993283	26.6
"chr18"	8455967	8455968	77
"chr7"	22695670	22695671	95.5
"chr1"	234539125	234539126	4.2
"chr19"	46632932	46632933	97.4
"chr12"	4911009	4911010	4.6
"chr13"	29902150	29902151	32.3
"chr18"	7725704	7725705	87.6
"chr20"	4935593	4935594	96.6
"chr6"	77047347	77047348	46.3
"chr1"	3324729	3324730	51
"chr1"	45081543	45081544	96.7
"chr16"	84697478	84697479	95.2
"chr16"	89405800	89405801	96.7
"chrX"	35557400	35557401	64.1
"chr19"	45001447	45001448	3.2
"chr3"	122108318	122108319	94.7
"chr11"	31066071	31066072	70.5
"chr19"	54965855	54965856	97.2
"chr1"	35099018	35099019	96.4
"chr1"	27040003	27040004	90.2
"chr2"	193857611	193857612	45.6
"chr12"	3752449	3752450	3.5
"chr3"	134849645	134849646	96.2
"chr7"	53636238	53636239	10.3
"chr17"	74277276	74277277	85.9
"chr19"	50537396	50537397	69.4
"chr14"	106839866	106839867	96.5
"chr21"	36476537	36476538	96.2
"chr10"	7477950	7477951	94.3
"chr17"	50373467	50373468	27.6
"chr3"	29578961	29578962	92.1
"chr7"	22755290	22755291	74.8
"chr22"	17710830	17710831	96.9
"chr10"	99720358	99720359	96.6
"chr14"	102319408	102319409	3.4
"chr16"	377877	377878	94.6
"chr19"	54465352	54465353	3.2
"chrX"	126947139	126947140	89.6
"chr3"	101232299	101232300	95
"chr15"	100958824	100958825	3.6
"chr9"	130663589	130663590	9.3
"chr14"	20315014	20315015	96.2
"chr15"	75077581	75077582	6.3
"chr3"	38170875	38170876	97
"chr14"	29825363	29825364	44.7
"chr21"	20582363	20582364	27.7
"chr2"	34790508	34790509	83.5
"chr11"	5821701	5821702	96
"chr19"	47898451	47898452	96.8
"chr1"	16693795	16693796	3.2
"chr17"	68942598	68942599	95.9
"chr4"	42576245	42576246	96.1
"chr2"	99656827	99656828	96.8
"chr1"	47753602	47753603	64.4
"chrX"	74583473	74583474	93.9
"chr16"	89426864	89426865	97.1
"chr20"	23554433	23554434	29.9
"chr5"	171419930	171419931	3.7
"chr2"	60534506	60534507	13.6
"chr6"	15206193	15206194	92.8
"chr22"	49175761	49175762	94.2
"chr11"	116328698	116328699	39.7
"chr4"	4368964	4368965	70.3
"chr13"	45124282	45124283	96.1
"chr9"	81674284	81674285	82.8
"chr10"	78716776	78716777	89.9
"chrX"	45060498	45060499	95.8
"chr19"	3072859	3072860	95.5
"chr3"	140927136	140927137	4.2
"chrX"	33432794	33432795	96
"chr11"	102374940	102374941	96.3
"chr1"	104939964	104939965	95.2
"chr10"	129601902	129601903	6.5
"chr8"	49864158	49864159	75.7
"chr6"	59277341	59277342	96.3
"chr9"	135524183	135524184	68.5
"chr4"	1095656	1095657	39.2
"chr22"	23839022	23839023	3.9
"chr6"	11006175	11006176	95.9
"chr13"	16876690	16876691	43.8
"chrX"	76647489	76647490	5
"chr17"	55883769	55883770	84.8
"chr18"	23382153	23382154	96.5
"chr1"	225575590	225575591	50.9
"chr11"	28892983	28892984	8.8
"chr11"	30451298	30451299	54.7
"chr2"	135390891	135390892	96.4
"chr4"	24270186	24270187	53.3
"chr1"	9485373	9485374	58.9
"chr15"	66759447	66759448	95.3
"chr7"	58112014	58112015	82.4
"chr11"	89956263	89956264	88.5
"chr10"	17252991	17252992	84.8
"chr3"	8226007	8226008	96.1
"chr7"	78751373	78751374	91.6
"chr8"	143985969	143985970	3.6
"chr14"	91995339	91995340	96.2
"chr20"	21623349	21623350	5.8
"chr7"	4265781	4265782	74
"chr15"	44419588	44419589	96.3
"chr5"	53586947	53586948	95.8
"chr13"	95188395	95188396	97
"chr17"	80683616	80683617	93.9
"chr14"	91131040	91131041	95
"chr13"	104775745	104775746	49.8
"chr18"	50063958	50063959	15.3
"chr7"	8561513	8561514	12.2
"chr8"	110394535	110394536	36.2
"chr8"	141009139	141009140	96
"chr21"	13567236	13567237	86.1
"chr13"	84987039	84987040	44.7
"chr11"	106087317	106087318	96.4
"chr10"	91816226	91816227	97.2
"chr7"	37635747	37635748	93.9
"chr2"	9289041	9289042	39.7
"chr8"	12781038	12781039	67
"chr5"	77929980	77929981	96.1
"chr18"	1927838	1927839	91.6
"chr8"	127388137	127388138	95.8
"chr14"	103911960	103911961	74.5
"chr22"	36239157	36239158	3.8
"chr22"	45215983	45215984	97.2
"chr2"	237705458	237705459	96.5
"chr3"	193155796	193155797	25.3
"chr14"	20312487	20312488	94.2
"chr1"	65309565	65309566	3.4
"chr18"	45619956	45619957	67.4
"chr3"	47731282	47731283	76.4
"chr16"	86368327	86368328	94.7
"chr17"	4178934	4178935	94.7
"chr4"	36692192	36692193	44
"chr2"	222727596	222727597	94.9
"chr11"	47196511	47196512	97.1
"chr2"	71539533	71539534	94.4
"chr6"	49634041	49634042	80.3
"chr16"	8882595	8882596	95.5
"chr16"	84584533	84584534	95.3
"chr9"	121926728	121926729	78.7
"chr2"	101204596	101204597	97.2
"chrX"	7246600	7246601	95.4
"chr1"	109138781	109138782	89.7
"chr13"	23880748	23880749	94.9
"chr2"	110202918	110202919	78.6
"chr13"	20962522	20962523	91.7
"chr10"	20398349	20398350	54.8
"chr3"	50643157	50643158	95.4
"chr16"	7096371	7096372	41.9
"chr1"	1293975	1293976	96.1
"chr5"	36767863	36767864	38.9
"chr4"	41062437	41062438	95.3
"chr1"	155003550	155003551	3.2
"chr11"	35379501	35379502	95.4
"chr8"	122676620	122676621	52.7
"chr10"	68224761	68224762	86.9
"chr4"	39028166	39028167	56.5
"chr5"	142233064	142233065	94.6
"chr16"	57293948	57293949	93.3
"chr21"	42183233	42183234	96.1
"chr5"	65558453	65558454	95.4
"chr15"	37427598	37427599	96.5
"chr13"	113970899	113970900	96.4
"chr2"	230987267	230987268	3.4
"chr20"	63522236	63522237	82.3
"chr2"	175093653	175093654	93.4
"chr6"	134176491	134176492	3.3
"chr18"	3787309	3787310	92.7
"chr15"	51358450	51358451	66
"chr5"	158879343	158879344	96.2
"chr2"	10687052	10687053	95.4
"chr1"	26216776	26216777	60.5
"chr11"	134940672	134940673	54.1
"chr14"	55027127	55027128	2.4
"chr16"	88444329	88444330	97.6
"chr12"	52378364	52378365	88.5
"chr9"	88876256	88876257	41
"chr3"	46363630	46363631	5.7
"chr3"	147721094	147721095	54.1
"chr15"	71972221	71972222	95.5
"chr1"	116809038	116809039	96
"chr10"	19823405	19823406	95.9
"chr5"	146852536	146852537	43.5
"chr2"	231677055	231677056	91.4
"chr19"	58296968	58296969	96.7
"chr1"	173641568	173641569	91.5
"chr4"	153107431	153107432	91.4
"chr10"	122196244	122196245	81.2
"chr10"	121672431	121672432	58.7
"chr19"	16185294	16185295	3.8
"chr12"	113538248	113538249	67.3
"chr16"	58432154	58432155	94.1
"chr13"	64076500	64076501	96.2
"chr12"	18241249	18241250	95.7
"chr4"	67977785	67977786	50.3
"chr7"	119685757	119685758	4.3
"chr14"	56327524	56327525	96.3
"chr15"	56315688	56315689	96.6
"chr1"	168258725	168258726	97
"chr4"	58626457	58626458	94.3
"chr15"	72303925	72303926	93.2
"chr9"	113956189	113956190	78.5
"chr20"	61940563	61940564	97.1
"chr7"	127086035	127086036	65.2
"chr17"	39745997	39745998	96
"chr14"	104370205	104370206	52.7
"chr11"	100351645	100351646	35.2
"chr7"	67290255	67290256	96.4
"chr18"	9935546	9935547	96.3
"chr13"	92465604	92465605	52.3
"chr2"	49482457	49482458	14
"chr8"	140640093	140640094	95.4
"chr10"	6081855	6081856	90
"chr15"	100874708	100874709	42.2
"chr12"	74789777	74789778	52.1
"chr1"	180274251	180274252	94.5
"chr2"	132358349	132358350	94.1
"chr3"	62070719	62070720	48.6
"chr19"	4713043	4713044	96.2
"chr8"	11025523	11025524	69.7
"chr8"	21958052	21958053	79.4
"chrX"	149641706	149641707	12.7
"chr4"	6913022	6913023	95.6
"chr7"	2346345	2346346	94
"chr2"	96540963	96540964	62.2
"chr6"	26775392	26775393	30.3
"chr1"	198278775	198278776	69.4
"chr8"	143901063	143901064	96.3
"chr16"	32431309	32431310	90.6
"chr6"	12521553	12521554	96.5
"chr2"	62394787	62394788	41.8
"chr9"	132472828	132472829	85.8
"chr6"	34441325	34441326	96.3
"chr1"	234857116	234857117	95.7
"chr5"	74484201	74484202	96.2
"chr2"	72144566	72144567	2.9
"chr20"	63044996	63044997	59
"chr8"	20201061	20201062	51.6
"chr20"	62789837	62789838	95
"chr17"	25351910	25351911	4
"chr2"	81845446	81845447	23
"chr8"	31962873	31962874	35.3
"chrY"	24717217	24717218	97.2
"chr17"	77577079	77577080	82.4
"chrX"	29244227	29244228	86.4
"chr6"	120068831	120068832	5.2
"chr2"	241018056	241018057	83.8
"chr2"	26658619	26658620	72.9
"chr7"	44249451	44249452	96.1
"chr9"	133015859	133015860	96.8
"chr3"	168342193	168342194	58
"chr18"	48435142	48435143	94.1
"chr12"	2753472	2753473	45
"chr2"	89553037	89553038	19.1
"chr2"	5079299	5079300	92.1
"chr3"	125583852	125583853	82.7
"chr22"	33115750	33115751	92.5
"chr2"	227660711	227660712	85.3
"chr2"	203681133	203681134	96.4
"chr8"	110134620	110134621	96.8
"chr6"	169941621	169941622	95.9
"chr16"	3577159	3577160	2.9
"chr9"	109603053	109603054	55.9
"chr4"	180436764	180436765	23.7
"chr3"	68007960	68007961	35.4
"chr13"	100512586	100512587	85.5
"chr7"	61404833	61404834	6
"chr16"	26110027	26110028	95.4
"chr8"	6608682	6608683	93
"chr2"	134715806	134715807	92.7
"chr11"	85685771	85685772	89.7
"chr14"	55580891	55580892	4.2
"chr1"	95836888	95836889	49.1
"chr12"	62774821	62774822	95.4
"chr9"	26947039	26947040	2.9
"chr6"	80916716	80916717	71.1
"chr9"	127404499	127404500	93
"chr10"	31760452	31760453	4.4
"chr19"	7554733	7554734	97
"chr4"	177407918	177407919	12
"chr11"	64778837	64778838	3.9
"chr2"	174650990	174650991	94.1
"chr20"	7234358	7234359	54.3
"chr4"	66965111	66965112	6.3
"chr19"	9783991	9783992	97.5
"chr4"	12461953	12461954	40.5
"chr4"	183207902	183207903	62
"chr20"	9098029	9098030	76.7
"chr2"	204429323	204429324	31.3
"chr12"	132868627	132868628	95.7
"chr19"	3651053	3651054	95.6
"chr8"	41750453	41750454	88.4
"chr2"	34914104	34914105	63.2
"chr11"	96335426	96335427	49.3
"chr16"	89375696	89375697	95.5
"chr10"	105844207	105844208	29.2
"chr18"	17596005	17596006	64.1
"chr19"	23055752	23055753	82
"chr2"	121703522	121703523	96.5
"chr17"	4827871	4827872	85.8
"chr2"	85386988	85386989	97.1
"chr18"	34022199	34022200	91.1
"chr7"	100743854	100743855	96.2
"chr1"	248906253	248906254	5.3
"chr6"	169302783	169302784	46.1
"chr6"	20916900	20916901	96.7
"chr7"	54673451	54673452	74.2
"chr7"	27647166	27647167	96.8
"chr11"	47312286	47312287	93.8
"chrX"	87036700	87036701	62.5
"chr19"	3179490	3179491	3.6
"chr11"	67583425	67583426	5
"chr3"	43029382	43029383	93.7
"chr13"	99566839	99566840	92.4
"chr2"	36373949	36373950	94.8
"chr12"	39135329	39135330	96.3
"chr9"	39364137	39364138	95.5
"chr21"	33857619	33857620	66.5
"chr1"	81139992	81139993	71.6
"chr20"	36986207	36986208	94.6
"chr15"	70446835	70446836	96.1
"chr2"	175475735	175475736	93.8
"chr10"	67294998	67294999	95.4
"chr17"	64241951	64241952	89.2
"chr5"	179554301	179554302	86.8
"chr11"	72558942	72558943	86.5
"chr14"	105070502	105070503	2.7
"chr11"	73757245	73757246	74.6
"chr7"	5574986	5574987	68.7
"chr2"	202873228	202873229	75.8
"chr8"	48866014	48866015	48.4
"chr12"	32727496	32727497	93.9
"chr3"	80460441	80460442	92.6
"chr7"	32208697	32208698	85.8
"chr1"	173221551	173221552	93.2
"chr22"	29480859	29480860	78.8
"chr1"	46260762	46260763	96.7
"chrX"	30372932	30372933	91.8
"chr16"	66816354	66816355	96.9
"chr9"	111167537	111167538	96
"chr10"	35511869	35511870	75.7
"chr9"	107849856	107849857	94.6
"chr16"	15617286	15617287	96.7
"chr7"	131026526	131026527	3.4
"chr12"	55786541	55786542	95.9
"chr20"	56031224	56031225	27.5
"chr18"	79009084	79009085	97
"chr17"	1568396	1568397	95.3
"chr18"	73715524	73715525	94
"chr18"	586288	586289	87.5
"chr6"	27380227	27380228	96.6
"chr2"	172031829	172031830	64
"chr5"	144085885	144085886	96.4
"chr9"	138204598	138204599	96.5
"chr8"	143771940	143771941	3.2
"chr3"	183985315	183985316	90.6
"chr5"	176641389	176641390	87.1
"chr11"	6718634	6718635	83.9
"chr6"	101667175	101667176	24.6
"chr11"	19773278	19773279	96.4
"chrX"	87824170	87824171	96.1
"chr17"	75086884	75086885	90
"chr14"	96580964	96580965	57.3
"chr15"	100340768	100340769	96.4
"chr7"	25077674	25077675	96.4
"chr10"	119873008	119873009	4.2
"chr15"	66065659	66065660	43
"chr8"	18694465	18694466	87.2
"chr14"	36694219	36694220	26.2
"chr1"	92799100	92799101	95.7
"chr5"	164307422	164307423	19.2
"chr2"	236816335	236816336	96.1
"chr17"	44891781	44891782	95.9
"chr2"	121034134	121034135	31.4
"chr3"	145349276	145349277	3.9
"chr15"	89912575	89912576	3.8
"chrX"	478389	478390	86.6
"chr3"	153162342	153162343	3.1
"chr1"	84806880	84806881	87.4
"chr6"	65638669	65638670	96.8
"chrX"	1407983	1407984	96
"chr9"	134724521	134724522	91.5
"chr6"	60502981	60502982	96.8
"chrX"	72288700	72288701	96.1
"chr1"	244382747	244382748	97
"chr19"	47418994	47418995	2.9
"chr17"	75091762	75091763	83.6
"chr9"	83351160	83351161	54.5
"chr11"	24825950	24825951	95.5
"chr2"	61156608	61156609	95.5
"chr5"	31704897	31704898	78.7
"chr6"	47717492	47717493	96.3
"chr9"	4575462	4575463	95.8
"chrX"	119587487	119587488	95.4
"chr7"	141290868	141290869	68.8
"chr1"	154365537	154365538	94.4
"chr16"	23928951	23928952	94.8
"chr5"	76060284	76060285	83.6
"chr5"	9503986	9503987	92.5
"chr2"	108084028	108084029	32.6
"chr1"	13221850	13221851	66.4
"chr3"	188972898	188972899	8.9
"chr16"	59272943	59272944	75.6
"chr5"	163855259	163855260	46.1
"chr7"	76364891	76364892	47.8
"chr15"	98548744	98548745	4.3
"chr12"	128608290	128608291	4.1
"chrX"	3732158	3732159	80.7
"chr3"	175906118	175906119	96.1
"chr12"	48501376	48501377	96.4
"chr3"	171051426	171051427	95.3
"chr17"	46558219	46558220	94.4
"chr6"	29828686	29828687	73
"chr11"	64144635	64144636	93.4
"chr6"	144170476	144170477	58.6
"chr1"	26040499	26040500	95.1
"chr18"	40273823	40273824	53.8
"chr19"	57936043	57936044	96.5
"chr6"	158593298	158593299	67.9
"chr16"	2239954	2239955	96.3
"chr2"	25830603	25830604	97.2
"chr13"	22643951	22643952	97
"chr9"	5832894	5832895	3.3
"chr4"	4194314	4194315	5.2
"chr9"	96569878	96569879	96.8
"chr5"	27508101	27508102	76
"chrX"	100321889	100321890	95.9
"chr19"	44541824	44541825	94.2
"chr19"	47842704	47842705	80.9
"chr13"	69433118	69433119	5.2
"chr11"	131053115	131053116	95
"chr2"	59982568	59982569	87.8
"chr19"	54071014	54071015	95.7
"chr5"	3222103	3222104	95.2
"chr20"	35147746	35147747	4.1
"chr16"	84981324	84981325	93.1
"chr6"	84418726	84418727	8.7
"chr8"	45477985	45477986	49.6
"chr11"	86559731	86559732	95.9
"chr10"	124638793	124638794	95.3
"chr7"	1746226	1746227	92.2
"chr16"	74668970	74668971	94
"chr2"	182718299	182718300	3.5
"chr4"	39668170	39668171	95.9
"chr7"	122302547	122302548	3
"chr3"	89219864	89219865	96.3
"chr1"	225557282	225557283	93.2
"chr6"	41575783	41575784	80.2
"chr7"	39579764	39579765	84.5
"chrX"	135194859	135194860	96.8
"chr17"	58950838	58950839	95.8
"chr13"	87017425	87017426	30.9
"chr6"	154987302	154987303	36.6
"chr3"	130587298	130587299	95.4
"chr9"	10708902	10708903	79.9
"chr9"	123241109	123241110	96.6
"chr9"	2151064	2151065	3.5
"chr13"	31721132	31721133	51.7
"chr17"	49362373	49362374	10.1
"chr6"	165135004	165135005	22.3
"chr8"	45833786	45833787	78.5
"chr6"	160744958	160744959	94.4
"chr10"	101695588	101695589	93.8
"chr1"	44006540	44006541	64.5
"chr5"	121921041	121921042	70.1
"chr20"	42326398	42326399	91.3
"chr19"	56393414	56393415	2.8
"chr6"	78132528	78132529	85.7
"chr13"	83986225	83986226	61.6
"chr1"	36850402	36850403	79.3
"chr13"	16391308	16391309	82.3
"chr13"	68068894	68068895	87.8
"chr18"	68532559	68532560	11.9
"chr10"	3469191	3469192	28.6
"chr21"	13550533	13550534	51.3
"chr11"	23841153	23841154	73.8
"chr12"	31851826	31851827	91.7
"chr19"	31017768	31017769	63.3
"chr3"	15749332	15749333	94.6
"chr8"	126090537	126090538	5.8
"chr2"	120618481	120618482	51.8
"chr1"	30335534	30335535	68.4
"chr1"	150004466	150004467	96.5
"chr6"	32835704	32835705	73.3
"chr3"	12941860	12941861	96.7
"chr1"	47314793	47314794	3.8
"chr4"	132107310	132107311	17.5
"chr12"	113520720	113520721	54.2
"chr5"	15510981	15510982	83.7
"chr20"	29444296	29444297	4.9
"chr14"	24063732	24063733	95
"chr13"	113885763	113885764	28.4
"chr1"	246400485	246400486	95.4
"chr14"	55935009	55935010	80.7
"chr19"	5144907	5144908	96.2
"chr5"	122886701	122886702	86.5
"chr2"	238374701	238374702	95.6
"chr9"	24959875	24959876	6.8
"chr12"	122211580	122211581	88.6
"chr6"	166445682	166445683	92.9
"chr13"	98089910	98089911	66.3
"chr6"	80670709	80670710	68.4
"chr12"	109852926	109852927	93.5
"chr2"	165993168	165993169	3.7
"chr7"	156676017	156676018	96.2
"chr22"	26877347	26877348	15.6
"chr11"	62552602	62552603	83.3
"chr5"	44097135	44097136	69.9
"chr19"	34254334	34254335	4
"chr3"	138384733	138384734	73.5
"chr14"	35404242	35404243	4
"chr10"	84144440	84144441	94.7
"chr2"	235695386	235695387	95.2
"chr3"	100747499	100747500	91.1
"chr7"	64625710	64625711	31.6
"chr20"	53557857	53557858	96.4
"chr7"	149616276	149616277	94.1
"chr12"	78347076	78347077	84.2
"chrX"	53094589	53094590	2.7
"chr2"	148456955	148456956	95.9
"chr6"	73505697	73505698	96.5
"chr19"	48923325	48923326	87.3
"chrX"	11289606	11289607	71.4
"chr10"	110400748	110400749	81.9
"chr4"	121835278	121835279	96.7
"chr11"	46745843	46745844	95.8
"chr14"	103575890	103575891	96.6
"chr3"	196860183	196860184	94.4
"chr2"	3846940	3846941	88.7
"chr2"	143991575	143991576	95.7
"chr15"	26071355	26071356	50.5
"chr9"	61990926	61990927	89.4
"chr2"	153287172	153287173	48.3
"chr2"	9151099	9151100	96.1
"chr21"	24075580	24075581	95.6
"chr16"	4416268	4416269	3.2
"chr3"	171198193	171198194	95.9
"chr17"	29610147	29610148	83.4
"chr2"	119957118	119957119	96.3
"chr6"	131305628	131305629	37.8
"chr3"	520517	520518	42
"chr4"	6640595	6640596	4.8
"chr19"	50835844	50835845	3.6
"chr1"	243259758	243259759	95.4
"chr1"	154403835	154403836	51.8
"chr10"	133681894	133681895	60.3
"chr2"	23591090	23591091	56.5
"chr7"	68185150	68185151	94.4
"chr3"	11120465	11120466	13.5
"chrX"	128208192	128208193	93.2
"chr3"	111122135	111122136	55.5
"chrX"	49336499	49336500	70.2
"chr21"	32884776	32884777	86.1
"chr2"	215312236	215312237	3.1
"chr20"	5975581	5975582	95.9
"chr15"	27868080	27868081	76.4
"chr15"	73938742	73938743	95.6
"chr14"	61140194	61140195	95.7
"chr22"	28800681	28800682	4.3
"chr1"	184207598	184207599	3
"chr16"	29876993	29876994	3.9
"chr17"	12814384	12814385	96
"chr14"	79753269	79753270	72.6
"chrX"	51365169	51365170	46.4
"chr1"	160018381	160018382	18.3
"chr10"	73731673	73731674	96.7
"chr1"	209684617	209684618	8.5
"chr15"	91386371	91386372	28.3
"chr4"	13518984	13518985	95
"chr8"	97423838	97423839	88.6
"chr5"	51609625	51609626	52.8
"chr4"	13679104	13679105	16.9
"chr9"	32436077	32436078	93.4
"chr5"	112737700	112737701	3.4
"chr12"	132303589	132303590	93.7
"chr5"	66634833	66634834	80.3
"chr16"	9699082	9699083	46.8
"chr11"	18992435	18992436	35.2
"chr7"	21269811	21269812	67.4
"chr7"	95233445	95233446	84.5
"chrX"	104467241	104467242	17.9
"chr12"	124141950	124141951	76.1
"chr3"	133634192	133634193	95
"chr12"	111592499	111592500	96.3
"chr8"	115117149	115117150	45.3
"chr4"	154695377	154695378	5.4
"chr4"	132761173	132761174	27.1
"chr17"	42659840	42659841	3.3
"chr17"	55041046	55041047	91.5
"chr21"	23262737	23262738	42.4
"chr19"	54415861	54415862	4.2
"chr15"	70763474	70763475	3.7
"chrX"	16945250	16945251	95.1
"chr5"	106117534	106117535	39.3
"chr9"	135526492	135526493	91.8
"chr1"	76797659	76797660	92.5
"chr7"	62132603	62132604	59.5
"chr8"	123351839	123351840	96.9
"chr13"	64533763	64533764	47
"chr7"	79171250	79171251	7
"chr2"	221158466	221158467	51
"chr5"	107719851	107719852	94.8
"chr11"	70176111	70176112	86.4
"chr17"	42320621	42320622	69.8
"chr4"	76493902	76493903	87.9
"chr3"	26189131	26189132	82.8
"chr2"	27669923	27669924	96.2
"chr1"	122249765	122249766	53.6
"chr3"	47636608	47636609	96.6
"chr3"	57952328	57952329	95.4
"chr18"	27240945	27240946	50.2
"chr8"	30948046	30948047	94.9
"chr17"	3901564	3901565	74.9
"chrX"	80936628	80936629	88.6
"chr17"	66279284	66279285	94.2
"chr3"	143197136	143197137	95.7
"chr11"	50261204	50261205	47.4
"chr10"	1187009	1187010	30.2
"chr19"	9516635	9516636	58.6
"chr11"	76439829	76439830	58.5
"chr7"	65834033	65834034	95.8
"chr2"	113593742	113593743	81.7
"chr8"	91869781	91869782	96.8
"chr12"	114657734	114657735	95.1
"chr14"	22880330	22880331	96.5
"chr2"	107667224	107667225	68.1
"chr19"	31468295	31468296	47.6
"chr1"	248550870	248550871	94.7
"chr7"	94589199	94589200	97.2
"chr3"	154881452	154881453	41.4
"chr22"	30960557	30960558	96.5
"chr13"	46489021	46489022	94
"chr1"	96828815	96828816	83
"chrX"	76697603	76697604	25.2
"chr2"	25780261	25780262	96.5
"chr2"	42100437	42100438	95.8
"chr12"	70784406	70784407	91.8
"chr1"	35116912	35116913	95.7
"chr19"	10567239	10567240	30
"chr15"	24645425	24645426	96.1
"chr19"	4248715	4248716	96.4
"chr8"	43074384	43074385	91.8
"chr13"	17474841	17474842	64.4
"chr15"	28991479	28991480	91
"chr1"	182713478	182713479	95
"chr6"	44293440	44293441	38.1
"chr3"	58237171	58237172	3.6
"chr20"	33366348	33366349	76.8
"chr18"	43586934	43586935	94.9
"chr7"	129673608	129673609	95.4
"chr11"	64699797	64699798	27.2
"chr4"	62602717	62602718	69.7
"chrX"	104948811	104948812	7.1
"chr5"	32198078	32198079	96.4
"chr7"	114789945	114789946	3.6
"chr17"	79689198	79689199	96.2
"chr18"	79869406	79869407	85.6
"chr12"	101055053	101055054	94.5
"chr9"	135548057	135548058	73.4
"chr7"	12483606	12483607	63.9
"chr2"	97646143	97646144	4
"chr22"	41785213	41785214	90.5
"chr3"	189490947	189490948	63.8
"chr10"	120562976	120562977	95.6
"chr7"	46271610	46271611	4.2
"chr16"	84140349	84140350	95
"chr18"	55781849	55781850	8.2
"chr16"	7838382	7838383	3.4
"chr1"	236045783	236045784	95.3
"chr2"	197368679	197368680	92.7
"chr15"	18765356	18765357	84.4
"chr4"	105268926	105268927	95.9
"chr12"	31759261	31759262	96.7
"chr3"	191317874	191317875	97.1
"chr13"	21879388	21879389	94.7
"chr19"	17224500	17224501	95.7
"chr15"	33508541	33508542	95.5
"chr5"	126356148	126356149	3.1
"chr10"	82349114	82349115	8.3
"chr10"	97696876	97696877	96.9
"chr3"	192641399	192641400	75.4
"chr8"	139702493	139702494	14.8
"chr12"	19658930	19658931	92.7
"chr8"	12413766	12413767	96.6
"chr15"	53724477	53724478	17.4
"chr6"	128316976	128316977	96.5
"chr2"	12352167	12352168	65.7
"chr8"	143521142	143521143	86
"chr11"	49329430	49329431	65.2
"chr2"	185594858	185594859	96.4
"chr15"	60958269	60958270	93.4
"chr6"	23733536	23733537	92
"chr8"	41316104	41316105	93.9
"chr2"	9286835	9286836	40
"chr1"	220879913	220879914	3.9
"chr20"	31739625	31739626	3
"chr5"	116111215	116111216	74.9
"chr2"	121845958	121845959	79.7
"chr1"	162019886	162019887	51.6
"chr4"	137346271	137346272	95.7
"chr19"	55551828	55551829	67.9
"chr9"	114335508	114335509	95.6
"chr5"	152971600	152971601	7.4
"chr4"	7510585	7510586	95.7
"chr16"	76996489	76996490	20.2
"chr5"	141450674	141450675	89.1
"chr18"	2422806	2422807	95.1
"chr14"	70252827	70252828	28.2
"chr14"	41741550	41741551	7.8
"chr21"	10148467	10148468	49.3
"chr10"	79303883	79303884	80.5
"chr4"	98387143	98387144	53.4
"chr17"	49244651	49244652	87.7
"chr16"	21848052	21848053	96.1
"chr22"	46106598	46106599	48.5
"chr3"	10608056	10608057	12.8
"chr1"	52460309	52460310	95.8
"chr22"	19150311	19150312	4.2
"chr5"	171550460	171550461	47
"chr2"	196613523	196613524	87.8
"chr8"	100372128	100372129	50.5
"chrX"	114726222	114726223	70.3
"chr5"	76727971	76727972	95.6
"chr13"	57714834	57714835	88.3
"chr5"	167003570	167003571	65.5
"chr11"	6143707	6143708	95.3
"chr12"	113413425	113413426	96.3
"chr2"	166552705	166552706	95.1
"chr9"	131815315	131815316	89.9
"chr10"	74100050	74100051	88.5
"chr4"	487961	487962	96.6
"chr3"	149787245	149787246	6.5
"chr5"	179353098	179353099	45.2
"chr8"	21856478	21856479	62
"chr22"	32450631	32450632	5.3
"chr22"	17811528	17811529	87.3
"chr1"	6585479	6585480	94.6
"chr3"	60944683	60944684	44.5
"chr17"	15305269	15305270	53.8
"chr4"	2462901	2462902	3.9
"chr1"	161239494	161239495	96.2
"chr10"	55146076	55146077	5.5
"chr2"	26581330	26581331	86.3
"chr11"	77362579	77362580	36.4
"chr2"	218335043	218335044	9.2
"chr18"	12012097	12012098	95.9
"chr9"	96384079	96384080	9.2
"chr17"	33658592	33658593	28.4
"chr7"	62338490	62338491	71.1
"chr2"	239124780	239124781	95.8
"chr11"	108744114	108744115	92.7
"chr10"	95108873	95108874	88.5
"chr5"	1032226	1032227	44.2
"chr18"	11156747	11156748	56.1
"chr20"	50354797	50354798	58.9
"chr7"	101787448	101787449	58.4
"chr5"	177621877	177621878	93.1
"chr20"	46418312	46418313	93.3
"chr1"	205680527	205680528	3.5
"chr12"	97463223	97463224	7.5
"chr4"	23385421	23385422	36.2
"chr1"	199944484	199944485	95.9
"chr17"	23640996	23640997	4.7
"chr22"	43465337	43465338	95.1
"chrY"	4932375	4932376	10.4
"chr14"	106883519	106883520	96.5
"chr10"	132646440	132646441	96.7
"chr1"	224448608	224448609	96.9
"chr8"	52958054	52958055	80.6
"chr4"	71812888	71812889	86.9
"chr3"	148181049	148181050	95
"chr11"	47219887	47219888	97
"chr22"	17160239	17160240	85.6
"chr6"	121290712	121290713	97.5
"chr4"	2730415	2730416	97
"chr5"	36905890	36905891	96.1
"chr5"	136588805	136588806	93.9
"chr4"	57909900	57909901	94.8
"chr12"	50728286	50728287	94.6
"chr19"	1934771	1934772	95.5
"chr11"	21876783	21876784	96.4
"chr15"	86985449	86985450	52.5
"chr1"	100277301	100277302	95.9
"chr19"	1900417	1900418	96.6
"chr11"	128833	128834	97.1
"chr10"	31471324	31471325	96.7
"chr4"	178868085	178868086	79.7
"chr11"	74146817	74146818	97.1
"chr16"	3460048	3460049	96.3
"chr3"	125809740	125809741	94.8
"chr6"	96370273	96370274	91.3
"chr12"	73829758	73829759	26.8
"chr19"	36034651	36034652	96.7
"chr4"	147606649	147606650	95.6
"chr21"	44323273	44323274	96.8
"chr14"	99675245	99675246	87
"chr3"	52753779	52753780	95
"chr3"	39107878	39107879	3.4
"chr3"	102190538	102190539	95.6
"chr18"	16990559	16990560	73.6
"chr2"	197028469	197028470	95.4
"chr10"	23942838	23942839	83
"chr5"	154975070	154975071	96.3
"chr1"	171528491	171528492	95.8
"chr13"	17094304	17094305	5.6
"chr7"	90458004	90458005	80.3
"chr10"	54635313	54635314	4.3
"chr12"	14743262	14743263	93.3
"chr11"	108386876	108386877	74.6
"chrX"	144398701	144398702	9.3
"chr2"	231718986	231718987	89.6
"chr16"	2011478	2011479	87
"chr19"	49104323	49104324	4.2
"chrX"	118975138	118975139	3
"chr7"	148469099	148469100	90.9
"chr4"	120368771	120368772	9.4
"chr1"	189366859	189366860	91.2
"chr5"	126767663	126767664	96.5
"chr4"	160505453	160505454	61.2
"chr8"	75418968	75418969	92.1
"chr7"	94468736	94468737	56
"chr2"	118907285	118907286	90.2
"chr3"	179942274	179942275	8.4
"chr12"	70601011	70601012	84.5
"chr1"	95800476	95800477	37
"chr8"	128601246	128601247	24.8
"chr15"	58756763	58756764	96.3
"chr6"	48592180	48592181	59.7
"chr3"	21912146	21912147	5.6
"chr1"	91007337	91007338	96.6
"chr3"	6496190	6496191	80.9
"chrX"	119574064	119574065	3.3
"chr10"	104977882	104977883	77.8
"chr1"	1241127	1241128	3.3
"chr3"	156799957	156799958	95.1
"chr8"	6266495	6266496	96.1
"chr8"	28659617	28659618	96.9
"chr7"	47485194	47485195	83.3
"chr22"	33854436	33854437	14.5
"chr6"	107054418	107054419	95.6
"chr19"	38082929	38082930	96.9
"chr8"	134601460	134601461	11
"chr19"	21070421	21070422	89.7
"chr4"	173491832	173491833	93.8
"chr1"	99465500	99465501	4.9
"chr14"	90556053	90556054	90.2
"chr1"	155242320	155242321	94.3
"chr5"	53846370	53846371	46.6
"chr10"	119003062	119003063	94.7
"chr19"	51942800	51942801	94.5
"chr6"	72374163	72374164	95.9
"chr11"	119650416	119650417	7.7
"chr12"	129404986	129404987	40.8
"chr2"	203597446	203597447	91.7
"chr1"	237163900	237163901	95.4
"chr13"	53672417	53672418	49.7
"chr7"	31134422	31134423	81.3
"chr18"	56586365	56586366	97.4
"chr6"	660442	660443	96
"chr19"	18094259	18094260	94.5
"chrX"	59461228	59461229	81.2
"chr12"	44561	44562	14.4
"chr11"	37480525	37480526	60.3
"chr1"	143923486	143923487	96.4
"chr5"	18627043	18627044	12.1
"chr1"	105917147	105917148	95.7
"chr12"	13564952	13564953	45.2
"chr4"	2013193	2013194	96
"chr12"	17185683	17185684	49.1
"chr3"	117832005	117832006	78.9
"chr13"	66625121	66625122	93
"chr19"	12847705	12847706	3.6
"chr2"	122884112	122884113	16.1
"chr13"	77197388	77197389	94.8
"chr3"	262278	262279	96.4
"chr11"	117527854	117527855	42.8
"chr7"	11047268	11047269	95.9
"chr4"	66726167	66726168	6.7
"chr22"	38957930	38957931	96.5
"chr5"	172677168	172677169	94
"chr8"	4877503	4877504	73.8
"chr6"	36814367	36814368	80.3
"chr5"	73747947	73747948	54.1
"chr21"	41808111	41808112	51.5
"chr1"	3469254	3469255	86.8
"chr15"	22388526	22388527	93.8
"chr20"	47214910	47214911	94.5
"chr1"	153515022	153515023	94.7
"chr2"	206252583	206252584	47.3
"chr18"	11665290	11665291	3.4
"chr13"	113553231	113553232	3.3
"chr17"	81664558	81664559	96.1
"chr12"	95456441	95456442	96.6
"chr8"	106482295	106482296	22.3
"chr1"	33096599	33096600	96.4
"chr1"	66374744	66374745	2.8
"chr1"	28754515	28754516	94.7
"chr4"	157709729	157709730	9
"chr7"	69342753	69342754	52.3
"chr20"	38036768	38036769	95.4
"chr13"	19061272	19061273	96.4
"chr10"	93460622	93460623	73.4
"chr10"	129964867	129964868	68.9
"chr2"	237588984	237588985	79.6
"chr1"	155928265	155928266	94.6
"chr20"	506170	506171	95
"chr6"	131533765	131533766	93.4
"chr10"	45726819	45726820	3.9
"chr1"	217638101	217638102	93
"chr5"	2683348	2683349	80.5
"chr13"	21377573	21377574	83.4
"chr16"	48327495	48327496	96.7
"chr12"	107687839	107687840	96.6
"chr22"	40748742	40748743	85.6
"chr5"	74128147	74128148	3
"chr10"	123410597	123410598	76.4
"chr12"	52670358	52670359	96.5
"chr2"	121387744	121387745	97
"chr14"	73401031	73401032	21.2
"chr20"	4664248	4664249	96.3
"chr19"	8731792	8731793	35
"chr12"	56783463	56783464	95.8
"chr21"	13980926	13980927	51.5
"chr5"	41812197	41812198	95.3
"chr7"	80898351	80898352	49
"chr3"	71452063	71452064	88.1
"chr9"	64793214	64793215	28
"chr1"	60033796	60033797	75.1
"chr1"	38921206	38921207	61.5
"chr6"	124627956	124627957	82.1
"chr3"	122099994	122099995	4.5
"chr8"	92151326	92151327	35.9
"chr15"	42207315	42207316	95.3
"chr7"	102214799	102214800	96.3
"chr5"	180133624	180133625	55.2
"chr3"	49837725	49837726	67.4
"chr14"	98851155	98851156	85.1
"chr5"	129764988	129764989	90.4
"chr12"	2592306	2592307	67.6
"chr17"	75664866	75664867	4
"chrX"	48835283	48835284	3.2
"chr8"	8903755	8903756	93.4
"chr12"	21899211	21899212	54.4
"chr9"	88362411	88362412	96.8
"chr9"	92564256	92564257	95.8
"chr6"	117701344	117701345	96.7
"chr6"	41809878	41809879	96.2
"chr17"	82417981	82417982	20.8
"chr13"	33682369	33682370	95.8
"chr1"	57769558	57769559	91.9
"chr2"	3177631	3177632	97.4
"chr17"	26727723	26727724	37
"chr10"	11901918	11901919	92.2
"chr3"	41299250	41299251	84.4
"chr3"	91771480	91771481	80.7
"chr2"	138236688	138236689	93.2
"chr2"	168107251	168107252	91
"chr7"	73021701	73021702	91.9
"chr13"	45606741	45606742	69.1
"chr3"	68931552	68931553	29.7
"chr2"	155264511	155264512	91.3
"chr4"	113230047	113230048	44.9
"chr18"	5504833	5504834	85.2
"chr1"	1059799	1059800	4.1
"chr13"	18262003	18262004	66.3
"chr21"	34367792	34367793	96.5
"chr9"	78219439	78219440	59.9
"chr17"	18291753	18291754	96.2
"chr12"	100527107	100527108	87.1
"chr9"	21664834	21664835	85.8
"chr13"	114147905	114147906	95.2
"chr7"	145011418	145011419	93.4
"chr7"	91637220	91637221	95.6
"chr5"	124862231	124862232	72.5
"chr9"	96022578	96022579	4.2
"chr3"	166629123	166629124	10.8
"chr11"	61502022	61502023	90.6
"chr1"	232912517	232912518	89.7
"chrX"	97025567	97025568	86.7
"chr7"	30971978	30971979	2.2
"chr8"	1040643	1040644	96.1
"chr12"	11270415	11270416	41.6
"chr20"	63260190	63260191	94.1
"chr20"	15016593	15016594	47.6
"chr2"	96335817	96335818	3.1
"chr7"	34550487	34550488	93.7
"chr7"	74742701	74742702	95.5
"chr10"	106277448	106277449	21.6
"chr11"	93784240	93784241	3.9
"chr10"	23934858	23934859	94.4
"chr16"	88545044	88545045	88.7
"chr4"	187124072	187124073	93.8
"chr2"	215724119	215724120	96.7
"chrX"	151708293	151708294	49.4
"chr4"	39183099	39183100	2.7
"chr11"	91944782	91944783	82.3
"chr18"	47842367	47842368	96.8
"chr10"	3113574	3113575	87.6
"chr6"	2167898	2167899	96.5
"chr4"	56885613	56885614	93.6
"chr12"	84986921	84986922	58.1
"chr19"	4064199	4064200	38.1
"chr1"	212834596	212834597	95.5
"chr4"	169019983	169019984	91.9
"chr7"	97230562	97230563	56.7
"chr14"	102363452	102363453	3.5
"chr19"	23380260	23380261	96.2
"chr11"	100455568	100455569	52.7
"chr19"	15243226	15243227	94.8
"chr2"	227472738	227472739	3.9
"chr2"	106367500	106367501	66.6
"chrX"	85217529	85217530	86.3
"chr15"	70825860	70825861	88.6
"chr6"	166833156	166833157	39
"chr1"	240338606	240338607	80
"chr13"	36483549	36483550	30.3
"chr17"	58054907	58054908	74.7
"chr5"	31782781	31782782	94.6
"chr8"	58368926	58368927	87.1
"chr20"	37128056	37128057	93.3
"chr1"	34464538	34464539	91.9
"chr9"	95068560	95068561	81.3
"chr16"	72023373	72023374	97.2
"chr6"	88490801	88490802	79
"chr12"	45611235	45611236	3.4
"chr1"	37469219	37469220	83.9
"chr4"	158872714	158872715	77.8
"chr7"	140892650	140892651	90.8
"chr14"	93546699	93546700	63.6
"chr19"	49355284	49355285	67.7
"chr18"	75723906	75723907	94.6
"chr6"	145231805	145231806	70.8
"chr4"	57112418	57112419	4.8
"chr6"	99690092	99690093	74.3
"chr9"	122089002	122089003	55.4
"chr22"	29621598	29621599	94.2
"chr1"	108200318	108200319	3.1
"chr2"	202506621	202506622	90.1
"chr6"	15693341	15693342	96.3
"chr20"	54772157	54772158	6.7
"chr4"	108800470	108800471	95.6
"chr9"	111918654	111918655	95.1
"chr7"	60023847	60023848	83.5
"chr14"	60506591	60506592	3.5
"chr4"	139391646	139391647	95.7
"chr18"	32771598	32771599	4.1
"chr4"	139586438	139586439	96.9
"chr20"	22675968	22675969	47.5
"chr10"	37971052	37971053	59.7
"chrX"	20377178	20377179	96.3
"chr1"	54764694	54764695	3.9
"chr2"	132285854	132285855	86
"chr8"	45822099	45822100	42.5
"chr1"	56014388	56014389	43.2
"chr16"	57544227	57544228	2.7
"chrX"	110127507	110127508	95.3
"chr4"	146637708	146637709	49.2
"chr8"	30545702	30545703	57.6
"chr11"	3047884	3047885	96.1
"chr1"	186857772	186857773	70.7
"chr1"	85927126	85927127	95.2
"chr10"	85475064	85475065	62.5
"chr17"	66483335	66483336	95
"chr2"	133624064	133624065	73.8
"chr20"	56698551	56698552	58
"chr17"	1251977	1251978	79.1
"chr13"	20979749	20979750	72.1
"chr8"	42578792	42578793	91.8
"chr13"	102437830	102437831	11.7
"chr4"	137478783	137478784	88.4
"chr11"	78030826	78030827	62
"chr11"	18526950	18526951	2.6
"chr9"	34480555	34480556	95.3
"chrX"	54663135	54663136	96.9
"chr20"	18381170	18381171	94.7
"chr1"	54792496	54792497	96.4
"chr7"	36790698	36790699	96.2
"chr11"	83827372	83827373	8.4
"chr14"	89974681	89974682	93.5
"chr1"	77893351	77893352	94
"chr13"	57787155	57787156	92.9
"chr5"	175943650	175943651	95.6
"chr2"	200927884	200927885	96.5
"chr3"	9705443	9705444	6.4
"chrY"	13317987	13317988	96.5
"chr8"	11721259	11721260	88.1
"chr21"	40024476	40024477	33.4
"chr11"	61837453	61837454	92.8
"chr3"	48721821	48721822	96.5
"chr4"	119127410	119127411	93.6
"chr22"	12379770	12379771	31.8
"chr13"	88094097	88094098	48
"chr19"	4067535	4067536	4.5
"chr21"	23956449	23956450	78.4
"chr9"	15443115	15443116	48.1
"chr18"	27712480	27712481	66.5
"chr15"	22868025	22868026	96
"chr17"	64076659	64076660	88.1
"chr4"	37963650	37963651	96.4
"chr4"	2483894	2483895	91.6
"chr3"	188549498	188549499	72.6
"chr7"	39013386	39013387	97.1
"chr11"	7485890	7485891	83.6
"chr1"	235866184	235866185	4.1
"chr10"	93457771	93457772	94.7
"chr19"	36257022	36257023	95.6
"chr12"	114391388	114391389	5.4
"chr9"	101147021	101147022	75.7
"chr8"	121640626	121640627	2.6
"chrX"	100731784	100731785	7
"chr1"	205662779	205662780	94.8
"chr2"	7889488	7889489	85.9
"chr13"	27768133	27768134	93.1
"chr7"	47537064	47537065	40.7
"chr1"	159726714	159726715	87.7
"chr2"	113668577	113668578	86.7
"chr20"	48884132	48884133	96
"chr12"	128287909	128287910	50.2
"chr7"	97856700	97856701	94.5
"chr5"	42424935	42424936	2.9
"chr16"	678592	678593	97.1
"chr19"	30494386	30494387	46.7
"chr7"	75068040	75068041	96.8
"chr8"	144773214	144773215	96.1
"chr5"	180521526	180521527	85.1
"chr4"	179433687	179433688	47.9
"chr15"	26600344	26600345	11.3
"chrX"	85165018	85165019	58.3
"chr13"	24317783	24317784	52.3
"chr2"	241123197	241123198	95.4
"chr7"	2903728	2903729	96
"chr7"	111145938	111145939	84.2
"chr13"	110523392	110523393	86.2
"chr19"	51591957	51591958	95.1
"chr19"	33064551	33064552	3.2
"chr16"	83526866	83526867	20.4
"chr18"	76046521	76046522	33
"chr2"	120647926	120647927	88.1
"chr11"	107807664	107807665	94.7
"chr6"	24895906	24895907	61.5
"chr8"	126311417	126311418	86.1
"chr11"	20063663	20063664	95.7
"chr5"	809924	809925	90.6
"chr3"	31746329	31746330	86.9
"chr6"	1240733	1240734	48.4
"chr7"	148804261	148804262	96.9
"chr6"	56029807	56029808	42.6
"chr20"	50839611	50839612	96.3
"chr4"	9252143	9252144	92.3
"chr11"	74206106	74206107	95.3
"chr2"	171724072	171724073	97
"chr17"	75289737	75289738	4.5
"chr20"	57753988	57753989	94.7
"chr13"	93047147	93047148	69
"chr21"	41126573	41126574	44.1
"chr5"	144956810	144956811	88.6
"chr10"	71603173	71603174	95.8
"chr11"	28401560	28401561	8.7
"chr17"	45635810	45635811	95.4
"chr19"	6740658	6740659	3.7
"chr16"	62121230	62121231	10.4
"chr1"	244854433	244854434	9.2
"chr16"	14704455	14704456	96.4
"chr14"	91070023	91070024	28
"chr6"	97099923	97099924	90.5
"chr6"	25570033	25570034	96.6
"chr4"	77075821	77075822	3.6
"chr5"	57895398	57895399	81.3
"chr3"	28113363	28113364	93.1
"chr15"	78422744	78422745	38.8
"chr7"	44748737	44748738	3
"chr10"	102395657	102395658	3.6
"chr21"	25829686	25829687	47.9
"chr1"	183337818	183337819	95.2
"chr13"	74494402	74494403	95.2
"chr1"	155323167	155323168	3.5
"chr18"	3258991	3258992	53.8
"chr6"	134387815	134387816	17.4
"chr2"	110805297	110805298	20.7
"chr1"	36465837	36465838	96.4
"chrX"	9637613	9637614	97.3
"chr19"	805401	805402	95.6
"chr9"	131834754	131834755	26.9
"chr12"	32196152	32196153	92.6
"chr10"	21494359	21494360	5.8
"chr15"	57867924	57867925	96.5
"chr16"	18911851	18911852	72.6
"chr17"	29593502	29593503	3.4
"chr1"	32815542	32815543	72.4
"chr12"	48170399	48170400	97.1
"chr2"	6697482	6697483	89.3
"chr4"	56656756	56656757	3.2
"chr19"	50637337	50637338	97.2
"chr2"	126073018	126073019	3.8
"chr7"	120502102	120502103	7.5
"chr3"	141825301	141825302	89.4
"chr9"	18316027	18316028	95
"chr2"	73378270	73378271	96.1
"chr13"	112456823	112456824	96.5
"chr2"	117650667	117650668	4.9
"chr2"	213292385	213292386	95.1
"chr8"	2001695	2001696	3.4
"chr15"	23589824	23589825	80.9
"chr17"	18976880	18976881	96.8
"chr3"	139405740	139405741	96
"chr2"	142730797	142730798	53.9
"chr16"	66596621	66596622	94.6
"chr1"	24195767	24195768	4.9
"chr19"	32674409	32674410	3.8
"chr10"	113823204	113823205	95.5
"chr14"	80349759	80349760	93.4
"chr16"	9044805	9044806	96
"chr18"	51465600	51465601	52
"chr9"	70230742	70230743	10.7
"chr6"	80722750	80722751	63.9
"chr18"	25546857	25546858	95.7
"chr2"	210765045	210765046	13.8
"chr20"	59612258	59612259	88
"chr8"	73216906	73216907	96.7
"chr11"	4074646	4074647	96.2
"chr22"	26201593	26201594	66.2
"chr3"	184382252	184382253	55.1
"chr17"	42747494	42747495	96
"chr5"	176656621	176656622	48.5
"chr3"	7488548	7488549	3.1
"chr13"	93618894	93618895	11.2
"chr6"	122593280	122593281	91.1
"chr1"	68347409	68347410	76.2
"chr5"	81213521	81213522	83.8
"chr4"	47912748	47912749	96.3
"chr9"	33413147	33413148	96.4
"chr6"	10270843	10270844	82.9
"chr13"	70437405	70437406	40.7
"chr3"	52882218	52882219	96.8
"chr17"	15334423	15334424	6.8
"chr5"	115113883	115113884	94.4
"chr2"	179878839	179878840	91.3
"chr11"	46581669	46581670	96.6
"chr7"	37511789	37511790	35.8
"chr7"	981706	981707	89.1
"chr3"	136017352	136017353	10.8
"chr7"	42100180	42100181	94.7
"chr16"	88856744	88856745	3.5
"chr9"	16190238	16190239	11.8
"chr8"	120610911	120610912	40.5
"chr12"	90823872	90823873	94.9
"chr17"	75331134	75331135	9.9
"chr11"	69598603	69598604	82.7
"chr11"	51695952	51695953	50.1
"chr16"	84952307	84952308	3
"chr3"	182495756	182495757	55.6
"chr11"	107955575	107955576	96.5
"chr14"	34419093	34419094	90.3
"chr4"	121714257	121714258	58
"chr17"	56437316	56437317	90.7
"chr9"	20663434	20663435	93.2
"chr5"	23690338	23690339	48.7
"chr14"	56915699	56915700	80.7
"chr11"	70079787	70079788	90
"chr12"	130664987	130664988	82.4
"chr9"	89433344	89433345	5.2
"chr4"	173183802	173183803	96.5
"chr14"	86601119	86601120	26.8
"chr20"	17936337	17936338	37
"chr10"	97273590	97273591	96.9
"chr18"	37255433	37255434	49.2
"chr16"	60042328	60042329	38.5
"chr13"	44876744	44876745	93.7
"chr5"	75053917	75053918	4.1
"chr7"	158371077	158371078	74.7
"chr2"	84916816	84916817	96.6
"chr2"	167723819	167723820	54.4
"chr2"	203724143	203724144	59.6
"chr8"	102654408	102654409	4
"chr16"	87630209	87630210	3.2
"chr3"	151176948	151176949	91.6
"chr14"	101940985	101940986	93.9
"chr7"	129830008	129830009	13.6
"chr4"	102787047	102787048	88.5
"chrX"	90677346	90677347	79.8
"chr8"	143556102	143556103	96.5
"chr14"	36964739	36964740	40.5
"chr3"	89441748	89441749	93.4
"chr4"	105235046	105235047	96.5
"chr19"	6475698	6475699	96.6
"chr7"	36931181	36931182	35.8
"chrX"	56324405	56324406	94.9
"chr8"	22790912	22790913	91.2
"chr1"	53844254	53844255	46.9
"chr11"	40569046	40569047	93.1
"chr3"	126652954	126652955	10.2
"chr10"	46216761	46216762	78.4
"chr16"	76223951	76223952	2.9
"chr13"	26735627	26735628	76.8
"chr8"	41303833	41303834	7.6
"chr17"	134048	134049	97
"chr9"	127487010	127487011	96.6
"chr6"	149863811	149863812	9.3
"chr4"	183506779	183506780	60.8
"chr12"	119434072	119434073	79.9
"chr2"	2749356	2749357	95.8
"chr10"	30515649	30515650	77.6
"chr3"	28182603	28182604	66.8
"chr18"	2851577	2851578	96.3
"chr10"	102136052	102136053	96.1
"chr15"	19790079	19790080	54.5
"chr7"	129054269	129054270	3.1
"chrX"	107324940	107324941	3.3
"chr5"	178488917	178488918	75.5
"chr16"	25677880	25677881	36.1
"chr14"	34151858	34151859	94
"chr1"	179364226	179364227	97
"chr3"	3286608	3286609	82.4
"chr7"	32565931	32565932	97
"chr10"	24774544	24774545	86.7
"chr1"	22903813	22903814	95.5
"chr2"	196730109	196730110	97.3
"chr11"	66941957	66941958	96.4
"chr8"	123198771	123198772	96.8
"chr3"	158517414	158517415	94.4
"chr8"	116969309	116969310	78.1
"chr10"	46866961	46866962	92.1
"chr19"	33503617	33503618	63.2
"chr2"	134064441	134064442	96.2
"chr10"	20358927	20358928	91.4
"chr12"	107061220	107061221	13.1
"chrX"	91057938	91057939	6
"chr5"	46847240	46847241	52
"chr2"	23130245	23130246	45.7
"chr18"	75852725	75852726	75.5
"chr16"	37310747	37310748	79
"chr18"	74355821	74355822	90.4
"chr1"	22204651	22204652	95.4
"chr18"	1380082	1380083	4.3
"chr13"	17827282	17827283	91.1
"chr13"	31237833	31237834	82.8
"chr7"	97956771	97956772	96.2
"chr12"	86134847	86134848	38.9
"chr7"	139430931	139430932	94.5
"chr7"	158533391	158533392	71.5
"chr15"	78763207	78763208	96.4
"chr11"	18322306	18322307	3.4
"chr3"	193167733	193167734	53.3
"chr6"	53128336	53128337	53.2
"chr6"	41746273	41746274	88.6
"chr1"	192651745	192651746	94
"chr16"	8621454	8621455	3
"chr9"	122105842	122105843	87.5
"chrX"	3866892	3866893	95
"chr3"	9663637	9663638	85.4
"chr22"	41121634	41121635	93.7
"chr2"	55597987	55597988	63.6
"chr5"	63478245	63478246	94.1
"chr3"	106335145	106335146	75.9
"chr12"	54000198	54000199	4.2
"chr19"	53185280	53185281	96.6
"chr2"	190947405	190947406	8.5
"chr12"	119171678	119171679	94.5
"chr7"	1539559	1539560	97.2
"chr6"	151017470	151017471	96.6
"chr6"	50819880	50819881	15.1
"chr11"	71843354	71843355	96.4
"chr3"	85060754	85060755	46.1
"chr2"	173657714	173657715	68.1
"chr10"	38230829	38230830	89.6
"chr3"	56467478	56467479	5
"chr8"	61420793	61420794	95.8
"chr9"	67150405	67150406	96.4
"chr3"	101924459	101924460	50.4
"chr10"	37669251	37669252	53.8
"chr4"	41646298	41646299	3.9
"chr20"	62699583	62699584	19.8
"chr9"	126647398	126647399	90.4
"chr3"	139052080	139052081	12.9
"chr12"	121316663	121316664	94.3
"chr15"	70074553	70074554	97.1
"chr19"	5724189	5724190	93
"chr2"	108515289	108515290	95.6
"chr10"	58052184	58052185	77.4
"chr8"	76916750	76916751	89.6
"chr10"	5729278	5729279	96.1
"chr21"	19493493	19493494	96.3
"chr4"	110623054	110623055	15
"chr17"	42971251	42971252	91.3
"chr11"	8910260	8910261	3.6
"chr21"	29313098	29313099	96.6
"chr12"	36944610	36944611	82.9
"chr7"	55897544	55897545	96.4
"chr1"	207164675	207164676	73.5
"chr19"	12636299	12636300	96
"chr15"	101254989	101254990	59.1
"chr3"	59694249	59694250	95.2
"chr20"	43456500	43456501	94
"chr18"	79048971	79048972	93.9
"chr8"	132137718	132137719	53.7
"chr6"	78235802	78235803	6.2
"chr9"	108481614	108481615	95.4
"chr5"	7638797	7638798	3.5
"chr7"	148202139	148202140	94.9
"chr13"	99407649	99407650	96.7
"chr12"	8216322	8216323	70.8
"chr5"	74766084	74766085	92.2
"chr3"	111594217	111594218	18
"chr22"	48703632	48703633	84.7
"chr12"	2877698	2877699	4
"chr9"	4414851	4414852	93
"chr2"	209976954	209976955	96.7
"chr11"	121093926	121093927	96.8
"chr6"	85711324	85711325	6
"chr11"	65580131	65580132	96.6
"chr11"	63557922	63557923	95.4
"chr4"	84384254	84384255	34.9
"chr7"	133569387	133569388	94.6
"chr3"	66408050	66408051	57.7
"chr7"	32702256	32702257	62.7
"chr7"	151022473	151022474	66.6
"chr2"	60673066	60673067	6.8
"chr3"	77539907	77539908	51.7
"chr3"	109131350	109131351	5.1
"chr9"	136483115	136483116	2.7
"chr12"	5201033	5201034	4.4
"chr9"	130654815	130654816	64.6
"chr9"	94447398	94447399	97.3
"chr16"	385813	385814	52.9
"chrX"	118921885	118921886	88.8
"chr9"	24655013	24655014	94.4
"chr1"	208198023	208198024	89.6
"chr21"	22625972	22625973	56.2
"chr6"	119346833	119346834	3
"chr2"	152091291	152091292	96.4
"chr10"	131724342	131724343	15
"chr12"	104671	104672	2.8
"chr14"	77562057	77562058	45.2
"chr19"	41802216	41802217	11.3
"chr2"	238972603	238972604	41.4
"chr13"	71015102	71015103	90.1
"chr10"	72335152	72335153	4.3
"chr17"	75570277	75570278	96.1
"chr11"	64439234	64439235	63.8
"chr13"	25502430	25502431	54.8
"chr11"	64617331	64617332	48.7
"chr2"	221242967	221242968	87.4
"chr9"	120130323	120130324	55.4
"chr13"	58959288	58959289	81.8
"chrX"	135422018	135422019	4
"chr9"	137610367	137610368	96.3
"chr22"	20114584	20114585	84.2
"chrX"	53850829	53850830	95.5
"chr10"	40932029	40932030	75.7
"chr12"	108371306	108371307	90.9
"chr20"	52078568	52078569	12.3
"chr19"	41426696	41426697	79.2
"chr13"	111555130	111555131	90.6
"chr2"	18300310	18300311	35.6
"chr11"	49849944	49849945	6.2
"chr18"	23524318	23524319	97.3
"chr7"	96889675	96889676	5.5
"chr18"	4455178	4455179	3.1
"chr13"	98962445	98962446	57.3
"chr1"	184003918	184003919	69
"chr18"	26597206	26597207	62.5
"chr14"	86240995	86240996	52.1
"chr12"	38751479	38751480	96.5
"chr14"	37643881	37643882	43.6
"chr21"	28783364	28783365	69.1
"chr6"	26018250	26018251	95.8
"chr13"	98289000	98289001	25.7
"chr1"	63568595	63568596	96.5
"chrX"	3854707	3854708	85.7
"chr2"	95936580	95936581	77.9
"chr19"	2015654	2015655	4.1
"chr10"	69224343	69224344	97
"chr2"	159215612	159215613	95.8
"chr7"	37746991	37746992	74.8
"chr17"	10378056	10378057	94.3
"chr1"	9814955	9814956	78
"chr1"	49939722	49939723	88.7
"chr4"	44537884	44537885	68.9
"chr16"	25057919	25057920	89.8
"chr8"	121692996	121692997	82.9
"chr7"	21898914	21898915	69.5
"chr17"	18935272	18935273	95.7
"chr18"	51155666	51155667	41.2
"chr19"	47909170	47909171	80.1
"chr11"	5580333	5580334	96
"chr8"	130738222	130738223	91.6
"chrX"	146245376	146245377	91.6
"chr19"	54600736	54600737	96.2
"chr2"	224905765	224905766	79.9
"chr8"	27800972	27800973	96.5
"chr2"	106513811	106513812	31.1
"chrX"	74654693	74654694	96.6
"chr17"	48593450	48593451	3.1
"chr15"	44537041	44537042	58.2
"chr19"	36007780	36007781	96.9
"chr6"	154368471	154368472	85.3
"chr16"	15828132	15828133	68.2
"chr9"	95349134	95349135	59.4
"chr8"	133514388	133514389	96.4
"chrX"	153901058	153901059	4.7
"chr1"	76953430	76953431	82.9
"chr16"	34724764	34724765	69.3
"chr2"	179593391	179593392	5.9
"chr1"	144546854	144546855	4.9
"chr5"	139917353	139917354	93.8
"chrX"	140927718	140927719	92.5
"chr15"	96984694	96984695	96.1
"chr4"	76282487	76282488	93.8
"chr4"	161439428	161439429	93.7
"chr15"	55237000	55237001	96.1
"chr10"	132814187	132814188	95.5
"chr1"	26507856	26507857	97.4
"chr7"	61017663	61017664	5.5
"chr2"	62146332	62146333	95.4
"chr18"	79385435	79385436	68
"chr10"	58121956	58121957	92.7
"chr6"	31307865	31307866	96.5
"chr13"	95181876	95181877	55
"chr6"	16096364	16096365	52.9
"chrX"	27090347	27090348	51.6
"chr13"	36033406	36033407	69.8
"chr10"	77281911	77281912	2.9
"chr18"	55092561	55092562	4.8
"chr2"	28360921	28360922	96.1
"chr18"	14917478	14917479	77.5
"chr7"	148990412	148990413	95.6
"chr5"	158701179	158701180	67.5
"chr3"	85435833	85435834	85.8
"chr3"	127094035	127094036	97.3
"chr2"	21921056	21921057	77
"chr5"	42457071	42457072	71.7
"chr11"	106555719	106555720	92.7
"chr7"	102569670	102569671	95.6
"chr6"	49543741	49543742	91.6
"chr6"	37049414	37049415	3.4
"chr4"	151214627	151214628	95.9
"chr4"	140128979	140128980	41.5
"chrY"	23472999	23473000	92.3
"chr20"	47525705	47525706	95.7
"chr9"	37826893	37826894	95.6
"chr10"	15254346	15254347	85.8
"chr7"	111167399	111167400	93.8
"chr6"	42782417	42782418	3.8
"chr4"	114548847	114548848	72.3
"chr2"	215948283	215948284	43.2
"chr19"	13800357	13800358	80.1
"chr1"	42958704	42958705	3.6
"chr20"	19773078	19773079	6.1
"chr12"	130425463	130425464	95.8
"chr4"	146511534	146511535	78.7
"chr10"	22117663	22117664	12.6
"chr7"	47945712	47945713	1.6
"chr11"	76817612	76817613	55.6
"chr15"	90306690	90306691	5.7
"chr2"	71650990	71650991	90.4
"chr5"	177636198	177636199	95.3
"chrX"	47109027	47109028	96.7
"chr20"	3472355	3472356	25.8
"chr5"	2756484	2756485	6.2
"chr19"	49182858	49182859	97.2
"chr13"	35220106	35220107	11.7
"chr9"	136194287	136194288	11.7
"chr11"	62442724	62442725	7.1
"chr1"	161230807	161230808	91.5
"chr12"	67094480	67094481	96.8
"chr22"	49750369	49750370	50.7
"chr12"	126319470	126319471	28.9
"chr20"	21589150	21589151	3.7
"chr9"	114582458	114582459	94.8
"chr6"	127228216	127228217	95.2
"chr17"	59399210	59399211	90.9
"chr17"	50342984	50342985	88.8
"chr1"	11729598	11729599	43.4
"chr4"	17787331	17787332	95.2
"chr18"	52510034	52510035	95.9
"chr7"	125389616	125389617	3.4
"chr5"	168753048	168753049	91.2
"chr10"	94771046	94771047	73.7
"chrX"	114244412	114244413	66.2
"chr20"	54155667	54155668	38.6
"chr1"	151009024	151009025	3.5
"chr13"	72247151	72247152	7.5
"chrX"	152727783	152727784	92.1
"chr7"	117085628	117085629	95.9
"chr12"	20144341	20144342	8.3
"chr6"	119937305	119937306	96.8
"chr21"	19781043	19781044	93.1
"chr1"	929507	929508	46.7
"chr14"	29015346	29015347	33.8
"chr4"	121061303	121061304	96
"chr1"	41379948	41379949	3.6
"chr8"	5325094	5325095	92.2
"chr6"	30991607	30991608	95.9
"chr2"	221598226	221598227	90.1
"chr14"	53208516	53208517	41.4
"chr8"	103285737	103285738	90.7
"chr15"	35144185	35144186	95.1
"chr3"	174017833	174017834	95.7
"chr20"	63541811	63541812	95.2
"chr15"	50173228	50173229	96.3
"chr5"	7144866	7144867	19
"chr4"	144844307	144844308	88.9
"chr15"	22520745	22520746	96.9
"chrX"	49551732	49551733	89.8
"chr1"	157468850	157468851	31.2
"chr2"	38401553	38401554	79.3
"chr5"	87145041	87145042	95.5
"chr6"	166592888	166592889	94.7
"chr5"	136183415	136183416	95.8
"chr8"	33418503	33418504	96.7
"chr8"	4844268	4844269	29.2
"chr17"	77376790	77376791	91.7
"chr21"	45439721	45439722	4
"chr15"	43784863	43784864	95.6
"chr1"	110213858	110213859	42
"chr13"	65899289	65899290	43.4
"chr6"	57841664	57841665	91.9
"chr16"	30312649	30312650	89.8
"chr3"	38070283	38070284	42.4
"chr10"	22325770	22325771	3.1
"chr6"	58209407	58209408	42.5
"chr5"	134584360	134584361	96.5
"chr10"	107594477	107594478	56.8
"chr3"	100062945	100062946	92.6
"chr15"	78634581	78634582	43.7
"chr6"	77659117	77659118	62.4
"chr12"	120188589	120188590	96
"chr8"	823871	823872	96.6
"chr3"	47539408	47539409	88.1
"chr2"	41235092	41235093	42.8
"chr8"	14452310	14452311	80.5
"chr7"	75879572	75879573	3.9
"chr5"	109926856	109926857	41.1
"chr9"	34568935	34568936	90.5
"chr9"	43434741	43434742	83.5
"chr4"	3473493	3473494	72.5
"chr8"	124213002	124213003	88
"chr10"	79175805	79175806	13.9
"chr2"	85661035	85661036	95.3
"chr2"	107895284	107895285	93.9
"chr19"	42580939	42580940	95.5
"chr16"	4422840	4422841	96.3
"chr15"	67700157	67700158	84.6
"chr20"	29101103	29101104	52.8
"chr12"	120645099	120645100	79.2
"chr6"	158168080	158168081	3.4
"chrX"	58075760	58075761	61.9
"chr3"	184230513	184230514	3.1
"chr12"	126007531	126007532	61.3
"chr1"	160181273	160181274	94.2
"chr9"	83206233	83206234	37.5
"chr7"	121846292	121846293	93.2
"chr12"	2753031	2753032	45
"chr14"	33186592	33186593	81.4
"chr17"	39868364	39868365	82.2
"chr1"	110299992	110299993	86.3
"chr7"	65992800	65992801	85.2
"chr7"	12112195	12112196	10
"chr4"	60736539	60736540	32.8
"chr18"	31845088	31845089	95.7
"chr7"	51045000	51045001	32.2
"chr19"	10827032	10827033	97
"chr19"	2979829	2979830	96.8
"chr6"	42102696	42102697	94.1
"chr6"	44513396	44513397	86
"chr2"	201732311	201732312	96.5
"chr5"	178478891	178478892	70.1
"chr9"	32156168	32156169	96.7
"chr4"	85666842	85666843	96.5
"chr18"	63824161	63824162	22
"chr3"	164654773	164654774	82.3
"chr17"	381112	381113	96.7
"chr2"	105860795	105860796	96.1
"chr17"	6245740	6245741	7.8
"chr6"	107688225	107688226	51.3
"chr3"	54626171	54626172	93
"chrX"	1253280	1253281	95.6
"chr2"	97327887	97327888	95.9
"chr3"	38347268	38347269	3.7
"chr19"	6840461	6840462	96.6
"chr10"	111886973	111886974	59
"chr16"	83579635	83579636	75.7
"chr8"	21773309	21773310	94.1
"chr21"	32055707	32055708	27.9
"chr10"	128431979	128431980	3.6
"chr9"	109882317	109882318	82.5
"chr10"	107941861	107941862	6.4
"chr8"	46348393	46348394	70.1
"chr3"	13409866	13409867	92.8
"chr18"	79995975	79995976	96
"chr7"	147559164	147559165	95.9
"chr17"	61456668	61456669	35.8
"chr20"	60137558	60137559	6.7
"chr18"	10503642	10503643	87.6
"chr9"	127111858	127111859	76.7
"chr3"	85525739	85525740	7.1
"chr5"	70958705	70958706	95.8
"chr4"	169172388	169172389	97.2
"chr5"	177603028	177603029	96.8
"chr11"	92854042	92854043	11.7
"chr7"	157944295	157944296	95.8
"chr11"	118031024	118031025	47.3
"chr14"	98812534	98812535	96
"chr6"	25280863	25280864	4.4
"chrY"	6942014	6942015	5.2
"chr4"	52084939	52084940	96.6
"chr6"	69332148	69332149	14.1
"chr1"	211369884	211369885	91.5
"chr4"	30749329	30749330	90.7
"chr18"	6052773	6052774	90.4
"chr9"	124915218	124915219	97.3
"chr1"	204987258	204987259	82.3
"chr10"	50575350	50575351	97.2
"chr3"	186362663	186362664	3.5
"chr3"	134495076	134495077	96.3
"chr10"	98024172	98024173	17.1
"chr19"	46868927	46868928	95.5
"chr20"	11872174	11872175	45.4
"chr9"	124453337	124453338	92.7
"chr6"	144757530	144757531	97.1
"chr7"	107025068	107025069	25.7
"chr4"	20128234	20128235	17.2
"chr9"	115245875	115245876	6.7
"chr17"	12507881	12507882	64.6
"chr16"	12218804	12218805	94.9
"chr2"	219554565	219554566	94.7
"chr13"	110914286	110914287	2.7
"chr12"	28115163	28115164	95.7
"chr6"	82630736	82630737	3.5
"chr11"	70821651	70821652	96.4
"chr15"	37892413	37892414	24.5
"chr3"	184135506	184135507	3
"chr7"	139061257	139061258	91.3
"chr19"	36915956	36915957	4.2
"chr6"	119447513	119447514	89.2
"chr14"	48850788	48850789	4.1
"chr16"	78011991	78011992	2.9
"chr17"	37413648	37413649	94.4
"chr3"	172152151	172152152	96
"chr14"	18584147	18584148	96.8
"chr5"	107057876	107057877	90.7
"chr6"	169179247	169179248	2.9
"chr10"	53637161	53637162	26.6
"chr2"	10103794	10103795	96.6
"chr2"	37582374	37582375	80.3
"chr6"	167518778	167518779	58
"chr7"	36652099	36652100	6.1
"chr16"	10653998	10653999	97
"chr7"	70769479	70769480	85.2
"chr10"	29532459	29532460	95.6
"chrX"	107124298	107124299	95.9
"chr19"	14418312	14418313	4.5
"chr1"	14553314	14553315	96.3
"chr4"	166931248	166931249	96.5
"chr8"	82992760	82992761	38.4
"chr2"	224233309	224233310	95.7
"chr1"	209837145	209837146	96.9
"chr15"	90517671	90517672	96.7
"chr11"	75525607	75525608	3.2
"chr15"	22664877	22664878	3.6
"chr17"	28014659	28014660	33.6
"chr8"	102476547	102476548	94
"chr6"	55972638	55972639	9.6
"chr20"	43116162	43116163	52.9
"chr16"	32403989	32403990	85.2
"chr18"	15652030	15652031	60.7
"chr3"	115817336	115817337	41.5
"chr14"	50511745	50511746	95.2
"chr22"	39359447	39359448	96.4
"chr18"	69296840	69296841	5
"chr18"	34949927	34949928	90.6
"chr6"	66949563	66949564	96.3
"chr9"	135156700	135156701	8
"chr3"	139913235	139913236	93.8
"chr7"	157409676	157409677	96.5
"chr3"	60037536	60037537	87.3
"chr16"	73079125	73079126	95
"chr21"	23348997	23348998	60.5
"chr4"	148788671	148788672	74.4
"chr1"	107082643	107082644	70.6
"chrX"	152868222	152868223	97.6
"chr9"	18788401	18788402	95.1
"chr4"	76489938	76489939	89.6
"chr11"	126669863	126669864	26.6
"chr15"	26567538	26567539	90.4
"chr18"	41896776	41896777	77.7
"chr1"	248173388	248173389	8.9
"chr19"	42319742	42319743	95.3
"chr8"	45469665	45469666	37.2
"chrX"	54061734	54061735	96.7
"chr3"	149508820	149508821	86.3
"chr12"	611556	611557	45.5
"chr18"	11483315	11483316	91.8
"chr16"	36917929	36917930	49.6
"chr2"	105298999	105299000	96.1
"chr7"	44050562	44050563	93.7
"chr15"	19207107	19207108	18
"chr11"	65969131	65969132	95.5
"chr16"	275107	275108	2.7
"chrX"	107775865	107775866	3.4
"chr14"	60974698	60974699	44.7
"chr20"	3051595	3051596	81.8
"chr14"	20846821	20846822	59.6
"chr2"	23385926	23385927	2.7
"chr1"	236158316	236158317	95.9
"chr19"	54969917	54969918	66
"chr5"	162861803	162861804	57.2
"chr4"	168634183	168634184	48.3
"chr2"	217291460	217291461	43.6
"chr1"	25228394	25228395	96.6
"chr9"	94646062	94646063	55.9
"chr21"	32578331	32578332	82.4
"chr13"	17446591	17446592	4.2
"chr2"	131372526	131372527	92.3
"chr3"	88036116	88036117	97.1
"chr4"	135226562	135226563	48.4
"chr2"	227014852	227014853	90.1
"chr17"	32596476	32596477	96.5
"chr19"	30603395	30603396	57.4
"chr4"	52377454	52377455	95.6
"chr16"	24958992	24958993	95.4
"chr14"	69261930	69261931	15.6
"chr4"	155166350	155166351	92.2
"chr1"	157074365	157074366	3
"chr15"	25803876	25803877	97.6
"chr8"	141646043	141646044	95
"chr8"	780825	780826	31
"chr17"	74352674	74352675	77.7
"chr6"	44328244	44328245	57.2
"chr17"	54990362	54990363	94.1
"chr11"	120188695	120188696	33.9
"chr6"	136550613	136550614	3.3
"chr8"	91189966	91189967	25.8
"chr2"	12689422	12689423	3.8
"chr7"	107594539	107594540	95.1
"chr1"	238365090	238365091	88.5
"chr15"	64390226	64390227	54.8
"chr2"	32006747	32006748	92.5
"chr11"	67146051	67146052	96.8
"chr7"	55381234	55381235	91.8
"chr12"	107581806	107581807	95.5
"chr20"	42259032	42259033	80.5
"chr2"	215385124	215385125	93.4
"chr16"	69809762	69809763	97.2
"chr13"	97320892	97320893	96.2
"chrX"	11840886	11840887	61.8
"chr1"	124455277	124455278	81.5
"chr17"	41456382	41456383	95.1
"chr22"	40459030	40459031	93.4
"chr12"	103759399	103759400	89.4
"chr5"	139566633	139566634	38.3
"chr5"	171097578	171097579	61.2
"chr1"	109397575	109397576	3.3
"chr8"	93797344	93797345	94.9
"chr11"	61458977	61458978	96.3
"chr12"	10725082	10725083	87.1
"chr17"	32520827	32520828	31.8
"chrX"	86877890	86877891	22.1
"chr7"	96536254	96536255	18.4
"chr2"	51035691	51035692	5.4
"chr9"	127672848	127672849	59.8
"chr5"	6713003	6713004	3.4
"chr5"	158149583	158149584	49.7
"chr1"	61411720	61411721	49.8
"chr9"	136590390	136590391	73.5
"chr2"	214983253	214983254	44.1
"chr15"	47238500	47238501	23
"chr18"	65413977	65413978	90.7
"chr7"	55839909	55839910	92.2
"chr22"	37868930	37868931	96.8
"chrX"	145303747	145303748	4.8
"chr8"	18957956	18957957	4.3
"chr21"	44867359	44867360	96.7
"chr5"	54325180	54325181	78.3
"chr12"	10180498	10180499	93.9
"chr17"	18982084	18982085	96.5
"chr2"	50127880	50127881	33.8
"chr6"	15095540	15095541	82.5
"chr2"	148005203	148005204	94.8
"chr3"	39490654	39490655	89.4
"chr3"	188667185	188667186	71.2
"chr2"	122557074	122557075	46.5
"chr2"	97652221	97652222	96.8
"chr17"	7584460	7584461	5.1
"chr15"	68692136	68692137	93.8
"chr5"	60542308	60542309	79.7
"chr10"	82855568	82855569	2.8
"chr17"	15700380	15700381	50.6
"chr19"	13073455	13073456	9
"chr12"	57203239	57203240	90.2
"chr3"	153161814	153161815	4.9
"chr17"	29034475	29034476	56.1
"chr1"	78903920	78903921	48.7
"chrX"	40418386	40418387	81.6
"chr18"	9934889	9934890	95.9
"chr15"	53523308	53523309	81.6
"chr3"	195782638	195782639	88.3
"chr10"	14835838	14835839	89.1
"chr3"	186121191	186121192	87.8
"chr2"	229963732	229963733	95.8
"chr3"	93955689	93955690	94.5
"chr2"	218593007	218593008	47
"chr16"	75257605	75257606	87.2
"chr9"	130979333	130979334	96
"chr6"	23934918	23934919	38.3
"chrX"	100699548	100699549	89.7
"chr1"	5616875	5616876	94.8
"chr9"	121584048	121584049	88.4
"chr2"	218444215	218444216	95.8
"chr2"	219139738	219139739	95.9
"chr1"	113022408	113022409	96.6
"chr17"	80236934	80236935	93.1
"chr6"	47280090	47280091	90.5
"chr4"	1593679	1593680	96.2
"chr14"	77931283	77931284	53.2
"chr7"	47630343	47630344	95.8
"chr6"	52664656	52664657	3.9
"chr1"	186826395	186826396	95.1
"chr2"	111277195	111277196	85.1
"chr11"	52180363	52180364	21.4
"chr1"	23042157	23042158	97.2
"chr17"	55422183	55422184	4
"chr20"	7222792	7222793	4
"chr10"	119837616	119837617	94.8
"chr7"	37377957	37377958	94.4
"chr9"	132079918	132079919	4
"chr5"	154691686	154691687	52.3
"chr14"	95694014	95694015	96.7
"chr6"	27363088	27363089	37.5
"chr16"	11249295	11249296	96.2
"chr17"	75677555	75677556	82.1
"chr5"	170992881	170992882	4.6
"chr6"	1619345	1619346	44.8
"chr14"	62414214	62414215	42.8
"chr2"	51032315	51032316	12.6
"chr18"	58897643	58897644	94
"chr7"	131315391	131315392	70.2
"chr14"	36983767	36983768	3.7
"chr17"	78761693	78761694	40.3
"chr1"	236868752	236868753	37.1
"chr4"	176884336	176884337	35.7
"chr12"	132311925	132311926	94.7
"chr3"	142883154	142883155	96.6
"chr15"	66833800	66833801	53.9
"chr1"	155182086	155182087	40.9
"chr2"	207738288	207738289	96.4
"chr12"	102203400	102203401	94.9
"chr9"	107142836	107142837	3.6
"chr9"	122014950	122014951	96.1
"chr11"	63234953	63234954	70.2
"chr8"	33226546	33226547	95.4
"chr6"	151808585	151808586	24.1
"chr16"	16104658	16104659	94.7
"chr22"	48066576	48066577	64.2
"chr5"	85196723	85196724	63.6
"chr7"	39515560	39515561	9.9
"chr11"	63948585	63948586	96.2
"chr10"	38501060	38501061	44.3
"chr17"	61275740	61275741	91.5
"chr13"	43902100	43902101	68.3
"chr11"	116197604	116197605	52.1
"chr2"	28382695	28382696	88.4
"chr4"	30723929	30723930	5.9
"chrX"	20154722	20154723	95.2
"chr1"	34555178	34555179	84.9
"chr19"	14759254	14759255	95.3
"chr1"	94557921	94557922	43
"chr15"	40324494	40324495	3.9
"chr8"	14611468	14611469	28.1
"chr4"	43387918	43387919	71.3
"chr6"	143324283	143324284	4.1
"chr11"	7772843	7772844	76.9
"chr8"	12932504	12932505	96.2
"chr5"	178006349	178006350	6.1
"chr2"	96744298	96744299	91.7
"chr10"	68061328	68061329	83.2
"chr5"	172493425	172493426	53.6
"chr2"	21456375	21456376	9.1
"chrX"	152813602	152813603	3.2
"chr12"	52087795	52087796	75.4
"chr8"	10884171	10884172	48.7
"chr5"	99996149	99996150	67.7
"chr4"	93392330	93392331	66.2
"chr1"	246885923	246885924	96.7
"chr6"	44777225	44777226	96.2
"chr5"	159930492	159930493	96.1
"chr2"	29377860	29377861	95.4
"chr11"	112039248	112039249	94.8
"chr10"	126987984	126987985	37.7
"chr7"	68701293	68701294	95.5
"chr15"	25754193	25754194	80.5
"chr17"	42275077	42275078	3.9
"chr5"	177953007	177953008	96.5
"chr10"	61929813	61929814	92.4
"chr5"	18852652	18852653	51.1
"chr6"	136278674	136278675	96.6
"chrX"	40248648	40248649	66
"chr7"	858156	858157	96.1
"chr5"	159892096	159892097	95.9
"chr15"	24419867	24419868	9.7
"chr1"	108752006	108752007	95.8
"chr1"	225670287	225670288	67.8
"chr3"	52718237	52718238	94.7
"chr8"	140599036	140599037	4.4
"chrX"	62471981	62471982	66.4
"chr5"	180668213	180668214	96.9
"chr6"	59756794	59756795	90.5
"chr2"	241306724	241306725	94
"chr20"	63797463	63797464	56.7
"chr13"	100647081	100647082	96.2
"chr9"	34127313	34127314	96.6
"chr16"	58890216	58890217	73.5
"chr18"	43893496	43893497	84.4
"chr14"	23099816	23099817	5.3
"chr3"	151800253	151800254	37.3
"chr11"	131775199	131775200	3
"chr6"	165008522	165008523	49.3
"chr14"	77412059	77412060	94.5
"chr9"	81671504	81671505	96
"chr4"	86020933	86020934	55.3
"chr18"	80158876	80158877	95.4
"chrX"	34940934	34940935	96.8
"chr11"	47371345	47371346	96.1
"chr12"	101209674	101209675	82.4
"chr14"	36609258	36609259	89.4
"chr17"	49751307	49751308	96.7
"chr2"	39585920	39585921	90
"chr22"	48896130	48896131	45.7
"chr15"	44191541	44191542	66.8
"chr2"	219640045	219640046	94.6
"chr1"	64040746	64040747	7.7
"chr3"	128675365	128675366	50
"chr11"	56006984	56006985	5.9
"chr2"	9142385	9142386	96.4
"chr21"	9051046	9051047	41.6
"chrX"	4765444	4765445	87.8
"chr21"	14084223	14084224	92.1
"chr8"	143635591	143635592	3.5
"chr12"	64215456	64215457	95.7
"chr15"	72077412	72077413	95.4
"chr12"	101773494	101773495	80.2
"chr11"	119107611	119107612	2.9
"chr15"	93966241	93966242	43
"chr4"	90699228	90699229	76.2
"chr17"	51107606	51107607	96.8
"chr14"	103889914	103889915	83.8
"chr3"	143572939	143572940	96.2
"chr6"	11655180	11655181	24.5
"chr22"	18609938	18609939	2.7
"chr3"	99003658	99003659	5.8
"chr20"	57789910	57789911	87.5
"chr2"	23672540	23672541	96.2
"chrX"	14922512	14922513	96.9
"chr19"	54309970	54309971	80
"chr11"	120214687	120214688	96.2
"chr22"	43425183	43425184	94.4
"chr4"	129928917	129928918	10.1
"chr4"	98469680	98469681	81.9
"chr5"	178532884	178532885	3.6
"chr11"	71108324	71108325	96.6
"chr17"	82698037	82698038	3
"chr14"	104442458	104442459	70.2
"chr20"	64027795	64027796	96.8
"chr5"	73200266	73200267	65.7
"chr7"	68641118	68641119	87.2
"chr11"	64844698	64844699	2.9
"chr8"	119964509	119964510	6
"chr7"	134128994	134128995	12.6
"chr4"	106134195	106134196	52.3
"chr1"	156035460	156035461	87.6
"chr19"	3311443	3311444	3.7
"chr3"	103064672	103064673	66.6
"chr10"	17190106	17190107	79.4
"chr12"	107376916	107376917	96.6
"chr17"	71913825	71913826	48.4
"chr13"	49903942	49903943	84.7
"chr18"	51697196	51697197	93
"chrX"	41969085	41969086	87
"chr4"	17491273	17491274	96.2
"chr16"	88730328	88730329	97.2
"chr10"	5591908	5591909	65.8
"chr17"	41506905	41506906	22.6
"chr3"	180036412	180036413	5.6
"chr18"	954703	954704	67.4
"chr3"	8394060	8394061	32.7
"chr2"	164062942	164062943	8.4
"chr1"	1042031	1042032	96.4
"chr3"	114855031	114855032	95.2
"chrX"	118535469	118535470	94.8
"chr2"	6970251	6970252	53.1
"chr5"	68780941	68780942	96.4
"chr2"	183258174	183258175	86.5
"chr22"	46686712	46686713	53.9
"chr18"	31960426	31960427	94.4
"chr2"	72229290	72229291	94.4
"chr11"	5193921	5193922	95.7
"chr16"	30378111	30378112	3.5
"chr3"	25711832	25711833	95.5
"chr12"	115320162	115320163	49.3
"chr12"	124676934	124676935	96.2
"chr14"	24138548	24138549	96.8
"chr12"	123711343	123711344	95.8
"chr10"	133352895	133352896	96.7
"chr9"	17913994	17913995	46.2
"chr17"	47741505	47741506	85.2
"chr4"	42246421	42246422	95.9
"chr5"	18262386	18262387	28.7
"chr2"	29098410	29098411	96.1
"chrX"	19858856	19858857	97.4
"chr10"	104648471	104648472	6.1
"chr9"	77534240	77534241	86.7
"chr6"	138520568	138520569	53.9
"chr12"	12795657	12795658	95.3
"chr22"	37179762	37179763	91.6
"chr1"	88458923	88458924	88.4
"chr11"	9366243	9366244	96.7
"chr8"	125556114	125556115	95.6
"chr17"	77396599	77396600	96.5
"chr8"	101616416	101616417	93.5
"chr5"	26230321	26230322	97.1
"chr1"	161451121	161451122	40
"chr4"	55280425	55280426	58.4
"chrX"	149976350	149976351	7.7
"chrX"	107006669	107006670	53.5
"chr10"	112801913	112801914	90.9
"chr2"	152462167	152462168	49.4
"chr9"	80497307	80497308	31.4
"chr8"	89617907	89617908	89.9
"chr13"	54628642	54628643	5.1
"chr2"	61761992	61761993	93.5
"chr16"	87614490	87614491	92.4
"chr19"	16037337	16037338	95.5
"chr4"	123439710	123439711	92.5
"chr3"	72589665	72589666	75.7
"chrX"	51241863	51241864	20
"chr14"	90932215	90932216	96.5
"chr2"	104344304	104344305	88
"chr13"	31688666	31688667	41.4
"chr1"	67500045	67500046	87.8
"chr15"	96063972	96063973	85.6
"chr8"	38762716	38762717	94.7
"chr8"	140862816	140862817	91.3
"chr12"	18530608	18530609	24.8
"chr5"	74420658	74420659	37.5
"chr2"	238441282	238441283	96.2
"chr2"	132644537	132644538	47.1
"chrX"	85642649	85642650	7.8
"chr18"	137694	137695	73.2
"chr15"	40942686	40942687	3.3
"chr2"	112432791	112432792	4.1
"chr14"	102593653	102593654	3
"chr16"	5967830	5967831	86.4
"chr17"	61989288	61989289	96.1
"chr9"	124069441	124069442	97.1
"chr4"	46909273	46909274	89.5
"chr4"	9624598	9624599	96.1
"chr9"	134537148	134537149	62.7
"chr11"	74434847	74434848	20.4
"chr5"	16716153	16716154	95.8
"chr3"	94846699	94846700	20
"chr4"	189824300	189824301	6.2
"chr8"	639064	639065	5.7
"chr17"	72656341	72656342	73.1
"chr11"	93011960	93011961	93.5
"chr3"	1915842	1915843	19.1
"chr1"	165935525	165935526	85.7
"chr7"	100686827	100686828	95.4
"chr12"	122207600	122207601	84.7
"chr3"	8685561	8685562	85.2
"chrX"	80788197	80788198	97.3
"chr7"	79608797	79608798	83.6
"chr16"	25056044	25056045	92.2
"chr14"	92762803	92762804	96.7
"chr17"	44179841	44179842	94.7
"chr5"	154397938	154397939	46.8
"chrX"	19559619	19559620	96.7
"chr15"	39946743	39946744	96
"chr12"	106799273	106799274	90.1
"chr16"	1770123	1770124	96
"chr1"	181404381	181404382	28.1
"chr16"	404909	404910	5.1
"chr3"	37586494	37586495	57.3
"chr3"	52455586	52455587	4.3
"chr5"	91748399	91748400	40
"chr1"	194262898	194262899	56
"chr11"	68822572	68822573	91.4
"chr9"	36852591	36852592	97.3
"chr13"	100676434	100676435	5
"chr10"	125760000	125760001	96.8
"chr4"	151446785	151446786	91.8
"chr2"	163223315	163223316	84.8
"chr14"	23972277	23972278	94.7
"chr5"	141202551	141202552	96.2
"chr18"	15933573	15933574	41
"chr1"	219545238	219545239	96.4
"chr17"	7561965	7561966	3.3
"chr2"	65430609	65430610	3.1
"chr10"	16608481	16608482	96.7
"chr4"	74725812	74725813	16.5
"chr7"	80222637	80222638	93.9
"chr6"	53734945	53734946	91.5
"chr10"	130720277	130720278	59
"chr10"	17054198	17054199	96.6
"chr11"	10899005	10899006	95.6
"chr14"	61941495	61941496	76.2
"chr7"	150996952	150996953	42
"chr1"	123658915	123658916	46.5
"chr17"	73278174	73278175	82.2
"chr7"	101557484	101557485	33.6
"chr20"	13116197	13116198	93.4
"chrX"	97820010	97820011	95.4
"chr21"	16094481	16094482	95
"chr5"	170245638	170245639	96.2
"chrX"	465287	465288	96.6
"chr1"	16785169	16785170	71.9
"chr12"	126814268	126814269	84.8
"chrX"	154585158	154585159	96.9
"chr22"	32991261	32991262	85.3
"chr4"	57003938	57003939	93.5
"chr15"	101444358	101444359	94.4
"chr3"	168559783	168559784	88.4
"chr13"	22926572	22926573	3.4
"chr8"	1632912	1632913	93
"chr20"	36516525	36516526	91.2
"chr11"	114529836	114529837	95.9
"chr13"	78335380	78335381	14.5
"chr4"	38244368	38244369	96.8
"chr1"	89417124	89417125	52.3
"chr10"	100712389	100712390	65.9
"chr10"	86424408	86424409	95.4
"chr14"	33689094	33689095	28.6
"chrX"	3857537	3857538	96.8
"chr3"	43887140	43887141	94.5
"chr1"	31447341	31447342	83
"chr17"	31172745	31172746	95.6
"chr1"	27520812	27520813	93.6
"chr14"	19396362	19396363	17.6
"chr17"	18315354	18315355	3.4
"chr13"	107234491	107234492	55.1
"chr7"	1638445	1638446	4.4
"chr2"	5366878	5366879	95.8
"chr3"	12256171	12256172	92.8
"chr3"	49440671	49440672	95.9
"chr3"	41302835	41302836	93.8
"chr11"	57637909	57637910	60
"chr19"	4057650	4057651	86
"chr16"	10386328	10386329	4.1
"chr11"	18998793	18998794	47
"chr3"	71733197	71733198	95.3
"chr6"	95282339	95282340	65.9
"chr17"	63312009	63312010	94.6
"chr4"	110583523	110583524	87.8
"chr14"	50276175	50276176	91.6
"chr4"	108730795	108730796	43.5
"chr10"	100356575	100356576	95.5
"chr1"	156920972	156920973	51.7
"chr2"	12497020	12497021	79.8
"chr16"	4799342	4799343	96.2
"chr13"	72860444	72860445	95.8
"chr19"	4257724	4257725	97
"chr20"	25287749	25287750	96.9
"chr5"	64137043	64137044	78.7
"chr8"	139489747	139489748	88.4
"chr3"	14395030	14395031	94.1
"chr2"	102586889	102586890	55.1
"chr5"	178489757	178489758	92.3
"chr7"	101575147	101575148	62.1
"chr5"	73120172	73120173	3.2
"chr19"	13620999	13621000	88.3
"chr7"	150048924	150048925	3.2
"chr2"	10628090	10628091	43
"chr6"	17321134	17321135	73.4
"chr3"	513236	513237	95.3
"chr12"	57523009	57523010	3.4
"chr8"	48397237	48397238	2.9
"chr5"	94618648	94618649	3.9
"chr5"	141334553	141334554	5
"chr2"	101054869	101054870	94
"chr11"	37719032	37719033	3.2
"chr2"	118846431	118846432	34
"chrX"	120118592	120118593	29.2
"chr18"	54087235	54087236	90.4
"chr19"	10595314	10595315	94.8
"chr5"	138083803	138083804	86.4
"chr14"	106218102	106218103	2.4
"chr9"	64501815	64501816	6
"chr9"	10085294	10085295	96.2
"chr10"	91632680	91632681	11.2
"chr3"	53787929	53787930	93.3
"chr10"	29451349	29451350	93.9
"chr7"	63314777	63314778	74.3
"chr10"	17556933	17556934	95.9
"chr10"	129919407	129919408	32.2
"chr20"	3173543	3173544	3.4
"chr20"	21302838	21302839	5
"chr6"	108076873	108076874	93.8
"chr2"	199603538	199603539	53.8
"chr6"	134854088	134854089	95.2
"chr17"	76789367	76789368	66.5
"chr15"	30657382	30657383	96.8
"chr7"	82481268	82481269	28.7
"chr7"	44501597	44501598	89.2
"chr17"	45317256	45317257	4.1
"chr8"	8394069	8394070	96.3
"chr17"	44010633	44010634	95.1
"chr4"	188070951	188070952	95.8
"chr12"	52103240	52103241	96.5
"chr7"	158153390	158153391	75.8
"chr16"	30658049	30658050	3.1
"chr4"	51193146	51193147	48.5
"chr5"	155733012	155733013	47.6
"chr3"	120540488	120540489	8.9
"chr12"	130852934	130852935	40.6
"chr16"	90167471	90167472	95.1
"chr10"	90848136	90848137	91.6
"chr6"	48932816	48932817	87.6
"chr8"	23530432	23530433	54.3
"chr16"	71512436	71512437	5.4
"chr8"	140229625	140229626	95.8
"chr16"	33952733	33952734	78.7
"chr1"	205450019	205450020	3.3
"chrX"	100329630	100329631	94.7
"chr11"	135044287	135044288	42.3
"chr5"	9361095	9361096	86.4
"chr14"	36386956	36386957	87.2
"chr20"	61791073	61791074	5.1
"chr3"	167348961	167348962	73.3
"chr4"	80655696	80655697	96.5
"chr2"	158834637	158834638	88.7
"chr19"	4427747	4427748	95.6
"chr20"	41480035	41480036	44.7
"chr10"	14635691	14635692	62.4
"chr4"	54193166	54193167	94.8
"chr12"	37175919	37175920	5.9
"chrX"	58272214	58272215	87
"chr10"	55676269	55676270	24.6
"chr16"	54408215	54408216	70.6
"chrX"	27908999	27909000	94.3
"chr11"	102277182	102277183	84.4
"chr1"	44519536	44519537	56.2
"chr14"	87324330	87324331	71.8
"chr14"	56182939	56182940	90
"chr1"	25226017	25226018	95.5
"chrX"	154762798	154762799	3.4
"chr13"	24483256	24483257	96.2
"chr5"	79053393	79053394	5
"chr6"	1646480	1646481	94.1
"chr19"	36846541	36846542	96.2
"chrX"	38303862	38303863	93.7
"chr3"	2099966	2099967	3.8
"chr14"	54453484	54453485	91.8
"chr17"	28371548	28371549	3.3
"chr12"	35899110	35899111	71.7
"chr11"	38186164	38186165	91
"chr8"	20263731	20263732	95.4
"chr8"	120637938	120637939	63.7
"chr6"	119107733	119107734	84.9
"chr8"	11683577	11683578	3.5
"chr18"	36731326	36731327	3.9
"chr8"	89485610	89485611	83.6
"chr12"	11627317	11627318	96.5
"chr10"	39772810	39772811	82.3
"chr3"	100659299	100659300	84
"chr1"	61189431	61189432	69.2
"chr11"	71651326	71651327	90.2
"chr1"	46627878	46627879	95.2
"chr1"	186407451	186407452	96.1
"chrX"	104905226	104905227	11.7
"chr2"	75026509	75026510	95
"chr1"	15872373	15872374	95.9
"chr2"	170871510	170871511	96.7
"chr10"	96639730	96639731	32.4
"chr3"	41714837	41714838	63.8
"chr13"	25432290	25432291	11.7
"chr7"	89557425	89557426	10
"chr16"	154472	154473	3.2
"chr2"	49145182	49145183	47.4
"chr12"	71662806	71662807	3.4
"chr1"	3537540	3537541	92.1
"chr11"	765637	765638	87.9
"chr20"	62496552	62496553	3.3
"chr16"	23374170	23374171	92
"chr17"	35270414	35270415	97.5
"chr19"	49701581	49701582	95.7
"chr10"	28451024	28451025	66
"chr8"	22154132	22154133	91.9
"chr16"	81436438	81436439	45.6
"chr18"	40834553	40834554	89.9
"chr17"	81571772	81571773	97
"chr6"	123411258	123411259	95.5
"chr6"	104352581	104352582	89.6
"chr9"	94251690	94251691	49.6
"chr4"	95867432	95867433	4.4
"chr21"	13146902	13146903	25.1
"chr7"	7969666	7969667	3.6
"chr7"	109287587	109287588	43
"chr2"	44299130	44299131	96.9
"chr7"	156188998	156188999	73.9
"chr1"	45308976	45308977	96.9
"chr5"	52527024	52527025	88.9
"chr6"	5954905	5954906	95.2
"chr20"	55314490	55314491	45.2
"chr1"	215241540	215241541	46
"chr11"	56292860	56292861	83.1
"chr2"	202327039	202327040	96.3
"chr12"	101957435	101957436	95.9
"chr7"	54799034	54799035	60
"chr2"	203716402	203716403	96.7
"chr15"	32827543	32827544	95.3
"chr1"	181088679	181088680	2.7
"chr6"	14117967	14117968	4
"chr8"	131614980	131614981	82.1
"chr5"	23659343	23659344	18.7
"chr7"	74524737	74524738	55.8
"chr6"	58232552	58232553	64.6
"chr1"	10472990	10472991	4.1
"chr12"	34594573	34594574	42.4
"chr7"	77890794	77890795	96.3
"chr9"	124365590	124365591	97.1
"chr19"	14548064	14548065	96.9
"chr6"	145814868	145814869	30.6
"chr2"	112665892	112665893	5.3
"chr3"	49220240	49220241	93.5
"chr8"	5295148	5295149	93.8
"chr10"	16637730	16637731	97.1
"chr7"	56268538	56268539	94.4
"chr19"	36667883	36667884	91.8
"chr9"	65918295	65918296	81.5
"chr1"	70665318	70665319	49.3
"chr18"	12881833	12881834	60.1
"chr10"	58712919	58712920	51.3
"chr17"	6708412	6708413	91.6
"chr9"	25142497	25142498	69.4
"chr3"	137062660	137062661	95.1
"chr3"	177547880	177547881	5.5
"chr3"	122975453	122975454	24.4
"chr13"	24365357	24365358	73.8
"chr12"	936978	936979	96.2
"chr6"	139567768	139567769	92.9
"chr17"	70186706	70186707	45.6
"chrX"	146799916	146799917	76.6
"chr16"	15432204	15432205	40.6
"chr1"	10966757	10966758	90.6
"chr14"	24112941	24112942	96.7
"chr17"	55828834	55828835	95.3
"chr6"	164947298	164947299	47.7
"chr18"	47248396	47248397	17.6
"chr9"	83959923	83959924	97.1
"chr1"	169107975	169107976	4.1
"chr1"	95604362	95604363	48.3
"chr15"	84997534	84997535	94.2
"chr2"	76270143	76270144	44.5
"chr12"	106357884	106357885	3.4
"chr14"	99929830	99929831	78.2
"chr8"	91495069	91495070	94.8
"chr8"	838865	838866	3
"chr19"	43491647	43491648	96.3
"chrY"	10851852	10851853	8.9
"chr5"	81511213	81511214	93.3
"chr8"	30012656	30012657	87.9
"chr16"	83959545	83959546	93.5
"chr11"	109424038	109424039	26.6
"chr17"	81360143	81360144	77.1
"chr19"	18001328	18001329	4.7
"chr1"	230707934	230707935	62.7
"chr7"	29326786	29326787	40.3
"chr1"	21635905	21635906	86.7
"chr1"	117453144	117453145	79
"chr6"	474388	474389	96.3
"chr5"	172811845	172811846	96.4
"chr3"	85573979	85573980	4
"chr3"	77378846	77378847	85.5
"chr7"	60142027	60142028	4.9
"chr11"	90677701	90677702	3.9
"chr1"	15024262	15024263	96.3
"chr16"	4532486	4532487	94.3
"chrX"	19577310	19577311	96.8
"chr6"	152252195	152252196	95.1
"chr4"	158745258	158745259	81.1
"chrY"	25623006	25623007	96.5
"chrX"	136197625	136197626	48
"chr16"	58117022	58117023	94.4
"chr11"	127048465	127048466	38.7
"chr20"	48804835	48804836	90.9
"chr19"	18258034	18258035	93.4
"chr17"	44344761	44344762	14.3
"chr15"	73262568	73262569	92.6
"chr8"	4799085	4799086	94.7
"chr12"	119989827	119989828	4
"chr14"	104746277	104746278	6.8
"chr22"	19431586	19431587	3.2
"chr6"	8416090	8416091	96.5
"chr19"	3603684	3603685	96.7
"chr6"	33946478	33946479	81.6
"chr2"	181175944	181175945	95.8
"chr17"	16384425	16384426	3.3
"chr5"	125072016	125072017	62.1
"chr2"	113656204	113656205	96.6
"chr11"	17032640	17032641	6.4
"chrY"	13189285	13189286	96
"chr6"	94092985	94092986	14.3
"chrX"	123563583	123563584	62.2
"chr11"	117679039	117679040	90.7
"chr12"	43856060	43856061	97.1
"chr9"	27421607	27421608	94.8
"chr15"	49862550	49862551	93.5
"chr10"	86452969	86452970	96.8
"chr11"	106204276	106204277	97
"chrX"	138496867	138496868	96.5
"chr12"	123363924	123363925	3.8
"chr17"	28340325	28340326	88.1
"chr6"	33412085	33412086	97.3
"chr12"	132598016	132598017	3.4
"chr16"	8566619	8566620	41.2
"chr20"	57801785	57801786	95.7
"chr7"	88166132	88166133	6.4
"chr10"	6145356	6145357	3.4
"chr19"	56217577	56217578	35.7
"chr14"	59397655	59397656	96.6
"chr3"	193869662	193869663	80
"chr2"	229851034	229851035	95.7
"chr9"	127194434	127194435	89.5
"chr21"	30795674	30795675	96.6
"chrX"	19343697	19343698	3.3
"chr9"	41124065	41124066	12.8
"chr1"	18091694	18091695	2.9
"chr8"	86641113	86641114	69.4
"chr6"	112690680	112690681	78.3
"chr17"	15179880	15179881	93.7
"chr12"	129407875	129407876	82.2
"chr5"	172453587	172453588	5.3
"chr10"	99141541	99141542	6.3
"chr1"	155030410	155030411	94
"chr20"	34986391	34986392	89.9
"chr2"	236583856	236583857	17.1
"chr22"	21026828	21026829	84.5
"chr7"	151240478	151240479	81
"chrX"	74629703	74629704	49.3
"chr22"	41665789	41665790	95.8
"chr10"	42553617	42553618	96.9
"chr10"	41374624	41374625	65.7
"chrY"	23867414	23867415	13.8
"chr14"	53355344	53355345	47.4
"chr3"	195025181	195025182	85.5
"chr13"	72370298	72370299	90.9
"chr22"	19303599	19303600	96.3
"chr19"	4242043	4242044	94.1
"chr16"	84869601	84869602	91
"chr10"	100144623	100144624	92.9
"chr14"	102497158	102497159	89.4
"chr11"	95824745	95824746	95.9
"chr10"	14925406	14925407	43.4
"chr10"	15736533	15736534	93.2
"chr2"	64985553	64985554	59.7
"chr6"	31805597	31805598	94.7
"chr2"	92621966	92621967	58.3
"chr11"	114095449	114095450	94.4
"chr8"	18210834	18210835	93.3
"chr9"	41713165	41713166	93.1
"chr13"	76886328	76886329	3.4
"chr4"	2255329	2255330	95.9
"chr10"	21525524	21525525	4.3
"chr1"	25443440	25443441	43.5
"chr15"	99926726	99926727	3.7
"chr16"	67163092	67163093	49.7
"chrX"	81803830	81803831	96.2
"chr4"	26881941	26881942	94.9
"chr17"	79921842	79921843	96.2
"chr4"	47606582	47606583	97.3
"chr1"	113601872	113601873	93.3
"chr13"	104665794	104665795	69.4
"chr1"	96726873	96726874	96.4
"chr3"	131771543	131771544	94.7
"chr1"	172755797	172755798	88.4
"chr12"	124025534	124025535	85.7
"chr5"	159558549	159558550	88.4
"chr3"	16546119	16546120	57.7
"chr4"	12726272	12726273	92.2
"chr7"	104476522	104476523	93.8
"chr11"	66344889	66344890	4.7
"chr6"	134317605	134317606	25.8
"chr3"	170379022	170379023	95
"chr2"	32282677	32282678	96.5
"chr7"	45598773	45598774	95.8
"chr19"	20254867	20254868	83.5
"chr15"	77695912	77695913	78.8
"chr13"	94210445	94210446	95.1
"chr10"	32026155	32026156	93
"chr16"	75235103	75235104	92.6
"chr2"	204769314	204769315	36.6
"chr2"	21760218	21760219	12.6
"chr6"	69625884	69625885	92
"chr19"	10297878	10297879	90.3
"chr12"	98075797	98075798	84.3
"chr17"	44316018	44316019	3.8
"chr16"	13456936	13456937	81.6
"chr20"	35403022	35403023	95.2
"chr10"	126995466	126995467	90.6
"chr2"	51097058	51097059	54.7
"chr10"	125137028	125137029	45.9
"chr3"	170555023	170555024	94.1
"chrX"	68498971	68498972	3.4
"chr1"	115460824	115460825	51.4
"chr5"	68285525	68285526	9.2
"chr6"	145985526	145985527	76.6
"chr8"	33894188	33894189	96.3
"chr12"	34380410	34380411	96.2
"chr7"	6139833	6139834	93
"chr19"	38573145	38573146	93.8
"chr6"	125027577	125027578	5.3
"chr1"	244404690	244404691	96.8
"chr22"	26472372	26472373	96.5
"chr9"	11608879	11608880	3.2
"chr11"	7089840	7089841	96.6
"chrX"	84389812	84389813	97.2
"chr1"	6593831	6593832	96.7
"chr8"	102842951	102842952	95.5
"chrX"	100612605	100612606	47.5
"chr10"	35157404	35157405	96.5
"chr11"	67526600	67526601	96.8
"chr1"	235126723	235126724	73.5
"chr8"	143281759	143281760	4
"chr2"	239060562	239060563	96.9
"chr8"	69692435	69692436	68.9
"chr19"	33441260	33441261	4.3
"chr5"	33566812	33566813	59.6
"chr9"	19160976	19160977	95.2
"chrX"	123754901	123754902	94.2
"chrX"	101282704	101282705	74.2
"chr12"	4024639	4024640	96.1
"chr10"	89659553	89659554	66.2
"chr20"	63349909	63349910	90.8
"chr12"	128863065	128863066	96.1
"chr16"	87886824	87886825	95.9
"chrX"	82240003	82240004	16.3
"chr17"	67968841	67968842	97.4
"chr5"	125195102	125195103	94.6
"chr7"	75132239	75132240	94.3
"chr7"	139035743	139035744	3.6
"chr21"	36477831	36477832	77
"chr17"	46588842	46588843	96.9
"chrX"	147521379	147521380	61
"chr11"	12766990	12766991	84.5
"chr22"	20642585	20642586	94.3
"chr14"	81134237	81134238	70.3
"chr18"	768770	768771	95.1
"chr7"	157442431	157442432	96.8
"chr5"	19948703	19948704	67.2
"chr6"	113307865	113307866	95.8
"chr2"	151146025	151146026	85.3
"chr5"	89829681	89829682	79
"chr12"	132591627	132591628	87.3
"chr13"	100562262	100562263	92.6
"chr1"	66480985	66480986	95.7
"chr8"	57291751	57291752	55.6
"chr9"	72921118	72921119	95.7
"chr18"	40694902	40694903	82.5
"chr4"	112697075	112697076	75.5
"chr8"	68641896	68641897	75.7
"chr12"	37730350	37730351	79.3
"chr6"	120705846	120705847	86.4
"chr13"	64119870	64119871	91
"chr3"	8439185	8439186	96.2
"chr18"	80046782	80046783	95.9
"chr7"	19199603	19199604	54.7
"chr8"	88008716	88008717	39.7
"chr1"	28743072	28743073	91.7
"chr6"	5537401	5537402	91.3
"chr2"	49287653	49287654	48
"chr3"	126907372	126907373	96.5
"chr17"	50538878	50538879	90.8
"chr1"	247964386	247964387	67.4
"chr3"	127541897	127541898	8.7
"chr3"	131470077	131470078	95
"chr21"	22435997	22435998	31.8
"chr2"	237525997	237525998	92.9
"chr7"	60727691	60727692	75.5
"chr16"	67262003	67262004	94.2
"chr1"	48687708	48687709	90.4
"chr1"	18574910	18574911	69.5
"chr2"	26033882	26033883	4.2
"chr11"	61111987	61111988	3.1
"chr6"	102207779	102207780	38.6
"chr13"	84839390	84839391	68.6
"chr4"	95410811	95410812	79.8
"chr11"	14973993	14973994	3.8
"chr1"	81039468	81039469	93.7
"chr2"	98257219	98257220	41.8
"chr12"	101932073	101932074	5.4
"chr1"	45190909	45190910	96.6
"chr18"	63157531	63157532	4
"chrY"	13746299	13746300	95.6
"chr19"	27421555	27421556	28.8
"chr16"	84737066	84737067	96.8
"chr12"	30732875	30732876	96.3
"chr5"	134089254	134089255	97.1
"chr22"	22336485	22336486	16.6
"chrX"	70455390	70455391	3.3
"chr6"	70770242	70770243	96.4
"chr14"	41416984	41416985	73.8
"chr1"	123255498	123255499	55.4
"chr19"	2724861	2724862	95.7
"chr2"	227478073	227478074	92.4
"chr19"	15379045	15379046	3.3
"chr3"	2172231	2172232	4.4
"chr13"	40228893	40228894	10.8
"chr3"	33785830	33785831	90.3
"chr13"	93140007	93140008	95.6
"chr18"	69913132	69913133	96
"chr2"	106077904	106077905	79.8
"chr11"	11159684	11159685	27.1
"chr20"	3073869	3073870	96.9
"chr15"	48290055	48290056	90
"chr4"	91373571	91373572	15
"chrX"	117879862	117879863	95.5
"chr13"	21796792	21796793	53.7
"chr12"	10734634	10734635	86.3
"chr5"	116959244	116959245	70.9
"chr5"	37377719	37377720	95.4
"chr19"	46661091	46661092	2.7
"chr3"	122360903	122360904	96.7
"chr3"	1814583	1814584	96.9
"chr9"	109013870	109013871	37.1
"chrX"	149395792	149395793	82.6
"chr19"	13123468	13123469	97.3
"chr4"	77550667	77550668	76
"chr9"	112602671	112602672	94.1
"chr2"	220176280	220176281	35.4
"chr2"	199457850	199457851	3.5
"chr19"	9255176	9255177	96.8
"chr12"	104759685	104759686	97
"chr3"	186935191	186935192	96.9
"chr17"	18104330	18104331	91.2
"chr18"	75771209	75771210	93.8
"chr6"	163221323	163221324	95.5
"chr2"	117342301	117342302	29.7
"chr17"	1101269	1101270	96
"chrX"	1366090	1366091	97.2
"chr2"	7603001	7603002	9.3
"chr14"	30960695	30960696	44.8
"chr7"	147108946	147108947	95.4
"chr1"	150565455	150565456	70.3
"chr16"	12425132	12425133	97
"chr2"	134718975	134718976	9.4
"chr6"	53457102	53457103	4.4
"chr5"	153775787	153775788	57.8
"chr12"	116404655	116404656	95.5
"chr2"	206443781	206443782	2.7
"chr6"	63484517	63484518	93.8
"chr18"	49983239	49983240	91.5
"chr7"	122306368	122306369	3.7
"chr4"	56990759	56990760	48.9
"chr2"	178413719	178413720	3.2
"chr13"	22175434	22175435	94.1
"chr13"	67113703	67113704	96.3
"chr6"	21597232	21597233	2.8
"chr2"	118835545	118835546	3.5
"chr16"	6820582	6820583	7.1
"chr3"	65989605	65989606	23.7
"chr3"	145408420	145408421	4.1
"chr21"	43802883	43802884	95.4
"chr8"	112116786	112116787	73.6
"chr1"	64355305	64355306	96.5
"chr17"	4703890	4703891	3.2
"chr13"	22193742	22193743	52.5
"chr15"	89665827	89665828	2.7
"chr18"	39145595	39145596	91.6
"chr21"	43875692	43875693	96.6
"chr10"	4612156	4612157	55.8
"chr15"	48866733	48866734	32.6
"chr8"	122618276	122618277	72.4
"chr1"	183472434	183472435	2.9
"chr18"	79826010	79826011	95.6
"chr6"	33621170	33621171	3.6
"chr9"	24010223	24010224	92.3
"chr17"	19409716	19409717	95.2
"chr8"	8807208	8807209	96.3
"chr8"	23369716	23369717	2.6
"chr17"	66573334	66573335	47.6
"chr7"	99985101	99985102	77.9
"chr20"	51198028	51198029	90.6
"chr12"	131958899	131958900	95.2
"chr5"	79111415	79111416	95.7
"chr2"	230202381	230202382	8.3
"chr1"	245372087	245372088	95.9
"chr3"	4304360	4304361	73.8
"chr1"	158613840	158613841	90.2
"chr1"	16389647	16389648	97.3
"chr3"	103820948	103820949	77.6
"chr5"	17125165	17125166	94.2
"chr6"	37336701	37336702	97
"chr3"	195665412	195665413	95.2
"chr18"	16658962	16658963	92.6
"chr9"	129788433	129788434	29.3
"chr22"	42459587	42459588	48.1
"chr11"	4329359	4329360	91.1
"chr7"	106969	106970	57.2
"chr16"	3966412	3966413	95.4
"chr7"	131029699	131029700	96.4
"chr14"	86653352	86653353	64.3
"chr1"	171381060	171381061	96.6
"chr4"	111140114	111140115	46.2
"chr2"	63549120	63549121	90.9
"chr2"	214785307	214785308	95.7
"chr6"	166213828	166213829	55.1
"chr6"	4912201	4912202	94.9
"chr1"	224178750	224178751	95.1
"chr1"	31205679	31205680	89
"chr8"	62126256	62126257	4.7
"chr17"	20044516	20044517	84.4
"chr5"	2576849	2576850	67.6
"chr16"	56269425	56269426	94.3
"chr1"	18421988	18421989	90.2
"chr7"	38364013	38364014	96.6
"chr8"	103750909	103750910	88.2
"chr20"	21512528	21512529	28.4
"chr16"	30698159	30698160	2.9
"chr13"	63240296	63240297	68.5
"chr4"	37686173	37686174	4.1
"chr1"	86273040	86273041	96.2
"chr17"	83208730	83208731	96.9
"chr10"	32989285	32989286	70.2
"chr3"	52616430	52616431	94.9
"chr3"	88932349	88932350	69.1
"chr5"	174287648	174287649	30
"chr1"	197415742	197415743	95.5
"chrX"	87059171	87059172	55.9
"chr5"	24196049	24196050	9.9
"chr4"	12211921	12211922	31.4
"chr1"	75461368	75461369	89.7
"chr1"	78356296	78356297	92.5
"chr10"	98969920	98969921	53.6
"chr1"	233575038	233575039	83
"chr10"	12409000	12409001	88.4
"chr2"	233242741	233242742	27.4
"chr20"	18130242	18130243	80.9
"chr3"	135508075	135508076	83.6
"chr3"	96081662	96081663	30.4
"chr10"	45950256	45950257	92.3
"chr6"	55021259	55021260	55.4
"chr15"	46721873	46721874	52.1
"chr19"	19208557	19208558	96.5
"chr8"	45504067	45504068	70.6
"chr1"	161260689	161260690	25.1
"chr15"	22402009	22402010	96.5
"chr15"	85770628	85770629	96.1
"chr9"	86587415	86587416	54
"chr20"	54538568	54538569	16.5
"chr9"	33453429	33453430	32.1
"chr10"	122437929	122437930	55.5
"chrX"	110752035	110752036	53.1
"chr6"	153648475	153648476	89.8
"chr4"	4469491	4469492	97
"chr3"	101620719	101620720	95.1
"chr17"	25710289	25710290	76.3
"chr10"	40481958	40481959	80.9
"chr4"	6836700	6836701	96.9
"chr3"	43513113	43513114	85
"chr5"	146189452	146189453	95.4
"chr2"	233352096	233352097	95.7
"chr7"	2828415	2828416	96.6
"chr21"	10607352	10607353	14
"chr12"	41393909	41393910	43.5
"chr16"	22585461	22585462	94.2
"chr2"	8322383	8322384	77.4
"chr9"	74631741	74631742	38.3
"chr11"	311135	311136	2.7
"chr18"	41424959	41424960	52
"chr7"	12401607	12401608	66
"chr3"	150546012	150546013	3.9
"chrX"	97109477	97109478	96.5
"chr2"	2875289	2875290	21.2
"chrY"	22214185	22214186	52.5
"chr12"	30137035	30137036	9.5
"chr13"	79697056	79697057	63.9
"chr3"	177320292	177320293	96.8
"chr8"	787876	787877	96.3
"chr3"	190080363	190080364	94.7
"chr15"	83554802	83554803	71.3
"chr21"	40327138	40327139	64.1
"chr7"	150379076	150379077	4.4
"chrX"	109852312	109852313	97.1
"chr8"	122867051	122867052	95.1
"chr8"	20597482	20597483	90.6
"chr16"	8473225	8473226	94.8
"chr1"	222619063	222619064	3.4
"chr6"	85564880	85564881	91.2
"chr13"	49797914	49797915	60.3
"chr4"	185017577	185017578	9.4
"chr20"	49343308	49343309	90.3
"chr2"	96982481	96982482	92.6
"chr9"	6007286	6007287	3.4
"chr17"	3632196	3632197	96.2
"chr6"	14807594	14807595	96.2
"chr11"	1787378	1787379	95.8
"chr10"	30434127	30434128	3.2
"chr3"	38898140	38898141	46.3
"chr17"	2974296	2974297	96
"chr7"	3423811	3423812	94.9
"chrX"	151401977	151401978	88.3
"chr4"	666923	666924	70.2
"chr16"	87446566	87446567	89.4
"chr7"	41532187	41532188	84.1
"chr5"	66049187	66049188	96.9
"chr14"	72894486	72894487	3.5
"chr19"	8049997	8049998	96.7
"chr12"	97855326	97855327	97
"chr17"	60315347	60315348	96.8
"chr5"	107460454	107460455	93
"chr4"	66518766	66518767	78.6
"chr1"	207399714	207399715	93.5
"chr1"	237278379	237278380	96
"chr2"	1886767	1886768	30.3
"chr21"	45173114	45173115	95.2
"chr6"	28769677	28769678	74.8
"chr12"	35601919	35601920	83.8
"chr20"	54312690	54312691	44.1
"chr1"	156957668	156957669	8.3
"chr4"	41049479	41049480	95.4
"chr9"	95805692	95805693	95.1
"chr11"	86157740	86157741	97
"chr20"	22312817	22312818	2.5
"chr19"	4950949	4950950	96
"chr1"	82070751	82070752	96.5
"chr21"	9854510	9854511	87.6
"chr7"	128062843	128062844	88.5
"chr8"	23266082	23266083	94.4
"chr9"	104316914	104316915	95.7
"chr21"	10510838	10510839	3
"chr17"	82345813	82345814	97.2
"chr5"	62245108	62245109	89.1
"chr16"	19868245	19868246	82.6
"chr6"	89118721	89118722	95.8
"chr5"	98775824	98775825	96.5
"chr2"	69826505	69826506	97.2
"chr1"	213203914	213203915	90.6
"chr1"	187195877	187195878	10.5
"chr21"	21027918	21027919	96.7
"chr18"	62508856	62508857	97.1
"chr20"	19098558	19098559	68.5
"chr8"	46253229	46253230	77.1
"chr6"	143053884	143053885	48
"chr5"	123910035	123910036	6
"chr7"	106858977	106858978	40.2
"chr16"	13080350	13080351	72.4
"chr20"	63173224	63173225	43.8
"chr19"	50634957	50634958	62.8
"chrX"	4745942	4745943	71.3
"chr7"	63901977	63901978	80.5
"chr14"	69726136	69726137	95.6
"chr1"	205295514	205295515	7.7
"chr1"	203784590	203784591	83.7
"chr9"	5686699	5686700	96.8
"chr3"	76647284	76647285	49
"chr10"	6071065	6071066	55.5
"chr6"	145343734	145343735	6.3
"chr16"	5867343	5867344	16.5
"chr18"	70746211	70746212	92.5
"chr11"	21866404	21866405	64.2
"chr8"	95577633	95577634	8.9
"chr2"	120721604	120721605	76.9
"chr12"	122987095	122987096	95.5
"chr7"	11750312	11750313	61.9
"chr20"	62598826	62598827	14.9
"chr22"	16362084	16362085	61.5
"chr12"	78578910	78578911	23.8
"chr2"	195657547	195657548	3
"chr2"	109182229	109182230	94.5
"chr8"	30661859	30661860	94.1
"chr5"	120268155	120268156	70.2
"chr9"	68707898	68707899	58.9
"chr12"	98895570	98895571	2.9
"chr20"	34267772	34267773	95.7
"chr1"	186620553	186620554	95.7
"chr1"	185394230	185394231	96.6
"chr4"	109230051	109230052	47
"chr1"	230162348	230162349	96.4
"chr13"	53044690	53044691	4.9
"chr5"	55151355	55151356	71.6
"chr5"	108581952	108581953	80.1
"chr10"	95327369	95327370	95.8
"chr6"	167119042	167119043	2.9
"chr10"	19925868	19925869	94.8
"chr22"	34643271	34643272	8.8
"chr1"	926526	926527	70.2
"chr15"	45403491	45403492	2.9
"chr6"	35658191	35658192	95.7
"chr13"	56879444	56879445	79.2
"chr20"	17635237	17635238	3
"chr2"	128662710	128662711	54.4
"chrY"	12715233	12715234	96.8
"chr19"	1194921	1194922	4.4
"chr14"	21546899	21546900	95.7
"chr6"	25224589	25224590	89.5
"chr10"	123413650	123413651	91
"chr7"	33772303	33772304	47.6
"chr5"	116421398	116421399	95.6
"chr16"	28615501	28615502	96.7
"chr15"	49193243	49193244	96.4
"chr17"	34543828	34543829	5.1
"chr7"	102153062	102153063	95.1
"chr15"	48456872	48456873	88.8
"chrX"	34147030	34147031	96.5
"chr15"	74342000	74342001	95.3
"chr9"	74850395	74850396	96.1
"chr17"	10461446	10461447	23.6
"chrX"	118067123	118067124	20.4
"chr6"	105956275	105956276	94
"chr1"	55396597	55396598	87.1
"chr8"	98437639	98437640	95.2
"chr19"	11219559	11219560	84.9
"chr16"	55273730	55273731	95
"chr11"	69921736	69921737	93.2
"chr1"	109888574	109888575	93.3
"chr21"	36952514	36952515	95.7
"chr2"	204246257	204246258	66.8
"chr3"	18733087	18733088	74.8
"chr2"	10020941	10020942	95.3
"chr8"	144857001	144857002	6.8
"chr10"	21459584	21459585	96.9
"chr12"	64781364	64781365	3.1
"chr4"	8453423	8453424	95.2
"chr20"	38811732	38811733	18.4
"chr8"	72666232	72666233	45.7
"chr4"	24710403	24710404	91
"chrX"	46848951	46848952	94.9
"chr1"	77936324	77936325	84.3
"chr17"	38808171	38808172	95.8
"chr3"	4977526	4977527	3.1
"chr2"	11558739	11558740	96.6
"chr10"	132327117	132327118	39.3
"chr14"	36009581	36009582	96
"chr4"	166021517	166021518	94.6
"chr18"	12406541	12406542	23.2
"chrY"	12276271	12276272	54.4
"chr9"	90254922	90254923	91.3
"chr9"	87411137	87411138	96.4
"chr11"	119046244	119046245	97.1
"chr13"	99895706	99895707	5.1
"chr10"	100244415	100244416	94.7
"chr1"	25685385	25685386	63
"chr12"	131932597	131932598	96.2
"chr12"	63077813	63077814	61.5
"chr6"	136923816	136923817	3.8
"chr18"	49598254	49598255	21.5
"chr1"	201456776	201456777	19.4
"chr5"	119008532	119008533	97.1
"chr7"	7854409	7854410	93.2
"chr5"	181258383	181258384	67.4
"chr6"	153850668	153850669	87.7
"chr13"	21753382	21753383	94.4
"chr3"	56640911	56640912	95.7
"chr9"	72881358	72881359	63.4
"chr12"	100634101	100634102	90.9
"chr6"	112711355	112711356	85.5
"chr7"	119306980	119306981	96.7
"chr20"	20837921	20837922	49.8
"chr3"	195328550	195328551	95.7
"chr15"	90736561	90736562	95.8
"chr6"	21356659	21356660	86.9
"chr2"	25254174	25254175	96.5
"chr8"	69873965	69873966	86.8
"chr13"	50549282	50549283	91.5
"chr17"	28335325	28335326	3.4
"chr6"	92278099	92278100	5.6
"chr5"	121752086	121752087	92.3
"chr20"	63232287	63232288	55.3
"chr10"	122886386	122886387	93.6
"chr10"	73763878	73763879	96.1
"chr4"	86531302	86531303	57.8
"chr17"	16292102	16292103	92.7
"chrX"	134217815	134217816	74.2
"chr5"	96681528	96681529	96.4
"chr5"	143206395	143206396	4
"chr16"	73182888	73182889	94.5
"chr2"	27478124	27478125	95.7
"chr6"	42081338	42081339	96.9
"chr10"	60071191	60071192	63.5
"chr7"	40847709	40847710	91.2
"chr13"	112036225	112036226	90.8
"chr1"	47695724	47695725	23.7
"chr12"	5380866	5380867	86.6
"chr4"	36775960	36775961	92.6
"chr17"	2054310	2054311	4.5
"chr8"	26514106	26514107	4.3
"chr1"	31500155	31500156	56.9
"chr10"	121612372	121612373	95.2
"chr8"	132891071	132891072	82.2
"chr18"	75118995	75118996	94.1
"chr9"	135536858	135536859	90
"chr13"	111632692	111632693	93
"chr16"	67660598	67660599	5.7
"chr9"	110085177	110085178	96.6
"chr7"	157712520	157712521	83.4
"chr22"	11032303	11032304	88.2
"chr15"	98366213	98366214	55.7
"chr1"	48917124	48917125	18.8
"chr1"	12170588	12170589	95.9
"chr7"	130141827	130141828	3.3
"chr2"	239178023	239178024	96.2
"chr15"	32536320	32536321	3.1
"chr15"	91213551	91213552	12.9
"chr7"	2635556	2635557	97
"chr17"	82172771	82172772	96.7
"chr5"	56051785	56051786	94.4
"chr7"	64995850	64995851	93.2
"chr12"	120661175	120661176	93.8
"chr7"	108488527	108488528	96.1
"chr14"	99583571	99583572	78.9
"chr8"	11258891	11258892	67.9
"chr5"	33499696	33499697	73.7
"chr18"	75214482	75214483	95.9
"chr12"	58970839	58970840	65.1
"chr2"	133967504	133967505	23.9
"chr6"	46752080	46752081	72.4
"chr13"	40362523	40362524	94.9
"chr6"	53356589	53356590	58.9
"chr16"	77596161	77596162	5.8
"chr15"	61417974	61417975	82.7
"chr17"	78150252	78150253	96.4
"chr3"	85363673	85363674	95.3
"chrX"	45864504	45864505	74.7
"chr20"	58481234	58481235	82.2
"chr8"	90334150	90334151	96.1
"chr19"	5225869	5225870	96.6
"chr14"	19362550	19362551	95.2
"chr10"	78937860	78937861	3
"chr7"	84176942	84176943	8.8
"chr6"	16119319	16119320	18.1
"chr12"	22753911	22753912	94.4
"chr19"	56018461	56018462	73.4
"chr3"	73290282	73290283	36.6
"chr4"	164656952	164656953	92.8
"chr4"	122237675	122237676	95.3
"chr1"	11922819	11922820	95.9
"chr11"	102373679	102373680	97.2
"chr4"	140091248	140091249	56.6
"chr8"	124779922	124779923	77.3
"chr1"	244867860	244867861	95.8
"chrX"	135032484	135032485	3.4
"chr12"	113364074	113364075	96.2
"chr2"	241068058	241068059	95.8
"chr8"	50843651	50843652	22.2
"chr20"	37503238	37503239	93.3
"chr14"	76915448	76915449	94.5
"chr7"	45572797	45572798	43.5
"chr3"	158120303	158120304	23.6
"chr14"	28734818	28734819	76.5
"chr3"	109792457	109792458	94.2
"chr1"	87172458	87172459	93.1
"chr6"	16004609	16004610	3.9
"chr7"	31691387	31691388	95
"chr16"	1019795	1019796	93.2
"chr17"	82263709	82263710	73.6
"chr13"	44413405	44413406	95.5
"chr14"	99245037	99245038	88.5
"chr15"	66993458	66993459	86.4
"chr6"	20198296	20198297	97.7
"chr22"	10755516	10755517	27.8
"chr20"	23081476	23081477	52
"chr2"	619934	619935	34.5
"chr3"	197768077	197768078	92.2
"chr16"	1738550	1738551	51.1
"chr10"	86488528	86488529	97.2
"chr10"	116833634	116833635	84.7
"chr17"	17805499	17805500	81.3
"chr17"	73816067	73816068	89.3
"chr17"	80058572	80058573	75.5
"chr2"	159198416	159198417	74.3
"chr13"	73326366	73326367	60.3
"chr19"	47234683	47234684	95
"chr6"	83301466	83301467	91.2
"chr13"	26131580	26131581	87.3
"chr10"	96707538	96707539	96.3
"chr12"	12942461	12942462	96.3
"chr16"	55056736	55056737	28.4
"chr10"	47655737	47655738	71.8
"chr10"	133564089	133564090	69.7
"chr10"	1294634	1294635	95.3
"chr1"	27365933	27365934	4.2
"chr8"	142177717	142177718	91
"chr18"	48411084	48411085	6.3
"chr7"	48101405	48101406	96.2
"chr15"	57859479	57859480	26.1
"chr11"	115659588	115659589	3.6
"chr2"	219411040	219411041	61.3
"chr12"	54002012	54002013	21.9
"chr2"	102670738	102670739	74.2
"chrX"	72617389	72617390	94.5
"chr14"	104932874	104932875	95.4
"chrX"	64341119	64341120	95.5
"chr7"	8674447	8674448	73.7
"chr13"	62041215	62041216	94
"chrX"	11468287	11468288	96.7
"chr5"	111459763	111459764	96.6
"chr6"	10318065	10318066	92.3
"chr16"	34860970	34860971	95.2
"chr15"	40338809	40338810	3.8
"chr13"	112037271	112037272	96.6
"chr10"	102076989	102076990	96.8
"chrX"	115848451	115848452	96.4
"chr22"	43602166	43602167	91.7
"chr15"	57694265	57694266	77
"chr3"	181686155	181686156	92.9
"chr1"	7380295	7380296	91.8
"chr6"	24158720	24158721	83.9
"chr13"	50613291	50613292	91.2
"chr6"	169932663	169932664	94.6
"chr7"	142068690	142068691	95.1
"chr12"	115237960	115237961	97
"chr1"	13800104	13800105	96.6
"chr19"	46858529	46858530	96.3
"chr4"	59834275	59834276	85.4
"chr1"	183506963	183506964	96.4
"chr11"	46772833	46772834	96.5
"chr17"	7636131	7636132	91.9
"chr19"	50140355	50140356	95.2
"chr16"	86866287	86866288	95.6
"chr8"	47871746	47871747	97.4
"chr14"	20242745	20242746	71.1
"chr8"	80702161	80702162	14.1
"chr8"	106935482	106935483	85.6
"chr1"	3820036	3820037	89.4
"chr6"	1004816	1004817	96
"chr18"	74662093	74662094	96.2
"chr7"	143363007	143363008	3.8
"chr7"	1012253	1012254	38.7
"chr1"	61039188	61039189	96.6
"chr10"	2621318	2621319	91.6
"chr5"	176537365	176537366	3.4
"chr17"	70652026	70652027	44.5
"chr2"	232456957	232456958	96.4
"chr1"	37004846	37004847	12.3
"chr1"	166884431	166884432	3.2
"chr1"	70378058	70378059	96
"chr14"	37356734	37356735	96.9
"chr4"	152725275	152725276	84.5
"chr2"	237819449	237819450	30.6
"chr6"	49558855	49558856	94.5
"chr3"	71775905	71775906	74.5
"chr6"	10284162	10284163	13.5
"chr6"	37902358	37902359	95.4
"chr3"	174299633	174299634	68
"chr18"	78499718	78499719	96.8
"chr5"	142724390	142724391	96.8
"chr9"	113831115	113831116	82.8
"chr1"	36639443	36639444	69.4
"chr10"	112617875	112617876	58.5
"chr1"	221743235	221743236	2.7
"chr4"	53697873	53697874	94.5
"chr5"	47027357	47027358	56.9
"chr7"	51982833	51982834	50.1
"chr21"	23253425	23253426	88
"chr1"	232895481	232895482	49.3
"chr13"	44342095	44342096	64.5
"chr16"	25355730	25355731	59.9
"chr6"	22401009	22401010	26.6
"chr18"	53792983	53792984	63.1
"chr12"	120934532	120934533	97.2
"chr19"	22960634	22960635	86.8
"chr12"	120438358	120438359	4.9
"chr6"	66198682	66198683	93.3
"chr7"	144727482	144727483	81.4
"chr4"	122823452	122823453	96.1
"chr3"	190782579	190782580	59.5
"chr4"	97330012	97330013	84.5
"chr1"	159830934	159830935	96.8
"chr5"	168203431	168203432	44.1
"chr12"	32596709	32596710	95.4
"chr18"	48346007	48346008	87.7
"chr20"	3786497	3786498	3.8
"chr19"	47239800	47239801	3.1
"chr6"	123544399	123544400	94.7
"chr16"	17137441	17137442	93.5
"chr1"	215972078	215972079	96.2
"chr11"	49498905	49498906	91.7
"chr5"	862096	862097	82.2
"chr11"	31714755	31714756	93.3
"chr2"	42528288	42528289	93.5
"chr18"	54718186	54718187	3.9
"chr16"	1414223	1414224	3.4
"chr5"	159433340	159433341	95.7
"chrX"	47242844	47242845	96.2
"chr21"	33122448	33122449	75.1
"chr5"	52775079	52775080	58.6
"chr9"	115782593	115782594	48.3
"chrX"	127401521	127401522	84.7
"chr7"	67345662	67345663	94.3
"chr18"	37596052	37596053	96.1
"chr14"	28175900	28175901	63.7
"chr4"	18858559	18858560	94.7
"chrX"	74263491	74263492	96.1
"chr7"	133758433	133758434	94.7
"chr12"	104886107	104886108	97.3
"chr16"	24919534	24919535	96.8
"chr1"	227789383	227789384	88.8
"chr2"	171680608	171680609	61.9
"chr2"	225380082	225380083	7.1
"chr15"	49079308	49079309	95.8
"chr1"	204619158	204619159	77.9
"chr1"	54748305	54748306	96.1
"chrX"	38385029	38385030	57.5
"chr16"	85613018	85613019	2.9
"chr1"	217466590	217466591	96.3
"chr7"	116930305	116930306	26.8
"chr11"	54253422	54253423	3.7
"chr1"	169896977	169896978	50.8
"chr5"	163644944	163644945	96.4
"chr5"	85669740	85669741	94.5
"chr15"	20746293	20746294	45.1
"chr9"	94649643	94649644	60.1
"chr12"	52386467	52386468	58.9
"chr10"	83623484	83623485	26.4
"chr19"	16327084	16327085	40.6
"chr3"	186681372	186681373	91.6
"chr22"	28570464	28570465	8.6
"chr4"	183740204	183740205	97.9
"chr5"	172527071	172527072	53.7
"chr22"	41205866	41205867	4.4
"chr14"	74962286	74962287	64.3
"chr13"	21730968	21730969	89.5
"chr22"	48399566	48399567	93.9
"chr2"	179682821	179682822	55.6
"chr2"	132758134	132758135	92.5
"chr19"	56969990	56969991	3.4
"chr8"	3152211	3152212	17.2
"chr6"	125802268	125802269	75.8
"chrX"	25007596	25007597	3.1
"chr20"	17743492	17743493	59.4
"chr8"	73046059	73046060	95.8
"chr13"	112178157	112178158	76
"chr17"	58074192	58074193	94.5
"chr3"	18098184	18098185	44.4
"chr9"	17377312	17377313	95.8
"chr6"	10655889	10655890	2.4
"chr14"	73878007	73878008	96.2
"chr4"	168340133	168340134	85.2
"chr9"	137093689	137093690	96.4
"chr7"	44041465	44041466	95.2
"chr20"	1678407	1678408	17.1
"chr8"	110615506	110615507	8
"chr1"	61871455	61871456	32.1
"chr8"	22821932	22821933	97
"chr4"	128810016	128810017	4.6
"chr22"	48619479	48619480	79.5
"chr22"	23240566	23240567	83.5
"chr20"	49761308	49761309	73.4
"chr11"	65646796	65646797	94.8
"chr1"	123571642	123571643	36.9
"chr3"	114214175	114214176	3.1
"chr5"	172852782	172852783	97
"chrY"	7974424	7974425	95.7
"chr12"	112876650	112876651	50.2
"chr9"	69407995	69407996	95.2
"chr4"	57535103	57535104	63.6
"chr8"	85511391	85511392	96
"chr12"	104957702	104957703	3.7
"chr3"	48302366	48302367	96.1
"chr10"	20427424	20427425	9.4
"chr8"	61341078	61341079	62.4
"chr8"	32127352	32127353	5.9
"chr11"	112593209	112593210	82.4
"chr7"	46559692	46559693	80.1
"chr1"	208131388	208131389	44.7
"chr9"	87678317	87678318	94.8
"chr14"	76270806	76270807	95.5
"chr1"	151865422	151865423	93.8
"chr17"	1173446	1173447	94.6
"chr3"	83818085	83818086	4.7
"chr12"	83423754	83423755	49.3
"chrX"	53662388	53662389	96.8
"chr1"	177171353	177171354	3.3
"chr14"	43723157	43723158	93.7
"chr15"	56441417	56441418	96.5
"chr7"	23346361	23346362	11
"chr18"	20084910	20084911	82.4
"chr8"	42357870	42357871	95
"chr17"	71689529	71689530	56.2
"chr15"	49002390	49002391	93.4
"chr11"	69918439	69918440	95
"chr12"	28031093	28031094	80.3
"chr5"	18701199	18701200	95.3
"chr5"	150046679	150046680	96.4
"chr10"	58203378	58203379	95.1
"chr10"	90674144	90674145	40.7
"chr22"	25005578	25005579	27.1
"chr2"	31803937	31803938	36.1
"chr12"	45820725	45820726	92
"chr22"	30790166	30790167	19.6
"chr10"	42112184	42112185	96.3
"chr3"	112036043	112036044	88.6
"chr9"	22765772	22765773	80.4
"chr20"	64116192	64116193	95.8
"chr18"	21190182	21190183	63.5
"chr1"	113070283	113070284	95.7
"chr11"	63365991	63365992	20.9
"chr1"	175052504	175052505	30.7
"chrX"	96350305	96350306	96.7
"chr8"	24079848	24079849	77.5
"chr9"	16049988	16049989	94.4
"chr6"	163133281	163133282	43.7
"chr1"	58700327	58700328	6.9
"chr4"	118571153	118571154	95.9
"chrX"	83069150	83069151	4.8
"chr18"	28621613	28621614	66
"chr16"	74473587	74473588	5.7
"chr12"	109355527	109355528	94.6
"chr8"	48921412	48921413	4.6
"chr20"	48506038	48506039	8.1
"chr3"	36255526	36255527	69
"chr1"	15929623	15929624	93.5
"chr16"	88603988	88603989	96.6
"chr1"	190454002	190454003	61.1
"chr5"	115725315	115725316	62.4
"chr2"	167444165	167444166	4.1
"chr3"	63573853	63573854	90.5
"chr2"	74198855	74198856	3
"chr8"	102591691	102591692	96
"chrX"	125038834	125038835	73.3
"chr4"	172781631	172781632	89.2
"chr2"	62854868	62854869	94.1
"chr20"	24550420	24550421	60.1
"chr1"	35082700	35082701	92.7
"chr6"	53269679	53269680	94.8
"chr7"	151302434	151302435	61.3
"chrX"	105323602	105323603	97.1
"chrX"	139613571	139613572	69.1
"chr16"	238307	238308	96.6
"chr10"	116632594	116632595	92.1
"chr2"	10886760	10886761	74.4
"chr13"	60297367	60297368	5.4
"chr6"	53237307	53237308	91.2
"chr11"	1828682	1828683	43.1
"chr17"	49969541	49969542	6.3
"chr12"	26676111	26676112	94.7
"chr2"	94923659	94923660	94.6
"chr1"	9823992	9823993	3.6
"chr6"	46666913	46666914	30.7
"chr13"	24505676	24505677	54.1
"chr12"	9334494	9334495	95
"chr12"	80638935	80638936	42.6
"chr11"	133864138	133864139	48.7
"chr15"	48429880	48429881	44.1
"chr5"	40199707	40199708	97.1
"chr13"	86924671	86924672	65.5
"chr4"	116283858	116283859	87.4
"chr8"	79948786	79948787	95.9
"chr3"	97060706	97060707	91.6
"chr8"	125187201	125187202	96.6
"chr3"	32861516	32861517	95.6
"chr1"	110221041	110221042	52.9
"chr12"	128842413	128842414	94.7
"chr17"	806781	806782	96.7
"chr2"	101080256	101080257	91.1
"chr18"	17265859	17265860	67.2
"chr6"	37982583	37982584	81.4
"chr11"	86385207	86385208	71.9
"chr22"	37530593	37530594	96.4
"chr21"	38806015	38806016	4.8
"chr22"	35301039	35301040	96.3
"chr21"	33500838	33500839	96.5
"chr8"	107245801	107245802	69.1
"chr3"	169667603	169667604	40
"chr5"	150175602	150175603	93.6
"chr1"	243040011	243040012	96.3
"chr2"	64292584	64292585	94.8
"chr10"	6048070	6048071	90.1
"chrX"	64268229	64268230	96.9
"chr6"	142438502	142438503	6.6
"chr12"	27693184	27693185	96.6
"chr10"	12241613	12241614	67.7
"chr1"	211088685	211088686	92.9
"chr17"	18356395	18356396	95
"chr5"	133935806	133935807	92.8
"chr4"	145528004	145528005	94.9
"chr12"	121175943	121175944	19.2
"chr7"	158863555	158863556	31.1
"chr18"	49833855	49833856	94.5
"chr4"	17450647	17450648	14.2
"chr20"	62302989	62302990	4.2
"chr19"	13023420	13023421	2.5
"chr3"	119840437	119840438	95.4
"chr9"	117649478	117649479	14.1
"chr4"	40273786	40273787	94.8
"chr11"	15042950	15042951	91.7
"chr7"	99846304	99846305	53.3
"chr4"	1378481	1378482	94.7
"chr11"	80835425	80835426	93
"chr4"	994419	994420	96.8
"chr15"	38266595	38266596	55.3
"chr10"	34511108	34511109	4.1
"chr1"	173989882	173989883	94.8
"chr10"	132133899	132133900	94
"chr18"	62245348	62245349	97.2
"chr4"	10587058	10587059	97.2
"chr10"	34339696	34339697	95.7
"chr18"	53615949	53615950	94.4
"chr17"	65615499	65615500	93.6
"chr8"	57815556	57815557	53.6
"chr16"	52414716	52414717	7
"chr17"	80261020	80261021	2.9
"chr4"	94698884	94698885	96.3
"chr13"	71374825	71374826	52
"chr15"	94597231	94597232	3.7
"chrX"	53100951	53100952	95.1
"chr16"	18778470	18778471	95.6
"chr9"	93270146	93270147	75.7
"chr1"	25246748	25246749	3.5
"chr2"	178277861	178277862	73.9
"chr8"	102863086	102863087	3.8
"chr1"	169624662	169624663	92.9
"chr19"	45139797	45139798	95.1
"chr9"	128319627	128319628	96.3
"chr1"	151575995	151575996	89.2
"chr4"	29838047	29838048	3.2
"chr17"	18317454	18317455	5.8
"chrY"	20711249	20711250	88.7
"chr5"	45082197	45082198	75.6
"chr3"	19895246	19895247	96.1
"chr20"	15159894	15159895	91.2
"chr3"	62470846	62470847	96.2
"chr13"	33022982	33022983	69
"chr1"	156686201	156686202	93.1
"chr7"	68165656	68165657	40.2
"chr1"	193495285	193495286	85.5
"chr8"	22089510	22089511	3.4
"chr1"	10756862	10756863	96.4
"chr13"	32371758	32371759	81
"chr22"	39532267	39532268	3.3
"chrX"	44900619	44900620	95.8
"chr16"	1154002	1154003	30.1
"chr1"	38627344	38627345	87.7
"chr13"	81669871	81669872	7.8
"chr12"	111166050	111166051	66.3
"chr1"	158113694	158113695	4.7
"chr2"	175031789	175031790	95.7
"chr14"	33948838	33948839	92.9
"chr11"	61815417	61815418	3.5
"chr9"	137375070	137375071	96.6
"chrX"	106159135	106159136	95.7
"chr1"	223795873	223795874	95.5
"chr9"	128069389	128069390	27.8
"chr10"	123100277	123100278	83.1
"chr16"	24504815	24504816	3.5
"chr3"	43105287	43105288	95.5
"chr12"	51951753	51951754	3.1
"chr18"	79590287	79590288	96
"chr14"	32711456	32711457	3.8
"chrX"	101937726	101937727	29.5
"chr1"	228313865	228313866	96.6
"chr7"	65378125	65378126	95.7
"chr13"	94765428	94765429	20.3
"chr5"	178088254	178088255	85.3
"chr5"	94564508	94564509	94.5
"chr9"	64536329	64536330	55.6
"chr4"	33509797	33509798	17.3
"chr5"	132814111	132814112	70.8
"chr9"	127558690	127558691	84.6
"chr5"	99524610	99524611	79.6
"chr9"	92336399	92336400	11.1
"chr9"	92433020	92433021	95.7
"chr4"	4191559	4191560	41.3
"chr22"	41923635	41923636	92.4
"chr19"	13018550	13018551	94.8
"chr4"	164396455	164396456	55
"chr1"	11855332	11855333	60.7
"chr3"	90116084	90116085	95.8
"chr20"	3717306	3717307	91.9
"chr15"	90398543	90398544	96
"chr5"	176711192	176711193	79.2
"chr10"	15179325	15179326	95.8
"chr13"	96330694	96330695	58.4
"chr9"	113149818	113149819	96.1
"chr11"	61290248	61290249	96.8
"chr15"	66901816	66901817	95.2
"chr7"	115831919	115831920	80.7
"chr11"	96996177	96996178	59.6
"chr21"	31945280	31945281	1.9
"chr3"	120851663	120851664	69
"chr19"	13906237	13906238	3.6
"chr19"	41912085	41912086	2.9
"chr16"	84004914	84004915	94.2
"chrX"	148917709	148917710	97.1
"chr16"	64514328	64514329	86
"chr7"	77005330	77005331	95.2
"chr10"	84098408	84098409	70.3
"chr2"	228690375	228690376	83
"chr8"	144094764	144094765	4.1
"chr9"	85092557	85092558	17.7
"chr13"	80344770	80344771	36.7
"chr10"	111902820	111902821	89.4
"chr11"	120291176	120291177	5.8
"chr18"	43472654	43472655	14.9
"chr5"	69369510	69369511	3.8
"chr1"	157350226	157350227	69.8
"chr3"	22590567	22590568	5.1
"chr13"	39081003	39081004	94.5
"chr2"	6643341	6643342	93
"chr12"	49485505	49485506	96.6
"chr10"	81372167	81372168	6.1
"chr22"	45742332	45742333	96.8
"chr4"	42467562	42467563	96.7
"chr3"	103998714	103998715	87.2
"chr9"	26776681	26776682	77.1
"chr10"	80454221	80454222	3.2
"chr7"	36199176	36199177	93.9
"chr1"	108767739	108767740	94.4
"chrY"	7230716	7230717	55.8
"chr6"	17213329	17213330	96
"chr4"	135182223	135182224	70.3
"chr16"	7319248	7319249	44.6
"chr2"	226309250	226309251	7.8
"chr10"	26701210	26701211	95.6
"chr10"	78389308	78389309	37.1
"chr7"	41691750	41691751	5.1
"chr4"	181501440	181501441	86.2
"chrX"	121938035	121938036	22.2
"chr15"	63175680	63175681	96.8
"chr10"	1562674	1562675	92.9
"chr17"	50603170	50603171	89.5
"chr17"	27643567	27643568	94.5
"chr14"	91925306	91925307	96.7
"chr15"	65071175	65071176	80.4
"chr8"	51763386	51763387	82.3
"chr19"	47730160	47730161	3.4
"chr20"	36844091	36844092	96.3
"chr6"	30694505	30694506	95.6
"chr1"	184610832	184610833	85.7
"chr13"	113183789	113183790	96.2
"chr2"	145549141	145549142	41.6
"chr3"	98040128	98040129	92.3
"chr17"	1188503	1188504	97.1
"chr3"	134858362	134858363	95.3
"chr16"	62079604	62079605	84.5
"chr12"	111161682	111161683	62.8
"chr8"	64553232	64553233	95.4
"chr19"	2772813	2772814	97
"chr17"	5221458	5221459	3.3
"chr3"	195782846	195782847	77.1
"chr17"	48482422	48482423	95.3
"chr20"	34495087	34495088	97
"chr12"	109687071	109687072	90.5
"chr17"	46499886	46499887	96.2
"chr9"	127798223	127798224	96.5
"chr8"	80162739	80162740	3.7
"chr9"	130446459	130446460	85.3
"chr19"	17225567	17225568	65.5
"chr1"	13608879	13608880	96.2
"chr3"	4873899	4873900	96.5
"chr20"	59629790	59629791	55.4
"chr12"	66169989	66169990	2.9
"chr12"	112013633	112013634	4
"chr13"	103978951	103978952	95.8
"chr16"	19868919	19868920	96
"chr3"	67267549	67267550	93.9
"chr6"	2783337	2783338	74.1
"chr18"	993888	993889	35
"chr14"	23844035	23844036	11.3
"chr7"	6489289	6489290	95
"chr15"	66506887	66506888	93.8
"chrX"	36874441	36874442	5.1
"chr8"	85301158	85301159	96.5
"chr2"	99711215	99711216	96.7
"chr10"	129218611	129218612	77.8
"chr6"	75833975	75833976	77.5
"chr14"	73033804	73033805	96.9
"chr11"	72206378	72206379	96
"chr13"	103436303	103436304	66.2
"chr2"	171105635	171105636	95.9
"chr1"	238514353	238514354	60.6
"chr13"	108352899	108352900	95.8
"chr5"	138445326	138445327	97
"chrX"	102151308	102151309	33.2
"chr7"	105673862	105673863	66.1
"chr19"	51028533	51028534	88.5
"chr20"	60650059	60650060	62.3
"chr1"	170777799	170777800	96.3
"chr21"	45265392	45265393	96.4
"chr3"	179312962	179312963	74.6
"chr11"	88720464	88720465	5.2
"chr1"	18773783	18773784	65.7
"chr12"	123470611	123470612	96.8
"chr2"	228922576	228922577	29.8
"chr3"	46251208	46251209	2.6
"chr5"	80255313	80255314	3.2
"chr4"	126989043	126989044	94.9
"chr1"	225791278	225791279	97.1
"chr19"	18801968	18801969	96.1
"chr10"	131760958	131760959	2.7
"chr8"	41118407	41118408	83.3
"chr7"	105350951	105350952	79.8
"chr3"	117149813	117149814	49.1
"chr14"	21212089	21212090	91.1
"chr10"	110801790	110801791	97
"chr1"	156376114	156376115	93.5
"chr9"	8080146	8080147	94.6
"chr14"	101706061	101706062	3.6
"chr7"	43209893	43209894	96.2
"chr13"	25863464	25863465	89.9
"chr2"	233445667	233445668	92.2
"chr1"	14790654	14790655	48
"chr9"	128228165	128228166	91
"chr10"	10484654	10484655	42.1
"chr1"	155933358	155933359	97.1
"chr2"	105679006	105679007	89.5
"chr1"	90834780	90834781	4.2
"chr4"	183983587	183983588	44
"chr4"	177021241	177021242	63.4
"chr9"	117332714	117332715	89.1
"chr9"	99458790	99458791	96.4
"chr20"	37734784	37734785	51.6
"chr1"	37906751	37906752	96.2
"chr8"	117251404	117251405	89.9
"chr5"	139033423	139033424	97
"chr1"	209888903	209888904	95.8
"chr3"	12383294	12383295	93.1
"chr15"	59230832	59230833	88
"chr19"	36136105	36136106	95.8
"chr20"	62520510	62520511	89.2
"chr13"	48892642	48892643	54.8
"chr20"	52959883	52959884	81.2
"chr6"	111604836	111604837	94
"chr6"	75152416	75152417	93.4
"chr3"	27018100	27018101	70.9
"chr17"	1225016	1225017	86.6
"chr2"	178024311	178024312	75.2
"chr17"	8125341	8125342	4.5
"chr5"	173910525	173910526	95.8
"chr7"	35717750	35717751	97.3
"chr6"	43638726	43638727	95.7
"chr10"	21067132	21067133	96
"chr3"	44541695	44541696	10.8
"chr8"	9151680	9151681	10.3
"chr5"	117233414	117233415	26.8
"chr17"	5306133	5306134	96.8
"chr1"	118980049	118980050	4.5
"chr4"	68376318	68376319	4.4
"chr14"	19034217	19034218	2.4
"chr22"	37247089	37247090	96.3
"chr6"	114237051	114237052	94.2
"chr16"	11451399	11451400	79.3
"chr3"	143971425	143971426	3.7
"chr7"	11095794	11095795	96.7
"chr19"	3408241	3408242	97.1
"chr3"	21540853	21540854	85.4
"chr16"	70700324	70700325	73.3
"chr7"	112692669	112692670	8.3
"chr16"	16347427	16347428	70.8
"chr5"	167121038	167121039	21.8
"chr16"	23346807	23346808	56.4
"chr5"	174327859	174327860	85.2
"chr19"	50170556	50170557	96.6
"chr13"	102523423	102523424	70.9
"chr20"	50510483	50510484	3.1
"chr16"	61921176	61921177	69.9
"chr2"	14290355	14290356	3.9
"chr4"	109733278	109733279	95.9
"chr16"	49839202	49839203	52.2
"chr18"	61702667	61702668	94.4
"chr1"	82501226	82501227	59.1
"chr5"	90843411	90843412	46.4
"chr15"	63029478	63029479	94.6
"chr15"	28864030	28864031	96.2
"chr2"	105283724	105283725	96.8
"chr19"	41316857	41316858	95
"chr10"	87748805	87748806	96.9
"chr7"	72743252	72743253	97.3
"chr8"	91766833	91766834	71.3
"chr16"	89423988	89423989	95
"chr1"	20485579	20485580	3.1
"chr6"	64035004	64035005	12.4
"chr13"	59852243	59852244	96.6
"chr17"	80998973	80998974	69.7
"chr3"	127557902	127557903	87.2
"chr10"	131310944	131310945	3
"chr3"	48536346	48536347	85
"chr1"	239458024	239458025	2.7
"chr16"	53173744	53173745	95.4
"chr6"	39189783	39189784	92.8
"chr5"	6161774	6161775	6.3
"chrX"	13752999	13753000	40.8
"chr5"	77627980	77627981	61.5
"chr5"	36922042	36922043	94.2
"chr14"	94583067	94583068	83.9
"chr17"	29572886	29572887	3
"chr2"	37978135	37978136	84.3
"chr2"	213710566	213710567	84.6
"chrX"	134756716	134756717	97
"chr2"	151042380	151042381	25.3
"chr13"	24257959	24257960	64.2
"chr9"	107760868	107760869	3.4
"chr14"	65693106	65693107	96.3
"chr14"	100238006	100238007	3.8
"chr5"	139629617	139629618	97.2
"chr10"	119343977	119343978	90.8
"chrX"	147565168	147565169	51.7
"chr17"	9137741	9137742	96.2
"chr4"	99096362	99096363	95.5
"chr11"	131898956	131898957	55.6
"chr7"	59976797	59976798	85.1
"chr4"	128634773	128634774	4.8
"chr7"	38331813	38331814	68.9
"chr3"	90903426	90903427	83.4
"chr1"	92807472	92807473	72.4
"chr5"	95999003	95999004	89.8
"chr3"	185956955	185956956	94.9
"chr11"	60879493	60879494	95.6
"chr3"	169834275	169834276	92.8
"chr5"	87101628	87101629	3.6
"chr22"	26410706	26410707	74.6
"chr10"	98178087	98178088	97.2
"chrX"	150305359	150305360	94.7
"chr22"	40789309	40789310	97.1
"chr10"	63068579	63068580	90.8
"chr1"	118096533	118096534	94.6
"chr21"	26778800	26778801	81.5
"chr3"	148718898	148718899	15.8
"chr3"	82723072	82723073	88.4
"chr11"	133501157	133501158	95.6
"chr5"	80954554	80954555	94.2
"chr2"	64523753	64523754	3.1
"chr14"	76606240	76606241	92.6
"chr18"	66916210	66916211	52.1
"chr8"	115210810	115210811	77.6
"chr2"	125193305	125193306	42.6
"chr13"	63234462	63234463	54.6
"chr12"	56542501	56542502	95.5
"chr22"	12054244	12054245	23.9
"chr2"	91588841	91588842	95.7
"chr14"	74038212	74038213	94.3
"chr1"	121766539	121766540	58
"chr4"	37542478	37542479	51.8
"chr12"	116228668	116228669	97
"chr3"	12993835	12993836	3.5
"chr5"	28429804	28429805	83.8
"chr19"	55212163	55212164	96.4
"chr13"	28869630	28869631	48.6
"chr9"	107095980	107095981	18.1
"chr21"	44757585	44757586	4.1
"chr8"	100853419	100853420	96.5
"chr8"	144930780	144930781	95.1
"chr18"	21612587	21612588	2.9
"chr10"	29162429	29162430	62
"chr10"	121485464	121485465	33.4
"chr2"	75182832	75182833	86.2
"chr6"	59546083	59546084	6.1
"chr4"	35302581	35302582	96.2
"chr2"	221104087	221104088	90.9
"chr1"	11634492	11634493	52.9
"chr12"	120345000	120345001	63.6
"chr1"	53548423	53548424	29.6
"chr17"	4732251	4732252	96.5
"chr17"	6919228	6919229	54.5
"chr14"	49490563	49490564	87.7
"chr3"	134150050	134150051	94.1
"chr4"	13991645	13991646	92.8
"chr11"	54688330	54688331	4.1
"chr17"	76612943	76612944	95.9
"chr17"	22842057	22842058	51.3
"chr2"	127608265	127608266	20
"chr9"	92887355	92887356	3.9
"chr17"	38870649	38870650	3.1
"chr10"	105793304	105793305	74.7
"chrX"	19994345	19994346	92.4
"chr8"	97590349	97590350	11.8
"chr21"	32242034	32242035	96.6
"chr17"	42306295	42306296	96.7
"chr4"	119588069	119588070	96.2
"chrX"	121048265	121048266	96
"chr2"	85928332	85928333	93.4
"chr10"	132798260	132798261	95
"chr12"	98072656	98072657	90.8
"chr13"	18028604	18028605	82.9
"chr19"	48154749	48154750	96.7
"chr2"	235045670	235045671	3.4
"chr7"	1667977	1667978	3.1
"chr16"	76320087	76320088	76.2
"chrX"	153180447	153180448	96.1
"chr13"	34414830	34414831	43.6
"chr9"	13382741	13382742	64.7
"chr7"	44490372	44490373	4.2
"chr5"	69148225	69148226	52.7
"chr9"	129665189	129665190	31.9
"chr18"	6071982	6071983	95.7
"chr12"	52145085	52145086	52.6
"chr9"	21559662	21559663	3.4
"chrX"	85879690	85879691	97.8
"chr6"	38462311	38462312	93.2
"chr7"	33282432	33282433	69.5
"chr7"	106138937	106138938	95.5
"chr9"	137542564	137542565	96.1
"chr14"	99018274	99018275	32.8
"chr17"	7446575	7446576	9.8
"chr5"	166625257	166625258	3.8
"chr1"	13420354	13420355	37.6
"chr2"	69493136	69493137	95.5
"chr10"	69153300	69153301	96.9
"chr12"	129228811	129228812	95
"chr18"	64257175	64257176	94.8
"chr6"	82930388	82930389	75.5
"chrX"	100928975	100928976	3.7
"chr3"	58609879	58609880	96.2
"chr3"	23369008	23369009	83.8
"chr15"	40964395	40964396	66.3
"chr11"	128380983	128380984	95.5
"chr8"	135800716	135800717	92.7
"chr2"	174247919	174247920	3.4
"chr18"	9644866	9644867	51
"chr9"	65194513	65194514	95.7
"chr11"	127003968	127003969	5.6
"chr15"	88384707	88384708	82
"chr2"	82981968	82981969	33.8
"chr7"	3616276	3616277	96
"chr14"	45420922	45420923	89.3
"chr3"	98713916	98713917	11.2
"chrX"	154005685	154005686	96.6
"chr1"	95556907	95556908	38.4
"chr4"	141150387	141150388	94.2
"chr16"	30921793	30921794	2.9
"chr12"	83272435	83272436	96.8
"chr4"	187039978	187039979	51.5
"chr10"	115852288	115852289	11.8
"chr14"	101230725	101230726	72.4
"chr16"	26908862	26908863	83.9
"chr13"	32433458	32433459	95.1
"chr9"	129562243	129562244	85.6
"chr1"	146375808	146375809	74.4
"chr16"	82101537	82101538	78.8
"chrX"	154344234	154344235	91.6
"chr17"	397883	397884	85.2
"chr5"	98505198	98505199	62.8
"chr12"	59085103	59085104	55.8
"chr12"	113946059	113946060	96.1
"chr8"	132311117	132311118	60.4
"chr22"	49820761	49820762	96.6
"chr20"	59605521	59605522	4.4
"chr1"	37693995	37693996	95.9
"chr17"	61574895	61574896	94.3
"chr17"	21867292	21867293	12.6
"chr10"	39155460	39155461	82.7
"chr2"	57419709	57419710	94.7
"chr20"	32972317	32972318	2.9
"chr9"	85490096	85490097	92.4
"chr16"	79386555	79386556	93.1
"chr11"	4677538	4677539	4.2
"chr9"	43491029	43491030	82.2
"chr16"	14042412	14042413	85.5
"chr2"	105256973	105256974	94.9
"chr11"	94401174	94401175	2.5
"chr13"	19601143	19601144	96.1
"chr13"	86000816	86000817	33.9
"chr5"	82743640	82743641	96
"chr21"	43944636	43944637	96.1
"chr6"	12442937	12442938	94.5
"chr18"	34982124	34982125	94.5
"chr4"	179565516	179565517	14.2
"chr1"	49462871	49462872	10.5
"chr1"	223128340	223128341	46.9
"chr7"	36408535	36408536	95.5
"chr7"	5831082	5831083	94.4
"chr5"	125506821	125506822	90.4
"chr13"	46553005	46553006	4.2
"chr4"	188487649	188487650	30.4
"chr17"	42029605	42029606	58.6
"chr3"	120924987	120924988	94.9
"chr2"	45344562	45344563	67.7
"chr22"	47169853	47169854	93.7
"chr7"	116731921	116731922	64.4
"chr16"	70664251	70664252	96.4
"chr4"	35578965	35578966	92.7
"chr4"	1838318	1838319	95.7
"chr7"	27646849	27646850	96.8
"chr15"	73991193	73991194	93.7
"chr10"	130760453	130760454	3
"chr8"	94154659	94154660	69.4
"chr9"	9383678	9383679	16.8
"chr7"	2355427	2355428	3.6
"chr17"	82374475	82374476	96.3
"chr11"	891155	891156	96.4
"chr1"	248866668	248866669	78.5
"chr2"	21461556	21461557	89.3
"chr10"	28884967	28884968	95.8
"chr1"	103899611	103899612	6.1
"chr9"	94554844	94554845	54.4
"chr4"	187335482	187335483	63.3
"chr16"	86051817	86051818	83.5
"chr9"	4481433	4481434	96.2
"chr17"	68441659	68441660	85.4
"chr8"	98260549	98260550	96.1
"chr15"	35053638	35053639	93.8
"chr6"	12058094	12058095	95.6
"chr19"	11305008	11305009	77.7
"chr14"	70476869	70476870	94.3
"chr2"	225051852	225051853	94
"chr10"	71770639	71770640	97.7
"chr2"	134090738	134090739	96.3
"chr11"	14295840	14295841	96
"chr4"	121089144	121089145	97
"chr1"	34176960	34176961	3.3
"chr19"	40578463	40578464	96.4
"chr3"	183118423	183118424	95.5
"chr8"	6447843	6447844	96
"chr14"	46125691	46125692	94
"chr19"	46738505	46738506	83.7
"chr10"	13866280	13866281	93.3
"chr19"	48795254	48795255	3.1
"chr12"	123870000	123870001	92.6
"chr17"	30908222	30908223	95.9
"chr9"	135525978	135525979	43.1
"chr2"	101575450	101575451	86
"chr3"	61769429	61769430	65.5
"chr13"	17702266	17702267	83.2
"chr11"	51739066	51739067	48.9
"chr7"	157869954	157869955	93.4
"chr12"	62760427	62760428	56.7
"chrX"	154750798	154750799	3.1
"chr3"	174162481	174162482	31.6
"chr20"	422687	422688	97.4
"chr6"	80532870	80532871	47.3
"chr4"	140308499	140308500	49.6
"chr12"	63704073	63704074	91.3
"chr12"	122664330	122664331	95.5
"chr2"	239731473	239731474	86.9
"chr8"	23413519	23413520	30.9
"chr2"	224292334	224292335	27.5
"chr18"	76746244	76746245	22.2
"chrX"	36679002	36679003	45.9
"chr3"	190129985	190129986	97.6
"chr6"	17873808	17873809	69.7
"chr6"	89361911	89361912	96.8
"chr3"	33206874	33206875	94.2
"chr16"	56693972	56693973	49.2
"chr10"	17950185	17950186	96.6
"chr10"	66822994	66822995	5.6
"chr18"	5388096	5388097	94.5
"chr7"	141100060	141100061	93.3
"chrY"	5466745	5466746	3.6
"chr10"	813441	813442	87.3
"chr1"	35031716	35031717	3.4
"chr1"	25467421	25467422	46.2
"chr13"	42118297	42118298	96
"chr18"	3493887	3493888	29.6
"chr6"	64027554	64027555	46.8
"chr5"	126118404	126118405	4.2
"chr13"	36030317	36030318	90.8
"chr8"	73442163	73442164	94.5
"chr3"	55154470	55154471	82.8
"chr10"	99407722	99407723	96.6
"chr2"	106973730	106973731	8.6
"chr2"	1494234	1494235	63.1
"chr19"	13118501	13118502	3.5
"chr17"	80703081	80703082	23
"chr20"	54064634	54064635	90.2
"chr5"	176366337	176366338	94.7
"chr5"	179148510	179148511	74.1
"chr10"	36651930	36651931	95
"chr15"	40585467	40585468	96.5
"chr6"	10221684	10221685	4.2
"chr2"	103586909	103586910	44.1
"chr10"	70236903	70236904	96.9
"chr9"	113736358	113736359	8.4
"chr10"	23437435	23437436	97.1
"chr6"	154057803	154057804	84.4
"chr20"	48566034	48566035	91.6
"chr21"	37715113	37715114	40.6
"chr7"	5578865	5578866	90.9
"chr10"	25162923	25162924	15.2
"chr2"	89549111	89549112	94.2
"chr5"	157148820	157148821	96.8
"chr17"	48178651	48178652	96
"chr3"	172526974	172526975	96.6
"chr1"	32539596	32539597	2.7
"chr7"	29892936	29892937	95.1
"chr1"	224672193	224672194	4.5
"chr12"	3454254	3454255	94.1
"chr17"	50596147	50596148	23.4
"chr6"	124968563	124968564	96.3
"chr5"	45454136	45454137	80.9
"chr10"	100802113	100802114	63.7
"chr18"	42217475	42217476	79.8
"chr17"	17724130	17724131	2.9
"chr22"	10526664	10526665	61.2
"chr11"	67915856	67915857	92
"chr6"	163395478	163395479	80.2
"chr1"	213151317	213151318	93.9
"chr3"	144696213	144696214	7.4
"chr15"	80428927	80428928	52.3
"chr7"	19320149	19320150	60.2
"chr17"	48615261	48615262	62.2
"chr5"	181151152	181151153	15.7
"chr2"	131672272	131672273	95
"chr2"	213838423	213838424	83.7
"chr6"	54401509	54401510	95.8
"chr17"	45319369	45319370	68
"chr14"	37072551	37072552	6.9
"chr13"	30877533	30877534	4.3
"chr5"	173655804	173655805	15.4
"chr17"	78548272	78548273	90.1
"chr1"	46543607	46543608	28.3
"chr15"	100420699	100420700	7
"chr2"	106131740	106131741	87.6
"chr2"	238249808	238249809	90.1
"chr11"	88495274	88495275	96
"chr17"	28152528	28152529	96.3
"chr7"	135822349	135822350	48.3
"chr5"	35185928	35185929	95.6
"chr5"	97793558	97793559	94.3
"chr15"	54499876	54499877	86.9
"chr8"	134163891	134163892	74
"chr7"	13111395	13111396	65.9
"chr15"	68803869	68803870	96.7
"chr14"	65400710	65400711	96.1
"chr4"	187036650	187036651	28.4
"chr10"	31677647	31677648	60.6
"chr3"	27703534	27703535	95.7
"chr6"	105997747	105997748	66.4
"chr3"	34618113	34618114	96.3
"chr14"	53152259	53152260	2.9
"chr7"	83427304	83427305	33.6
"chr15"	46209637	46209638	96.8
"chr16"	87580341	87580342	95.2
"chr4"	53965291	53965292	95.1
"chr6"	53664912	53664913	95.4
"chr11"	99032073	99032074	76.2
"chr6"	111973509	111973510	93.7
"chr1"	45081466	45081467	96.2
"chr14"	28518624	28518625	75.5
"chr2"	9441245	9441246	95.8
"chr11"	63511444	63511445	60.2
"chr6"	167063097	167063098	81.5
"chr17"	50537012	50537013	96.9
"chr5"	134329287	134329288	95.5
"chr13"	98762049	98762050	41.6
"chr10"	69041927	69041928	93.9
"chr16"	86948315	86948316	62.6
"chr17"	27901946	27901947	6.6
"chr14"	54204339	54204340	95.8
"chr16"	52579660	52579661	94.8
"chr2"	78564001	78564002	60.2
"chr9"	134142194	134142195	96
"chr7"	23650481	23650482	89.6
"chr15"	93000909	93000910	96.5
"chr11"	64378828	64378829	94.9
"chr19"	44907314	44907315	96.1
"chr15"	75681642	75681643	55.5
"chr1"	212707305	212707306	97.6
"chr7"	27174436	27174437	3.1
"chr2"	241615580	241615581	95
"chr2"	236819106	236819107	46.7
"chr17"	2797955	2797956	92.5
"chr5"	2737561	2737562	93.3
"chr12"	96038527	96038528	96.1
"chr17"	78843812	78843813	96.4
"chrX"	23124680	23124681	88.9
"chr2"	174475166	174475167	89.2
"chr3"	44578314	44578315	96.4
"chr10"	27410948	27410949	90.6
"chr10"	74133285	74133286	79.5
"chr15"	95569970	95569971	11.8
"chr22"	25934550	25934551	42.1
"chr22"	35431142	35431143	96
"chr2"	29904070	29904071	19.1
"chr17"	29062578	29062579	88.7
"chr12"	74016071	74016072	58.3
"chr7"	111183261	111183262	96.3
"chr11"	61866025	61866026	95.7
"chr9"	24974232	24974233	65.2
"chr2"	2420799	2420800	15.1
"chr6"	134185916	134185917	96.4
"chr14"	106302024	106302025	10.3
"chr19"	8021955	8021956	95.7
"chr2"	141550169	141550170	88
"chr1"	221825165	221825166	95
"chr8"	61900792	61900793	79.2
"chr5"	94565959	94565960	84.4
"chr21"	19520965	19520966	82
"chr1"	63367370	63367371	3.5
"chr6"	119994287	119994288	5.3
"chr16"	55386330	55386331	85.6
"chr2"	171071379	171071380	95.3
"chrX"	29785649	29785650	94.9
"chr18"	57060720	57060721	73.1
"chr3"	24458509	24458510	8.5
"chr6"	82106077	82106078	81.5
"chr9"	65286621	65286622	95.9
"chr5"	133222419	133222420	67.6
"chr11"	86480559	86480560	89.1
"chr1"	120736042	120736043	94
"chr6"	27239100	27239101	72.3
"chr11"	64341029	64341030	2.6
"chr3"	119585373	119585374	96.5
"chr1"	14785475	14785476	95.6
"chr11"	1463676	1463677	85.9
"chr21"	28490931	28490932	54.8
"chr6"	157170743	157170744	97.1
"chr18"	41696979	41696980	90.2
"chr3"	19137368	19137369	96.4
"chr1"	182960170	182960171	72.8
"chr5"	175864498	175864499	3.5
"chr2"	226256030	226256031	55.1
"chr13"	111290536	111290537	96.3
"chr4"	125281707	125281708	94.4
"chr11"	7445437	7445438	71.8
"chr4"	186740724	186740725	90.8
"chr4"	43867676	43867677	4.2
"chr3"	144231331	144231332	74.4
"chr7"	98234342	98234343	89.4
"chr21"	10053988	10053989	6.5
"chr11"	79054058	79054059	78.1
"chr5"	1591822	1591823	97
"chr15"	42462322	42462323	96
"chr17"	30911770	30911771	96.1
"chr20"	1989374	1989375	82.9
"chr16"	30232657	30232658	97.3
"chr11"	46994050	46994051	95.5
"chr9"	133740075	133740076	58.2
"chr10"	49293300	49293301	90.5
"chr1"	113206653	113206654	48.4
"chrY"	26251895	26251896	3.1
"chr6"	165940716	165940717	51.4
"chr19"	15802352	15802353	79.4
"chr19"	37080767	37080768	95.5
"chrX"	47516876	47516877	96.4
"chr10"	9923285	9923286	93.8
"chr2"	30972400	30972401	74.6
"chr1"	3231236	3231237	96.1
"chr4"	18320637	18320638	94
"chr16"	22326211	22326212	97.2
"chr3"	95717876	95717877	84.8
"chr7"	95839092	95839093	89.6
"chr4"	79939009	79939010	91.1
"chr8"	43974785	43974786	78.3
"chr11"	4459129	4459130	92.9
"chr22"	42169804	42169805	96.5
"chr5"	90979458	90979459	44.8
"chr4"	106513846	106513847	9.1
"chr12"	40618298	40618299	78.9
"chr3"	7590737	7590738	14.3
"chrY"	56679236	56679237	77.1
"chrX"	130171770	130171771	3.6
"chr20"	42459451	42459452	4.8
"chr17"	73168062	73168063	82.5
"chr2"	175733555	175733556	82.1
"chr13"	74928600	74928601	7.1
"chr3"	11004735	11004736	83.1
"chr17"	3930385	3930386	96.1
"chr1"	165796181	165796182	88.7
"chr3"	108098941	108098942	97.2
"chrX"	89198835	89198836	93
"chr1"	4621181	4621182	96.1
"chr12"	68112490	68112491	90.7
"chr11"	6499432	6499433	96.9
"chr16"	17016870	17016871	89.2
"chr13"	92661166	92661167	43.6
"chrX"	112213733	112213734	92.9
"chr6"	21654953	21654954	94.8
"chr1"	404607	404608	59
"chr11"	116842053	116842054	96.7
"chrX"	112325203	112325204	95.1
"chr2"	42080735	42080736	47.4
"chr3"	22994052	22994053	95.4
"chr22"	30934997	30934998	95.9
"chr15"	45204153	45204154	51.3
"chr1"	223128865	223128866	85.3
"chr1"	110084678	110084679	2.9
"chr16"	56740517	56740518	95.7
"chr6"	170086779	170086780	95.8
"chr13"	93013331	93013332	87.6
"chr17"	13583462	13583463	4.8
"chr3"	81970074	81970075	51.4
"chr2"	226344240	226344241	89.4
"chr3"	110574034	110574035	95.8
"chr2"	32049282	32049283	97.1
"chr2"	20345350	20345351	96.5
"chr2"	131047267	131047268	94.2
"chr22"	24153769	24153770	32.8
"chr1"	155175622	155175623	90.9
"chr7"	29852201	29852202	68
"chr1"	124433967	124433968	81.2
"chr9"	130908261	130908262	8.3
"chr3"	151380424	151380425	95.8
"chr12"	90437176	90437177	89.6
"chr16"	79925786	79925787	55.3
"chr10"	34726477	34726478	95.4
"chr18"	32721971	32721972	91.1
"chr11"	66587557	66587558	95.9
"chr13"	77513465	77513466	87.5
"chr12"	93182849	93182850	95.3
"chr3"	23671508	23671509	95.9
"chr6"	3947339	3947340	96.2
"chr14"	36962076	36962077	81.3
"chr21"	43028021	43028022	95.9
"chr1"	160772686	160772687	34
"chr19"	55042241	55042242	3.2
"chr8"	67985030	67985031	3.4
"chr2"	87235581	87235582	96.7
"chr5"	1260125	1260126	94.3
"chr1"	32130740	32130741	97.1
"chr15"	41817704	41817705	96.8
"chr15"	72475306	72475307	37.3
"chr20"	63735861	63735862	9.9
"chr9"	125240727	125240728	3.9
"chr8"	60500709	60500710	52.1
"chr17"	67577384	67577385	42.6
"chrX"	12288302	12288303	96
"chr12"	17786913	17786914	2.8
"chrX"	19463897	19463898	55.2
"chr20"	49483973	49483974	3.5
"chr17"	40985342	40985343	13.4
"chr11"	119323411	119323412	95.8
"chr19"	4422740	4422741	92.5
"chr11"	11802634	11802635	97.1
"chr5"	177671566	177671567	4.1
"chr12"	24258000	24258001	95
"chr2"	148542575	148542576	91.1
"chr18"	46065908	46065909	93.8
"chr3"	47130881	47130882	16.2
"chr17"	35135005	35135006	96.1
"chr1"	65792949	65792950	5.1
"chr13"	30359630	30359631	88.6
"chr7"	157722013	157722014	86.7
"chr1"	229021331	229021332	92.7
"chr4"	56121499	56121500	63.6
"chr1"	78171294	78171295	77.5
"chr12"	124475705	124475706	93.2
"chr14"	28079815	28079816	32.2
"chr9"	120914334	120914335	83.4
"chr3"	18445025	18445026	2.8
"chr9"	137696215	137696216	96.9
"chr4"	4171846	4171847	79.9
"chr10"	52814565	52814566	2.8
"chr5"	61312962	61312963	57.7
"chr20"	18056433	18056434	36.6
"chr18"	66187749	66187750	81.7
"chr7"	996809	996810	96
"chr14"	34725383	34725384	97
"chr10"	85478269	85478270	11.6
"chr1"	114520834	114520835	96.5
"chr8"	69957187	69957188	96.7
"chr9"	89027617	89027618	75.9
"chr6"	132609006	132609007	93
"chr22"	44764100	44764101	96.8
"chr20"	60475867	60475868	84.6
"chr3"	177281711	177281712	86.3
"chr4"	132639880	132639881	35
"chr1"	204654597	204654598	81.3
"chr4"	141014336	141014337	34.7
"chr19"	38249387	38249388	88.6
"chr20"	52174206	52174207	61.2
"chr3"	130126801	130126802	96.6
"chr5"	1686882	1686883	81.7
"chr8"	97407151	97407152	65.2
"chr11"	116736052	116736053	94.9
"chr4"	116516186	116516187	3
"chr2"	146781181	146781182	95.7
"chr10"	21739513	21739514	96.5
"chr16"	4474669	4474670	3.9
"chr10"	97157573	97157574	54.3
"chr11"	10633295	10633296	94.3
"chr11"	107807640	107807641	94.7
"chr1"	147777348	147777349	75.3
"chr17"	26627870	26627871	37.4
"chr6"	149756450	149756451	97
"chr2"	152221108	152221109	85.1
"chr7"	145509502	145509503	10.3
"chr9"	118066052	118066053	6.2
"chr16"	87671477	87671478	96.7
"chr16"	30193579	30193580	4.1
"chr17"	43135736	43135737	97
"chr19"	18709653	18709654	96.5
"chr10"	120457572	120457573	5.8
"chr7"	121150912	121150913	80.7
"chr10"	128736919	128736920	95.1
"chr15"	101430225	101430226	97.6
"chr6"	61836883	61836884	34.3
"chr2"	38451827	38451828	47.9
"chr6"	26790639	26790640	77.5
"chr12"	124336857	124336858	95.7
"chr2"	199225302	199225303	55.9
"chr2"	33980765	33980766	93.9
"chr6"	60726244	60726245	66.5
"chr20"	7581568	7581569	61.7
"chr17"	7766373	7766374	93.1
"chr2"	132815094	132815095	91.9
"chr6"	161654178	161654179	49.8
"chr10"	23002819	23002820	96.3
"chr13"	43105752	43105753	96.5
"chr6"	152523845	152523846	9.2
"chr6"	42018352	42018353	96.1
"chr20"	43496214	43496215	89.8
"chr4"	3313702	3313703	96.7
"chr6"	37557407	37557408	2.8
"chr19"	18276743	18276744	96.4
"chr13"	98502654	98502655	96.7
"chr20"	17367386	17367387	27.4
"chr13"	54339988	54339989	20.1
"chr17"	75589962	75589963	86.1
"chr9"	11050262	11050263	83
"chr5"	16409250	16409251	5.6
"chr15"	20270752	20270753	54.3
"chr17"	8233145	8233146	94.7
"chr5"	150742545	150742546	44
"chr2"	65173523	65173524	93.9
"chr14"	54739755	54739756	94
"chr6"	167357902	167357903	37.6
"chr3"	2991696	2991697	82.5
"chr10"	49768394	49768395	4
"chr8"	47292834	47292835	95.1
"chr3"	16319465	16319466	46.4
"chr4"	137560894	137560895	47.4
"chr2"	231410510	231410511	95.4
"chr15"	41635201	41635202	96.5
"chr3"	156949401	156949402	95.1
"chr3"	3483569	3483570	91.1
"chr2"	15592627	15592628	4.6
"chr22"	46424557	46424558	8
"chr2"	142976008	142976009	96.1
"chr17"	25396991	25396992	59.2
"chr12"	66220680	66220681	96.4
"chr1"	246704335	246704336	79.1
"chr8"	3396563	3396564	26.9
"chr19"	57694586	57694587	95.6
"chr10"	31333949	31333950	93.1
"chr5"	84845425	84845426	26.4
"chr17"	21253060	21253061	3.8
"chr9"	23889840	23889841	49
"chr11"	8269267	8269268	95.6
"chr12"	12371039	12371040	97.1
"chr8"	2922296	2922297	54
"chr1"	218874538	218874539	43.3
"chr15"	92904304	92904305	4.5
"chr6"	9685585	9685586	8.5
"chr17"	28031511	28031512	41.3
"chr1"	184057412	184057413	96
"chr7"	26230655	26230656	91.7
"chr14"	73084739	73084740	94.5
"chr5"	29241820	29241821	57.1
"chr1"	2886384	2886385	95.5
"chr9"	115501218	115501219	4.6
"chr11"	92883346	92883347	90.8
"chr9"	135993908	135993909	96.6
"chr7"	49699843	49699844	78.1
"chr14"	100640041	100640042	95.7
"chr10"	99636787	99636788	95.5
"chr3"	148145860	148145861	94.6
"chr6"	143895318	143895319	96.3
"chr10"	50388555	50388556	4.9
"chr12"	98063429	98063430	8.3
"chr4"	112614405	112614406	96.4
"chr11"	12351858	12351859	64.9
"chr6"	100475965	100475966	3.9
"chr12"	129935180	129935181	90.8
"chr15"	89841857	89841858	95.4
"chr5"	56699847	56699848	96.7
"chr14"	103005115	103005116	96.7
"chr7"	629714	629715	92
"chr8"	111145525	111145526	80.5
"chr9"	107876007	107876008	8.4
"chr11"	69062971	69062972	96.9
"chr10"	347133	347134	90.2
"chr2"	101019549	101019550	71.7
"chr12"	47820912	47820913	51.6
"chr11"	45799306	45799307	81.9
"chr6"	66417323	66417324	35.5
"chr5"	135908141	135908142	32.6
"chr12"	122774726	122774727	3.7
"chr9"	16355480	16355481	95.9
"chr7"	73311517	73311518	93.7
"chr1"	3032720	3032721	42.3
"chr14"	106842767	106842768	95.6
"chr6"	64923742	64923743	3.4
"chr7"	97221729	97221730	91.1
"chr12"	20073421	20073422	88.9
"chr6"	39589675	39589676	50.8
"chr4"	5305634	5305635	58.6
"chr1"	24121702	24121703	40.8
"chr3"	186874235	186874236	95.9
"chr17"	3720833	3720834	96.2
"chr3"	172417523	172417524	95.8
"chr2"	215412538	215412539	95.6
"chr7"	24809885	24809886	96.4
"chr2"	86396207	86396208	90.6
"chr22"	44033668	44033669	95.9
"chr13"	53016338	53016339	71.8
"chr3"	180970279	180970280	86.1
"chr10"	54133445	54133446	2.3
"chr7"	32067059	32067060	93.5
"chr5"	158135745	158135746	57.6
"chr1"	95686796	95686797	23
"chr7"	21585458	21585459	82.1
"chr9"	105447097	105447098	96.2
"chr7"	111756264	111756265	87.4
"chr7"	43545499	43545500	55.2
"chr10"	13347452	13347453	3.4
"chr3"	194062689	194062690	95.5
"chr4"	26274248	26274249	95.9
"chr7"	2959022	2959023	96.8
"chr5"	133571988	133571989	35.2
"chr12"	41205538	41205539	14.8
"chr17"	21359547	21359548	57.6
"chr9"	135156671	135156672	21.1
"chr18"	69328293	69328294	95.9
"chr11"	65570713	65570714	3.6
"chr2"	230865894	230865895	4.1
"chr8"	43014507	43014508	95.3
"chr15"	96054028	96054029	3.3
"chr4"	121624033	121624034	96.7
"chr12"	22942684	22942685	42.2
"chr5"	135251266	135251267	95.7
"chr16"	89670182	89670183	96
"chr22"	44039975	44039976	96.8
"chr1"	123664435	123664436	48.6
"chr13"	100781163	100781164	81.2
"chr10"	46036733	46036734	22.6
"chr13"	98656898	98656899	89.3
"chr11"	576540	576541	3.8
"chr5"	181455190	181455191	7.3
"chr7"	152865671	152865672	95.9
"chr12"	80515544	80515545	73.5
"chr4"	17432122	17432123	96.1
"chr11"	11064375	11064376	35.7
"chr16"	23273918	23273919	95.2
"chr11"	36510099	36510100	3.8
"chr2"	125694316	125694317	75
"chr6"	89490442	89490443	93.6
"chr19"	38708282	38708283	95.9
"chr14"	94025611	94025612	95.1
"chr1"	107392411	107392412	36.3
"chr10"	83876902	83876903	35.9
"chr10"	100713640	100713641	2.7
"chr11"	130292603	130292604	85.5
"chr7"	134872184	134872185	51.6
"chr7"	89315115	89315116	55.4
"chr5"	27913272	27913273	96.3
"chr18"	60004217	60004218	95.7
"chr6"	167866882	167866883	91.7
"chr2"	128232935	128232936	8.5
"chr4"	8631090	8631091	95.2
"chr8"	43366691	43366692	93.7
"chr19"	33099914	33099915	96.1
"chr8"	67500291	67500292	96.6
"chr4"	161366077	161366078	95.4
"chr17"	58314933	58314934	96.3
"chr7"	96084162	96084163	50.8
"chr19"	7069931	7069932	4.7
"chr3"	47298942	47298943	96.7
"chr16"	2285560	2285561	68.4
"chr7"	41445042	41445043	82.9
"chr2"	173517350	173517351	61.3
"chr2"	241088104	241088105	8.2
"chr8"	97295752	97295753	96.9
"chr16"	13780338	13780339	87.9
"chr7"	129130740	129130741	96.5
"chr10"	103605184	103605185	92.4
"chr20"	32469031	32469032	46.3
"chr5"	173279446	173279447	90.4
"chr2"	38150261	38150262	95.4
"chr5"	26078203	26078204	55.7
"chr8"	74911464	74911465	18.2
"chr5"	44830332	44830333	93.6
"chr6"	97957677	97957678	38.9
"chrY"	21287966	21287967	94.6
"chr4"	6331875	6331876	91.9
"chr4"	1320012	1320013	68.9
"chr6"	165335066	165335067	69.3
"chr8"	64905540	64905541	94.8
"chr21"	23547780	23547781	73.4
"chr5"	13116011	13116012	3.9
"chr11"	59937075	59937076	92.4
"chr1"	188452	188453	94.9
"chr9"	4537430	4537431	95.6
"chr12"	94746449	94746450	85.6
"chrX"	142394415	142394416	34.9
"chr11"	126042913	126042914	95.8
"chr6"	6800032	6800033	41.5
"chr8"	36879510	36879511	4.4
"chr17"	33817817	33817818	6
"chr12"	34305351	34305352	96.4
"chr19"	4787917	4787918	90.3
"chr7"	56575593	56575594	95.8
"chr10"	4438692	4438693	41.5
"chr11"	107373175	107373176	95.5
"chr14"	89425258	89425259	90.9
"chr12"	53627432	53627433	96.6
"chr8"	10214161	10214162	94
"chr15"	74339861	74339862	66.9
"chr3"	116591595	116591596	10
"chr5"	108037971	108037972	93
"chr19"	38574547	38574548	97.2
"chr10"	16591003	16591004	90.8
"chr15"	25863464	25863465	3.2
"chr10"	103661513	103661514	70.5
"chr21"	44638436	44638437	33.4
"chr4"	40766950	40766951	94.9
"chr11"	126242626	126242627	96.3
"chr5"	27175708	27175709	82
"chr6"	7451161	7451162	52.1
"chrX"	56009037	56009038	96
"chr6"	4251460	4251461	2.7
"chr6"	54104871	54104872	82.3
"chr7"	6025401	6025402	96.1
"chr9"	137385442	137385443	97.1
"chr10"	1420789	1420790	4.3
"chr1"	16238333	16238334	95.9
"chr9"	78280301	78280302	96.9
"chr6"	135106803	135106804	93.7
"chr6"	168403898	168403899	83
"chr17"	2379433	2379434	96.4
"chr19"	52638686	52638687	49.5
"chr6"	157692706	157692707	11.1
"chr7"	46175837	46175838	91.5
"chr3"	165539777	165539778	93
"chr2"	100566444	100566445	45.1
"chr22"	23224551	23224552	85.1
"chr3"	28888629	28888630	63.7
"chr8"	28183485	28183486	96.7
"chr4"	92026637	92026638	44.6
"chrY"	26627220	26627221	97
"chr19"	44917775	44917776	96.4
"chr17"	82319955	82319956	96.1
"chr19"	27944790	27944791	79.2
"chr13"	100621493	100621494	97.2
"chr3"	150559736	150559737	95.9
"chr11"	71656824	71656825	54.5
"chr16"	84497467	84497468	97.5
"chr3"	71582551	71582552	2.9
"chr14"	96469250	96469251	91.7
"chr8"	14726282	14726283	96.4
"chr5"	162733148	162733149	64.2
"chr22"	43043612	43043613	4.4
"chr7"	158374793	158374794	92.8
"chr11"	118528864	118528865	97
"chr7"	67750892	67750893	3.7
"chr12"	56300513	56300514	3.3
"chr16"	67393690	67393691	3.5
"chr4"	99027807	99027808	92.4
"chr1"	40815006	40815007	96.1
"chr15"	91916170	91916171	96.5
"chr13"	22290896	22290897	96.6
"chr4"	165601284	165601285	6.8
"chr17"	60419961	60419962	96.7
"chr9"	135376772	135376773	5.7
"chr9"	136009802	136009803	95.8
"chr11"	81124134	81124135	72
"chrX"	14675323	14675324	95.7
"chr11"	103348556	103348557	92
"chr2"	35789059	35789060	94.1
"chr16"	28828716	28828717	96.2
"chr16"	21742000	21742001	96.4
"chr22"	45347699	45347700	97.3
"chr2"	3934834	3934835	96.5
"chr5"	344787	344788	95.3
"chr11"	8964213	8964214	2.5
"chr5"	73535603	73535604	10.2
"chr11"	104194684	104194685	51.4
"chr12"	122635669	122635670	95.2
"chr1"	22732381	22732382	96.9
"chr18"	36270509	36270510	89.2
"chr19"	48863574	48863575	96.9
"chr2"	145297469	145297470	7.7
"chr3"	2300639	2300640	64.5
"chr1"	143814436	143814437	95.7
"chr17"	40139124	40139125	97
"chr4"	17491500	17491501	93.5
"chr16"	59855419	59855420	46.2
"chr19"	39126052	39126053	7
"chr8"	1655739	1655740	40.6
"chr7"	65976279	65976280	85.3
"chr4"	186621301	186621302	95.7
"chr19"	436327	436328	95.8
"chr9"	110504348	110504349	92.8
"chr11"	68550158	68550159	57.9
"chr14"	33571210	33571211	39.8
"chr3"	67504848	67504849	94.6
"chr4"	185663922	185663923	95.4
"chr11"	128502410	128502411	96
"chr5"	180676054	180676055	34.7
"chr17"	11991394	11991395	89.4
"chr2"	230864792	230864793	3.4
"chr20"	49833087	49833088	6.9
"chr4"	37982928	37982929	96.5
"chr17"	76385010	76385011	3.5
"chrX"	39611045	39611046	94.8
"chr4"	122560362	122560363	96.9
"chr1"	3600956	3600957	92.6
"chr2"	89796752	89796753	83
"chrX"	47525161	47525162	91.4
"chr12"	31355438	31355439	92.4
"chr10"	11224772	11224773	96.2
"chr16"	70664053	70664054	95.8
"chr10"	103967813	103967814	3.2
"chr19"	44619666	44619667	91.6
"chrX"	84256602	84256603	94.9
"chr7"	55728729	55728730	71.6
"chr7"	88604124	88604125	77.2
"chr2"	200698007	200698008	88.4
"chr12"	51736752	51736753	88
"chr14"	64280395	64280396	8.4
"chr5"	14088815	14088816	96.4
"chr5"	104568138	104568139	95.1
"chr17"	21771006	21771007	77.4
"chr2"	3570161	3570162	91.4
"chr2"	239474583	239474584	83.9
"chr3"	8897299	8897300	95.6
"chr14"	80224279	80224280	44.6
"chr19"	46927280	46927281	95.7
"chr18"	33958309	33958310	83.3
"chr20"	40941180	40941181	2.7
"chr1"	97286564	97286565	59.8
"chr6"	28634927	28634928	3.1
"chr14"	35404156	35404157	3.1
"chr6"	16760328	16760329	2.7
"chr2"	239088411	239088412	95.8
"chr18"	60872323	60872324	44.9
"chr3"	50262069	50262070	96.7
"chr5"	60364959	60364960	43.2
"chr16"	24815800	24815801	90.6
"chr2"	64473893	64473894	87.1
"chr12"	124044003	124044004	58.8
"chr12"	101605735	101605736	88.7
"chrX"	20865464	20865465	6.8
"chr15"	89261184	89261185	96.9
"chr14"	105547080	105547081	69
"chr2"	32240430	32240431	96.7
"chr9"	120753071	120753072	95.9
"chr18"	34061048	34061049	82.9
"chr13"	77094675	77094676	96.8
"chr3"	180506575	180506576	93
"chr9"	102973407	102973408	82.5
"chr1"	222277663	222277664	65.1
"chr8"	98462345	98462346	95.5
"chr1"	52368479	52368480	3
"chr10"	267990	267991	96.3
"chr8"	34451520	34451521	91.2
"chr3"	160449455	160449456	3.2
"chr12"	7970757	7970758	3.3
"chr6"	19569173	19569174	76
"chrX"	119962614	119962615	96.7
"chr1"	45555869	45555870	89.6
"chr2"	169734248	169734249	4.2
"chr12"	50288877	50288878	97.2
"chr20"	60953459	60953460	58.8
"chr1"	200089132	200089133	79.9
"chr5"	80982265	80982266	96.6
"chr2"	80521697	80521698	83.2
"chr1"	205814026	205814027	19.7
"chr13"	36501079	36501080	94.4
"chr6"	109402826	109402827	87
"chr9"	131473672	131473673	96.6
"chrX"	136465389	136465390	45
"chr6"	8755957	8755958	93.4
"chr3"	90453200	90453201	60.9
"chr16"	31503903	31503904	95.6
"chr10"	35700987	35700988	95.5
"chr20"	42208237	42208238	13.8
"chr5"	178245157	178245158	61.5
"chr1"	145965110	145965111	3.4
"chr15"	101019465	101019466	95.3
"chr4"	46887432	46887433	95
"chr19"	12996688	12996689	4.8
"chr19"	48066327	48066328	94.4
"chr9"	134527359	134527360	66.6
"chr3"	114223348	114223349	2.1
"chr2"	38814097	38814098	88.6
"chr1"	2320147	2320148	30.8
"chr8"	10070550	10070551	66.6
"chr11"	68899038	68899039	96.2
"chr4"	107197763	107197764	78.4
"chr4"	68429632	68429633	96.5
"chr20"	21506827	21506828	20
"chr22"	35701158	35701159	94.4
"chr5"	69210721	69210722	96.5
"chr19"	14362971	14362972	94.6
"chr6"	109506108	109506109	11.6
"chr3"	187197634	187197635	91.2
"chr9"	135391292	135391293	65.4
"chr1"	231588246	231588247	95.4
"chr4"	167099590	167099591	5.3
"chr3"	77477902	77477903	52.6
"chr13"	72567080	72567081	88.5
"chr4"	1893462	1893463	97
"chr13"	29559863	29559864	96.2
"chr21"	34642946	34642947	3.5
"chr1"	112849220	112849221	25.3
"chr17"	45844989	45844990	95.6
"chr21"	36725780	36725781	76.6
"chr20"	35121042	35121043	96.2
"chr20"	45427220	45427221	95.1
"chr6"	59661932	59661933	93.8
"chr2"	209841123	209841124	10.2
"chr10"	99941163	99941164	96.1
"chr3"	158377783	158377784	95.7
"chr5"	75205619	75205620	27.1
"chrX"	35749657	35749658	9.3
"chr4"	1054919	1054920	70.2
"chr10"	13961362	13961363	5.3
"chr7"	115829498	115829499	96.4
"chr3"	127621736	127621737	88.3
"chr2"	41971830	41971831	68.5
"chr7"	128537502	128537503	91
"chr2"	217253997	217253998	6.1
"chr14"	69584315	69584316	77.5
"chr1"	49391653	49391654	88.6
"chr2"	123686178	123686179	96.6
"chr3"	160564893	160564894	25.5
"chr10"	30804394	30804395	68.8
"chr22"	36393762	36393763	93.5
"chr14"	95204279	95204280	88.8
"chr2"	150162027	150162028	29
"chr6"	27783472	27783473	96.7
"chr7"	11764525	11764526	90.9
"chr15"	82211971	82211972	95.8
"chr17"	76870184	76870185	3.3
"chr15"	23936819	23936820	66.4
"chr18"	53756706	53756707	96.2
"chr15"	87689872	87689873	83.5
"chr5"	62125378	62125379	6.7
"chr8"	13972348	13972349	96.5
"chr3"	85419325	85419326	69.1
"chr5"	100464542	100464543	95.2
"chr11"	70084989	70084990	93
"chr1"	189406289	189406290	45.5
"chr1"	220280278	220280279	95.1
"chr10"	1932146	1932147	95
"chr12"	21600940	21600941	91.6
"chr12"	120747991	120747992	95.7
"chr6"	145694482	145694483	87.4
"chr1"	39559848	39559849	97.2
"chr19"	57901002	57901003	95.7
"chr22"	20393032	20393033	96.1
"chr13"	110537723	110537724	96.3
"chrX"	153953346	153953347	83.9
"chr3"	18373175	18373176	3.9
"chr20"	36881043	36881044	63.5
"chr11"	13375685	13375686	94.5
"chr10"	96209638	96209639	96
"chr10"	132204302	132204303	61.6
"chr3"	109656220	109656221	10.8
"chr4"	130081456	130081457	89.4
"chr2"	98936120	98936121	3.2
"chr2"	87994323	87994324	57.8
"chr13"	113031643	113031644	46.4
"chr6"	90145789	90145790	66.2
"chr9"	131960867	131960868	71.3
"chr9"	62390865	62390866	92.2
"chr6"	110689708	110689709	97.8
"chr19"	46464902	46464903	21.1
"chrX"	67002639	67002640	95
"chr12"	79402290	79402291	57.1
"chr6"	125747215	125747216	2.9
"chr7"	20772903	20772904	37.9
"chr17"	21611740	21611741	91.6
"chr4"	99576672	99576673	95.9
"chr8"	102709541	102709542	95.7
"chr17"	71631003	71631004	43.1
"chr16"	2189490	2189491	88.1
"chr3"	4841688	4841689	94.9
"chr3"	100701936	100701937	92.8
"chr10"	103162171	103162172	94.5
"chr2"	219138062	219138063	94.6
"chr10"	76446089	76446090	40
"chr14"	82250455	82250456	34.5
"chr14"	56118324	56118325	3.3
"chr1"	191826094	191826095	31.8
"chr16"	85550864	85550865	93.6
"chr8"	93293508	93293509	55.4
"chr12"	118432476	118432477	96
"chr4"	95550448	95550449	3.7
"chr4"	170390765	170390766	3.3
"chr7"	29806430	29806431	3.4
"chr12"	48854377	48854378	96.1
"chr11"	118902728	118902729	97.5
"chr6"	111459357	111459358	96
"chr2"	61899049	61899050	6.8
"chr19"	4197729	4197730	95.8
"chr16"	4425476	4425477	3.6
"chr2"	93551083	93551084	57.1
"chr1"	100211596	100211597	47.7
"chr10"	121636147	121636148	52.9
"chr15"	99384580	99384581	93.4
"chr7"	103939038	103939039	54.9
"chr1"	109173050	109173051	74.2
"chr2"	124909097	124909098	71.4
"chr2"	119487887	119487888	2.6
"chr1"	180007678	180007679	96.7
"chr7"	138761225	138761226	96.6
"chr9"	111617520	111617521	95.9
"chr3"	123961492	123961493	4.1
"chr17"	76366076	76366077	87.8
"chr7"	93585905	93585906	94.6
"chr5"	49661396	49661397	62.3
"chr8"	81280541	81280542	3.2
"chr17"	82502953	82502954	96.6
"chr19"	42809921	42809922	94.9
"chr1"	26424460	26424461	50
"chr1"	16873069	16873070	6.6
"chr12"	23553635	23553636	47.9
"chrX"	109309548	109309549	60.5
"chr5"	33910876	33910877	93.2
"chr1"	9260833	9260834	97.3
"chr2"	149071788	149071789	89
"chr2"	1450030	1450031	83.1
"chr12"	129569059	129569060	34.9
"chr8"	105826033	105826034	82.8
"chr19"	48364413	48364414	12.1
"chr16"	50684227	50684228	20.5
"chr10"	97880269	97880270	95.8
"chr7"	151443959	151443960	77.5
"chr5"	122168577	122168578	93.8
"chr7"	38779912	38779913	96.3
"chr9"	33196446	33196447	96.9
"chr19"	58413389	58413390	96.8
"chr14"	103279374	103279375	3.4
"chr17"	51447113	51447114	90
"chr14"	101132293	101132294	95.5
"chr16"	27846950	27846951	92.6
"chr6"	99872600	99872601	41.1
"chr16"	4702916	4702917	95.4
"chr6"	111709071	111709072	43.5
"chr6"	141961278	141961279	8.9
"chr6"	157321163	157321164	96.2
"chr2"	12447140	12447141	92.5
"chr9"	137649545	137649546	94.9
"chr18"	62523916	62523917	3
"chr8"	25736181	25736182	95.5
"chr9"	8164503	8164504	58.5
"chr10"	114195768	114195769	94
"chr2"	83494505	83494506	38.9
"chr13"	113874866	113874867	91.2
"chr17"	76308332	76308333	94.4
"chr4"	134149212	134149213	41.3
"chr7"	5079290	5079291	93.9
"chr4"	62799223	62799224	5.7
"chr7"	8737062	8737063	93.2
"chr5"	93752037	93752038	96.1
"chr16"	13088978	13088979	54
"chr3"	9186735	9186736	79.9
"chr2"	233455091	233455092	96.7
"chr18"	21368485	21368486	26.1
"chr1"	80846410	80846411	14.9
"chr3"	129376653	129376654	94.7
"chr1"	179439788	179439789	60.5
"chr3"	31597315	31597316	92.2
"chr3"	9368639	9368640	95.7
"chr4"	28613481	28613482	82.2
"chr6"	19908930	19908931	52.4
"chr8"	49537529	49537530	8.3
"chr15"	40511804	40511805	2.7
"chr5"	141579903	141579904	96.6
"chr16"	50447116	50447117	95.7
"chr3"	182794174	182794175	3.2
"chr5"	84419153	84419154	95.4
"chr16"	73191303	73191304	8.9
"chrX"	62704899	62704900	11.6
"chr2"	238901863	238901864	94.1
"chr10"	133217635	133217636	33.3
"chr10"	101930510	101930511	63.6
"chr2"	87421229	87421230	66.3
"chr15"	55493482	55493483	89.9
"chr9"	14312991	14312992	36
"chr3"	160695598	160695599	94.9
"chr19"	53489800	53489801	94.2
"chr1"	32964472	32964473	4.7
"chr20"	4899681	4899682	96.6
"chr10"	5745004	5745005	96.3
"chr20"	37528184	37528185	4.1
"chr6"	169582220	169582221	96.7
"chr1"	83465582	83465583	95.5
"chr6"	67535291	67535292	75.9
"chr6"	60430437	60430438	93
"chr11"	1879200	1879201	95.2
"chr3"	93432509	93432510	60.9
"chr18"	73939433	73939434	7.8
"chr13"	43879225	43879226	3.8
"chrX"	98427846	98427847	6.7
"chr6"	58769996	58769997	66.8
"chr6"	4787278	4787279	96.7
"chr7"	127276528	127276529	81.9
"chr1"	94878149	94878150	96.2
"chr14"	55573785	55573786	96.9
"chr16"	57161980	57161981	96.3
"chr2"	72083610	72083611	60.5
"chr15"	73911784	73911785	78.3
"chr19"	42564817	42564818	83.8
"chr9"	119747114	119747115	47.6
"chr6"	5085248	5085249	3
"chr19"	36688730	36688731	93.5
"chr1"	214337989	214337990	96
"chrY"	12074737	12074738	29.7
"chr22"	26951249	26951250	92.7
"chr19"	42282405	42282406	3
"chr1"	161462598	161462599	3.1
"chr1"	159889037	159889038	97.6
"chr14"	33750869	33750870	38.1
"chr1"	20820226	20820227	97.1
"chr1"	234917989	234917990	87.7
"chr7"	151663748	151663749	89.4
"chr3"	32968760	32968761	93.7
"chr17"	82864824	82864825	2.4
"chr8"	10318112	10318113	41.8
"chr6"	1653008	1653009	95.6
"chr10"	90263437	90263438	5.5
"chr11"	85149304	85149305	18.3
"chr3"	113408634	113408635	96.4
"chr4"	78754311	78754312	90.7
"chr17"	8012800	8012801	88.3
"chr4"	86978432	86978433	95.7
"chr11"	30008678	30008679	17.9
"chr1"	89142400	89142401	13.8
"chr11"	86770876	86770877	95.5
"chr4"	991249	991250	70.5
"chr2"	111844067	111844068	96.2
"chr2"	133403621	133403622	40.5
"chr3"	33935116	33935117	95.2
"chr2"	121383901	121383902	96.9
"chr3"	75372302	75372303	48.5
"chr2"	40057169	40057170	61.6
"chr4"	102380845	102380846	77.6
"chr15"	50910078	50910079	94.6
"chr3"	47430755	47430756	91.3
"chr6"	23260084	23260085	78.5
"chr4"	48492211	48492212	91
"chr10"	14250004	14250005	65.3
"chr1"	54330002	54330003	92.9
"chr10"	122818716	122818717	93.3
"chr7"	20599278	20599279	39.5
"chr1"	151099949	151099950	7.4
"chr1"	156503630	156503631	6
"chr7"	2477727	2477728	3.3
"chr4"	108640253	108640254	91.2
"chr10"	13826102	13826103	81.9
"chr7"	98512507	98512508	56.4
"chrX"	72243170	72243171	95
"chr12"	51670970	51670971	95.5
"chr1"	9548318	9548319	95.3
"chr12"	24378889	24378890	3.2
"chr7"	78192042	78192043	11.6
"chr4"	71332948	71332949	84.1
"chr19"	40454406	40454407	96.3
"chr16"	58448481	58448482	91.7
"chr5"	170431201	170431202	72.5
"chr10"	68821066	68821067	95.4
"chr3"	18172075	18172076	3.8
"chr19"	4916411	4916412	3.7
"chr5"	36895376	36895377	97
"chr2"	81598524	81598525	6.5
"chr16"	59519528	59519529	93.3
"chr5"	180788998	180788999	96.3
"chr6"	79077810	79077811	3.1
"chrX"	118765502	118765503	95.4
"chr11"	70309254	70309255	95.5
"chr1"	118454301	118454302	69
"chr9"	123973056	123973057	37
"chr2"	198935145	198935146	87
"chr10"	80945278	80945279	16.1
"chrX"	35196636	35196637	73.8
"chr3"	78508403	78508404	81.1
"chr8"	144192325	144192326	95.4
"chr22"	29284650	29284651	96.5
"chr3"	70360043	70360044	95.3
"chr16"	10218228	10218229	95.1
"chr2"	39123865	39123866	52.7
"chr15"	92390209	92390210	55
"chr12"	39739938	39739939	96.6
"chr19"	11084234	11084235	96
"chr4"	42133579	42133580	96.3
"chr19"	51090389	51090390	10.1
"chr11"	83399712	83399713	53.8
"chr3"	10402165	10402166	71.3
"chr15"	54547481	54547482	4.4
"chr9"	62948940	62948941	84.5
"chr4"	133408136	133408137	18.8
"chr12"	20897981	20897982	92.9
"chr1"	123842963	123842964	54.5
"chr15"	28350950	28350951	92.6
"chr10"	81829983	81829984	63.1
"chr6"	160105859	160105860	76.8
"chr13"	66898647	66898648	63.2
"chr9"	37303731	37303732	40.3
"chr18"	79607763	79607764	95.7
"chr7"	130877446	130877447	94.3
"chr9"	14144858	14144859	91.3
"chr9"	127226139	127226140	82.2
"chr7"	12150594	12150595	15.6
"chr2"	24157844	24157845	5.7
"chr8"	47151271	47151272	5.9
"chr4"	3880162	3880163	51.1
"chr17"	10132376	10132377	69.7
"chr6"	45021542	45021543	69.1
"chr9"	33786002	33786003	93.2
"chr14"	65267334	65267335	48.7
"chr10"	64489536	64489537	96.5
"chr8"	33077002	33077003	92.4
"chr16"	29513002	29513003	96.9
"chr2"	232922587	232922588	96.2
"chr8"	22585721	22585722	45
"chr7"	74060100	74060101	46.6
"chr17"	77022530	77022531	3.9
"chr15"	38179981	38179982	75.5
"chr3"	105519001	105519002	4
"chr11"	48049661	48049662	95.6
"chr11"	9185722	9185723	54.3
"chr16"	9955445	9955446	26.3
"chr3"	27540737	27540738	95.9
"chr15"	29000162	29000163	55.2
"chr14"	67311170	67311171	93.9
"chr12"	39379230	39379231	96.3
"chr2"	186961651	186961652	97
"chr2"	158866985	158866986	72.5
"chr5"	75543375	75543376	96.5
"chr18"	64670759	64670760	30.6
"chr16"	65577897	65577898	73
"chr1"	34179986	34179987	50
"chr4"	105569757	105569758	65.3
"chr2"	212939184	212939185	96.1
"chr1"	168461275	168461276	96
"chr17"	56013107	56013108	7.4
"chr12"	117146165	117146166	95.3
"chrX"	156003845	156003846	34.6
"chr8"	7346419	7346420	34.1
"chrY"	9376227	9376228	87.3
"chr2"	111672054	111672055	95.1
"chr2"	165953178	165953179	3.9
"chrX"	33290782	33290783	67.4
"chr5"	126087564	126087565	50.9
"chrX"	18226520	18226521	63.6
"chr18"	27751788	27751789	93.1
"chr8"	104348305	104348306	88.1
"chr4"	105388384	105388385	95.1
"chr7"	145316641	145316642	9.4
"chrX"	33899229	33899230	79.5
"chr2"	34159488	34159489	42.2
"chr10"	48075606	48075607	36.5
"chr4"	89512806	89512807	90.8
"chr6"	53533369	53533370	35.7
"chr5"	156639506	156639507	64.4
"chr10"	52579780	52579781	86.8
"chr20"	26059967	26059968	96.4
"chr16"	89054212	89054213	91.5
"chr1"	210835487	210835488	86.9
"chr16"	47010917	47010918	93.9
"chr2"	203356588	203356589	95.6
"chr13"	98292919	98292920	84.5
"chr11"	11862775	11862776	95.7
"chr22"	17998585	17998586	95.2
"chr10"	69320587	69320588	94.4
"chr5"	151463125	151463126	94.7
"chr17"	4657021	4657022	95.9
"chr11"	122993441	122993442	95
"chr12"	99911311	99911312	95.7
"chr5"	127933261	127933262	95.7
"chr6"	164811445	164811446	48.4
"chr1"	247032220	247032221	96
"chr1"	212633312	212633313	6.4
"chr16"	84393249	84393250	34
"chr8"	25548059	25548060	95.9
"chr11"	101255612	101255613	96.7
"chr6"	158546937	158546938	96.8
"chr4"	138975129	138975130	96.1
"chr4"	163872761	163872762	95.5
"chr17"	80190167	80190168	86.1
"chr4"	116756396	116756397	4.2
"chr14"	90435403	90435404	96.3
"chr1"	104926546	104926547	71.1
"chr1"	230408289	230408290	33.9
"chr20"	63086425	63086426	93.4
"chr1"	75112631	75112632	94.8
"chr1"	182175439	182175440	78.2
"chr7"	79532875	79532876	5.4
"chr5"	87278414	87278415	93.9
"chr1"	45558258	45558259	95.8
"chr14"	31095956	31095957	96.4
"chr9"	93269102	93269103	4.4
"chr16"	85169156	85169157	3
"chr18"	62350542	62350543	91.4
"chr14"	103351057	103351058	56.3
"chr4"	7607084	7607085	90.8
"chrX"	11816902	11816903	53.9
"chr3"	151678449	151678450	88.6
"chr6"	34682349	34682350	94.2
"chr14"	99518582	99518583	3.4
"chr12"	9739631	9739632	96.7
"chr1"	8843701	8843702	95.6
"chr4"	6378398	6378399	96.1
"chr19"	10960181	10960182	67.9
"chr1"	180647551	180647552	76.2
"chr8"	143869106	143869107	40.8
"chr10"	109463065	109463066	3.9
"chr7"	111615161	111615162	68.5
"chr9"	133180930	133180931	20.9
"chr1"	119896589	119896590	86.5
"chr1"	228222601	228222602	44.3
"chr1"	3499785	3499786	95.5
"chr4"	39261012	39261013	89.7
"chr3"	16251372	16251373	96.5
"chr5"	29048616	29048617	96
"chr11"	32809893	32809894	31.6
"chr8"	75566875	75566876	3.9
"chr5"	108988089	108988090	96.2
"chr5"	94320411	94320412	58.9
"chr13"	52122760	52122761	95.5
"chr2"	26116756	26116757	95.3
"chr3"	45794474	45794475	95.1
"chrX"	129683945	129683946	62.5
"chr1"	146861363	146861364	89
"chr1"	22711005	22711006	3.6
"chr1"	17255054	17255055	61.9
"chr12"	113915157	113915158	85.5
"chr1"	4601179	4601180	78.2
"chr2"	4075978	4075979	19.7
"chr2"	31960745	31960746	95.2
"chr6"	59006215	59006216	78.8
"chr20"	59632468	59632469	97.3
"chr2"	47369531	47369532	3.1
"chr4"	36588973	36588974	88.6
"chr1"	1197990	1197991	95.7
"chr10"	101087946	101087947	7.4
"chr10"	14448633	14448634	66.1
"chr1"	6255063	6255064	96.8
"chr12"	2771166	2771167	71.3
"chr16"	47211743	47211744	80.9
"chr3"	8768066	8768067	3
"chr5"	2772568	2772569	43.6
"chr7"	7301117	7301118	54.3
"chr13"	53195972	53195973	33.3
"chr14"	70272574	70272575	89.3
"chrX"	99598608	99598609	87.2
"chr15"	44307490	44307491	91.8
"chr15"	28644917	28644918	97.1
"chr7"	89115876	89115877	20.5
"chr11"	51507343	51507344	69.9
"chr17"	74396562	74396563	96.6
"chr4"	36093333	36093334	5.3
"chr2"	160380485	160380486	95.5
"chr5"	180690012	180690013	95.5
"chr3"	175906746	175906747	47.3
"chr4"	44284202	44284203	32.8
"chr3"	147660365	147660366	94.7
"chr6"	169408375	169408376	55.3
"chr3"	132606699	132606700	96.4
"chr2"	236979172	236979173	95.8
"chr19"	45725589	45725590	95.4
"chr11"	130300036	130300037	97.5
"chr11"	17374409	17374410	66.6
"chr5"	169735534	169735535	67.6
"chr16"	1057683	1057684	3.5
"chr4"	183891998	183891999	82.3
"chr18"	64842080	64842081	90.3
"chr22"	16919725	16919726	5.4
"chr16"	60286365	60286366	2.8
"chr1"	9546741	9546742	94.5
"chr5"	157627355	157627356	78.2
"chr11"	8397237	8397238	95.7
"chr2"	20330905	20330906	60
"chr1"	77889099	77889100	3.4
"chr17"	82698482	82698483	4.5
"chr21"	31463773	31463774	67.3
"chr11"	85627501	85627502	3.8
"chr10"	105517373	105517374	10.2
"chr18"	29281283	29281284	94.3
"chr8"	24915483	24915484	3.4
"chr8"	2964003	2964004	89.6
"chr9"	96931749	96931750	94.1
"chr11"	2169834	2169835	96.3
"chr4"	112515110	112515111	3.1
"chr8"	13276576	13276577	4
"chr6"	107861467	107861468	36.3
"chr8"	124767202	124767203	89.7
"chr7"	98788086	98788087	41.9
"chr2"	87593155	87593156	92
"chr5"	97027220	97027221	95.2
"chr2"	49228151	49228152	5.6
"chr15"	48765946	48765947	96.2
"chr20"	18953871	18953872	22
"chrX"	48588549	48588550	81
"chr7"	43770665	43770666	52.9
"chrX"	153900191	153900192	96.4
"chr6"	33824695	33824696	95.3
"chr12"	93978455	93978456	95
"chr10"	42308371	42308372	72.8
"chr8"	41507970	41507971	3.2
"chr19"	10346198	10346199	97.2
"chr14"	103279695	103279696	7.9
"chr3"	53693985	53693986	44.6
"chr11"	42856657	42856658	80
"chr2"	4981500	4981501	95.6
"chr10"	100519939	100519940	22.2
"chr1"	79862778	79862779	95.4
"chr1"	39642214	39642215	93.2
"chr21"	44422158	44422159	84.8
"chr1"	212977013	212977014	91.6
"chr12"	35311326	35311327	80.5
"chr10"	75430678	75430679	4.8
"chr20"	449573	449574	96.2
"chr1"	65170361	65170362	87.4
"chr8"	20021095	20021096	89
"chr3"	46034190	46034191	26.7
"chr2"	172991313	172991314	96.9
"chr16"	17212880	17212881	80.1
"chr15"	44604330	44604331	96.2
"chr14"	35533616	35533617	8.1
"chr1"	29190590	29190591	90.7
"chr7"	26419289	26419290	96.4
"chr1"	62905491	62905492	62
"chr9"	2916159	2916160	4.6
"chr1"	161469765	161469766	42.8
"chr1"	9129388	9129389	3.2
"chr22"	20300055	20300056	3.6
"chrX"	39801575	39801576	65.5
"chr9"	94633860	94633861	95.8
"chr11"	87071639	87071640	96.1
"chr21"	45237547	45237548	68.2
"chr17"	16747287	16747288	79.3
"chr6"	138430695	138430696	96.9
"chr9"	115284086	115284087	96.3
"chr10"	87879513	87879514	94.8
"chr1"	32870834	32870835	3.4
"chr13"	20904353	20904354	96.9
"chr22"	26767910	26767911	96.2
"chr10"	120007635	120007636	93
"chr1"	223346962	223346963	49.9
"chr1"	36541928	36541929	72.7
"chr14"	24276236	24276237	88.5
"chr3"	184923596	184923597	84.1
"chr3"	82487069	82487070	59.4
"chr9"	6183206	6183207	96.5
"chr19"	46805644	46805645	90.2
"chr12"	44362914	44362915	86.6
"chr17"	77957915	77957916	4.1
"chrX"	57898028	57898029	92.6
"chr3"	124664377	124664378	95.4
"chr12"	98388674	98388675	65.7
"chr16"	13143098	13143099	2.8
"chr2"	131256774	131256775	5.5
"chr7"	325503	325504	92.4
"chr2"	210898403	210898404	68.6
"chr13"	23468626	23468627	50.5
"chr10"	110026521	110026522	96.8
"chr12"	117174041	117174042	96
"chr14"	100341134	100341135	67.1
"chr4"	143626873	143626874	40.2
"chr15"	72355213	72355214	96.3
"chr7"	47422288	47422289	72.4
"chr18"	31514068	31514069	68.7
"chr1"	220841917	220841918	4.4
"chr10"	98489864	98489865	6.1
"chr11"	13512307	13512308	9.6
"chr1"	8485375	8485376	96.1
"chr9"	94364634	94364635	87.7
"chrX"	142837689	142837690	71.2
"chr11"	72201528	72201529	31.3
"chr1"	222691539	222691540	94.8
"chr3"	165236374	165236375	56.3
"chr2"	128039259	128039260	45.3
"chr12"	121451708	121451709	95.7
"chr8"	101645351	101645352	96.4
"chr17"	80348424	80348425	96
"chr4"	88456706	88456707	3.4
"chr1"	113880579	113880580	93.8
"chr17"	16985461	16985462	95
"chrX"	152990714	152990715	93.2
"chr8"	134489896	134489897	96.5
"chr2"	60735658	60735659	3.2
"chr2"	65505405	65505406	37.5
"chr1"	77291586	77291587	5.7
"chr14"	21086204	21086205	70
"chr8"	18751621	18751622	96.4
"chr18"	49220776	49220777	95.3
"chr4"	83768416	83768417	35
"chr7"	77120888	77120889	95.9
"chr3"	194950427	194950428	54.5
"chr5"	106152660	106152661	94.3
"chr7"	117948041	117948042	94.3
"chr11"	19416021	19416022	92.5
"chr1"	17852542	17852543	94.8
"chr12"	85801533	85801534	96.9
"chr12"	44636871	44636872	75
"chr7"	150058697	150058698	86.7
"chrX"	119542222	119542223	95.2
"chr21"	31836761	31836762	71.5
"chr6"	168467558	168467559	54.6
"chr16"	58292072	58292073	94.4
"chrX"	61143168	61143169	87.9
"chr17"	23193187	23193188	45.8
"chr20"	24796795	24796796	83.1
"chr16"	86941334	86941335	78.7
"chr9"	86811120	86811121	44.5
"chr5"	74961091	74961092	87.5
"chr10"	133680340	133680341	59.2
"chr14"	64791519	64791520	96.4
"chr11"	73959906	73959907	73.3
"chr1"	54335990	54335991	95.8
"chr8"	33590196	33590197	95.1
"chr4"	84554795	84554796	93.4
"chr10"	57744800	57744801	82.5
"chr3"	117608450	117608451	66.5
"chr1"	58703693	58703694	38.4
"chr7"	98331160	98331161	44.8
"chr10"	16817908	16817909	3.7
"chr2"	53706538	53706539	97.5
"chr3"	184583750	184583751	3.6
"chr10"	33658400	33658401	75.9
"chr10"	14810546	14810547	93.8
"chr19"	5294240	5294241	3.3
"chr12"	14671963	14671964	8.1
"chr12"	36720931	36720932	94.5
"chr17"	3371671	3371672	95.9
"chr10"	127497587	127497588	64.2
"chr21"	5147949	5147950	93.7
"chr1"	236456630	236456631	52.1
"chr5"	178702168	178702169	95.6
"chr7"	4541463	4541464	96.2
"chr19"	50925392	50925393	10
"chr1"	204986509	204986510	95.9
"chr13"	84575341	84575342	94.1
"chr8"	112732445	112732446	10.3
"chr8"	100589295	100589296	92.4
"chr10"	132908303	132908304	86.4
"chr4"	178479506	178479507	82
"chr1"	27969460	27969461	66
"chr14"	36781166	36781167	15.4
"chr2"	61452567	61452568	96.3
"chr2"	220536666	220536667	38.7
"chr20"	26335496	26335497	93.3
"chr14"	77747673	77747674	94.1
"chr19"	1898654	1898655	96.9
"chr14"	37670530	37670531	18.1
"chr5"	139681119	139681120	96.3
"chr14"	31591407	31591408	92.9
"chr10"	118104807	118104808	17.6
"chr6"	36847036	36847037	88.1
"chr17"	74520072	74520073	5.6
"chr20"	32636694	32636695	88.9
"chr12"	59757763	59757764	96.9
"chr17"	13059538	13059539	95.3
"chr2"	39109935	39109936	96.3
"chr16"	85892478	85892479	90
"chr1"	175154388	175154389	44.6
"chr2"	37353894	37353895	96.5
"chr7"	28150568	28150569	60.4
"chr1"	1435671	1435672	3.9
"chr19"	20187737	20187738	95.6
"chr5"	14085946	14085947	68.3
"chr6"	86211852	86211853	52.7
"chr5"	112350968	112350969	96.6
"chr17"	1606430	1606431	5.2
"chr21"	36692306	36692307	3.1
"chr12"	119628794	119628795	90
"chr4"	87328848	87328849	95.8
"chr17"	6828920	6828921	94.1
"chr12"	30874935	30874936	26.2
"chr2"	241847217	241847218	32.3
"chr1"	40979820	40979821	4.6
"chr4"	187118029	187118030	41.1
"chr17"	76728885	76728886	96.2
"chr1"	150130929	150130930	96.5
"chr9"	1227503	1227504	40.2
"chr13"	63709460	63709461	11.3
"chr18"	63366540	63366541	6
"chr12"	114965207	114965208	23.7
"chr9"	18753360	18753361	65.9
"chr7"	127668373	127668374	28.6
"chr22"	29858819	29858820	96.4
"chr6"	115284450	115284451	87.8
"chr12"	5763670	5763671	6.7
"chr15"	60366636	60366637	96
"chr13"	103116684	103116685	38.3
"chr17"	73933664	73933665	66.4
"chr6"	54834782	54834783	94.6
"chr3"	188153521	188153522	3
"chr3"	1979573	1979574	5.8
"chr4"	8377271	8377272	95.9
"chr8"	83544073	83544074	37.9
"chr2"	179179393	179179394	18.3
"chr5"	149928685	149928686	88.9
"chr1"	84620863	84620864	3.5
"chr4"	125656502	125656503	73.2
"chr13"	113295964	113295965	74.5
"chr16"	767580	767581	42.8
"chr6"	1125491	1125492	94.5
"chr2"	115895495	115895496	66
"chr11"	46831955	46831956	96.6
"chr5"	73233685	73233686	24.6
"chr1"	48519654	48519655	89.7
"chr5"	141052197	141052198	65.9
"chr14"	77956813	77956814	88.5
"chr9"	132171830	132171831	83.9
"chr3"	129121917	129121918	3.8
"chr17"	65551971	65551972	95.9
"chr8"	65995075	65995076	95
"chr13"	45228762	45228763	94
"chr2"	214530367	214530368	21.7
"chr19"	20923692	20923693	3.6
"chr3"	104587679	104587680	96.8
"chr19"	34080473	34080474	96.3
"chr18"	36954942	36954943	95.2
"chr2"	39607348	39607349	95.9
"chr19"	58466982	58466983	3
"chr2"	104010136	104010137	7.8
"chr9"	98353151	98353152	62.5
"chr13"	83491403	83491404	89.2
"chr1"	23031077	23031078	71.5
"chr7"	74023994	74023995	96
"chrY"	15237229	15237230	95.6
"chr3"	122226212	122226213	96.7
"chr2"	196275611	196275612	4
"chr10"	44051951	44051952	84.9
"chr15"	84828829	84828830	36.4
"chr4"	79187561	79187562	94.2
"chr4"	9381044	9381045	97
"chr10"	2370897	2370898	34.6
"chr20"	10972542	10972543	70.5
"chr17"	53468164	53468165	89.9
"chr12"	102890856	102890857	95.8
"chrX"	154069123	154069124	95
"chr5"	1520175	1520176	96.8
"chrX"	78062796	78062797	12.7
"chr19"	2900534	2900535	3.5
"chr16"	29648524	29648525	97
"chr6"	79947396	79947397	4.7
"chr11"	48825841	48825842	95.9
"chr11"	94347702	94347703	95.7
"chr16"	88123871	88123872	89.4
"chr12"	83600761	83600762	95.7
"chr15"	38660190	38660191	96.7
"chr1"	56161066	56161067	27.4
"chr12"	104857747	104857748	84
"chr9"	132392924	132392925	96.3
"chr8"	62975751	62975752	78.3
"chr7"	44386529	44386530	51.4
"chr2"	101936690	101936691	54.3
"chr17"	64614944	64614945	93.8
"chr3"	20455841	20455842	46.8
"chr11"	364050	364051	62
"chr1"	218868698	218868699	64.5
"chr14"	36180548	36180549	46.6
"chr12"	41525917	41525918	83.8
"chr19"	29399617	29399618	93
"chr12"	42428083	42428084	96.4
"chr1"	221059316	221059317	19.9
"chr20"	5133681	5133682	96.3
"chr9"	37118343	37118344	97.1
"chr11"	48668991	48668992	5.8
"chr14"	50071180	50071181	33.1
"chr8"	42745693	42745694	97
"chr8"	7153306	7153307	74.8
"chr11"	76187325	76187326	87.5
"chr16"	84419155	84419156	95.8
"chr9"	134175389	134175390	13.4
"chr6"	42181099	42181100	95.8
"chr8"	130920237	130920238	84.8
"chr1"	211444127	211444128	92.2
"chr5"	135111309	135111310	95
"chr22"	21396511	21396512	93
"chr2"	139335862	139335863	90.6
"chr6"	28217828	28217829	93.6
"chr13"	52421581	52421582	96.8
"chr22"	40323909	40323910	96.5
"chr6"	31044946	31044947	54.4
"chr17"	81184419	81184420	53.8
"chr5"	80743581	80743582	94.6
"chr3"	154513233	154513234	95.8
"chr15"	54439347	54439348	12.3
"chr16"	5811281	5811282	91.3
"chr7"	2062532	2062533	96.8
"chr13"	91625503	91625504	93.5
"chr11"	133576519	133576520	96.5
"chr9"	97927705	97927706	64
"chr22"	43300929	43300930	78.7
"chr22"	41620408	41620409	3.2
"chr19"	6849591	6849592	96.5
"chrX"	90977923	90977924	95.7
"chr9"	99820058	99820059	4.4
"chr21"	32610306	32610307	96.2
"chr4"	56629931	56629932	93.8
"chr20"	2338925	2338926	48.4
"chr9"	125374383	125374384	53.5
"chr8"	141253345	141253346	97.4
"chr3"	114619946	114619947	84.6
"chr22"	29941524	29941525	60.9
"chr8"	29480584	29480585	95.4
"chr12"	56134722	56134723	96.6
"chr20"	34775765	34775766	95.7
"chr3"	196498398	196498399	95.6
"chr9"	38665022	38665023	93.5
"chr13"	108985505	108985506	96
"chr4"	98314334	98314335	8.2
"chr2"	54791623	54791624	85
"chr1"	240091838	240091839	4.3
"chr3"	93432141	93432142	77.7
"chr7"	129755605	129755606	92.9
"chr22"	40824306	40824307	81.1
"chr1"	116693636	116693637	63
"chr3"	49982386	49982387	96.5
"chr12"	22100269	22100270	96.9
"chr11"	38576329	38576330	89.5
"chr6"	9645584	9645585	8
"chr10"	91634837	91634838	93
"chr12"	56788709	56788710	69.2
"chr1"	25405508	25405509	96.2
"chr10"	60418854	60418855	15.7
"chr1"	201821608	201821609	83.8
"chrY"	22430387	22430388	69.9
"chr7"	27914388	27914389	73.4
"chr12"	120213809	120213810	96
"chrX"	111864769	111864770	19.4
"chr3"	54454552	54454553	8.8
"chr15"	90949847	90949848	54.3
"chr6"	34144402	34144403	3.8
"chr5"	108422609	108422610	96.7
"chr11"	65900984	65900985	79
"chr17"	50071435	50071436	96.6
"chr6"	169723096	169723097	3.3
"chr11"	82896546	82896547	47.4
"chr5"	128083834	128083835	3.5
"chr14"	81280254	81280255	61.6
"chr19"	54874218	54874219	67.8
"chr2"	224770203	224770204	94.5
"chr18"	3080914	3080915	93.9
"chr22"	42215101	42215102	97.4
"chr3"	13649379	13649380	35.6
"chr12"	116615409	116615410	85.3
"chr11"	27631339	27631340	62.3
"chr1"	166603663	166603664	95.6
"chrX"	110714641	110714642	71.6
"chr19"	10540784	10540785	72.9
"chr19"	36772051	36772052	3.5
"chr3"	13422705	13422706	93.4
"chr16"	59172876	59172877	44.1
"chr1"	9250741	9250742	96.4
"chr8"	97303175	97303176	86.4
"chr3"	83821834	83821835	80.3
"chr12"	30947090	30947091	63.1
"chr13"	105924628	105924629	54.7
"chr9"	22883037	22883038	41.9
"chr18"	15374810	15374811	80.1
"chr6"	116669709	116669710	89.2
"chr16"	29238715	29238716	96.2
"chr9"	714664	714665	94.6
"chr11"	126781871	126781872	92.7
"chr17"	46928453	46928454	96.8
"chr3"	190897268	190897269	89.2
"chr6"	148035210	148035211	80
"chr6"	132722721	132722722	94.1
"chr19"	13108075	13108076	96.5
"chr2"	49562554	49562555	80.5
"chr17"	1807425	1807426	78.1
"chr3"	159762119	159762120	56.3
"chr1"	20283803	20283804	6.7
"chr6"	15127730	15127731	93
"chr1"	248857958	248857959	5.1
"chr1"	52416527	52416528	96.2
"chr6"	167872151	167872152	94.7
"chr12"	32627192	32627193	83.2
"chr8"	17716842	17716843	95.8
"chr4"	121639286	121639287	9.7
"chr18"	62066639	62066640	85.1
"chr19"	10161071	10161072	95.4
"chr15"	100029499	100029500	70.1
"chr22"	24519315	24519316	14.4
"chr3"	197899885	197899886	72.6
"chr3"	57013047	57013048	95.3
"chr19"	29367206	29367207	42.9
"chr17"	40179470	40179471	95.7
"chr6"	166849736	166849737	86.7
"chr12"	23533214	23533215	72.5
"chr2"	177348725	177348726	6.8
"chr2"	173963665	173963666	3.5
"chr7"	129295869	129295870	90.5
"chr13"	41194616	41194617	3.4
"chr19"	39771659	39771660	63.4
"chr3"	149727948	149727949	50.2
"chr19"	1000205	1000206	3.5
"chr3"	171478778	171478779	96.9
"chr12"	133164558	133164559	94.4
"chr14"	76237339	76237340	94.2
"chr8"	141968346	141968347	4.9
"chr16"	28517866	28517867	22.9
"chr1"	171065562	171065563	77.1
"chr22"	38057494	38057495	3.7
"chr13"	18568241	18568242	95.5
"chr16"	34575062	34575063	93.1
"chr10"	44463503	44463504	52
"chr13"	23420666	23420667	91
"chr7"	102275922	102275923	95.5
"chr2"	236580948	236580949	96.3
"chr13"	79114282	79114283	79
"chr2"	11261676	11261677	51.1
"chr2"	157597202	157597203	41.1
"chr15"	51209604	51209605	4.1
"chr22"	39989425	39989426	96.4
"chrX"	16903382	16903383	69.2
"chr7"	69099312	69099313	95.8
"chr11"	135054222	135054223	95.8
"chr9"	61661034	61661035	79.4
"chr20"	48827474	48827475	4.1
"chr17"	35195016	35195017	95.2
"chr13"	102844074	102844075	91.8
"chrX"	53658089	53658090	96.8
"chr2"	31971518	31971519	95.8
"chr6"	3943075	3943076	95.4
"chr2"	54631127	54631128	96.1
"chr17"	82496589	82496590	96.8
"chr22"	46146546	46146547	91.9
"chr16"	60223897	60223898	16.6
"chr9"	36922408	36922409	96.1
"chr20"	62143808	62143809	2.9
"chr16"	14228768	14228769	92.9
"chr7"	91238206	91238207	95.4
"chr6"	8708188	8708189	2.8
"chr5"	140612565	140612566	97
"chr10"	59900164	59900165	84.2
"chr5"	80942482	80942483	74
"chr20"	52324173	52324174	92.1
"chr2"	4085136	4085137	48.1
"chr3"	78135389	78135390	66.8
"chr14"	104395727	104395728	97.1
"chr7"	135134385	135134386	96.5
"chr14"	87222877	87222878	42.2
"chr10"	101018891	101018892	70.7
"chr2"	207352798	207352799	96.2
"chr2"	117953865	117953866	95.8
"chr7"	90205754	90205755	39.4
"chr17"	44315446	44315447	4.1
"chr2"	101284996	101284997	96.8
"chr17"	44321715	44321716	96.3
"chr5"	76614009	76614010	94.8
"chr9"	137701981	137701982	96.7
"chr1"	229110801	229110802	96.2
"chr17"	21873457	21873458	60.9
"chr19"	58390186	58390187	96
"chr1"	30728993	30728994	95.8
"chr1"	30444322	30444323	89
"chr21"	5135943	5135944	92.6
"chr15"	63894376	63894377	97
"chr20"	62795964	62795965	3.3
"chr16"	22470676	22470677	92.6
"chr4"	133313272	133313273	90.3
"chr22"	17932609	17932610	94.3
"chr5"	83909176	83909177	15
"chr3"	7282403	7282404	96
"chr4"	109956906	109956907	93.5
"chr2"	728797	728798	89.3
"chr4"	164350980	164350981	96.5
"chr8"	10731761	10731762	45.8
"chr17"	21284337	21284338	3.5
"chr17"	71556962	71556963	72.5
"chr4"	151763068	151763069	96.8
"chr1"	108877125	108877126	2.6
"chr18"	65319313	65319314	18
"chr1"	105466168	105466169	90.5
"chr18"	61640243	61640244	95.4
"chr5"	160469683	160469684	4.6
"chr3"	194223295	194223296	96
"chr7"	74028549	74028550	2.8
"chr3"	122960813	122960814	35.1
"chr4"	42282558	42282559	75.1
"chr7"	82432408	82432409	92.2
"chr1"	199760218	199760219	70.5
"chr8"	51693725	51693726	90.6
"chr15"	58992983	58992984	96.1
"chr11"	103290509	103290510	3.8
"chr12"	97894070	97894071	61.5
"chr5"	40720898	40720899	96.8
"chr15"	94765377	94765378	72.6
"chr22"	50474487	50474488	2.8
"chr6"	95209407	95209408	38.4
"chr5"	59126713	59126714	89.6
"chr10"	62064929	62064930	94.7
"chr10"	4017007	4017008	93.8
"chr6"	77315361	77315362	37.1
"chr18"	52256569	52256570	74.8
"chr5"	168154470	168154471	71.7
"chrY"	17635403	17635404	48.8
"chr2"	181838361	181838362	97
"chr19"	8776054	8776055	90
"chr17"	75708258	75708259	95
"chr21"	21083185	21083186	4.4
"chr17"	50536822	50536823	94.6
"chr13"	77001482	77001483	86.9
"chr21"	26580719	26580720	95.8
"chr8"	80712971	80712972	85
"chr5"	118075612	118075613	88.8
"chr1"	28370814	28370815	94.5
"chr5"	168098313	168098314	67.4
"chr8"	126246188	126246189	62.5
"chrX"	110840735	110840736	80
"chr7"	72043784	72043785	42.1
"chr2"	60437852	60437853	96.3
"chr7"	158390309	158390310	87.5
"chr15"	31729033	31729034	3.9
"chrY"	25351303	25351304	94.8
"chr8"	142806540	142806541	89.8
"chr8"	32484056	32484057	95.8
"chr19"	8941765	8941766	89.4
"chr4"	95401018	95401019	32.1
"chr3"	13101348	13101349	94.7
"chr21"	24353786	24353787	68.2
"chr6"	86475992	86475993	92.3
"chr11"	78227753	78227754	2.7
"chr5"	80035201	80035202	2.4
"chr19"	14520632	14520633	94.9
"chr2"	183836027	183836028	50.4
"chr4"	138887016	138887017	92.5
"chr20"	37831809	37831810	84.1
"chr3"	108369697	108369698	74.4
"chr4"	39044811	39044812	4.5
"chr1"	230255172	230255173	93.3
"chr10"	133059275	133059276	88.3
"chr1"	10493571	10493572	63
"chr6"	35672088	35672089	95.4
"chr5"	104443211	104443212	26.8
"chr9"	76174544	76174545	22.3
"chr17"	64785884	64785885	95.2
"chr11"	134845725	134845726	76
"chr10"	40673541	40673542	92.5
"chr1"	104723541	104723542	61.1
"chr12"	17188058	17188059	90.8
"chr1"	90594662	90594663	88.1
"chr1"	82002293	82002294	51.1
"chr3"	74749409	74749410	63.8
"chr15"	55880245	55880246	43.9
"chrX"	93097676	93097677	46.4
"chr10"	24075267	24075268	14.5
"chr13"	57929338	57929339	7.3
"chr17"	11119329	11119330	96.3
"chr4"	45379281	45379282	72.4
"chr13"	34650692	34650693	23.6
"chr6"	52630149	52630150	69.1
"chr12"	3530800	3530801	96.9
"chr16"	68341244	68341245	94.4
"chr14"	45460355	45460356	57.1
"chr3"	171420145	171420146	96.2
"chr3"	120182797	120182798	25.8
"chr18"	46762749	46762750	49.4
"chr3"	32816874	32816875	2.8
"chr12"	83269010	83269011	62.6
"chr11"	86832617	86832618	79.1
"chr17"	20495570	20495571	46.7
"chr15"	19044819	19044820	31
"chr10"	80604853	80604854	72.9
"chr7"	77536012	77536013	97.6
"chr19"	32497094	32497095	90.9
"chr16"	67332589	67332590	69.6
"chr19"	19255902	19255903	34.4
"chr18"	76634710	76634711	96.3
"chr17"	30172640	30172641	96.1
"chr8"	14600669	14600670	95.5
"chr4"	170306160	170306161	81.1
"chr8"	13031147	13031148	39.8
"chr1"	3353100	3353101	95.6
"chr16"	64070557	64070558	25.5
"chr20"	20542489	20542490	93.7
"chr6"	33350609	33350610	37.8
"chr4"	154018759	154018760	3.9
"chr1"	110739955	110739956	7.6
"chr1"	121773434	121773435	4.7
"chr3"	172935168	172935169	3.1
"chrX"	1452536	1452537	3.9
"chr8"	23071358	23071359	95.9
"chr1"	206914172	206914173	81.9
"chr14"	22069247	22069248	96
"chr7"	155378172	155378173	4.2
"chr22"	42022730	42022731	65.6
"chr7"	467049	467050	96.3
"chr10"	36211353	36211354	86.1
"chr10"	3720094	3720095	61.5
"chr17"	78660883	78660884	96.1
"chr10"	100519846	100519847	3.8
"chr10"	44714939	44714940	95.6
"chr2"	136663124	136663125	70.2
"chr21"	40879333	40879334	92.7
"chr21"	36975073	36975074	45.6
"chr16"	3912519	3912520	96.3
"chr14"	97194153	97194154	93.8
"chr2"	25691408	25691409	54.3
"chr11"	98591684	98591685	95.2
"chr14"	79412713	79412714	95.2
"chr1"	240223591	240223592	31.5
"chr7"	99996293	99996294	65.6
"chr6"	2719454	2719455	49.5
"chr7"	16508606	16508607	94.9
"chr20"	51446868	51446869	95.7
"chr1"	202355183	202355184	81.1
"chrX"	9850223	9850224	95.3
"chr19"	18133798	18133799	90
"chr14"	77856875	77856876	48.9
"chr22"	15478223	15478224	95.9
"chr5"	115376777	115376778	88.3
"chr20"	13823673	13823674	49.1
"chr18"	37294421	37294422	52.8
"chr19"	53207039	53207040	60.5
"chr14"	59229214	59229215	97.5
"chr7"	6234629	6234630	26.9
"chr22"	45966302	45966303	96
"chr12"	51190439	51190440	96.8
"chr19"	13527831	13527832	88.5
"chr1"	211505710	211505711	10
"chr4"	184598500	184598501	34
"chr5"	141126251	141126252	27.4
"chr8"	141743339	141743340	5.1
"chr5"	124571324	124571325	91.9
"chr13"	84635553	84635554	4.7
"chr11"	131936199	131936200	79.6
"chr4"	151772493	151772494	93.3
"chr12"	124819844	124819845	91.2
"chr19"	51872697	51872698	95.3
"chr2"	238812359	238812360	96
"chr13"	109163360	109163361	91.4
"chr18"	52775363	52775364	46.7
"chr21"	6468179	6468180	4
"chr17"	9835805	9835806	85.4
"chr13"	35448429	35448430	19.5
"chr10"	130017513	130017514	44.9
"chr14"	31207242	31207243	4.2
"chr6"	50462044	50462045	15.8
"chr2"	208314310	208314311	92.5
"chr6"	12012676	12012677	4.6
"chr2"	193580371	193580372	96.7
"chr20"	62475362	62475363	18.4
"chr19"	15764973	15764974	52.4
"chr2"	32088041	32088042	90.9
"chr12"	126018898	126018899	87.7
"chr7"	94849235	94849236	85.5
"chr19"	32031866	32031867	91.6
"chr8"	77330728	77330729	76.7
"chr8"	3934002	3934003	5.3
"chr4"	82503418	82503419	84.4
"chr13"	17114497	17114498	56.5
"chr15"	89384414	89384415	42.3
"chr3"	73356759	73356760	95.8
"chr3"	44053094	44053095	96.7
"chr3"	11913615	11913616	93.8
"chr1"	222531474	222531475	96.6
"chr10"	74908311	74908312	96.5
"chr11"	94404365	94404366	96.7
"chr11"	54016389	54016390	59.6
"chr1"	27366248	27366249	4.7
"chr6"	44209889	44209890	76.4
"chr11"	207953	207954	3.9
"chr21"	22306460	22306461	21.7
"chr10"	92607981	92607982	96.3
"chr2"	241851186	241851187	97.1
"chr10"	92908210	92908211	96.3
"chr3"	111978906	111978907	3.2
"chr1"	100539135	100539136	3.8
"chr21"	46369705	46369706	3.3
"chr1"	60735617	60735618	63.4
"chr3"	166968078	166968079	95.8
"chr1"	145635872	145635873	92.6
"chr16"	7219770	7219771	94.5
"chr1"	124708336	124708337	53.7
"chr6"	152991843	152991844	95.1
"chr15"	62417038	62417039	89.1
"chr13"	31200868	31200869	3.1
"chr11"	23709862	23709863	97.2
"chr8"	69338360	69338361	81.2
"chr10"	125896389	125896390	2.8
"chr15"	57319137	57319138	95.2
"chr9"	72347288	72347289	96.2
"chr3"	170694180	170694181	49.8
"chr7"	26075308	26075309	91.5
"chr1"	39208192	39208193	95.8
"chr4"	82375774	82375775	9.2
"chr14"	89102612	89102613	63.7
"chr10"	123615150	123615151	4.2
"chr2"	177250810	177250811	96.8
"chr11"	67805827	67805828	3.5
"chr8"	31834303	31834304	40.6
"chr6"	73376462	73376463	66
"chr8"	30658199	30658200	3.3
"chr19"	41264023	41264024	3.3
"chr15"	23320815	23320816	96.6
"chr18"	39708898	39708899	82.7
"chr18"	60964801	60964802	85.6
"chr7"	98329295	98329296	95.1
"chr4"	182419835	182419836	75.3
"chr20"	33275564	33275565	64
"chr13"	74495830	74495831	60.4
"chr5"	142024842	142024843	3.1
"chr1"	154386070	154386071	84.4
"chr11"	47634442	47634443	89.4
"chr8"	80693441	80693442	60.5
"chr4"	61200415	61200416	2.6
"chr14"	63271811	63271812	41.6
"chr19"	9137004	9137005	2.9
"chr19"	45467604	45467605	3.8
"chr6"	84219247	84219248	96.8
"chr14"	58588511	58588512	95.9
"chr8"	23123508	23123509	76.2
"chr21"	14136262	14136263	10
"chr5"	109042397	109042398	92.1
"chr11"	116535187	116535188	6.9
"chr5"	176342714	176342715	95.8
"chr1"	22314213	22314214	84.9
"chrX"	41560006	41560007	95.9
"chr2"	124990343	124990344	57.6
"chr18"	41651386	41651387	58.3
"chr2"	140040752	140040753	64.5
"chr11"	58068463	58068464	84.3
"chr14"	96566231	96566232	20
"chr6"	142887838	142887839	90.9
"chr9"	106739579	106739580	30.3
"chr11"	123355546	123355547	95.6
"chr11"	19216659	19216660	95.4
"chr3"	47747203	47747204	96.1
"chr11"	99591628	99591629	83.2
"chr1"	25091407	25091408	83.2
"chr19"	4624171	4624172	96.5
"chr1"	45576345	45576346	80.7
"chr20"	10240410	10240411	40.5
"chr8"	130294097	130294098	85.7
"chr11"	101371404	101371405	56.9
"chr2"	238511192	238511193	44.8
"chr15"	101838790	101838791	75.6
"chr1"	75869025	75869026	94.5
"chr3"	138843312	138843313	96.9
"chr4"	175893309	175893310	14.4
"chr6"	121937035	121937036	95.5
"chr1"	29124016	29124017	3
"chr18"	64152971	64152972	62.6
"chr7"	24720830	24720831	96.6
"chr13"	102691425	102691426	87.8
"chr19"	19655640	19655641	95.3
"chr4"	53382675	53382676	89.8
"chr20"	24703693	24703694	83.8
"chr3"	155693336	155693337	96.7
"chr15"	63299504	63299505	96.4
"chr11"	103135338	103135339	94.3
"chr15"	60592673	60592674	3.5
"chr1"	202374557	202374558	73.6
"chr12"	80247734	80247735	6.7
"chr22"	48540065	48540066	95.5
"chr4"	29495838	29495839	69.4
"chr1"	18734000	18734001	53.9
"chr11"	23833479	23833480	22.8
"chr4"	16516055	16516056	95.4
"chr13"	65458197	65458198	4.8
"chr7"	57564589	57564590	57.4
"chr4"	20190063	20190064	4.1
"chr7"	135602030	135602031	91.7
"chr13"	37869579	37869580	3.7
"chr17"	445930	445931	96.2
"chrX"	48423182	48423183	3.3
"chr10"	122222029	122222030	73.8
"chr14"	49678293	49678294	96.7
"chr2"	225042374	225042375	3.2
"chr2"	36929451	36929452	93.4
"chr8"	28194888	28194889	95.7
"chr10"	48466720	48466721	97
"chr2"	79817609	79817610	52.7
"chr14"	101585737	101585738	60.9
"chr16"	86891523	86891524	96.4
"chr10"	22348978	22348979	63.7
"chr20"	58168311	58168312	11.8
"chr1"	223377692	223377693	5.5
"chr16"	19025334	19025335	96.7
"chr2"	12221831	12221832	74.5
"chr11"	10418048	10418049	73
"chr2"	24080320	24080321	96.7
"chr10"	45203943	45203944	82
"chrX"	94738806	94738807	96.4
"chr12"	93746488	93746489	95.9
"chr6"	49536141	49536142	53.3
"chr2"	120754585	120754586	83.3
"chr9"	37824169	37824170	90.2
"chr7"	63801125	63801126	18.7
"chrX"	18391613	18391614	97.7
"chr16"	27605414	27605415	86.6
"chr5"	126498273	126498274	85.2
"chr7"	26274019	26274020	83.2
"chr16"	84419313	84419314	85.9
"chr8"	6912077	6912078	49.7
"chr5"	38411987	38411988	82.4
"chrX"	134819229	134819230	95.7
"chr1"	57799763	57799764	42
"chr7"	17310088	17310089	95.8
"chrX"	55245282	55245283	57.9
"chr9"	124287339	124287340	92.7
"chr16"	46762212	46762213	96
"chr13"	25039206	25039207	46.1
"chr16"	20394175	20394176	37.1
"chr22"	42266131	42266132	94.9
"chr13"	112060175	112060176	2.8
"chr13"	80985503	80985504	26.7
"chr5"	9834819	9834820	86
"chr4"	8537388	8537389	13.2
"chr20"	42804746	42804747	72.3
"chr16"	25031875	25031876	3.2
"chr3"	169161035	169161036	39.1
"chr10"	7408388	7408389	3.1
"chr11"	17977197	17977198	95.5
"chr8"	9817957	9817958	45.5
"chr2"	119691535	119691536	82.2
"chr3"	125133667	125133668	95.1
"chr2"	74748590	74748591	94
"chr13"	104814027	104814028	12.7
"chr6"	76625078	76625079	55.5
"chr17"	78266900	78266901	85.5
"chr12"	26421470	26421471	96.7
"chr6"	70826615	70826616	92.9
"chr1"	212657670	212657671	90.3
"chr2"	98768595	98768596	7.2
"chrX"	5576383	5576384	6
"chr8"	79767772	79767773	61.8
"chr15"	25860676	25860677	3.7
"chr7"	84741548	84741549	64.6
"chr8"	43292067	43292068	96.4
"chr6"	88220357	88220358	87.7
"chr10"	24246143	24246144	96.7
"chr17"	31955522	31955523	96.6
"chr18"	78612078	78612079	96.3
"chr1"	153646093	153646094	59.5
"chr1"	5791319	5791320	2.6
"chr11"	66386816	66386817	4.7
"chr17"	39953014	39953015	4
"chr10"	4064397	4064398	64.5
"chr5"	161403125	161403126	6
"chr19"	6495501	6495502	96.6
"chr2"	20958458	20958459	52.3
"chr10"	80111575	80111576	92
"chr22"	21735805	21735806	3.8
"chr5"	57069652	57069653	76.8
"chr6"	71279279	71279280	91.4
"chr10"	74303704	74303705	96.7
"chr9"	129012985	129012986	96.8
"chr5"	6114234	6114235	77
"chr17"	16545722	16545723	93.4
"chr2"	73792353	73792354	96.4
"chr19"	23242448	23242449	97
"chr1"	186262555	186262556	94.5
"chr20"	60419278	60419279	35.4
"chr15"	99288527	99288528	96.4
"chr1"	46485212	46485213	3.4
"chr3"	69687827	69687828	96.7
"chr1"	91650344	91650345	2.6
"chr14"	74240844	74240845	2.9
"chr20"	30910594	30910595	89.3
"chr1"	1631515	1631516	3.9
"chr12"	60185523	60185524	88.9
"chr7"	155145293	155145294	94.5
"chr2"	42516062	42516063	95.9
"chr4"	190076723	190076724	93.7
"chr6"	120096315	120096316	86.1
"chr3"	104182783	104182784	4.7
"chr4"	14515957	14515958	6.3
"chrX"	140086143	140086144	94.3
"chr1"	143257041	143257042	66.2
"chr7"	98617529	98617530	5.4
"chr9"	71707736	71707737	95.9
"chr8"	82078306	82078307	79.2
"chr1"	12436894	12436895	20.5
"chr2"	238059195	238059196	96.6
"chr7"	77436305	77436306	95.4
"chr15"	32865533	32865534	86.7
"chr19"	696592	696593	94.3
"chr17"	42422857	42422858	3.7
"chr2"	133725869	133725870	95.2
"chr12"	109921540	109921541	95
"chr12"	58187916	58187917	74
"chrX"	71865670	71865671	93.3
"chr10"	45199680	45199681	74.1
"chr20"	51619816	51619817	69
"chr6"	91262160	91262161	94.7
"chr1"	4656493	4656494	3
"chr2"	44320425	44320426	96.5
"chr21"	16567649	16567650	8.1
"chr3"	50289309	50289310	96.7
"chr11"	41549733	41549734	94.5
"chr7"	12809266	12809267	56.3
"chr2"	109760357	109760358	2.5
"chr8"	59190288	59190289	82
"chr19"	23201413	23201414	94.3
"chr22"	41972036	41972037	56.2
"chr16"	49876453	49876454	9.1
"chrX"	9172715	9172716	73.9
"chrX"	140078497	140078498	85.6
"chr9"	126169653	126169654	92.1
"chr3"	9119470	9119471	9.1
"chr7"	3455568	3455569	46.9
"chr19"	44811712	44811713	92.1
"chr14"	96103362	96103363	5.9
"chr15"	60430735	60430736	97.3
"chr22"	40851977	40851978	96.7
"chr22"	50170779	50170780	3.4
"chr1"	230685779	230685780	96.5
"chr3"	104882751	104882752	22.8
"chr12"	100220169	100220170	97.2
"chr4"	156382026	156382027	48.8
"chr1"	148288515	148288516	95.8
"chr2"	169162507	169162508	96.5
"chr19"	35972891	35972892	95
"chr6"	127094186	127094187	29.3
"chr4"	74697373	74697374	82.8
"chr6"	361221	361222	94.4
"chr1"	161124277	161124278	95.4
"chr9"	29791203	29791204	76
"chr6"	36007901	36007902	96.1
"chrX"	119918299	119918300	61.6
"chr20"	9831796	9831797	70.2
"chr6"	21348604	21348605	85
"chr18"	79316897	79316898	92.5
"chr14"	53798524	53798525	95.6
"chr8"	128141972	128141973	52.5
"chr6"	168271957	168271958	66.1
"chr3"	104852715	104852716	95.4
"chr3"	179481040	179481041	90
"chr16"	35991667	35991668	93.7
"chr10"	54990	54991	77.3
"chr18"	56153320	56153321	90.8
"chr18"	79799850	79799851	4.7
"chr10"	35605833	35605834	93.9
"chr16"	65793382	65793383	7.7
"chr20"	8577224	8577225	95.7
"chr16"	36940428	36940429	16.4
"chr17"	38896805	38896806	95.4
"chr5"	111396796	111396797	93.3
"chr3"	73800200	73800201	92.2
"chrX"	22554220	22554221	93.7
"chr9"	65947898	65947899	96.3
"chr12"	7752544	7752545	92.1
"chr7"	58505133	58505134	61.8
"chr9"	101594546	101594547	90
"chr1"	88202038	88202039	95.7
"chr4"	152746119	152746120	84.3
"chrX"	113246858	113246859	96.2
"chr1"	182707050	182707051	68.6
"chr2"	6816195	6816196	59.9
"chr9"	102753983	102753984	74.9
"chr8"	95071164	95071165	96.3
"chr17"	63538642	63538643	47
"chr12"	110062060	110062061	91.2
"chr6"	21290789	21290790	5.5
"chr12"	53633036	53633037	96.8
"chr7"	73341750	73341751	93.9
"chr20"	43858737	43858738	97.4
"chr15"	71743640	71743641	55.7
"chr15"	17630432	17630433	42.8
"chr13"	110104938	110104939	92.9
"chr4"	13641271	13641272	52.5
"chr14"	31837278	31837279	89.9
"chr1"	230337076	230337077	9.2
"chr2"	205413934	205413935	29.3
"chr19"	11116489	11116490	65.9
"chr4"	174676880	174676881	4.8
"chr16"	46946705	46946706	71.4
"chr19"	4352986	4352987	4
"chr17"	49419326	49419327	96.1
"chr22"	47678765	47678766	57.5
"chr6"	157731339	157731340	92.4
"chr19"	10151924	10151925	95.5
"chr7"	49788162	49788163	74.3
"chr13"	79278373	79278374	80.8
"chrX"	132801251	132801252	96
"chr8"	23434707	23434708	95.3
"chr3"	126186415	126186416	63.6
"chrX"	17526570	17526571	86.6
"chr17"	11246475	11246476	69
"chr14"	102972767	102972768	96.1
"chr3"	194187809	194187810	6.3
"chr12"	126523796	126523797	37.7
"chr3"	42073626	42073627	95.5
"chr5"	175529022	175529023	95.3
"chr1"	229064751	229064752	94.4
"chr1"	209701267	209701268	66.9
"chr10"	78681655	78681656	4
"chr12"	131520296	131520297	7
"chr6"	1618236	1618237	82
"chr6"	79342310	79342311	77.1
"chr11"	446049	446050	93
"chr18"	55323407	55323408	3.4
"chr12"	123115079	123115080	91.1
"chr10"	90007051	90007052	5.9
"chr5"	60311300	60311301	95.7
"chr21"	40178799	40178800	86.7
"chr16"	21060668	21060669	96
"chr19"	46048116	46048117	94.4
"chr4"	7198838	7198839	43.5
"chr17"	45801920	45801921	73.8
"chr17"	56494107	56494108	49.1
"chr8"	103591562	103591563	4.7
"chr12"	85998448	85998449	69.2
"chr8"	97395335	97395336	81.5
"chr1"	206572317	206572318	93.9
"chr5"	165156612	165156613	40.2
"chr18"	25906474	25906475	74.1
"chr16"	64597191	64597192	7.7
"chr7"	136573934	136573935	3.8
"chr4"	151015562	151015563	3.5
"chr1"	161177961	161177962	96.7
"chr7"	128522603	128522604	95.4
"chr6"	43968555	43968556	70.2
"chrX"	55465396	55465397	37.5
"chr1"	40802576	40802577	3.2
"chr15"	89869813	89869814	66.7
"chr1"	1130981	1130982	92.5
"chr20"	41873631	41873632	11.2
"chr6"	25004813	25004814	90.5
"chr2"	170956260	170956261	96
"chr8"	136659771	136659772	21.6
"chr16"	30385601	30385602	94.3
"chr5"	135845082	135845083	70.3
"chr22"	27214456	27214457	53.3
"chr11"	123442347	123442348	95.8
"chr2"	184263755	184263756	94.9
"chr2"	117175382	117175383	73.4
"chr19"	55600371	55600372	3.8
"chr12"	111729819	111729820	96.7
"chr8"	101876441	101876442	89.6
"chr1"	16586485	16586486	76
"chr17"	65356469	65356470	35.1
"chr5"	105722783	105722784	4
"chrX"	151662483	151662484	10.7
"chr18"	30458402	30458403	91.4
"chr20"	11730915	11730916	7.3
"chr8"	69573214	69573215	4.7
"chr6"	26204472	26204473	3
"chr11"	10881203	10881204	35.9
"chr8"	47855557	47855558	96.4
"chr2"	235179871	235179872	64
"chr11"	134441657	134441658	54.7
"chr10"	58360899	58360900	95.9
"chr20"	36910499	36910500	94.4
"chr2"	241541743	241541744	39.1
"chr7"	127751168	127751169	96.5
"chr19"	52133763	52133764	95.7
"chr6"	124962405	124962406	2.9
"chr22"	19322364	19322365	96.3
"chr1"	169873307	169873308	93.2
"chr7"	28167965	28167966	91.2
"chr6"	63950395	63950396	93.2
"chr7"	45594097	45594098	35.9
"chr12"	45229449	45229450	95.5
"chr8"	1564408	1564409	92.8
"chr3"	117650015	117650016	68.7
"chr9"	11203831	11203832	69.5
"chr1"	187794978	187794979	6.2
"chr1"	123161369	123161370	63.4
"chr6"	16110616	16110617	91.6
"chr7"	7454748	7454749	76.2
"chr9"	130501419	130501420	61
"chr15"	63487459	63487460	3.6
"chr3"	22372074	22372075	3.3
"chr12"	122648774	122648775	95.5
"chr15"	71607997	71607998	42.4
"chr5"	79686035	79686036	82.4
"chr9"	96687793	96687794	96.5
"chr19"	32663826	32663827	94
"chr19"	45348095	45348096	93
"chr7"	102682688	102682689	95.8
"chr3"	110642941	110642942	69.1
"chr21"	5121003	5121004	96.6
"chr2"	240200406	240200407	64
"chr10"	49641440	49641441	27.7
"chr13"	40890708	40890709	93.4
"chr17"	15111894	15111895	93.4
"chr4"	23644916	23644917	92
"chr3"	95408707	95408708	5.5
"chr17"	29821791	29821792	94.2
"chr4"	14508122	14508123	78.1
"chr11"	110174357	110174358	4
"chr12"	54332288	54332289	95
"chr22"	19743071	19743072	56.6
"chr1"	38185483	38185484	93.5
"chr21"	20354988	20354989	50.9
"chr20"	22619103	22619104	4.4
"chr17"	32203471	32203472	6.9
"chr20"	1837053	1837054	45.7
"chr8"	68197026	68197027	20.1
"chr13"	20776450	20776451	94.7
"chr9"	91760619	91760620	94.3
"chr1"	33856229	33856230	88.2
"chr17"	50536520	50536521	90.3
"chr7"	62144119	62144120	95
"chr2"	106866370	106866371	8.8
"chr1"	204104504	204104505	7.7
"chr12"	2493576	2493577	95.9
"chr1"	32603422	32603423	95.6
"chr9"	65676996	65676997	91.9
"chr2"	222701131	222701132	95.8
"chr22"	17455754	17455755	96.7
"chr5"	165524257	165524258	65.9
"chr3"	129707441	129707442	94.8
"chr2"	241795511	241795512	77.3
"chr9"	120509375	120509376	86.7
"chr6"	125776417	125776418	92.3
"chr1"	180350752	180350753	94.5
"chr11"	120204840	120204841	40.2
"chr2"	38419090	38419091	94.7
"chr6"	164787827	164787828	47.5
"chr5"	1711470	1711471	71.4
"chr1"	220323229	220323230	13.3
"chr2"	194820685	194820686	2.4
"chr17"	81263423	81263424	83
"chr22"	36146204	36146205	93.7
"chr11"	74328144	74328145	87.9
"chr20"	49526618	49526619	51.1
"chr3"	45235958	45235959	97
"chr4"	82040696	82040697	91.4
"chr9"	15141511	15141512	81.1
"chr7"	127551864	127551865	92.1
"chr2"	1483603	1483604	83.1
"chr17"	3176690	3176691	95.4
"chr14"	68567683	68567684	80
"chr1"	54108187	54108188	94.1
"chr2"	74022931	74022932	95.8
"chr9"	124504325	124504326	3.5
"chr1"	37989744	37989745	4.2
"chr9"	119097192	119097193	9.6
"chr7"	101213902	101213903	96.4
"chr10"	109362673	109362674	21.1
"chr13"	71883328	71883329	57.1
"chr12"	43732699	43732700	96.3
"chr15"	55618902	55618903	11.5
"chr7"	94077163	94077164	46
"chr10"	29561041	29561042	57.6
"chr8"	42918633	42918634	96.6
"chr9"	21083308	21083309	93
"chr4"	7690179	7690180	62.3
"chr7"	59456044	59456045	94.1
"chr3"	90863488	90863489	67.4
"chr22"	38730876	38730877	96.7
"chr19"	37904876	37904877	96
"chr6"	75521765	75521766	96.9
"chrX"	15925683	15925684	95.3
"chr1"	233073852	233073853	94.9
"chr7"	138725869	138725870	91.9
"chr3"	5243127	5243128	95.3
"chr7"	22163331	22163332	95.1
"chr3"	196124183	196124184	96.2
"chr20"	63932749	63932750	41.7
"chr1"	24865247	24865248	93.8
"chr1"	14669700	14669701	93.8
"chr19"	13380413	13380414	4.9
"chr16"	89434601	89434602	96.9
"chr2"	141007168	141007169	78.1
"chr8"	8724073	8724074	15.3
"chr11"	91234233	91234234	4.6
"chr1"	35898324	35898325	96.5
"chrX"	60159480	60159481	93.8
"chr1"	22758010	22758011	95.8
"chr5"	135752465	135752466	4.4
"chr11"	16851274	16851275	95.6
"chr19"	4034203	4034204	94.3
"chr17"	4793957	4793958	96
"chr2"	165220706	165220707	3
"chr13"	73965825	73965826	95.9
"chr18"	61956458	61956459	96.6
"chr11"	76066705	76066706	93.4
"chr9"	128176839	128176840	59.3
"chr15"	32591925	32591926	94.2
"chr5"	43585747	43585748	96.4
"chr10"	69745293	69745294	88.9
"chr16"	74397974	74397975	6.2
"chr1"	10909891	10909892	33.7
"chr15"	29360703	29360704	96.5
"chr7"	123869520	123869521	48.8
"chr3"	88458759	88458760	92.6
"chr3"	121275834	121275835	55.8
"chr9"	14419602	14419603	72.4
"chr21"	46398314	46398315	93.3
"chr5"	6217912	6217913	48.8
"chr1"	226196044	226196045	96.5
"chr13"	51040678	51040679	82.5
"chr12"	107209780	107209781	58.7
"chr8"	17898765	17898766	89.5
"chr5"	76109539	76109540	96.4
"chr7"	76316231	76316232	95.4
"chr18"	7553450	7553451	11
"chr6"	9501140	9501141	96.8
"chr6"	147007037	147007038	12.1
"chr2"	111974966	111974967	95.1
"chr3"	6084007	6084008	43.6
"chr19"	14118756	14118757	3
"chrX"	10686245	10686246	60.2
"chr22"	40857519	40857520	3.7
"chr1"	242050872	242050873	2.6
"chr2"	204327987	204327988	82.8
"chr1"	160700076	160700077	93.4
"chr10"	17330973	17330974	70.6
"chr6"	43649428	43649429	96
"chr10"	65530380	65530381	49.8
"chr5"	134590012	134590013	66.9
"chr3"	129638081	129638082	95
"chr5"	131787213	131787214	92.9
"chr15"	61415063	61415064	63.8
"chr9"	133587328	133587329	28.3
"chr19"	15449625	15449626	2.7
"chr2"	169201727	169201728	53
"chr7"	151303027	151303028	96.5
"chr2"	158275431	158275432	4.2
"chrX"	20412223	20412224	97.1
"chrX"	134023211	134023212	93
"chr7"	35187381	35187382	62.6
"chr1"	55442184	55442185	79.1
"chrY"	17444816	17444817	94.5
"chr12"	1834567	1834568	52.7
"chr10"	56470430	56470431	36.1
"chr7"	155429223	155429224	69.6
"chr3"	55439956	55439957	56.8
"chr17"	69485754	69485755	68.8
"chr9"	18499963	18499964	40.3
"chr7"	38437546	38437547	57.5
"chr11"	118736100	118736101	97
"chrX"	78680381	78680382	94.2
"chr7"	138441871	138441872	55.5
"chr8"	69958590	69958591	5
"chr5"	46744140	46744141	71.6
"chr11"	108120161	108120162	90.8
"chr4"	37463313	37463314	78.5
"chr7"	27108587	27108588	97.3
"chr18"	18579941	18579942	86.4
"chr7"	28585650	28585651	64.7
"chr21"	36640719	36640720	91.7
"chr12"	64422858	64422859	90.7
"chr5"	89232422	89232423	3.3
"chr6"	136732418	136732419	96.4
"chr14"	31937173	31937174	94.6
"chr4"	139982998	139982999	92.4
"chr20"	5465149	5465150	56.8
"chr17"	44736859	44736860	95.3
"chr5"	49999967	49999968	91.6
"chr1"	149842575	149842576	3.5
"chr5"	142356411	142356412	3.4
"chr4"	35574462	35574463	25.1
"chr1"	109533741	109533742	94.4
"chr14"	99730775	99730776	5.2
"chr1"	161966245	161966246	88.7
"chr20"	24343239	24343240	85.9
"chr1"	36323724	36323725	3.6
"chr4"	6658856	6658857	59.5
"chr5"	5642604	5642605	84.5
"chr15"	81006758	81006759	88.6
"chr13"	113490101	113490102	3.5
"chr19"	18833710	18833711	16.4
"chr7"	134837486	134837487	85.3
"chr11"	93758700	93758701	95.8
"chr12"	108932751	108932752	95.5
"chr6"	137565176	137565177	96.5
"chr8"	21607802	21607803	58.9
"chr16"	87830941	87830942	95.8
"chr19"	608038	608039	95.9
"chr3"	128420164	128420165	97.2
"chr7"	149743452	149743453	87.7
"chr14"	75948376	75948377	96.5
"chr1"	15353439	15353440	95.9
"chr4"	99725571	99725572	95.2
"chrX"	133084667	133084668	96.4
"chr10"	86544510	86544511	84.6
"chr1"	173867239	173867240	4.6
"chr12"	6694882	6694883	95.7
"chr1"	169145218	169145219	97.4
"chr4"	88752694	88752695	95.9
"chr22"	21193120	21193121	95.4
"chr1"	149369033	149369034	96.4
"chr15"	94733408	94733409	75
"chr21"	39704809	39704810	95.9
"chr2"	134719064	134719065	3.2
"chr8"	98267957	98267958	94.8
"chr2"	23982174	23982175	96.6
"chr19"	39502961	39502962	2.9
"chr11"	22586760	22586761	95
"chr2"	120654883	120654884	68.3
"chr1"	1373107	1373108	86.5
"chr2"	79929672	79929673	6.5
"chr9"	80944590	80944591	64.1
"chr1"	248838033	248838034	2.8
"chrX"	93576663	93576664	33.4
"chr8"	101397844	101397845	75.3
"chr1"	39234517	39234518	97.1
"chr8"	77518168	77518169	87.4
"chr11"	27000060	27000061	46.6
"chr4"	39731023	39731024	96.5
"chr13"	23095782	23095783	8.3
"chr6"	40936156	40936157	20.3
"chr4"	73281835	73281836	96.3
"chr12"	11148223	11148224	92.5
"chr19"	2925278	2925279	80.3
"chr19"	56066861	56066862	4.5
"chr7"	1618196	1618197	84.9
"chr22"	22501013	22501014	96.7
"chr2"	50788171	50788172	95
"chr16"	25139616	25139617	95.6
"chrX"	129754968	129754969	15.4
"chr16"	1541374	1541375	93.7
"chrX"	105253972	105253973	81.9
"chr22"	34975859	34975860	6.3
"chr2"	20267146	20267147	96.5
"chr10"	44745462	44745463	94.7
"chrX"	2584616	2584617	2.9
"chr6"	62324857	62324858	91.2
"chrX"	150564421	150564422	92.3
"chr2"	34670185	34670186	81.5
"chr17"	34641835	34641836	54.5
"chr4"	176789812	176789813	70.7
"chr3"	170005491	170005492	96
"chr8"	9150862	9150863	3.1
"chr1"	124554689	124554690	50.6
"chr12"	80762571	80762572	95.7
"chr4"	96556716	96556717	17.5
"chr6"	170117968	170117969	62.6
"chr2"	130860084	130860085	4.9
"chr4"	9382783	9382784	10.6
"chr3"	85027295	85027296	94.3
"chr1"	37290977	37290978	76.4
"chr13"	106563085	106563086	89
"chr20"	4031910	4031911	96.1
"chrX"	73048935	73048936	2.4
"chr2"	171956435	171956436	97.1
"chr3"	149276279	149276280	97.2
"chr5"	34981088	34981089	96.5
"chr4"	78071688	78071689	13.4
"chr2"	73044244	73044245	69.3
"chr3"	48596289	48596290	96.1
"chr2"	211861461	211861462	55.4
"chr19"	42036634	42036635	76.8
"chr12"	101037675	101037676	95.4
"chr16"	17805754	17805755	93.6
"chr6"	163980535	163980536	55.9
"chr15"	29001843	29001844	88.8
"chr11"	101093858	101093859	81.1
"chr3"	162139888	162139889	86.1
"chr15"	88078552	88078553	38.8
"chr17"	68673269	68673270	58.7
"chr16"	16469029	16469030	3
"chr2"	211111487	211111488	79.6
"chr3"	162520966	162520967	29.7
"chr6"	12368232	12368233	93.8
"chr8"	30879606	30879607	28.1
"chr11"	16777582	16777583	3.1
"chr8"	103852564	103852565	26
"chr11"	116741775	116741776	96.5
"chr2"	103066748	103066749	79.1
"chr17"	14964923	14964924	51.1
"chr2"	231709051	231709052	3
"chr3"	146473574	146473575	96.4
"chr9"	134101129	134101130	88.1
"chr13"	42381035	42381036	6.2
"chr17"	18103783	18103784	95.1
"chr22"	24127273	24127274	97.4
"chr13"	52992293	52992294	95.7
"chr11"	52101163	52101164	52.9
"chr12"	3672888	3672889	96.4
"chr18"	18127700	18127701	74.7
"chr11"	1456328	1456329	87.8
"chr14"	85489000	85489001	44.3
"chrX"	141097862	141097863	94.4
"chr7"	34446469	34446470	14.6
"chr5"	64663945	64663946	11.1
"chr3"	79776517	79776518	95.8
"chr16"	89066676	89066677	96.6
"chr6"	131501128	131501129	50.8
"chr14"	54589992	54589993	81.4
"chr16"	30065664	30065665	4.2
"chr9"	13690281	13690282	6
"chr7"	43249195	43249196	96.2
"chr2"	126858379	126858380	89.7
"chr12"	8625283	8625284	96.1
"chrX"	30188936	30188937	91.8
"chr11"	2826975	2826976	4.5
"chr9"	137603888	137603889	96.5
"chr3"	116617280	116617281	89.3
"chr1"	210314452	210314453	92.9
"chr1"	217261167	217261168	94.5
"chr7"	46787133	46787134	76.8
"chr18"	26521201	26521202	96.5
"chr6"	34145303	34145304	3.1
"chr9"	120125994	120125995	94.2
"chr22"	23367808	23367809	73.9
"chr12"	78403934	78403935	43.8
"chr1"	27992510	27992511	29.9
"chr19"	44896637	44896638	95.8
"chr19"	38130632	38130633	96.2
"chr17"	82519840	82519841	3.2
"chr2"	17985869	17985870	89.5
"chr10"	103520286	103520287	96
"chr6"	148081542	148081543	73.9
"chr5"	65070567	65070568	87.8
"chr21"	33062462	33062463	17.9
"chr10"	98151982	98151983	96.8
"chr22"	19432618	19432619	24.9
"chr3"	52701913	52701914	95.1
"chr2"	26294269	26294270	96.7
"chrX"	20066046	20066047	77
"chr1"	150928757	150928758	96.1
"chrX"	153986655	153986656	94
"chr2"	204534954	204534955	16.3
"chr9"	92886804	92886805	95.5
"chr4"	26321079	26321080	3.2
"chr13"	73162216	73162217	94.8
"chr8"	15614975	15614976	57
"chr1"	54375159	54375160	58
"chr2"	76203324	76203325	32.7
"chr12"	77156657	77156658	92.8
"chrX"	86213233	86213234	96.1
"chr19"	58290314	58290315	96.1
"chr17"	82318268	82318269	96.8
"chr1"	147178177	147178178	3.2
"chr12"	131684584	131684585	95.7
"chr10"	93601431	93601432	4.6
"chr11"	86095447	86095448	87.6
"chr5"	79609467	79609468	94.4
"chr20"	16247595	16247596	85
"chr10"	106855572	106855573	42.8
"chr5"	142532559	142532560	90.3
"chr10"	64940769	64940770	53.9
"chr9"	95846705	95846706	92.8
"chr10"	130938263	130938264	96.7
"chr12"	68944840	68944841	95.2
"chr1"	150134802	150134803	90.5
"chr9"	112761713	112761714	95.9
"chr5"	900232	900233	77.9
"chr15"	75233277	75233278	95.9
"chr9"	102603211	102603212	93.9
"chr6"	141619419	141619420	13.7
"chr7"	151642298	151642299	97.1
"chr7"	90738505	90738506	94.7
"chr15"	79740391	79740392	60.5
"chr1"	76375190	76375191	7.1
"chrX"	119027221	119027222	82
"chr21"	32459256	32459257	66.3
"chr2"	113743869	113743870	44.6
"chr16"	12649113	12649114	96
"chr3"	190177422	190177423	96.2
"chr4"	4096625	4096626	92
"chr15"	23861588	23861589	3
"chr12"	131710859	131710860	2.8
"chr6"	85551227	85551228	94
"chr6"	11583785	11583786	96.9
"chr9"	124566788	124566789	95.5
"chr4"	113140743	113140744	94.3
"chr7"	4650775	4650776	97
"chr4"	39553152	39553153	96.7
"chr19"	39012340	39012341	96.8
"chrX"	48598043	48598044	4.3
"chr2"	241469218	241469219	96.3
"chr3"	93473307	93473308	34
"chr9"	35680587	35680588	23.5
"chr14"	67241849	67241850	3.7
"chr1"	23800309	23800310	3.2
"chr2"	131646741	131646742	38.9
"chr19"	2054477	2054478	96.6
"chrX"	86565606	86565607	3.1
"chr6"	146732047	146732048	95.2
"chr15"	29341800	29341801	50.7
"chr6"	169212077	169212078	24.2
"chr11"	63978504	63978505	93.5
"chr12"	117357787	117357788	71.7
"chr2"	138544436	138544437	96.4
"chr5"	32525619	32525620	96.8
"chr1"	18101386	18101387	42.2
"chr7"	104270854	104270855	95.3
"chr5"	76844813	76844814	94.8
"chr4"	47948578	47948579	94.6
"chr12"	72015508	72015509	89.8
"chr1"	109878967	109878968	88.6
"chr16"	10942296	10942297	3
"chr2"	107548015	107548016	77.3
"chr5"	132162251	132162252	93.1
"chr11"	121024563	121024564	3.5
"chr1"	76508226	76508227	94.9
"chr18"	15134398	15134399	85.6
"chr8"	21284265	21284266	95.8
"chr20"	47892929	47892930	93.3
"chrX"	110596106	110596107	96.6
"chr3"	32166209	32166210	29
"chrX"	154295990	154295991	96.1
"chr4"	9952824	9952825	51.7
"chrX"	117733588	117733589	96.3
"chr10"	3526691	3526692	87.6
"chr2"	1417482	1417483	96.3
"chr1"	123158397	123158398	73.8
"chr2"	215197768	215197769	92.3
"chr6"	10729191	10729192	96.2
"chr2"	43218374	43218375	3.1
"chr17"	13335342	13335343	84.8
"chr1"	42581374	42581375	88.8
"chr15"	47494268	47494269	65.2
"chr8"	11886272	11886273	89.2
"chr3"	92557325	92557326	83.9
"chr20"	43442889	43442890	37.6
"chr2"	113552803	113552804	84.5
"chr15"	32945591	32945592	13.1
"chr6"	87572208	87572209	96
"chr18"	55930243	55930244	91.8
"chr3"	112943563	112943564	67.6
"chr13"	104345351	104345352	30
"chr12"	48212728	48212729	7
"chr10"	58806701	58806702	89.7
"chr3"	193411838	193411839	53.6
"chr3"	48923022	48923023	95.8
"chr2"	139718358	139718359	91.6
"chr6"	63573570	63573571	2.9
"chr8"	37194772	37194773	25.4
"chr13"	41457404	41457405	3
"chr16"	84131278	84131279	89.7
"chr18"	67295248	67295249	4.3
"chr13"	106702644	106702645	69.9
"chr19"	37303128	37303129	93.7
"chrX"	10408514	10408515	83.7
"chr1"	162451456	162451457	95.9
"chr2"	234971418	234971419	17.9
"chr6"	155224086	155224087	13.6
"chr15"	81778987	81778988	93.8
"chr8"	10884830	10884831	92.1
"chr20"	4545509	4545510	64.5
"chr7"	53959377	53959378	95.3
"chr3"	8711552	8711553	74.5
"chr15"	43277097	43277098	84.6
"chr22"	46889737	46889738	96.3
"chr1"	231596144	231596145	85.1
"chr3"	114514792	114514793	94.7
"chr19"	41212782	41212783	35.3
"chr4"	98331240	98331241	96.7
"chr11"	113566725	113566726	93.8
"chr10"	14393532	14393533	85.4
"chr15"	88431378	88431379	94
"chr7"	74461857	74461858	77.3
"chr17"	83227816	83227817	75.4
"chr2"	206047057	206047058	97
"chr5"	179268597	179268598	95.1
"chr5"	59024692	59024693	4.6
"chr2"	90253439	90253440	81.7
"chr4"	75633329	75633330	94.4
"chr2"	50510827	50510828	87.9
"chr2"	64666529	64666530	96.6
"chr9"	93763399	93763400	62
"chr1"	217045586	217045587	75.4
"chr17"	73816927	73816928	94.5
"chr7"	80358237	80358238	93.2
"chr22"	20982164	20982165	3
"chrX"	133763350	133763351	5.2
"chr8"	139705780	139705781	2.8
"chr20"	23439877	23439878	93.8
"chr14"	103333798	103333799	2.6
"chr1"	3876571	3876572	97.2
"chr4"	176381842	176381843	53.8
"chr8"	144950806	144950807	3.2
"chr19"	33564800	33564801	92.3
"chr20"	33657800	33657801	95.9
"chr18"	53705128	53705129	89.8
"chr13"	39850436	39850437	12.2
"chr1"	245988248	245988249	86.6
"chr5"	111610447	111610448	85.3
"chr3"	164102022	164102023	4.7
"chr10"	132010904	132010905	46.9
"chr17"	8157636	8157637	96.8
"chr11"	133709315	133709316	94.1
"chr7"	31405678	31405679	67
"chr1"	146990613	146990614	96
"chr3"	178993171	178993172	8.1
"chr20"	46156472	46156473	89.4
"chr9"	43475912	43475913	63
"chr3"	118513357	118513358	65
"chr10"	87360313	87360314	94.8
"chr16"	56194505	56194506	3.5
"chr4"	165039798	165039799	97.2
"chr1"	157776025	157776026	10.1
"chr2"	132723351	132723352	96.9
"chr5"	141118299	141118300	35.4
"chr1"	59966848	59966849	93.3
"chr11"	106317992	106317993	59.6
"chr2"	237067307	237067308	82.8
"chr7"	7519299	7519300	23.4
"chr17"	79945100	79945101	96
"chr7"	56477312	56477313	65.4
"chr5"	105080683	105080684	75.1
"chr4"	54179762	54179763	86.3
"chr18"	55391851	55391852	83.5
"chrX"	129521180	129521181	95.8
"chr8"	52735988	52735989	95.5
"chr20"	62839429	62839430	94.8
"chr1"	48232108	48232109	95.2
"chr2"	96526604	96526605	96.3
"chr5"	44603760	44603761	91.1
"chr3"	32343151	32343152	91.9
"chr11"	128232595	128232596	91
"chr4"	116299993	116299994	96.2
"chr1"	46509319	46509320	34.7
"chr1"	80588661	80588662	32.3
"chr22"	45107146	45107147	66.5
"chr2"	144332646	144332647	3.2
"chr16"	2752355	2752356	3.1
"chr14"	78013188	78013189	82.6
"chr5"	52619685	52619686	6.4
"chr1"	145093689	145093690	3.2
"chr17"	18433762	18433763	41.1
"chr5"	75365013	75365014	97.3
"chr11"	92099692	92099693	56.1
"chr12"	78058322	78058323	3
"chr7"	74796943	74796944	96.4
"chr2"	215584169	215584170	54.3
"chr13"	75684432	75684433	96.1
"chr20"	25990310	25990311	89.8
"chr19"	8563335	8563336	96.5
"chr7"	123570924	123570925	61.6
"chr12"	88071371	88071372	95.6
"chrX"	120018090	120018091	96.8
"chr3"	195080695	195080696	41.1
"chr3"	75416775	75416776	96.2
"chr5"	139655287	139655288	88.9
"chr5"	28086384	28086385	59.8
"chr1"	101317253	101317254	96.7
"chr15"	49869190	49869191	94.4
"chr2"	230477085	230477086	95.8
"chr17"	44195434	44195435	96.5
"chr6"	14191755	14191756	53.8
"chr8"	137313037	137313038	93.2
"chr2"	20524072	20524073	96.3
"chr5"	104446523	104446524	84.3
"chr7"	95587137	95587138	94.5
"chr17"	17245595	17245596	96.6
"chr2"	11677494	11677495	15
"chr12"	51807006	51807007	78.4
"chr3"	107927687	107927688	2.9
"chr13"	110017528	110017529	84
"chr15"	34437437	34437438	3.6
"chr4"	65531181	65531182	96.1
"chr4"	121278670	121278671	4.3
"chr1"	156610553	156610554	96.5
"chr13"	19499942	19499943	90.7
"chr4"	188375790	188375791	58.6
"chr10"	89021380	89021381	88
"chr1"	212779298	212779299	90.6
"chr12"	7673993	7673994	74.8
"chr17"	81860005	81860006	24.9
"chr2"	205140414	205140415	5.7
"chr7"	128822060	128822061	95
"chrX"	61113665	61113666	93.4
"chrX"	113430391	113430392	96.4
"chr2"	10219840	10219841	96.7
"chr3"	21761909	21761910	95.9
"chr8"	86668333	86668334	16.7
"chr5"	96602680	96602681	86.7
"chr11"	68691756	68691757	96.2
"chr11"	97986952	97986953	58.7
"chr9"	112524054	112524055	85.7
"chr3"	186988891	186988892	3
"chr1"	162369472	162369473	6.3
"chrX"	78709758	78709759	95
"chr6"	57046876	57046877	3.9
"chr10"	87945736	87945737	93.6
"chr13"	33205940	33205941	2.8
"chr11"	37248489	37248490	19.7
"chr11"	83361928	83361929	54.5
"chr20"	60445351	60445352	89.5
"chr2"	110162386	110162387	96.3
"chrX"	15159930	15159931	95
"chr10"	57447302	57447303	94.7
"chr11"	62769895	62769896	4.2
"chr16"	81157825	81157826	70.8
"chrX"	89213127	89213128	34.4
"chr1"	124477710	124477711	64.2
"chr19"	39806787	39806788	94.9
"chr18"	80160051	80160052	43.3
"chr17"	74619469	74619470	81.8
"chr8"	68007581	68007582	93.3
"chr8"	48657128	48657129	80.7
"chr9"	132510601	132510602	96.6
"chr6"	33555973	33555974	96
"chr1"	223394633	223394634	90.3
"chr5"	1155544	1155545	4.9
"chr21"	16818130	16818131	97
"chr6"	136197013	136197014	90.6
"chr16"	89318461	89318462	96.6
"chr15"	67591258	67591259	95.6
"chrX"	53307762	53307763	45.9
"chr22"	35061625	35061626	88.7
"chr9"	122828605	122828606	3
"chr17"	8499131	8499132	95.8
"chr7"	100466495	100466496	95.1
"chr4"	48843113	48843114	95.9
"chr1"	242521129	242521130	94.9
"chr9"	82691585	82691586	63.2
"chr20"	34934464	34934465	93.3
"chr3"	134325986	134325987	40.1
"chr2"	203421365	203421366	97.2
"chr2"	131711456	131711457	86.3
"chr18"	78508939	78508940	96.4
"chr6"	124552470	124552471	3.6
"chr11"	1652383	1652384	8.1
"chr22"	44284751	44284752	25.5
"chr8"	144019027	144019028	95.6
"chr1"	244049117	244049118	2.8
"chr1"	54870966	54870967	96.3
"chr9"	88705785	88705786	86.8
"chr5"	66288929	66288930	37.1
"chr11"	26338801	26338802	66.5
"chr10"	132538373	132538374	4.5
"chr15"	93112269	93112270	95.1
"chr17"	57661126	57661127	83.4
"chr13"	87010116	87010117	58.6
"chr1"	43489617	43489618	95.9
"chr16"	70365639	70365640	91.2
"chr3"	171789366	171789367	3.2
"chr14"	24948129	24948130	42.1
"chr17"	29556420	29556421	95.7
"chr7"	8979807	8979808	80.5
"chr5"	90403636	90403637	95.8
"chr4"	91256162	91256163	85.7
"chr17"	362604	362605	95.5
"chr6"	163718198	163718199	65
"chr10"	90787315	90787316	51.3
"chr2"	120989794	120989795	94.9
"chr7"	19371163	19371164	25.3
"chr15"	95940538	95940539	33.1
"chr3"	132890257	132890258	78.7
"chr5"	117394353	117394354	8.1
"chr10"	51181309	51181310	95.4
"chr5"	149955108	149955109	91.8
"chr20"	45364631	45364632	96
"chr21"	29073624	29073625	2.7
"chr8"	127884768	127884769	95.4
"chr19"	38916383	38916384	96.1
"chr5"	153972159	153972160	93.4
"chr12"	113105092	113105093	14.8
"chr12"	46503081	46503082	91.2
"chr3"	91724528	91724529	90.7
"chr11"	130613405	130613406	64.9
"chr8"	92239451	92239452	42.1
"chr5"	88363555	88363556	96.1
"chr18"	5799066	5799067	6.5
"chr6"	15858184	15858185	94.7
"chr12"	98654652	98654653	95.9
"chr18"	7258657	7258658	93.9
"chr2"	126864048	126864049	2.7
"chr11"	76848632	76848633	96.4
"chr17"	46279472	46279473	94.7
"chr16"	13154087	13154088	49.3
"chr21"	43614225	43614226	94.7
"chr5"	172958734	172958735	3.3
"chr19"	31410063	31410064	87.4
"chr19"	39927576	39927577	91.6
"chr7"	35176999	35177000	61.4
"chr18"	54590170	54590171	47.2
"chr14"	56761280	56761281	96.6
"chr16"	58133926	58133927	97.2
"chr6"	163820364	163820365	93
"chrX"	89694024	89694025	18.9
"chr10"	79123928	79123929	96.7
"chr12"	17408747	17408748	47.1
"chr16"	81837802	81837803	4.2
"chr22"	47249533	47249534	3.3
"chr11"	41811223	41811224	88.4
"chr16"	49325251	49325252	8.1
"chr10"	28357227	28357228	95.4
"chr14"	75114214	75114215	89.2
"chr17"	72469067	72469068	96.5
"chr21"	42641667	42641668	52.8
"chr3"	74268228	74268229	76.3
"chr8"	2577674	2577675	88
"chrX"	136826533	136826534	95.9
"chr20"	49894543	49894544	96.2
"chr8"	75727948	75727949	42.1
"chr12"	10723274	10723275	3.2
"chr16"	10503811	10503812	96.6
"chr17"	39886586	39886587	95.3
"chr12"	72388097	72388098	64.3
"chr16"	55086443	55086444	45.3
"chr2"	82321242	82321243	86.2
"chr7"	61125562	61125563	95.1
"chr18"	17165072	17165073	6.8
"chr2"	108541589	108541590	95.8
"chr19"	18759934	18759935	87.5
"chr8"	93871792	93871793	90.3
"chr1"	208103021	208103022	53.5
"chr19"	45935530	45935531	82.3
"chr14"	20333122	20333123	3.7
"chr14"	32344863	32344864	95.2
"chr16"	27224319	27224320	96.5
"chr13"	84389195	84389196	37.1
"chr12"	70485210	70485211	8.3
"chr3"	31815910	31815911	7.8
"chr7"	144208534	144208535	96.5
"chrX"	145632239	145632240	97.1
"chr6"	139480974	139480975	94.4
"chr6"	70367842	70367843	39.2
"chr9"	98556191	98556192	91.9
"chr22"	32139228	32139229	95
"chr5"	110502698	110502699	84.8
"chr16"	73963372	73963373	93.4
"chr5"	66730571	66730572	93.4
"chr5"	151410659	151410660	64
"chr12"	107908178	107908179	85.7
"chr18"	74373453	74373454	84.7
"chr21"	37019217	37019218	96.4
"chrX"	56107542	56107543	96.3
"chr18"	17630390	17630391	82.8
"chr5"	18711894	18711895	89.6
"chr11"	57648379	57648380	3.7
"chrX"	27155899	27155900	36.9
"chr21"	21866741	21866742	72.1
"chr10"	23440145	23440146	3.7
"chr2"	222652977	222652978	3
"chr12"	32012203	32012204	95.3
"chr19"	55703824	55703825	3.3
"chr2"	241138044	241138045	95.4
"chr6"	42101063	42101064	96.6
"chr15"	29344765	29344766	95.4
"chr4"	43772564	43772565	35.9
"chr5"	159767116	159767117	90.1
"chrX"	112438965	112438966	28.1
"chr14"	55668919	55668920	97.4
"chr6"	17212214	17212215	93.1
"chr4"	142492336	142492337	45.6
"chr5"	180520597	180520598	96.4
"chr21"	46490195	46490196	96.6
"chr2"	201622920	201622921	96.6
"chr4"	73168076	73168077	97.3
"chr9"	105572917	105572918	93.2
"chr21"	9611397	9611398	92.4
"chr13"	41435069	41435070	96
"chr7"	122878617	122878618	92.8
"chr1"	9067959	9067960	95.3
"chr3"	43205617	43205618	73.2
"chr12"	126568325	126568326	95.3
"chr13"	71643883	71643884	81.8
"chr2"	29713102	29713103	11.3
"chr14"	56618677	56618678	97.4
"chr5"	75269481	75269482	50.8
"chr10"	71641296	71641297	52.8
"chr9"	132626212	132626213	92.6
"chr1"	3159109	3159110	63.7
"chr1"	235947923	235947924	95.2
"chr3"	13442830	13442831	36.5
"chr11"	2173338	2173339	38.3
"chr8"	144051932	144051933	3.2
"chr16"	69983437	69983438	97.2
"chr3"	78479855	78479856	52
"chr5"	72179750	72179751	81.5
"chrY"	9369906	9369907	40
"chr3"	162968995	162968996	91.3
"chr22"	42986486	42986487	96.1
"chr17"	10464377	10464378	68.4
"chr20"	5058044	5058045	96.6
"chr6"	57885654	57885655	59
"chr2"	235927205	235927206	42
"chr9"	137573131	137573132	95.8
"chr17"	31111488	31111489	5.9
"chr13"	103622583	103622584	87.5
"chr10"	121463889	121463890	94.3
"chr21"	45283103	45283104	94.3
"chrY"	24830914	24830915	66
"chr14"	106250845	106250846	87.3
"chr2"	96062151	96062152	95.7
"chr20"	53908020	53908021	58.5
"chr2"	73263682	73263683	95.3
"chr5"	133712808	133712809	51.7
"chr10"	130078416	130078417	96.3
"chrY"	9013986	9013987	27.9
"chr2"	125110199	125110200	72.9
"chr3"	150788556	150788557	83.1
"chr7"	69931602	69931603	93.7
"chr11"	73390217	73390218	66.8
"chr5"	180459272	180459273	96.8
"chr17"	69569274	69569275	3.2
"chrX"	11348620	11348621	92.8
"chr2"	95358642	95358643	42.8
"chr4"	65394990	65394991	6
"chr12"	116259353	116259354	79.5
"chr2"	240953901	240953902	82.7
"chrX"	45244714	45244715	5.4
"chr1"	208951367	208951368	78.4
"chrX"	19447877	19447878	96.9
"chr19"	45506638	45506639	4.1
"chr1"	53938811	53938812	96.6
"chr2"	97213280	97213281	57.4
"chr2"	62494798	62494799	58.9
"chr19"	49273537	49273538	95.6
"chr9"	68350524	68350525	31.6
"chr15"	27045250	27045251	71.4
"chr19"	46260590	46260591	94.3
"chr13"	52968615	52968616	47.4
"chr7"	27088150	27088151	51.1
"chr17"	8468551	8468552	59.9
"chr18"	21208930	21208931	96.1
"chr7"	98724053	98724054	90.4
"chr10"	130037252	130037253	66
"chr1"	1538837	1538838	87.2
"chr8"	140259141	140259142	95.7
"chr3"	140782296	140782297	45.4
"chr13"	51222199	51222200	3
"chr14"	58665094	58665095	46.7
"chr20"	21026676	21026677	96.8
"chr3"	103347620	103347621	91.1
"chr20"	60118175	60118176	34.6
"chr9"	76812546	76812547	92.7
"chr1"	166628757	166628758	94.1
"chr7"	76538641	76538642	96.8
"chr14"	105759085	105759086	95.1
"chr19"	45785738	45785739	96.1
"chr11"	107402590	107402591	90.9
"chr4"	23903373	23903374	10.6
"chr2"	39450296	39450297	95.2
"chr15"	17651998	17651999	62.7
"chr1"	96569443	96569444	83
"chr17"	1456454	1456455	4.5
"chr8"	114771277	114771278	8.4
"chr7"	30619893	30619894	95.8
"chr4"	187726916	187726917	9.2
"chr2"	68643458	68643459	6.4
"chr9"	502685	502686	96.5
"chr2"	241139300	241139301	94.7
"chr2"	229157687	229157688	48.5
"chr9"	3096004	3096005	96.3
"chr3"	9723299	9723300	94.3
"chr6"	78096043	78096044	72.5
"chr16"	31078097	31078098	80.9
"chrX"	154127560	154127561	89
"chr7"	34303387	34303388	58.7
"chr12"	43858279	43858280	96.7
"chrX"	44873359	44873360	4.2
"chr8"	2002059	2002060	6.8
"chr10"	126522754	126522755	9.2
"chr1"	147535891	147535892	15.1
"chr10"	122938126	122938127	96.7
"chr13"	72589305	72589306	73.6
"chr9"	106567857	106567858	93.9
"chr2"	21444618	21444619	73.4
"chr6"	167013710	167013711	96
"chr9"	99358551	99358552	89.3
"chr2"	234229896	234229897	92.2
"chr20"	46689799	46689800	3.2
"chr3"	34241941	34241942	50.1
"chr6"	108885471	108885472	86.3
"chr12"	77706522	77706523	89.6
"chr5"	159578429	159578430	95
"chr19"	45197021	45197022	86.2
"chr1"	15090557	15090558	3.4
"chr13"	112500528	112500529	95.4
"chr2"	128053520	128053521	95.8
"chr7"	22104358	22104359	59.5
"chr22"	37018488	37018489	96
"chr16"	1818443	1818444	96.1
"chr9"	89769305	89769306	96.3
"chr3"	113167152	113167153	65.2
"chr20"	51167553	51167554	96
"chr3"	52160516	52160517	95.7
"chr2"	146110038	146110039	8.9
"chr13"	17476041	17476042	57.2
"chr17"	63942843	63942844	61.2
"chr6"	168141223	168141224	8
"chr16"	23477966	23477967	93.2
"chr19"	47508721	47508722	88.4
"chr9"	16946846	16946847	44.4
"chr16"	56635538	56635539	3.2
"chr16"	22400895	22400896	96.8
"chr9"	128251597	128251598	67.5
"chr3"	12801963	12801964	96
"chr1"	109100481	109100482	3.6
"chrX"	22684147	22684148	89.3
"chr9"	126469728	126469729	2.9
"chr4"	82734437	82734438	95.5
"chr16"	954448	954449	76
"chr3"	184785934	184785935	95.9
"chr22"	48270394	48270395	88.1
"chr4"	25831671	25831672	83.9
"chr16"	31688039	31688040	96.4
"chr4"	8285492	8285493	20.4
"chr13"	33850339	33850340	94.6
"chr6"	73939143	73939144	88.2
"chr10"	7345247	7345248	93.5
"chr7"	31030970	31030971	94.5
"chr5"	177193284	177193285	77.8
"chr9"	72131906	72131907	55.1
"chr8"	35062173	35062174	2.9
"chr1"	79685889	79685890	65.3
"chr7"	105112752	105112753	96.6
"chrX"	18294429	18294430	78.2
"chr1"	246703800	246703801	3.6
"chr10"	78857883	78857884	43.1
"chr8"	71229943	71229944	82.4
"chr22"	45819434	45819435	97.1
"chr21"	41382416	41382417	94.9
"chr8"	87791474	87791475	12.3
"chr7"	963473	963474	8.3
"chr1"	47776767	47776768	85.5
"chr1"	189067698	189067699	6.4
"chr3"	119890341	119890342	95.6
"chr1"	228869568	228869569	96.6
"chr17"	18263331	18263332	97
"chr9"	106046614	106046615	40.5
"chr10"	42971098	42971099	10.8
"chrX"	52067083	52067084	69.5
"chr22"	45241003	45241004	4.1
"chr12"	59283924	59283925	85.3
"chr16"	26858425	26858426	87.5
"chr4"	184665040	184665041	58.4
"chr3"	171510573	171510574	69.5
"chr10"	55588972	55588973	25.4
"chr8"	25934578	25934579	44
"chr19"	1843871	1843872	94.7
"chr7"	19675020	19675021	90.8
"chr10"	44183869	44183870	17.8
"chr1"	35893726	35893727	96.2
"chr1"	25806767	25806768	95.7
"chr10"	24522844	24522845	96
"chr5"	3843253	3843254	38.3
"chr7"	5382431	5382432	95.5
"chr15"	78116265	78116266	96.1
"chr7"	3484808	3484809	68.1
"chr20"	60406433	60406434	12.1
"chr6"	27318120	27318121	36.5
"chr1"	11745540	11745541	94.6
"chrX"	45088056	45088057	92.1
"chr6"	22570128	22570129	96.9
"chr11"	97355883	97355884	39.1
"chr9"	29825125	29825126	52.9
"chr4"	42197306	42197307	41.6
"chr12"	40327605	40327606	97.8
"chr19"	13550071	13550072	82
"chr11"	118711124	118711125	52.3
"chr9"	99408489	99408490	53.5
"chr21"	28858161	28858162	74.8
"chr7"	35726651	35726652	5.9
"chr10"	14190338	14190339	92.5
"chr16"	23567798	23567799	94.1
"chr21"	46216276	46216277	96.3
"chr19"	37855681	37855682	86.4
"chr14"	104007815	104007816	75.1
"chr10"	117241098	117241099	3.1
"chr3"	11745023	11745024	86.7
"chr5"	101288833	101288834	66.1
"chr11"	100604952	100604953	95
"chr19"	27323880	27323881	54.8
"chr5"	136346074	136346075	44.4
"chr4"	68491533	68491534	36.9
"chr6"	34650785	34650786	95.8
"chr7"	73627350	73627351	90.3
"chr8"	127596517	127596518	95.6
"chr21"	5099210	5099211	94.5
"chr1"	123172629	123172630	3.8
"chr10"	12483937	12483938	96.3
"chr7"	8680064	8680065	62.2
"chr8"	66423729	66423730	65.2
"chr6"	109369885	109369886	94.3
"chr6"	132645501	132645502	96.9
"chr20"	62592654	62592655	25.1
"chr21"	44509671	44509672	95
"chr1"	240093731	240093732	94.9
"chr2"	238578003	238578004	2.8
"chrX"	113476424	113476425	9.4
"chr1"	120352880	120352881	92.8
"chrX"	66184272	66184273	43.2
"chr8"	138085185	138085186	91
"chr8"	38269274	38269275	2.9
"chr2"	19951687	19951688	96.3
"chr13"	81541597	81541598	95.8
"chr11"	116772894	116772895	4.3
"chr3"	188533226	188533227	6.2
"chrX"	109262209	109262210	92.2
"chr7"	45157596	45157597	10
"chr19"	31809668	31809669	86.2
"chr3"	92799538	92799539	77.6
"chr2"	143232418	143232419	84.1
"chr11"	2926410	2926411	96.9
"chr1"	9550315	9550316	89.8
"chr7"	107802456	107802457	39
"chr17"	14702556	14702557	96
"chr7"	113938097	113938098	68.1
"chr9"	101145466	101145467	28.7
"chr3"	45997156	45997157	87.3
"chr3"	2442564	2442565	4.8
"chrX"	45713362	45713363	96.4
"chr1"	233121621	233121622	96.3
"chr7"	32244570	32244571	56
"chr1"	227168568	227168569	96.6
"chr20"	37471703	37471704	95.6
"chr3"	63811425	63811426	96.2
"chr2"	219221195	219221196	96
"chr9"	7398405	7398406	88.6
"chr17"	14984673	14984674	61.3
"chr12"	121442321	121442322	96.1
"chr4"	6493675	6493676	47.4
"chr2"	105966343	105966344	16.3
"chr5"	100345531	100345532	11.6
"chr19"	54417329	54417330	60.8
"chr5"	116698552	116698553	97.1
"chr2"	42805461	42805462	78.1
"chr5"	161191387	161191388	69.9
"chr6"	61432787	61432788	9.6
"chr1"	17350746	17350747	88.7
"chr15"	74614159	74614160	96.4
"chr4"	159054532	159054533	95.4
"chrX"	41856579	41856580	96.8
"chr10"	91266193	91266194	96.5
"chr2"	141914496	141914497	5.6
"chr19"	55006232	55006233	67.1
"chr17"	82520041	82520042	2.3
"chr5"	94515856	94515857	94.9
"chr1"	34256985	34256986	4.7
"chr16"	67010746	67010747	96.8
"chr16"	47583203	47583204	92.4
"chr9"	109323656	109323657	27.5
"chr9"	9814411	9814412	52.3
"chr21"	46609782	46609783	97.1
"chr1"	109966313	109966314	96.3
"chr6"	71008532	71008533	90.3
"chr19"	5159275	5159276	95.9
"chr17"	57001756	57001757	97.2
"chr21"	29332002	29332003	95.6
"chr3"	66658274	66658275	89.7
"chr2"	227404247	227404248	95.9
"chr3"	128871494	128871495	96.2
"chr15"	89402872	89402873	3.1
"chr2"	118072332	118072333	29.4
"chr21"	30425968	30425969	41.9
"chr2"	14953102	14953103	19.4
"chr2"	64827774	64827775	9.4
"chr8"	24456382	24456383	96.3
"chr17"	44006812	44006813	3.1
"chr8"	27837863	27837864	3.2
"chr1"	150898673	150898674	94.7
"chr16"	87756281	87756282	96.7
"chr8"	119025604	119025605	95.4
"chrX"	47248792	47248793	96.7
"chrX"	23816889	23816890	95.2
"chr3"	125961321	125961322	87.7
"chr11"	23188549	23188550	4.1
"chr8"	28612442	28612443	96.2
"chr22"	23987985	23987986	94.4
"chr4"	137570181	137570182	13
"chr11"	111260912	111260913	85.5
"chr19"	1741825	1741826	74.3
"chr2"	88722024	88722025	92
"chr9"	100099340	100099341	3.2
"chr7"	109977981	109977982	58
"chr14"	23056667	23056668	4.1
"chr18"	54144675	54144676	96.6
"chr3"	43931943	43931944	77.6
"chr19"	35034706	35034707	86.6
"chr16"	54817514	54817515	95.9
"chr9"	3603168	3603169	95.5
"chr6"	30993847	30993848	75.1
"chr22"	38408728	38408729	95.8
"chr1"	166319728	166319729	84.4
"chr13"	67904352	67904353	95
"chr3"	128639743	128639744	95.7
"chr1"	167727531	167727532	96.9
"chr13"	71682220	71682221	5.4
"chrX"	142526726	142526727	94.9
"chr15"	97530170	97530171	82.5
"chr18"	62659655	62659656	93.2
"chr5"	102206872	102206873	95
"chr5"	116614611	116614612	79.9
"chr21"	42791237	42791238	64.6
"chr6"	14211166	14211167	3.2
"chr11"	106723690	106723691	4.8
"chr20"	10515105	10515106	95.9
"chr5"	92537117	92537118	93.3
"chr12"	66088279	66088280	39.4
"chr1"	202966192	202966193	90.2
"chr12"	37343376	37343377	48.4
"chr1"	123755341	123755342	38.4
"chr11"	115623330	115623331	84.8
"chr2"	36530839	36530840	81.8
"chr20"	21224078	21224079	95.4
"chr19"	41468845	41468846	87
"chr20"	482951	482952	96.2
"chr6"	15044022	15044023	83.7
"chr5"	158500682	158500683	77.8
"chr22"	35547803	35547804	96.2
"chr14"	77386386	77386387	93.5
"chr7"	56229832	56229833	3.2
"chr14"	97131419	97131420	33.5
"chr11"	121975974	121975975	93.5
"chr20"	51032156	51032157	60.3
"chr10"	133203019	133203020	77
"chr4"	160016431	160016432	38.7
"chr10"	17989927	17989928	2.9
"chr2"	85698920	85698921	96.5
"chr1"	230395140	230395141	37.5
"chr18"	59257087	59257088	64.5
"chr9"	18258273	18258274	55.9
"chr15"	75648066	75648067	4.2
"chr14"	54949963	54949964	94.8
"chr2"	25639261	25639262	97.4
"chr22"	34882016	34882017	86.4
"chr18"	7013876	7013877	69.3
"chr4"	171968295	171968296	95.7
"chr10"	17489546	17489547	81.5
"chrX"	116620746	116620747	6.1
"chr20"	41882780	41882781	34.6
"chr15"	87329565	87329566	80.4
"chr2"	216272740	216272741	83
"chr3"	45428066	45428067	96.3
"chr20"	59209804	59209805	9.2
"chr8"	62503476	62503477	95.1
"chr6"	44618694	44618695	3.2
"chr8"	59719483	59719484	45.6
"chr1"	98909845	98909846	5.9
"chr6"	71497624	71497625	92.7
"chr6"	45180403	45180404	95.4
"chr19"	6699368	6699369	77.2
"chrY"	4897000	4897001	93.1
"chr12"	56686025	56686026	4.9
"chr10"	23681430	23681431	95.8
"chr10"	129511221	129511222	33.9
"chr17"	45819633	45819634	36.8
"chr1"	2230687	2230688	82.2
"chr20"	19227041	19227042	76.3
"chr6"	29594690	29594691	55.5
"chr6"	56694853	56694854	96.9
"chr20"	16954853	16954854	5.8
"chr13"	39827571	39827572	85.3
"chr17"	42516476	42516477	59.8
"chr22"	46720522	46720523	95.3
"chr10"	99566916	99566917	54.4
"chr5"	106057256	106057257	94.8
"chr17"	65292696	65292697	73.8
"chr8"	83048183	83048184	85
"chr7"	30117198	30117199	51
"chr3"	100991844	100991845	22.4
"chr2"	104238133	104238134	90.4
"chr3"	109168793	109168794	93.1
"chr22"	48087506	48087507	92.1
"chr7"	67916624	67916625	5.6
"chr1"	924865	924866	3.7
"chrX"	106929509	106929510	97
"chr12"	117287476	117287477	82.1
"chr7"	105872451	105872452	49.1
"chr2"	228465993	228465994	3.9
"chr1"	192026431	192026432	73.4
"chr13"	110812795	110812796	94.6
"chr3"	50801989	50801990	87.9
"chr18"	11396387	11396388	87.6
"chr9"	130516229	130516230	95.4
"chr9"	24400449	24400450	94.1
"chr15"	25979130	25979131	92.7
"chr6"	165098461	165098462	39.6
"chr22"	16085758	16085759	52.9
"chr1"	165184558	165184559	94.9
"chr17"	71498372	71498373	89.3
"chr5"	174831907	174831908	13
"chr10"	23342077	23342078	94.8
"chr12"	25479591	25479592	97.3
"chr1"	211515727	211515728	3.2
"chr14"	73389226	73389227	96.3
"chr17"	7003528	7003529	94.9
"chr3"	70487792	70487793	44
"chr1"	143863765	143863766	41.5
"chrX"	116012398	116012399	96.3
"chr6"	84630690	84630691	71.2
"chr12"	75706829	75706830	5
"chr5"	156334231	156334232	95.8
"chr3"	67355018	67355019	89.7
"chrY"	15138694	15138695	45.4
"chr4"	169597805	169597806	96.6
"chr3"	52686306	52686307	3.5
"chr18"	15588798	15588799	91.1
"chrX"	143713009	143713010	79
"chr5"	6812089	6812090	4.9
"chr19"	54091062	54091063	72.7
"chrX"	134417629	134417630	96.7
"chr10"	104524974	104524975	92.1
"chr16"	70762659	70762660	93.3
"chr14"	30824445	30824446	95.9
"chr9"	97827000	97827001	94.9
"chr7"	66108209	66108210	95.8
"chr9"	136208308	136208309	97
"chr10"	62782632	62782633	97.2
"chr1"	149932898	149932899	94.5
"chr1"	71097832	71097833	84.8
"chr5"	9725971	9725972	90.5
"chr10"	112938846	112938847	81.7
"chr1"	27824714	27824715	97.2
"chr19"	1020557	1020558	4.1
"chr16"	25031436	25031437	3.9
"chr22"	29260821	29260822	96
"chr6"	40543524	40543525	4.6
"chr4"	89306320	89306321	61.2
"chr13"	29264519	29264520	60.5
"chr9"	120882709	120882710	96.4
"chr10"	4056912	4056913	87.5
"chr1"	148679903	148679904	4.3
"chr5"	135029147	135029148	5.7
"chr12"	129574935	129574936	90.7
"chr20"	1184420	1184421	15.2
"chrX"	40075040	40075041	95.8
"chr9"	133038282	133038283	96.2
"chr13"	26407801	26407802	89.3
"chr14"	60328098	60328099	3.3
"chr10"	32211106	32211107	49.8
"chr14"	44274772	44274773	94.4
"chr7"	150813770	150813771	73
"chr8"	28943392	28943393	46.9
"chr7"	8232214	8232215	95.6
"chrX"	89206786	89206787	86.9
"chr5"	21475135	21475136	94.8
"chr3"	192300713	192300714	93
"chr12"	114697080	114697081	3.1
"chr8"	133535039	133535040	92.8
"chrX"	34797518	34797519	95.6
"chr9"	78608822	78608823	9
"chr9"	36004178	36004179	3.8
"chr3"	138869238	138869239	6.5
"chr1"	57361786	57361787	28.6
"chr2"	234951662	234951663	2.9
"chr2"	165957250	165957251	85.7
"chr1"	247534511	247534512	84.3
"chr1"	172644281	172644282	92.5
"chr9"	1420620	1420621	96.4
"chr2"	65489452	65489453	95.5
"chr5"	34929696	34929697	3
"chrX"	102874101	102874102	95.6
"chr10"	70199124	70199125	84.3
"chr20"	57207914	57207915	96.6
"chr9"	135109310	135109311	61
"chr6"	60267220	60267221	94.2
"chr10"	71886664	71886665	96.7
"chr8"	127482433	127482434	95.6
"chr9"	110921003	110921004	6.5
"chr2"	217216639	217216640	95.5
"chr7"	84449261	84449262	7
"chr13"	100855750	100855751	62.9
"chr8"	77559473	77559474	95.2
"chr18"	71802242	71802243	7.7
"chr7"	14085396	14085397	57.7
"chr11"	28650289	28650290	72.5
"chr16"	670975	670976	95
"chr20"	150003	150004	57.4
"chr20"	24778643	24778644	39.3
"chr6"	85380865	85380866	95
"chr2"	194966238	194966239	6.4
"chr17"	74562684	74562685	88.8
"chr7"	57586198	57586199	22
"chr17"	74923439	74923440	3.5
"chrX"	121280861	121280862	22.1
"chr1"	184008258	184008259	27.9
"chr10"	25481931	25481932	95.9
"chr11"	18103582	18103583	94.9
"chr2"	40230570	40230571	33.8
"chr12"	85925773	85925774	73.1
"chr19"	13956499	13956500	96.3
"chr7"	122816991	122816992	82.1
"chr5"	136029015	136029016	3.8
"chr8"	6874228	6874229	47.4
"chr12"	51148427	51148428	95.4
"chr13"	35454813	35454814	94.9
"chr22"	48242936	48242937	96.2
"chr4"	25299294	25299295	92.9
"chr13"	41044591	41044592	94.3
"chr5"	81788892	81788893	96.7
"chr2"	236352111	236352112	13
"chr20"	63796056	63796057	97
"chr5"	157584377	157584378	94.6
"chr12"	7320775	7320776	77.6
"chr12"	105053912	105053913	90.1
"chr3"	196770782	196770783	96.5
"chr18"	28144832	28144833	54.9
"chr3"	12807089	12807090	45.3
"chr6"	75533951	75533952	95.3
"chrX"	49270469	49270470	3.1
"chr13"	109057183	109057184	94.3
"chr2"	105893176	105893177	97
"chr16"	71989371	71989372	94.7
"chr22"	21736228	21736229	16.8
"chr16"	4726226	4726227	95.7
"chr16"	86661066	86661067	91.9
"chr4"	106264856	106264857	96.5
"chr4"	103183254	103183255	96.5
"chr7"	54350689	54350690	24
"chr14"	85732438	85732439	78
"chr3"	111768615	111768616	42.9
"chr15"	29138226	29138227	46.7
"chr8"	97344037	97344038	32.5
"chr15"	50686852	50686853	3
"chr5"	31949710	31949711	93.1
"chr5"	78986845	78986846	6.2
"chr1"	86414633	86414634	11.4
"chr7"	145467254	145467255	78.7
"chr21"	38993833	38993834	38.2
"chr5"	132157780	132157781	96.7
"chr14"	87178960	87178961	54.6
"chr13"	26591264	26591265	61.8
"chr3"	119971901	119971902	96.4
"chr10"	77885417	77885418	25
"chr7"	115745943	115745944	91.3
"chr2"	95662108	95662109	73.1
"chr5"	94068679	94068680	96.2
"chr17"	42860580	42860581	96.3
"chr3"	123394398	123394399	56.8
"chr3"	55747527	55747528	94
"chr20"	39786344	39786345	80.1
"chr2"	74458559	74458560	30.5
"chr17"	33519441	33519442	68.4
"chr6"	70510260	70510261	88.3
"chr4"	3765471	3765472	2.9
"chr10"	124808260	124808261	95.8
"chr3"	148073491	148073492	94.9
"chr2"	65764229	65764230	81.9
"chr3"	70778470	70778471	65.5
"chr4"	152015588	152015589	95.4
"chr10"	41442913	41442914	92.6
"chr18"	79661287	79661288	54.6
"chr8"	11415393	11415394	96.7
"chr7"	143323798	143323799	78
"chr1"	5383874	5383875	88.1
"chr1"	146776492	146776493	94.3
"chr14"	32329474	32329475	87
"chr7"	50630452	50630453	89.1
"chr13"	110714348	110714349	4.2
"chr2"	47308629	47308630	96.7
"chr2"	91511778	91511779	65.1
"chr6"	139653207	139653208	3.4
"chr2"	82532847	82532848	42.2
"chr18"	39888712	39888713	26.6
"chr14"	73148886	73148887	96.8
"chr1"	145966656	145966657	94.1
"chr1"	197073914	197073915	97.2
"chr7"	135351022	135351023	82.9
"chr18"	66182189	66182190	83.2
"chr12"	64532526	64532527	58.1
"chr7"	17706562	17706563	93.6
"chrY"	10913038	10913039	4.2
"chr6"	40392460	40392461	96.3
"chr9"	126416232	126416233	4.4
"chr10"	47024878	47024879	2.9
"chr15"	92872273	92872274	96.1
"chr5"	21523593	21523594	96.9
"chr9"	41764174	41764175	89.5
"chr16"	61617100	61617101	22.6
"chr6"	133838914	133838915	95.5
"chr7"	144268890	144268891	91.4
"chr20"	10599926	10599927	96.2
"chr9"	8434084	8434085	55.4
"chrX"	11325078	11325079	96.6
"chr12"	9427179	9427180	96.7
"chr3"	143176532	143176533	94.3
"chr3"	158979442	158979443	13.6
"chr19"	16326493	16326494	4.2
"chr16"	6555774	6555775	61.2
"chr10"	116059828	116059829	40
"chr1"	78778859	78778860	30.2
"chr4"	57300564	57300565	96.2
"chr9"	101102971	101102972	64.4
"chr11"	103234379	103234380	86.7
"chr3"	195074978	195074979	95.1
"chr2"	17449070	17449071	95
"chr12"	59851712	59851713	69
"chr10"	89782857	89782858	38
"chr12"	132295939	132295940	95.5
"chr10"	118308928	118308929	96.3
"chr12"	80578432	80578433	95.3
"chr1"	233328381	233328382	3.5
"chrX"	136782712	136782713	93.7
"chrX"	149443491	149443492	69.1
"chr9"	77422503	77422504	95.5
"chr10"	33321242	33321243	96
"chr19"	17911636	17911637	81
"chr16"	15628694	15628695	96.6
"chr17"	2569643	2569644	95.6
"chr5"	171084229	171084230	48.4
"chr16"	51136425	51136426	65.7
"chr3"	194528732	194528733	96.4
"chr6"	74919541	74919542	84
"chr22"	46962621	46962622	95.4
"chr2"	33492952	33492953	94.9
"chr8"	55404878	55404879	95.4
"chr19"	53950400	53950401	65.2
"chr7"	32417140	32417141	84.5
"chr3"	186292287	186292288	97.4
"chr13"	59004751	59004752	6.6
"chr13"	73742780	73742781	92.4
"chr2"	35383928	35383929	95.4
"chr4"	83784773	83784774	95.8
"chr8"	52931464	52931465	54
"chr19"	5102794	5102795	95.8
"chr19"	4054209	4054210	96.4
"chr8"	13277059	13277060	56.4
"chr20"	46451483	46451484	52.1
"chr4"	23026246	23026247	4.3
"chr13"	71155358	71155359	3.7
"chr11"	53460082	53460083	89.3
"chrX"	126808954	126808955	19.4
"chr3"	46255832	46255833	7.5
"chr11"	68542120	68542121	96.2
"chr6"	123505191	123505192	95.4
"chr17"	73352401	73352402	91
"chr10"	1108750	1108751	96.7
"chr9"	120683561	120683562	93.1
"chr8"	47339298	47339299	94.5
"chr11"	70065949	70065950	89.2
"chr1"	943786	943787	96.4
"chr17"	59498375	59498376	85.7
"chr13"	48015898	48015899	54.1
"chr22"	48984366	48984367	55.5
"chr16"	37185643	37185644	44.5
"chr7"	24062502	24062503	76.7
"chr3"	10271852	10271853	92.5
"chr19"	13029550	13029551	97.1
"chr4"	126563575	126563576	96.1
"chr11"	64240096	64240097	5.4
"chr16"	18707919	18707920	93.7
"chr5"	120866651	120866652	42.9
"chr12"	63931506	63931507	79.9
"chr19"	14381532	14381533	3.2
"chr18"	12611952	12611953	83.9
"chr16"	14597522	14597523	96.6
"chr11"	118999378	118999379	96.4
"chr16"	15724300	15724301	96.4
"chr7"	30223790	30223791	90
"chr4"	54228362	54228363	3.9
"chr10"	106850590	106850591	79.6
"chr8"	4497562	4497563	59
"chr6"	101394469	101394470	3.4
"chr11"	105110907	105110908	5.5
"chr3"	110453353	110453354	42.4
"chr9"	43150374	43150375	81.6
"chr5"	15011405	15011406	80.9
"chr16"	70806061	70806062	80.3
"chr7"	137888511	137888512	78.4
"chr21"	36115657	36115658	59.8
"chr11"	114899623	114899624	15
"chr21"	37176077	37176078	96.9
"chr4"	88652995	88652996	96.9
"chr13"	37918033	37918034	8.8
"chr4"	4582817	4582818	96.2
"chr12"	31475850	31475851	95.1
"chr2"	205311532	205311533	12.9
"chr10"	49523732	49523733	86.8
"chr13"	95087378	95087379	97.1
"chr20"	23446534	23446535	96.3
"chr2"	196028836	196028837	26.4
"chr13"	47981766	47981767	96.7
"chr19"	8113812	8113813	96.1
"chr14"	56855284	56855285	92.4
"chr4"	91940888	91940889	96
"chr2"	175604300	175604301	21.1
"chr10"	16959764	16959765	81.2
"chr5"	180362528	180362529	66.5
"chr3"	108452913	108452914	37.5
"chr4"	72762976	72762977	95.1
"chr22"	46143676	46143677	94.4
"chr18"	74091	74092	94.7
"chr9"	38896548	38896549	86.8
"chr18"	35829576	35829577	4.3
"chr22"	49576168	49576169	34.7
"chr10"	7974840	7974841	96.4
"chr20"	62800953	62800954	97.1
"chrX"	2167345	2167346	95
"chr12"	57488118	57488119	2.8
"chr8"	48380870	48380871	4.2
"chr4"	121977290	121977291	95.8
"chr15"	87468271	87468272	63.6
"chr4"	87923479	87923480	96.7
"chr12"	30148010	30148011	93.5
"chr8"	1626973	1626974	93.9
"chr16"	26476353	26476354	86.4
"chr12"	80104821	80104822	95.6
"chr1"	168783539	168783540	77.4
"chr17"	75419792	75419793	91
"chr17"	40785440	40785441	96.3
"chr12"	6227009	6227010	95.4
"chr11"	113265640	113265641	5.7
"chr1"	37604112	37604113	29
"chr20"	29050230	29050231	45.6
"chr11"	40581189	40581190	83.7
"chr17"	17812677	17812678	95.8
"chr14"	90337192	90337193	91.2
"chr5"	94561159	94561160	53.4
"chr11"	78485959	78485960	96
"chr3"	22707995	22707996	97.2
"chrX"	123603688	123603689	97.1
"chr16"	10362398	10362399	3.2
"chr13"	16519959	16519960	57.2
"chr19"	20199321	20199322	96.8
"chr7"	97203287	97203288	93.3
"chr19"	43639375	43639376	39.4
"chr6"	6516767	6516768	28.6
"chr3"	194056688	194056689	90.5
"chr6"	49270873	49270874	4.4
"chr9"	137149621	137149622	68.2
"chr6"	21423050	21423051	79.5
"chr18"	29682639	29682640	89.9
"chrX"	89130256	89130257	54.7
"chr2"	94823816	94823817	85.1
"chr12"	109305958	109305959	94.2
"chr14"	100678548	100678549	64.5
"chr3"	62448347	62448348	94.6
"chrX"	38892865	38892866	96.1
"chr9"	137521736	137521737	96.8
"chr6"	157542236	157542237	11.3
"chr10"	92182749	92182750	96
"chr3"	78327047	78327048	60.1
"chr4"	72744126	72744127	91.2
"chr9"	31918418	31918419	29.9
"chr9"	65514202	65514203	47.1
"chr10"	40483026	40483027	66
"chr17"	56073313	56073314	89.9
"chr1"	11502084	11502085	12
"chr18"	24866578	24866579	96.3
"chr4"	48687901	48687902	95.1
"chr2"	81481716	81481717	96.8
"chr4"	151817818	151817819	65.2
"chr7"	104711217	104711218	10.6
"chr11"	622182	622183	96.3
"chr3"	45211761	45211762	95.7
"chr5"	58156355	58156356	72.8
"chr17"	3754769	3754770	14.3
"chr12"	108543789	108543790	96.8
"chr15"	61564991	61564992	3.3
"chr20"	54039859	54039860	22
"chr9"	24118015	24118016	90.6
"chr13"	61158641	61158642	30
"chr17"	17523774	17523775	4.3
"chr5"	22655238	22655239	96.3
"chr11"	76716289	76716290	58.2
"chr14"	27702829	27702830	95.7
"chr4"	47958175	47958176	60.5
"chr1"	231842889	231842890	36.5
"chr11"	114270054	114270055	79.2
"chr8"	48008846	48008847	2.5
"chr18"	7934042	7934043	84.4
"chr12"	92825216	92825217	97.3
"chr7"	13306381	13306382	85.4
"chr7"	141462884	141462885	54.1
"chr17"	37627317	37627318	96
"chr20"	54185164	54185165	52.9
"chr17"	4686173	4686174	95.4
"chr1"	143186654	143186655	87.9
"chr18"	30811452	30811453	8.9
"chr12"	33125529	33125530	8.6
"chr10"	42097485	42097486	69
"chr3"	122691448	122691449	4.5
"chr12"	60142472	60142473	59.6
"chr6"	166667931	166667932	59.9
"chr19"	54954705	54954706	96.9
"chr1"	76568086	76568087	95.2
"chr18"	20957510	20957511	95.6
"chr4"	186197462	186197463	93.4
"chr6"	33562768	33562769	81.4
"chr9"	135551631	135551632	94.9
"chr12"	122065848	122065849	96.5
"chr2"	126443241	126443242	96.6
"chr5"	181183427	181183428	3.8
"chr19"	45161395	45161396	95.9
"chr12"	98668127	98668128	51.2
"chr6"	16080736	16080737	72.7
"chr11"	69857121	69857122	4.4
"chr6"	84736831	84736832	95.1
"chr10"	103848425	103848426	3.7
"chr8"	28732847	28732848	96.5
"chr14"	77316955	77316956	85.8
"chr1"	67715020	67715021	94.9
"chr7"	19526496	19526497	32
"chr6"	130641825	130641826	77.1
"chr4"	116367392	116367393	72.3
"chr8"	130555241	130555242	95.9
"chr6"	152257360	152257361	94
"chr8"	69882688	69882689	96.9
"chr4"	54232390	54232391	4.1
"chr2"	65158943	65158944	95.9
"chr2"	197922589	197922590	96.1
"chr1"	30781681	30781682	72.8
"chrX"	134841742	134841743	95
"chr7"	47868788	47868789	97.2
"chr8"	40157529	40157530	94.9
"chr17"	61378305	61378306	96.6
"chr20"	862676	862677	6.3
"chr19"	51616802	51616803	96.6
"chr1"	118081367	118081368	58.7
"chr1"	242871446	242871447	27.4
"chr1"	204290960	204290961	91.1
"chr1"	116677654	116677655	96.3
"chr16"	3544773	3544774	97.2
"chr11"	70291922	70291923	96.4
"chr13"	40508651	40508652	84
"chr9"	33366007	33366008	97.7
"chr3"	66712352	66712353	55
"chr7"	70397125	70397126	95.5
"chr16"	18168254	18168255	97.4
"chr12"	64184933	64184934	56.4
"chr1"	121497113	121497114	97.1
"chr12"	49741845	49741846	3.2
"chr4"	168431607	168431608	96.9
"chr14"	36449917	36449918	86.6
"chr10"	92611446	92611447	94.8
"chr8"	131821530	131821531	50
"chr9"	118456261	118456262	93.5
"chr16"	57056947	57056948	84.1
"chr6"	75226796	75226797	52.9
"chr3"	61648617	61648618	46.4
"chr7"	147187375	147187376	45.6
"chr7"	138926255	138926256	92.8
"chr11"	71101255	71101256	85.6
"chr9"	127458312	127458313	96.9
"chr19"	12881920	12881921	4
"chr21"	46607446	46607447	93.9
"chr15"	24374247	24374248	26.1
"chr11"	71692080	71692081	91.4
"chr6"	28751893	28751894	95.1
"chr18"	64457429	64457430	78
"chr3"	170222710	170222711	3.7
"chr8"	13438901	13438902	72.7
"chr7"	149772741	149772742	3.6
"chr2"	63804336	63804337	88.3
"chr17"	5247240	5247241	95.9
"chr4"	183231371	183231372	95.5
"chr6"	169384721	169384722	52.8
"chr3"	183756609	183756610	85.6
"chr8"	41524470	41524471	93.1
"chr11"	12227032	12227033	68.9
"chr7"	16541995	16541996	96.9
"chr13"	106170422	106170423	5.4
"chr7"	152674813	152674814	32.4
"chr9"	137679045	137679046	95.5
"chr4"	11447909	11447910	93.7
"chr15"	57492922	57492923	9.6
"chr20"	50192967	50192968	4.1
"chr1"	9033744	9033745	3.9
"chr11"	33307647	33307648	96.1
"chr9"	121722357	121722358	52.5
"chr3"	96305680	96305681	79.2
"chr12"	9884503	9884504	85.4
"chr19"	45884673	45884674	97
"chr2"	144509942	144509943	8.3
"chr5"	58461390	58461391	55
"chr9"	24301787	24301788	80.6
"chr8"	141010893	141010894	96.5
"chr1"	24438473	24438474	95.7
"chr16"	31458351	31458352	2.8
"chr17"	54317026	54317027	95.6
"chr5"	41928612	41928613	96
"chr1"	88002070	88002071	68.3
"chr10"	94965003	94965004	79
"chr6"	136181488	136181489	47
"chr4"	139785910	139785911	95.1
"chr4"	34506949	34506950	51.2
"chr14"	80374500	80374501	86.9
"chr1"	36525478	36525479	95.3
"chr16"	69077041	69077042	89.4
"chr3"	156146632	156146633	7.3
"chr22"	17531249	17531250	82.5
"chr7"	62198229	62198230	26
"chr1"	145330387	145330388	96
"chr5"	134555934	134555935	3
"chr1"	2129775	2129776	76.3
"chr1"	31969967	31969968	96.1
"chr4"	189089390	189089391	37.6
"chr4"	10563830	10563831	96.9
"chr20"	44952877	44952878	95.2
"chr16"	29648761	29648762	96.6
"chr16"	65630951	65630952	81.3
"chr4"	11178534	11178535	75.5
"chr20"	24626290	24626291	95
"chr19"	42854806	42854807	55.6
"chr8"	49034763	49034764	15.1
"chr6"	164933453	164933454	90.2
"chr19"	4536493	4536494	95.8
"chr2"	124246933	124246934	15.7
"chrX"	152378548	152378549	95.7
"chr10"	86388326	86388327	94.4
"chr9"	93557902	93557903	95.6
"chr10"	129614230	129614231	95.6
"chr19"	19562460	19562461	94.4
"chr22"	21768248	21768249	95.1
"chr19"	40417341	40417342	5
"chr11"	7518971	7518972	78.5
"chr18"	50435321	50435322	77.6
"chr2"	109701087	109701088	42.2
"chr2"	35679242	35679243	44.6
"chr17"	737306	737307	95.5
"chr16"	89137204	89137205	97
"chr12"	56470619	56470620	91.4
"chr21"	19777410	19777411	94.2
"chr6"	23867597	23867598	32.7
"chr14"	74282862	74282863	96.3
"chr2"	14731683	14731684	93.9
"chr19"	9535026	9535027	95.5
"chr18"	77837801	77837802	63.1
"chr9"	77154948	77154949	90.5
"chr18"	57752644	57752645	92.9
"chr14"	105588247	105588248	88.6
"chr22"	39660450	39660451	57.4
"chr20"	46946264	46946265	59
"chr14"	104117601	104117602	19
"chr4"	36244220	36244221	2.9
"chr11"	133992844	133992845	92.8
"chr5"	23703182	23703183	92
"chr1"	224736869	224736870	10.8
"chr18"	20577687	20577688	95.7
"chr11"	78222642	78222643	95.3
"chr4"	78241054	78241055	75.8
"chr8"	21491478	21491479	96.1
"chr5"	126735882	126735883	97
"chrX"	84746003	84746004	95.2
"chr13"	73425723	73425724	92.6
"chrY"	25001448	25001449	96.9
"chr13"	23577730	23577731	94.3
"chr15"	91371016	91371017	9.6
"chr10"	1655017	1655018	42.2
"chr6"	137418363	137418364	78.8
"chr3"	58716309	58716310	96.4
"chr1"	19754846	19754847	96.5
"chr10"	118061304	118061305	7.4
"chr1"	107523459	107523460	59.3
"chr5"	1429354	1429355	61.4
"chr14"	75153837	75153838	97
"chr16"	4959796	4959797	73.6
"chr20"	21943943	21943944	62.7
"chr9"	30816990	30816991	21.2
"chr10"	24574481	24574482	23.5
"chr18"	38521865	38521866	4.4
"chr2"	121057500	121057501	25.1
"chr18"	52003583	52003584	58.1
"chr2"	233147356	233147357	95.4
"chr1"	93234438	93234439	97.3
"chr12"	684018	684019	93
"chr10"	50533882	50533883	7.1
"chr1"	123716631	123716632	66.8
"chr9"	35797425	35797426	89.8
"chr2"	3771030	3771031	96.1
"chr14"	32259259	32259260	97.1
"chr10"	75259779	75259780	95.7
"chr5"	179345679	179345680	3.7
"chr10"	133267808	133267809	96.9
"chr16"	36407322	36407323	37.7
"chr7"	55855162	55855163	95.5
"chr22"	21428582	21428583	93.6
"chr3"	13835109	13835110	34.4
"chr1"	233998845	233998846	91.5
"chr1"	6461491	6461492	97
"chr13"	103572840	103572841	21.7
"chr4"	22721044	22721045	94
"chr2"	230993275	230993276	69
"chr2"	240361985	240361986	45.2
"chr4"	28699497	28699498	5.5
"chr3"	158067434	158067435	92.3
"chr1"	49349612	49349613	4
"chr9"	82760671	82760672	84
"chr1"	198108621	198108622	88.4
"chr17"	39165267	39165268	3.3
"chr12"	116141922	116141923	95.6
"chr2"	215925925	215925926	96.5
"chr11"	66472115	66472116	93.9
"chrX"	28930939	28930940	84.1
"chr12"	48124875	48124876	96.4
"chr22"	48131275	48131276	95.2
"chr11"	122636634	122636635	76.3
"chr7"	98270591	98270592	95.7
"chrX"	5095284	5095285	95.5
"chr21"	45970855	45970856	4.2
"chr9"	95896633	95896634	97.3
"chr7"	155125452	155125453	71.1
"chr9"	134681500	134681501	90
"chr19"	11435265	11435266	3.4
"chr10"	16791484	16791485	96.5
"chr11"	132747821	132747822	50.6
"chr2"	72438135	72438136	23.9
"chr10"	33294382	33294383	92.2
"chr11"	117223631	117223632	96.3
"chr3"	129697850	129697851	97.4
"chr9"	31331949	31331950	93.5
"chr3"	134492135	134492136	96.2
"chr1"	147191144	147191145	96.4
"chr18"	3576297	3576298	95.9
"chr1"	13673247	13673248	96.2
"chr17"	14555966	14555967	82.2
"chr1"	25082661	25082662	85.9
"chr13"	110914520	110914521	3.3
"chr9"	119882283	119882284	40.4
"chr12"	127698482	127698483	94.2
"chr1"	248839957	248839958	95.5
"chr11"	24137707	24137708	42.6
"chr2"	23890162	23890163	95.2
"chr13"	111147942	111147943	94.9
"chr4"	75684382	75684383	96.3
"chr22"	10615983	10615984	4.7
"chr1"	211784833	211784834	96.4
"chr7"	157612593	157612594	92.2
"chr7"	97927680	97927681	96.3
"chr3"	128695998	128695999	94.7
"chr4"	40821834	40821835	74.3
"chr1"	37699791	37699792	95.4
"chr2"	44424244	44424245	96.3
"chr16"	675926	675927	43.2
"chr19"	1816578	1816579	85.6
"chr6"	33923390	33923391	96
"chr12"	13767072	13767073	96.5
"chr1"	96225299	96225300	40.2
"chr2"	53499313	53499314	88.4
"chr6"	49849294	49849295	2.5
"chr20"	35054104	35054105	66.2
"chr6"	20567054	20567055	95.8
"chr3"	105521775	105521776	97
"chr1"	117593299	117593300	96
"chr20"	56227919	56227920	5.2
"chr1"	181397539	181397540	94.4
"chr3"	60880307	60880308	95
"chr9"	109733260	109733261	5
"chr2"	78032296	78032297	29.8
"chrX"	46575133	46575134	2.5
"chr12"	129469198	129469199	44.7
"chr2"	144524432	144524433	4.3
"chr2"	235631625	235631626	90.7
"chr4"	49996860	49996861	79.7
"chr16"	11357482	11357483	96.6
"chr17"	56544337	56544338	96.3
"chr22"	31758801	31758802	97.3
"chr2"	197126816	197126817	93
"chr9"	38338184	38338185	94.3
"chr6"	82701621	82701622	53.4
"chr2"	216143729	216143730	96.8
"chr2"	216572707	216572708	47.9
"chr1"	189346120	189346121	43.6
"chr5"	30390855	30390856	53.6
"chr5"	76885065	76885066	26.7
"chr7"	38175809	38175810	95.9
"chr16"	14710651	14710652	96.7
"chr6"	82092028	82092029	57.2
"chr10"	93243822	93243823	95.7
"chr1"	244036677	244036678	94.9
"chr21"	13160756	13160757	95
"chr18"	74234697	74234698	93.1
"chr4"	46877441	46877442	23.7
"chr10"	22535575	22535576	90.1
"chr12"	111145662	111145663	82.9
"chr16"	70614553	70614554	74.3
"chr3"	74647604	74647605	92.3
"chr8"	1248316	1248317	94.2
"chr13"	72253304	72253305	10.9
"chr20"	26276260	26276261	90.8
"chr13"	59114463	59114464	31.2
"chr11"	107906926	107906927	70.1
"chr14"	104591906	104591907	11.1
"chr15"	29342198	29342199	57.6
"chr10"	49393865	49393866	5.5
"chr22"	35840612	35840613	3.2
"chr10"	2966791	2966792	15.5
"chr5"	93298762	93298763	96.2
"chr12"	7998238	7998239	96.4
"chr3"	71278213	71278214	88.9
"chr1"	211126440	211126441	95.7
"chr3"	54928392	54928393	45.8
"chr1"	94319617	94319618	94.5
"chr11"	134865357	134865358	96
"chr15"	61237292	61237293	92.6
"chr1"	113575013	113575014	95.3
"chr17"	59733557	59733558	96.6
"chr1"	39954975	39954976	2.9
"chr6"	86156937	86156938	89.8
"chr10"	2332497	2332498	47.8
"chr3"	42240550	42240551	61.2
"chr7"	118326	118327	55.3
"chrX"	41901219	41901220	95.7
"chr2"	199076320	199076321	86.4
"chr1"	114597787	114597788	29.6
"chr22"	20356619	20356620	94.8
"chr15"	55010497	55010498	23
"chr6"	122683715	122683716	76.7
"chrX"	80022290	80022291	3.1
"chr8"	1256459	1256460	95.9
"chr11"	119508247	119508248	94.9
"chr5"	2658574	2658575	94.3
"chr11"	69029330	69029331	25.7
"chr6"	152898003	152898004	2.6
"chr1"	44644204	44644205	96.7
"chr17"	17513510	17513511	94.7
"chr7"	46430441	46430442	72.4
"chr13"	70088617	70088618	2.6
"chr4"	153016108	153016109	42.4
"chr18"	78343022	78343023	15.4
"chr10"	111256474	111256475	85.4
"chr14"	69343884	69343885	25.9
"chr4"	98921319	98921320	85
"chr19"	55254693	55254694	3.8
"chr2"	110729128	110729129	95.2
"chr1"	220008092	220008093	93.7
"chr9"	97306868	97306869	87.5
"chr17"	66215827	66215828	81.4
"chr1"	150867892	150867893	95.1
"chr17"	13944230	13944231	76.4
"chr18"	61133190	61133191	8.4
"chr6"	91921213	91921214	85.6
"chr17"	26838417	26838418	96.6
"chr19"	39682909	39682910	96.6
"chr13"	46031061	46031062	96
"chr10"	40964280	40964281	67
"chr10"	49115906	49115907	96.6
"chr6"	107122735	107122736	94.3
"chr8"	49592836	49592837	61.7
"chr8"	70403059	70403060	3.9
"chr9"	19588828	19588829	48.9
"chr13"	87598709	87598710	5
"chr17"	17251940	17251941	52.8
"chr13"	73318567	73318568	68.7
"chr3"	17431000	17431001	23.9
"chr5"	81028878	81028879	85
"chr3"	123062897	123062898	82.4
"chr17"	19358071	19358072	90.9
"chr9"	97154937	97154938	96
"chr1"	3081271	3081272	82.8
"chr2"	235596808	235596809	16.1
"chr8"	45800226	45800227	86.7
"chr19"	36170573	36170574	52.3
"chr6"	30598721	30598722	96
"chr17"	19636877	19636878	93.5
"chr17"	33564334	33564335	93.7
"chr15"	31068506	31068507	50.2
"chrX"	49212775	49212776	73.9
"chr11"	28710709	28710710	5.6
"chr11"	26607983	26607984	71.7
"chr6"	148471754	148471755	95.8
"chr8"	55455247	55455248	96.9
"chr6"	36493421	36493422	97.2
"chr14"	77043926	77043927	3.7
"chr16"	31441765	31441766	96.2
"chr21"	36708504	36708505	4.5
"chr6"	34414328	34414329	96.9
"chr2"	127611318	127611319	49.3
"chr16"	87848759	87848760	96.2
"chr1"	32187196	32187197	97
"chr10"	21512201	21512202	96.4
"chr11"	125888065	125888066	3.3
"chr4"	157064313	157064314	5.3
"chr3"	112453996	112453997	95.2
"chr2"	38681967	38681968	49.4
"chr12"	92540714	92540715	7.5
"chr11"	71082393	71082394	96.6
"chr2"	83234957	83234958	59.4
"chr15"	73984030	73984031	94.6
"chr22"	48600461	48600462	96
"chr5"	143034846	143034847	92.6
"chr13"	53105595	53105596	61
"chr4"	83163854	83163855	93.8
"chr4"	135835604	135835605	95.5
"chr14"	76674743	76674744	64
"chr22"	41553312	41553313	97.3
"chr12"	130871092	130871093	3.2
"chr10"	82656935	82656936	33.1
"chrX"	51294742	51294743	81
"chr3"	67927180	67927181	38.2
"chr22"	49367848	49367849	81.7
"chr5"	40157536	40157537	97.3
"chr1"	222214824	222214825	33.6
"chr2"	220877679	220877680	89.6
"chr22"	45781182	45781183	96.7
"chr3"	56514919	56514920	3.8
"chr2"	210209431	210209432	93.3
"chr10"	1137859	1137860	95.7
"chr3"	82172366	82172367	90.5
"chr5"	36389676	36389677	38.3
"chr4"	117981820	117981821	65
"chr5"	173907251	173907252	94.8
"chr9"	128050108	128050109	68.1
"chr3"	15518751	15518752	93.3
"chr6"	142128115	142128116	69.7
"chr7"	36906791	36906792	96.7
"chr6"	147017405	147017406	95.7
"chr15"	61749345	61749346	93.7
"chr8"	636701	636702	95.2
"chr14"	67343601	67343602	96.8
"chr10"	29685705	29685706	95.9
"chr2"	96972716	96972717	95.3
"chr11"	15852254	15852255	48.8
"chr10"	58432573	58432574	73.5
"chr4"	2742132	2742133	97.2
"chr12"	114267705	114267706	45.2
"chr5"	50156470	50156471	4.1
"chr1"	38956837	38956838	90.3
"chr15"	29080585	29080586	50.8
"chr16"	68140580	68140581	95.7
"chr10"	91273308	91273309	94.6
"chr3"	81877412	81877413	89.6
"chr17"	38453461	38453462	3.2
"chr10"	110225862	110225863	2.8
"chr6"	64810400	64810401	35.7
"chr20"	62905753	62905754	96.3
"chr17"	78459149	78459150	97.3
"chr18"	60088843	60088844	93.5
"chr22"	36527072	36527073	96
"chr2"	182680003	182680004	92.1
"chr12"	55927748	55927749	3.4
"chr7"	85094347	85094348	45.6
"chr5"	131020058	131020059	79.4
"chr16"	62723164	62723165	12.9
"chr3"	42013647	42013648	3.7
"chr12"	127989923	127989924	48.9
"chr19"	8099436	8099437	95.9
"chr14"	64505001	64505002	3.1
"chr12"	115368850	115368851	60.7
"chr2"	77950182	77950183	44
"chr3"	160136663	160136664	5.6
"chr8"	7372493	7372494	95.8
"chr2"	71053000	71053001	94.3
"chr2"	46516353	46516354	92.6
"chr3"	54022329	54022330	75.6
"chr5"	154482674	154482675	2.6
"chr2"	29500243	29500244	90.6
"chr16"	76771186	76771187	34.2
"chr6"	74668047	74668048	97
"chr21"	39632500	39632501	37.5
"chr8"	89753549	89753550	87.8
"chr6"	1378810	1378811	3
"chr3"	37343895	37343896	55.2
"chr5"	100037353	100037354	66.8
"chrX"	29738690	29738691	58
"chr4"	7832425	7832426	86.3
"chr8"	51240789	51240790	3.5
"chr12"	65523293	65523294	53.2
"chr17"	1044673	1044674	97.5
"chr1"	21090232	21090233	34.1
"chr1"	115928213	115928214	39.5
"chr16"	26414004	26414005	82.9
"chr2"	235494159	235494160	5.9
"chr2"	96415523	96415524	95.6
"chr5"	167467998	167467999	95.2
"chr10"	33334399	33334400	3.5
"chr11"	12049890	12049891	95.6
"chr5"	157234272	157234273	86.7
"chr2"	231534749	231534750	91.7
"chr12"	69458651	69458652	89.5
"chr7"	68512810	68512811	73.2
"chrX"	115866081	115866082	77.1
"chr5"	118760680	118760681	66.9
"chr2"	241572377	241572378	95.7
"chr2"	233212964	233212965	95.3
"chr16"	85689322	85689323	3.2
"chr9"	134427389	134427390	97.5
"chr5"	138097725	138097726	91.6
"chr5"	28113999	28114000	9
"chr17"	41755169	41755170	61.7
"chr11"	123285343	123285344	93.9
"chr20"	19997179	19997180	50.8
"chr6"	104426674	104426675	53.2
"chr2"	226183540	226183541	3.4
"chr10"	59906731	59906732	3.4
"chrX"	131840847	131840848	95.6
"chr14"	75451070	75451071	96.8
"chr13"	108113747	108113748	46.1
"chr6"	91528153	91528154	88.9
"chr2"	131542128	131542129	28.2
"chr11"	11779895	11779896	16.2
"chr9"	39151324	39151325	93.7
"chr19"	4653889	4653890	96.9
"chr9"	34481190	34481191	60.1
"chr9"	137815846	137815847	95.7
"chr11"	249583	249584	96.9
"chr7"	139687000	139687001	94.5
"chr16"	79439551	79439552	84.3
"chr7"	4719213	4719214	94.6
"chr19"	14778348	14778349	4.7
"chr5"	33618888	33618889	86.4
"chr14"	84572257	84572258	40.7
"chr3"	172518499	172518500	95.1
"chr7"	99913594	99913595	95.9
"chr19"	45443891	45443892	3.3
"chr5"	61341100	61341101	96.4
"chr4"	7359989	7359990	31.1
"chr18"	17336797	17336798	74.4
"chr4"	165061710	165061711	95.5
"chr8"	49260677	49260678	41.2
"chr12"	105617182	105617183	95
"chr11"	27359510	27359511	89.7
"chr6"	154069269	154069270	18.3
"chr2"	222045925	222045926	89.6
"chr12"	71245757	71245758	93.5
"chr2"	228360296	228360297	8
"chr11"	83083087	83083088	96
"chr22"	44621023	44621024	59.2
"chr12"	32078434	32078435	96.1
"chr19"	5265126	5265127	82.2
"chr16"	86900604	86900605	87.3
"chr9"	74923666	74923667	94
"chr6"	144006707	144006708	68.8
"chr10"	43092886	43092887	3.7
"chr1"	7945047	7945048	95.1
"chr2"	232167688	232167689	97.1
"chr17"	46075524	46075525	96.2
"chr11"	124822816	124822817	45.6
"chr15"	77624057	77624058	47.7
"chr15"	25482161	25482162	88
"chr14"	33254654	33254655	32.5
"chr22"	38763653	38763654	96
"chr6"	3724133	3724134	96.3
"chr12"	120910514	120910515	48.2
"chr8"	110484789	110484790	81.2
"chr12"	3685020	3685021	90
"chr17"	38543772	38543773	95.5
"chr17"	62240892	62240893	96.9
"chr2"	100977940	100977941	90.6
"chr21"	32604476	32604477	96.2
"chr9"	128392953	128392954	75.8
"chr10"	90002140	90002141	94.5
"chr4"	53853709	53853710	80.3
"chr3"	22386093	22386094	93.8
"chr1"	85392589	85392590	42.5
"chr18"	18450723	18450724	69.2
"chr6"	1097323	1097324	80.8
"chr6"	125747140	125747141	3.8
"chr2"	63843256	63843257	95.4
"chr6"	64627711	64627712	91.3
"chr22"	12558749	12558750	64
"chr1"	118505051	118505052	83.1
"chr2"	31475046	31475047	29.1
"chr2"	83097949	83097950	93.5
"chr19"	33096391	33096392	32.1
"chr5"	65660459	65660460	96.1
"chr2"	159904649	159904650	3.1
"chr7"	142655412	142655413	30.9
"chr17"	50760920	50760921	97
"chr14"	66840234	66840235	97
"chr19"	17761681	17761682	95.9
"chr17"	42973035	42973036	95
"chr18"	77446929	77446930	85.3
"chr18"	43985784	43985785	79.8
"chr1"	161606176	161606177	96.5
"chr2"	61066162	61066163	4
"chr6"	163727453	163727454	86.1
"chr1"	161440143	161440144	3.2
"chr10"	66473760	66473761	7
"chr9"	97853256	97853257	2.7
"chr1"	231650706	231650707	68.7
"chr11"	40039887	40039888	12.3
"chr20"	36267893	36267894	95.5
"chr12"	52824217	52824218	29.2
"chr13"	71700383	71700384	90.6
"chr6"	133254133	133254134	73.8
"chr16"	543770	543771	78.5
"chr17"	65405645	65405646	90.5
"chr10"	82125186	82125187	81.9
"chr10"	97188356	97188357	69.8
"chr2"	110622849	110622850	96.2
"chr9"	93513786	93513787	96.1
"chr4"	149848359	149848360	96.2
"chr8"	17156669	17156670	3
"chr2"	216561434	216561435	76.7
"chr3"	142772565	142772566	96.9
"chr11"	66201090	66201091	96.3
"chr6"	148195478	148195479	61.7
"chr5"	167574772	167574773	53.6
"chr18"	79456094	79456095	71.7
"chr16"	81552136	81552137	96.3
"chr3"	168788530	168788531	12
"chr14"	47702072	47702073	4.7
"chr9"	76392854	76392855	96.2
"chr2"	148502378	148502379	96.5
"chr7"	61725426	61725427	92.1
"chr11"	6926469	6926470	4.3
"chr6"	79130176	79130177	90.2
"chr15"	88294983	88294984	57
"chr7"	51031475	51031476	69.4
"chr15"	25661966	25661967	11.5
"chr1"	59308722	59308723	95.2
"chr9"	75647678	75647679	88.4
"chr13"	31661605	31661606	6.9
"chr13"	20129249	20129250	95.6
"chr3"	14148777	14148778	95.3
"chr6"	122074083	122074084	62.7
"chr8"	126620036	126620037	69.6
"chr3"	187404099	187404100	68.1
"chr21"	36234146	36234147	47.8
"chr8"	89825261	89825262	82.5
"chr8"	107287244	107287245	69.3
"chr1"	229640049	229640050	95.4
"chrX"	48278017	48278018	21.5
"chr8"	48819711	48819712	95
"chr2"	55663104	55663105	95.9
"chr6"	29686187	29686188	38.6
"chr10"	68035860	68035861	95.5
"chr18"	9897766	9897767	83.3
"chr4"	102827599	102827600	3
"chr22"	29021706	29021707	96.3
"chr6"	3462705	3462706	90.1
"chr19"	5097531	5097532	95
"chr6"	63453721	63453722	93.9
"chr21"	25325005	25325006	95.9
"chr2"	203377810	203377811	96.5
"chr7"	5073075	5073076	81.5
"chr14"	50421480	50421481	96.1
"chr2"	27424051	27424052	96.8
"chrX"	71685380	71685381	96.7
"chr10"	123609361	123609362	15.7
"chrX"	142131318	142131319	14.1
"chr6"	35394048	35394049	96.2
"chr1"	248044839	248044840	93.2
"chr11"	69603391	69603392	49.7
"chr1"	115448844	115448845	83.5
"chr6"	33321007	33321008	96.2
"chr6"	152508307	152508308	61.9
"chr2"	83504862	83504863	5.6
"chr8"	137278824	137278825	18.6
"chr17"	47698960	47698961	2.9
"chr14"	70188993	70188994	3.3
"chr7"	94030316	94030317	6.4
"chr3"	197507787	197507788	87.4
"chr12"	63406215	63406216	25.9
"chr3"	113202929	113202930	94.8
"chr10"	26439090	26439091	3.8
"chr6"	99463765	99463766	96.9
"chr2"	60270861	60270862	93
"chr12"	24562947	24562948	3.7
"chr16"	68654279	68654280	89.8
"chr5"	176560193	176560194	76.1
"chr5"	131764708	131764709	96.4
"chr5"	113647086	113647087	94.6
"chr20"	3961087	3961088	94.4
"chr12"	58920364	58920365	3.6
"chr5"	143402960	143402961	3.1
"chr11"	68461209	68461210	3.2
"chr14"	93300317	93300318	96.1
"chr14"	102320815	102320816	94.9
"chr19"	2070185	2070186	96.4
"chr7"	85107855	85107856	96.2
"chr12"	114938065	114938066	63.8
"chr12"	83994829	83994830	41.5
"chr6"	107904639	107904640	95.4
"chr7"	73523289	73523290	96.4
"chr2"	118642291	118642292	32.4
"chr1"	8301223	8301224	96.3
"chr12"	28823139	28823140	73.9
"chrX"	47331796	47331797	61.8
"chr2"	78602607	78602608	36.7
"chr1"	121274455	121274456	94.9
"chr8"	142563954	142563955	4.3
"chr1"	16226751	16226752	79.8
"chr3"	59638644	59638645	77.7
"chr5"	111611654	111611655	92.9
"chrX"	90041006	90041007	46.6
"chr12"	58311312	58311313	92.3
"chr1"	72614840	72614841	96.2
"chrX"	67704960	67704961	49.9
"chr20"	8835599	8835600	52.7
"chr8"	41317867	41317868	96.8
"chr11"	63696765	63696766	95.8
"chrY"	19502965	19502966	4
"chr21"	42588413	42588414	72.5
"chr19"	53121116	53121117	94.9
"chrX"	139053471	139053472	80.2
"chr6"	2877364	2877365	96.1
"chr10"	65539360	65539361	92.1
"chr16"	19077118	19077119	93.6
"chr17"	17689101	17689102	96.5
"chr13"	94710475	94710476	3.1
"chr17"	43889392	43889393	93.9
"chr5"	5978775	5978776	95.8
"chr13"	52971395	52971396	23.2
"chr2"	201450391	201450392	95.7
"chr14"	102786546	102786547	96.1
"chr2"	1743770	1743771	2.7
"chr11"	36270589	36270590	96.9
"chr7"	19721679	19721680	63.6
"chr1"	40132098	40132099	96.8
"chr3"	156475002	156475003	45
"chr5"	167162799	167162800	68.9
"chr3"	108886762	108886763	95.7
"chr7"	73837823	73837824	86.7
"chr4"	10650402	10650403	92
"chrX"	137169470	137169471	78.4
"chr6"	106660337	106660338	95.9
"chr3"	10709256	10709257	75.4
"chr7"	71299996	71299997	45.2
"chr1"	156241600	156241601	95.5
"chr2"	105269612	105269613	95.9
"chr20"	13995973	13995974	44.4
"chrX"	52055003	52055004	49.8
"chr6"	62590527	62590528	94.9
"chr14"	60481771	60481772	60.3
"chr16"	46979406	46979407	96.4
"chr20"	49289897	49289898	49.2
"chr7"	25179429	25179430	3.6
"chr11"	17624226	17624227	81.7
"chr12"	132209971	132209972	6.1
"chr6"	7301163	7301164	96.9
"chr3"	138315899	138315900	86.1
"chr9"	36325184	36325185	88.3
"chr1"	45641555	45641556	96.3
"chr4"	1773155	1773156	77.6
"chr13"	113448215	113448216	78.9
"chr8"	107643696	107643697	3.7
"chr20"	14832134	14832135	95.4
"chr2"	31837701	31837702	95.6
"chr19"	54456676	54456677	97.2
"chr3"	60936204	60936205	61.6
"chr9"	114277849	114277850	5.8
"chr19"	54913794	54913795	92.2
"chr8"	10836543	10836544	94.9
"chr3"	114144597	114144598	58.3
"chr8"	141999438	141999439	86.8
"chr4"	1290283	1290284	6.9
"chr5"	177427119	177427120	3.4
"chr9"	17016685	17016686	34.2
"chr5"	133930453	133930454	2.9
"chr3"	84441689	84441690	3
"chr9"	22664592	22664593	95.3
"chr6"	20032985	20032986	91.7
"chr8"	128913210	128913211	35.7
"chr11"	85930580	85930581	75.2
"chr15"	47719245	47719246	3.3
"chr2"	27262708	27262709	5.7
"chr13"	17799505	17799506	47.7
"chr7"	22297626	22297627	95.6
"chr2"	237157324	237157325	57.3
"chr3"	109240789	109240790	72.1
"chr1"	165582786	165582787	6.1
"chr1"	179336094	179336095	95.7
"chr4"	7109843	7109844	94.2
"chr3"	194063134	194063135	96.5
"chr4"	47441354	47441355	92.7
"chr1"	10211674	10211675	37.6
"chr2"	199345840	199345841	10.2
"chr16"	70051651	70051652	95.6
"chr11"	114823393	114823394	63.7
"chr4"	57309248	57309249	20.7
"chr12"	8061749	8061750	93.2
"chr5"	122923812	122923813	88.1
"chrY"	13059571	13059572	95.9
"chr11"	33668625	33668626	87.9
"chr9"	96759662	96759663	96.8
"chr14"	20299404	20299405	95.1
"chr6"	106883493	106883494	86.7
"chr4"	111728260	111728261	92.9
"chr11"	36052310	36052311	83.1
"chr9"	126455137	126455138	87.5
"chr11"	1664763	1664764	82.2
"chr19"	48685986	48685987	95.4
"chr6"	36012343	36012344	97.5
"chr9"	72480232	72480233	94.9
"chr6"	53061960	53061961	2.7
"chr12"	80600095	80600096	8.5
"chr12"	100094577	100094578	95.8
"chr1"	204247463	204247464	6.8
"chr7"	102278316	102278317	96.4
"chr3"	1840341	1840342	58.6
"chr20"	56697812	56697813	74
"chr1"	10418767	10418768	96.2
"chr7"	46335777	46335778	4.9
"chr3"	162035333	162035334	19.3
"chr4"	26895039	26895040	92.8
"chr14"	75544392	75544393	12.3
"chr4"	1763603	1763604	3.2
"chr1"	6433250	6433251	96
"chr8"	6829617	6829618	55.2
"chr3"	62257941	62257942	87
"chr10"	2814346	2814347	96.7
"chr6"	157900865	157900866	5.8
"chr2"	98427576	98427577	11.1
"chr1"	160911919	160911920	95.7
"chr5"	6359080	6359081	73.6
"chr13"	111608556	111608557	49.4
"chr2"	202546900	202546901	67.6
"chr11"	26728246	26728247	53.4
"chr22"	49834770	49834771	65.9
"chr4"	88324731	88324732	95.9
"chr4"	124319456	124319457	96
"chr3"	105118397	105118398	96.6
"chr14"	80661169	80661170	81.4
"chr3"	47625881	47625882	95.5
"chr6"	104774380	104774381	96.9
"chr10"	114880108	114880109	84.4
"chr4"	170492156	170492157	23.7
"chr2"	85647076	85647077	93.4
"chr2"	42962482	42962483	22.5
"chr3"	24500243	24500244	30.4
"chr4"	3426681	3426682	96.5
"chrX"	13357206	13357207	97.1
"chr20"	62138253	62138254	46.8
"chr8"	122119375	122119376	78.3
"chr1"	228855876	228855877	96.3
"chr10"	76284136	76284137	51.1
"chr5"	107241045	107241046	62.5
"chr1"	100640400	100640401	78.5
"chr4"	87266954	87266955	73.8
"chr4"	75133295	75133296	95.2
"chr14"	96365757	96365758	96.4
"chr2"	20160828	20160829	90.3
"chr12"	90791554	90791555	9.5
"chr4"	186765531	186765532	62.1
"chr1"	179518178	179518179	39.1
"chr1"	244346617	244346618	48.1
"chr2"	71593892	71593893	76.5
"chr5"	5194512	5194513	3.8
"chr11"	122937751	122937752	56.7
"chr7"	2014470	2014471	96.9
"chr2"	217592644	217592645	91.1
"chr12"	89198440	89198441	95.9
"chr14"	65250884	65250885	96.9
"chr11"	67619048	67619049	96.4
"chr8"	140636229	140636230	4.2
"chr17"	55882726	55882727	45
"chr1"	36415552	36415553	78.2
"chr22"	34680235	34680236	56.2
"chr8"	14411318	14411319	6.7
"chr14"	25119742	25119743	50.7
"chr1"	120669252	120669253	94.7
"chr1"	21285554	21285555	96
"chr9"	17343742	17343743	97
"chr9"	132569803	132569804	57.3
"chr12"	62454501	62454502	96.3
"chr3"	35420696	35420697	22.2
"chr7"	156050975	156050976	94.9
"chr17"	10560617	10560618	39.8
"chr19"	53350652	53350653	94.7
"chr9"	36391713	36391714	96.1
"chr2"	226439880	226439881	45.8
"chr9"	130477495	130477496	51.3
"chr5"	7795603	7795604	38
"chr12"	42724804	42724805	4.4
"chr1"	48191540	48191541	96.4
"chr10"	28476392	28476393	56.7
"chr4"	182255416	182255417	4.5
"chr20"	11078235	11078236	95.9
"chr1"	15305721	15305722	95.6
"chr16"	85527058	85527059	96
"chr6"	80010744	80010745	49.3
"chr12"	7359659	7359660	67
"chr13"	58213802	58213803	81.8
"chr2"	180590393	180590394	89
"chr11"	93075318	93075319	5.6
"chr4"	185030593	185030594	48.5
"chr10"	105606470	105606471	86.8
"chr12"	38939475	38939476	91.6
"chr19"	27788164	27788165	91.1
"chr8"	45976255	45976256	76.9
"chr14"	79007242	79007243	37.8
"chr11"	103344940	103344941	34.4
"chr11"	57999867	57999868	94.3
"chr21"	20962823	20962824	68.3
"chr8"	36825118	36825119	61.9
"chr17"	55458875	55458876	93.7
"chr22"	30592139	30592140	7.1
"chr14"	51901622	51901623	96.7
"chrX"	125141135	125141136	93.4
"chr2"	28364836	28364837	97.2
"chr13"	67867033	67867034	48
"chr15"	52528896	52528897	4.1
"chr1"	6053402	6053403	95.9
"chr8"	22241411	22241412	96
"chr6"	164860020	164860021	4.2
"chr1"	23506	23507	97.1
"chr16"	12314440	12314441	96.2
"chr1"	105891398	105891399	93.6
"chr1"	161212935	161212936	96.6
"chr6"	88358073	88358074	96.6
"chr17"	49506521	49506522	97.5
"chr2"	17601859	17601860	95.1
"chr20"	52278297	52278298	94.7
"chr1"	39779280	39779281	20.4
"chr16"	76994042	76994043	43.5
"chr4"	37018395	37018396	39.4
"chr7"	69540391	69540392	28.1
"chr8"	98972914	98972915	94.5
"chr7"	32659870	32659871	90.3
"chr2"	76647298	76647299	94
"chrX"	71000086	71000087	58.8
"chr17"	63906871	63906872	86.7
"chr8"	86372272	86372273	94.3
"chr9"	98270203	98270204	9.3
"chr19"	45574262	45574263	95.8
"chrX"	110100809	110100810	96.6
"chr7"	66845665	66845666	95.9
"chr1"	160628622	160628623	42.8
"chr1"	17596174	17596175	76.9
"chr1"	224306511	224306512	96.4
"chr5"	670048	670049	94.3
"chr17"	40454852	40454853	94.7
"chr21"	15192884	15192885	96.4
"chr7"	104979513	104979514	97
"chr12"	13533357	13533358	7.5
"chr16"	16277458	16277459	48.8
"chr8"	27826655	27826656	95.6
"chr12"	111894815	111894816	95.2
"chr3"	46516234	46516235	95.7
"chr22"	17308930	17308931	95.9
"chr6"	126560472	126560473	7.2
"chr7"	107966295	107966296	96.3
"chr5"	83422153	83422154	85
"chr1"	143680563	143680564	83.8
"chr9"	125262242	125262243	4.7
"chr8"	27347454	27347455	96.6
"chr4"	42587123	42587124	94.5
"chr10"	132240600	132240601	90.8
"chr11"	65796353	65796354	90.6
"chr5"	304372	304373	92.5
"chr16"	85086305	85086306	94.3
"chr14"	25379158	25379159	18.3
"chr1"	7098350	7098351	58.5
"chr3"	184430779	184430780	94.3
"chr16"	87694519	87694520	96.1
"chr4"	168668526	168668527	90.8
"chr2"	40269465	40269466	3.6
"chr8"	92965694	92965695	4.4
"chr12"	125127134	125127135	96.4
"chr13"	27709203	27709204	46.3
"chr2"	118694088	118694089	81.9
"chr1"	11666632	11666633	91.7
"chr1"	147845978	147845979	66.3
"chr9"	17056952	17056953	96.2
"chr16"	63492719	63492720	87.2
"chr9"	72636466	72636467	80
"chr12"	79511783	79511784	51.5
"chr12"	122615366	122615367	29.4
"chr13"	30502563	30502564	60
"chr6"	119221743	119221744	96.1
"chrX"	2340615	2340616	95.3
"chr5"	76596225	76596226	93.4
"chrX"	94947360	94947361	4.6
"chrX"	153029573	153029574	85.5
"chr17"	29042251	29042252	95
"chr3"	134563566	134563567	95.9
"chr8"	75717339	75717340	46.6
"chr4"	13629776	13629777	96
"chr1"	183334226	183334227	95.5
"chr17"	38924627	38924628	95.9
"chr13"	79674413	79674414	61
"chr16"	30136840	30136841	75.4
"chr11"	114939128	114939129	72.8
"chr9"	104763774	104763775	34
"chr18"	78547834	78547835	92.6
"chr14"	58320675	58320676	96.6
"chr7"	17189941	17189942	54.1
"chr5"	162532338	162532339	15.6
"chr12"	72427508	72427509	75.2
"chr6"	68063972	68063973	58.3
"chr18"	44637911	44637912	15.9
"chr14"	33630763	33630764	93.2
"chr2"	202989235	202989236	84.3
"chr19"	8199200	8199201	29.2
"chr11"	35240415	35240416	95.1
"chr3"	114566332	114566333	92.9
"chr11"	2860262	2860263	92.9
"chr1"	19792066	19792067	96.4
"chr14"	90702902	90702903	96.3
"chr2"	177594199	177594200	76.4
"chr6"	108118354	108118355	3.2
"chr2"	173965602	173965603	3.1
"chr3"	161927800	161927801	45.5
"chr5"	139505839	139505840	96.7
"chrX"	40836346	40836347	73.5
"chr2"	137040627	137040628	97.1
"chr1"	92029904	92029905	3.2
"chr2"	224516015	224516016	97.1
"chr2"	110067981	110067982	7.4
"chr1"	103552673	103552674	94
"chr6"	110032496	110032497	94.8
"chr17"	37350810	37350811	96.8
"chr13"	105955403	105955404	94.8
"chr15"	35197162	35197163	11.4
"chr14"	68303493	68303494	87
"chr17"	73952990	73952991	3.3
"chr1"	1998611	1998612	92.7
"chr4"	188500165	188500166	64.6
"chr3"	11163155	11163156	96.3
"chr6"	162855973	162855974	60.4
"chrX"	126358807	126358808	86.8
"chr10"	1897739	1897740	91.1
"chr5"	662048	662049	97.2
"chr3"	62376888	62376889	40.9
"chr2"	202862808	202862809	96.9
"chr12"	131956224	131956225	97.1
"chr4"	92647056	92647057	94.2
"chr19"	20078633	20078634	3.4
"chr7"	56285618	56285619	94.3
"chr15"	80735618	80735619	93.4
"chr4"	17613796	17613797	3.3
"chr1"	108805681	108805682	96.3
"chr1"	192334136	192334137	37.5
"chr12"	125131875	125131876	95.3
"chr22"	20693877	20693878	5.4
"chr16"	23721636	23721637	71.3
"chr2"	3559272	3559273	7.7
"chr13"	104525788	104525789	96.4
"chr1"	228946463	228946464	96.4
"chr4"	99018568	99018569	96.9
"chr2"	65771892	65771893	6.2
"chr19"	9957657	9957658	96.3
"chr14"	93127070	93127071	82.7
"chr5"	56625785	56625786	18.8
"chr16"	53914665	53914666	94.9
"chr15"	58512916	58512917	95.6
"chr17"	25469274	25469275	71.5
"chr1"	6326153	6326154	67.3
"chr6"	37465038	37465039	96.2
"chr17"	44915503	44915504	96
"chr17"	80606836	80606837	96.2
"chr11"	67132318	67132319	96.5
"chr2"	47521865	47521866	3.2
"chr2"	215197875	215197876	91.9
"chr21"	39672423	39672424	92
"chr19"	36933209	36933210	49.4
"chrX"	71419008	71419009	83.5
"chr8"	117462812	117462813	5.8
"chr15"	44044362	44044363	63.4
"chr15"	39580364	39580365	3.3
"chr10"	104337699	104337700	3.5
"chr16"	16626704	16626705	23.5
"chr5"	17048413	17048414	94.6
"chr4"	159906970	159906971	86.5
"chr3"	147617186	147617187	6.9
"chr8"	97659136	97659137	94.8
"chr3"	24210335	24210336	92.1
"chr21"	43740918	43740919	93.9
"chr7"	21322986	21322987	94.4
"chr7"	75727582	75727583	76.8
"chrX"	81406710	81406711	53.4
"chr12"	33801370	33801371	59.2
"chr16"	267715	267716	40.8
"chr10"	57227673	57227674	61.2
"chr11"	83077397	83077398	81.2
"chr12"	56376636	56376637	96.3
"chr1"	150987358	150987359	90.8
"chr4"	80492242	80492243	96
"chr13"	55898903	55898904	10.7
"chr17"	46995286	46995287	57.6
"chr8"	7563890	7563891	96.1
"chr10"	363471	363472	67.3
"chr6"	87445449	87445450	50.3
"chr14"	61014175	61014176	64.3
"chr2"	205507374	205507375	94.1
"chr1"	38647097	38647098	91.9
"chr2"	96785481	96785482	96.6
"chr12"	38076025	38076026	57.5
"chr8"	142727952	142727953	2.9
"chr1"	220787817	220787818	96.6
"chr10"	37510767	37510768	92
"chr17"	51393817	51393818	75.4
"chr5"	43521698	43521699	95.8
"chr1"	923824	923825	3.5
"chr9"	85546213	85546214	96.5
"chr1"	56520960	56520961	95.8
"chr1"	43530856	43530857	3
"chr11"	2269162	2269163	27.3
"chr3"	4051584	4051585	87
"chr20"	31229602	31229603	94.1
"chr13"	93045439	93045440	90.9
"chr7"	133581971	133581972	94.4
"chr1"	213290877	213290878	94.7
"chr8"	2135920	2135921	94.8
"chr6"	155285125	155285126	95.1
"chr19"	14007615	14007616	92.8
"chr4"	1471950	1471951	3.7
"chr9"	137200961	137200962	3.4
"chr2"	122017216	122017217	48.3
"chr5"	149711487	149711488	86.2
"chr19"	23073837	23073838	95.8
"chr1"	234356683	234356684	7
"chr1"	50846353	50846354	92.4
"chr1"	10169741	10169742	94.7
"chr2"	105235893	105235894	2.8
"chr8"	120586243	120586244	83
"chr4"	32456033	32456034	91.3
"chr1"	205246049	205246050	20.4
"chr4"	89121335	89121336	96.5
"chr21"	27969680	27969681	91.2
"chr8"	77880252	77880253	96
"chr12"	52817336	52817337	76.6
"chr14"	46513256	46513257	80.3
"chr6"	88177773	88177774	4.8
"chr8"	97960844	97960845	63.1
"chr18"	467770	467771	5.1
"chr11"	87242991	87242992	16.7
"chr16"	5618537	5618538	95.9
"chr14"	62420095	62420096	39.6
"chrX"	39430251	39430252	78.7
"chr3"	20046960	20046961	82.9
"chr6"	88567138	88567139	56.5
"chr1"	94000875	94000876	73.6
"chr15"	40323913	40323914	2.9
"chr7"	44820073	44820074	94.8
"chr2"	119263371	119263372	96.5
"chr2"	74194367	74194368	90.1
"chr4"	104762116	104762117	96.4
"chr5"	138479609	138479610	81.3
"chr22"	18940715	18940716	57.6
"chr5"	62700674	62700675	40
"chr12"	100111317	100111318	96.1
"chr1"	246788675	246788676	95.7
"chr11"	32074684	32074685	87
"chr3"	146357021	146357022	86.4
"chr3"	180771302	180771303	37.1
"chrX"	2737774	2737775	96
"chr12"	94944231	94944232	5.7
"chr9"	14947548	14947549	89.7
"chr16"	47522773	47522774	50.2
"chr6"	101478657	101478658	56.6
"chr3"	48337995	48337996	96.6
"chr14"	63995395	63995396	92.4
"chr14"	20782941	20782942	72.1
"chr5"	31465900	31465901	81.1
"chr18"	36755531	36755532	82.7
"chr8"	64302474	64302475	84.2
"chr6"	122504870	122504871	93
"chr6"	15187027	15187028	90.1
"chr11"	119541829	119541830	71
"chr5"	133239566	133239567	77.5
"chr21"	19504382	19504383	32.6
"chr19"	6027049	6027050	96
"chrX"	101360489	101360490	89.5
"chr18"	58345833	58345834	96
"chr2"	88416694	88416695	11.4
"chr12"	60767630	60767631	58.8
"chrX"	1701332	1701333	84.1
"chr11"	84367895	84367896	28.1
"chr5"	79065864	79065865	92.3
"chr9"	67443389	67443390	50
"chr6"	166401289	166401290	53.5
"chr19"	4152216	4152217	94.7
"chr5"	94891119	94891120	63
"chrX"	55280985	55280986	95.6
"chr12"	2175236	2175237	73.8
"chr2"	11088958	11088959	69
"chr7"	35938697	35938698	96.4
"chr11"	35172920	35172921	8.8
"chr5"	43238321	43238322	96.5
"chr13"	39771975	39771976	94.7
"chr3"	138731779	138731780	97
"chr11"	98164435	98164436	72.3
"chr9"	76275840	76275841	69
"chr10"	47566044	47566045	96.5
"chr3"	168833699	168833700	92.8
"chr5"	38017460	38017461	44.3
"chr6"	36652765	36652766	96.7
"chr4"	49306375	49306376	59.1
"chr6"	144368545	144368546	95.6
"chr12"	124331130	124331131	92.3
"chr12"	10923017	10923018	96
"chr5"	20327	20328	37.8
"chr18"	71086194	71086195	55.6
"chr12"	95072775	95072776	4
"chr7"	154151052	154151053	95.3
"chr5"	3764634	3764635	89.2
"chr2"	176474358	176474359	94.4
"chr8"	134408650	134408651	77.5
"chr2"	225271964	225271965	95.1
"chr16"	74953048	74953049	96.7
"chr20"	62513339	62513340	95.3
"chr17"	5636785	5636786	89.8
"chr11"	35297320	35297321	92.1
"chrX"	41086220	41086221	3.1
"chr3"	118871647	118871648	51.6
"chr3"	80408548	80408549	13
"chr17"	73311557	73311558	2.8
"chr1"	240220202	240220203	34
"chr2"	56858020	56858021	58.6
"chr2"	206841046	206841047	94.3
"chr1"	112043513	112043514	33.7
"chr10"	112325836	112325837	97.3
"chr16"	28958350	28958351	87.1
"chr20"	30542376	30542377	74.8
"chr8"	64189244	64189245	68.7
"chr7"	68977087	68977088	95.8
"chrX"	9626379	9626380	45.2
"chr1"	95331132	95331133	16.5
"chr1"	109656758	109656759	96.7
"chr6"	113448391	113448392	83.2
"chr4"	7042216	7042217	3.9
"chr16"	60901700	60901701	50.5
"chr15"	89926970	89926971	71.7
"chr9"	125403834	125403835	94.3
"chr20"	9914252	9914253	95.7
"chr14"	101841685	101841686	95.3
"chr2"	108759450	108759451	97.2
"chr3"	195317176	195317177	96.6
"chr6"	3247399	3247400	96.8
"chr12"	107753419	107753420	96
"chr22"	33296819	33296820	97
"chr9"	88289784	88289785	96.4
"chr8"	13451346	13451347	90.4
"chr2"	164621683	164621684	3.9
"chr12"	49551742	49551743	89.4
"chrX"	120827110	120827111	92.9
"chr1"	246176414	246176415	96.3
"chr2"	96137792	96137793	65.4
"chr6"	28060946	28060947	90.2
"chr4"	38847424	38847425	95.8
"chr17"	39639982	39639983	86.5
"chr10"	103382557	103382558	96.9
"chr14"	61351553	61351554	97
"chr11"	72677678	72677679	95.1
"chr2"	101720241	101720242	96.7
"chr17"	1420573	1420574	95.7
"chr6"	34521876	34521877	42.3
"chr16"	27744752	27744753	95
"chr2"	16798210	16798211	82.5
"chr1"	186881838	186881839	77
"chr14"	69661332	69661333	96.3
"chr2"	54013020	54013021	93.3
"chr10"	29573033	29573034	94.8
"chr17"	75992448	75992449	93.3
"chr22"	27893408	27893409	95.5
"chr17"	16624041	16624042	92.5
"chrX"	67508090	67508091	4.7
"chr7"	55465239	55465240	95.8
"chr9"	97199968	97199969	85.7
"chr7"	152826927	152826928	85.8
"chr20"	19599343	19599344	65.1
"chr17"	37136866	37136867	97.1
"chr5"	158700601	158700602	38.9
"chr12"	11045562	11045563	5.2
"chr17"	68257610	68257611	96.1
"chr14"	104865139	104865140	20.2
"chr3"	91054127	91054128	81.9
"chr21"	43870116	43870117	95.2
"chr17"	44101521	44101522	93.9
"chr5"	132147123	132147124	9.7
"chr2"	34142777	34142778	95.9
"chr1"	27563245	27563246	87.1
"chr10"	70810624	70810625	92.9
"chr15"	75575193	75575194	95.8
"chr6"	127050451	127050452	72.2
"chr8"	15732761	15732762	55.7
"chr19"	14093686	14093687	96.6
"chr7"	61032706	61032707	95.8
"chrX"	16785951	16785952	3.7
"chr7"	26156359	26156360	3.4
"chr3"	49689390	49689391	2.9
"chr17"	58693056	58693057	5.2
"chr9"	539333	539334	88.7
"chr16"	81728507	81728508	95.3
"chr5"	57825674	57825675	21.1
"chr21"	39108991	39108992	72.8
"chr3"	135450989	135450990	42.1
"chr2"	25494846	25494847	96
"chr22"	43736917	43736918	80.5
"chrX"	154395024	154395025	96.5
"chr12"	36701954	36701955	6.9
"chr12"	107874115	107874116	94.9
"chr11"	73812041	73812042	76
"chr12"	113463257	113463258	51.2
"chr17"	21602136	21602137	47.1
"chr1"	226087092	226087093	90.6
"chr3"	27712935	27712936	3.2
"chr19"	36408011	36408012	96.3
"chr9"	68888212	68888213	96
"chr9"	89995348	89995349	90.5
"chr6"	153249138	153249139	4.2
"chr12"	1581047	1581048	96.1
"chr4"	151115715	151115716	95.7
"chr18"	7573983	7573984	22.2
"chr5"	38116580	38116581	94.8
"chr15"	89335582	89335583	4.1
"chr19"	18551864	18551865	82.6
"chr2"	906159	906160	65.4
"chr14"	95084991	95084992	95.7
"chr2"	189837611	189837612	93.1
"chr7"	57769962	57769963	92.1
"chr19"	899976	899977	50.3
"chr18"	27399276	27399277	84.1
"chr6"	55719638	55719639	95
"chr1"	6281248	6281249	95.8
"chr16"	89766140	89766141	97.1
"chr16"	9066971	9066972	96.1
"chr17"	63788551	63788552	95.9
"chr5"	151632744	151632745	64
"chr9"	136937917	136937918	80.2
"chr14"	88424058	88424059	94.5
"chr12"	127912557	127912558	92.1
"chrX"	90942694	90942695	92.3
"chr4"	73467209	73467210	45.4
"chr3"	180608666	180608667	93.8
"chr12"	14213533	14213534	93.5
"chr6"	3093707	3093708	94.3
"chr2"	132275628	132275629	96.9
"chr14"	25051036	25051037	40.9
"chr2"	121337137	121337138	71.7
"chr19"	18385448	18385449	88.6
"chr1"	165563452	165563453	73.4
"chrX"	80196750	80196751	95.7
"chr22"	33651247	33651248	5.6
"chr5"	3361533	3361534	64.9
"chr4"	1582170	1582171	93.3
"chr1"	192751507	192751508	95.9
"chr3"	71393506	71393507	39.5
"chr7"	746906	746907	96.3
"chr3"	101363119	101363120	97.4
"chr7"	100436707	100436708	3.9
"chr9"	25549301	25549302	7.4
"chr6"	57810962	57810963	94.4
"chr21"	45030251	45030252	82.3
"chr18"	19540381	19540382	76.6
"chr3"	49274857	49274858	95.3
"chr10"	34873270	34873271	95
"chr5"	86290180	86290181	74.7
"chr1"	9070359	9070360	85.2
"chr2"	236986969	236986970	96.5
"chr5"	3284078	3284079	84.7
"chr10"	125989910	125989911	90.8
"chr9"	67833443	67833444	49.8
"chr19"	34938717	34938718	92.1
"chr11"	88995400	88995401	94.5
"chr6"	113334523	113334524	90.6
"chr15"	40490054	40490055	96.4
"chrX"	71242851	71242852	96.9
"chr3"	131284247	131284248	95
"chrX"	77261852	77261853	96.9
"chr17"	70111873	70111874	9.2
"chr10"	93692696	93692697	41.4
"chr21"	34874509	34874510	96.2
"chr2"	100313678	100313679	5.4
"chr20"	47836565	47836566	44.3
"chr2"	196153003	196153004	92.1
"chr1"	33172075	33172076	94.6
"chr17"	15967521	15967522	95.7
"chr3"	37987831	37987832	64.5
"chr7"	48511100	48511101	79.1
"chr5"	128083945	128083946	3.9
"chr15"	43578649	43578650	96.8
"chr15"	38697536	38697537	65.6
"chr3"	61576937	61576938	56
"chr5"	147067086	147067087	93.9
"chr8"	8172584	8172585	55.3
"chr8"	35169963	35169964	26.6
"chr1"	22780549	22780550	54.5
"chr11"	38713568	38713569	37.9
"chr2"	224643814	224643815	96.6
"chr4"	178108937	178108938	11.4
"chr22"	31580634	31580635	81.7
"chr5"	123064843	123064844	7.7
"chr7"	33219002	33219003	95.6
"chr1"	199394797	199394798	86.7
"chr7"	1999812	1999813	94.8
"chr11"	70285571	70285572	97.3
"chr14"	19848450	19848451	80.4
"chr12"	131404756	131404757	44.3
"chr5"	35318349	35318350	81.8
"chr15"	88992966	88992967	96.2
"chr15"	26643548	26643549	3
"chr2"	223781201	223781202	96.7
"chr21"	39366195	39366196	97.3
"chr9"	91409135	91409136	95.3
"chr6"	85115695	85115696	95.3
"chr7"	128394276	128394277	87
"chr1"	212286126	212286127	2.8
"chrX"	419506	419507	70.5
"chr11"	50737537	50737538	78.9
"chr19"	49521896	49521897	88.3
"chr4"	1856231	1856232	4.3
"chr1"	246009043	246009044	97.1
"chr17"	17065095	17065096	55.9
"chr4"	182836070	182836071	96.4
"chr17"	38773048	38773049	97.4
"chr1"	89327595	89327596	95.5
"chr5"	473404	473405	3.3
"chr19"	19315123	19315124	95.8
"chr2"	32882526	32882527	91.3
"chr1"	76766168	76766169	74.2
"chr13"	112845873	112845874	92.8
"chr14"	27393756	27393757	86.1
"chr10"	65093410	65093411	3.6
"chr11"	17262251	17262252	95.4
"chr1"	145856412	145856413	96.1
"chr16"	67246484	67246485	4.1
"chr12"	115733574	115733575	12
"chr7"	73220815	73220816	3.1
"chr11"	8127220	8127221	96
"chr4"	5477188	5477189	89.6
"chr18"	11717315	11717316	96.2
"chr4"	27975729	27975730	96.4
"chr9"	24689326	24689327	41.5
"chr2"	239514832	239514833	49.8
"chr6"	8946084	8946085	84.8
"chr18"	11871987	11871988	87.5
"chr12"	35319139	35319140	94.3
"chr3"	13806917	13806918	77.6
"chr12"	104206822	104206823	75.2
"chr9"	17754318	17754319	85.6
"chr17"	14298680	14298681	82.9
"chr9"	26331193	26331194	24.3
"chr15"	55743615	55743616	3.8
"chr21"	45555266	45555267	3.4
"chr9"	91904905	91904906	26.8
"chr1"	105355521	105355522	63.8
"chr1"	1051385	1051386	60
"chr19"	48562372	48562373	63.3
"chr15"	47557791	47557792	68.8
"chr6"	75180585	75180586	96.5
"chr11"	42606573	42606574	19.4
"chr5"	137560941	137560942	69.2
"chr4"	75298801	75298802	91
"chr1"	27642170	27642171	94.3
"chr3"	181130299	181130300	4.1
"chr7"	461745	461746	96
"chr11"	65894013	65894014	2.6
"chr2"	97254224	97254225	97.2
"chr1"	150582395	150582396	87.8
"chrX"	88562567	88562568	54.3
"chr21"	33152342	33152343	3.8
"chr19"	31023448	31023449	41.5
"chr22"	25030722	25030723	96.4
"chr7"	72491482	72491483	96.1
"chr2"	28162160	28162161	6
"chrX"	64781954	64781955	6.9
"chr21"	42312215	42312216	59.8
"chr1"	3429940	3429941	82.5
"chr3"	22740653	22740654	66.5
"chr22"	22114397	22114398	95.9
"chr1"	240576379	240576380	3.4
"chr2"	67515204	67515205	92.8
"chr5"	1636739	1636740	96.6
"chr22"	38863490	38863491	45.3
"chr6"	85585981	85585982	96.8
"chr1"	13424226	13424227	94.8
"chr15"	19139945	19139946	51.6
"chr14"	94253962	94253963	19.7
"chr15"	51004532	51004533	94.8
"chrX"	131776070	131776071	96.7
"chr8"	19407412	19407413	54.7
"chr6"	7726590	7726591	3.6
"chr5"	32048954	32048955	92.2
"chrX"	133881240	133881241	25.3
"chr10"	122457553	122457554	57.5
"chr4"	7789172	7789173	57.3
"chr10"	368829	368830	94.7
"chr7"	157931157	157931158	49.7
"chr4"	106402516	106402517	22
"chr2"	212918814	212918815	96.8
"chr9"	84445737	84445738	95.2
"chr12"	104216141	104216142	3.1
"chr5"	111278990	111278991	2.9
"chr6"	24603549	24603550	70.1
"chr16"	90011599	90011600	96.1
"chr5"	150285614	150285615	11.7
"chr10"	94579446	94579447	96.2
"chr4"	8110793	8110794	28.7
"chr9"	11758761	11758762	81.1
"chr22"	15284081	15284082	34.3
"chr16"	67807758	67807759	86.7
"chr8"	49658507	49658508	16.8
"chr11"	44624332	44624333	96
"chr3"	90849978	90849979	32.4
"chr9"	75918171	75918172	93.3
"chr18"	7649655	7649656	84.4
"chr17"	25638763	25638764	7.3
"chr2"	24682422	24682423	59.3
"chr17"	44875304	44875305	89
"chr13"	20467147	20467148	66.6
"chr9"	126155727	126155728	89.1
"chr1"	7437153	7437154	95.3
"chr1"	148394304	148394305	96.1
"chr10"	45427385	45427386	96.7
"chr11"	1336805	1336806	3.3
"chr19"	19444740	19444741	2.5
"chr15"	29392048	29392049	62.9
"chr12"	110742074	110742075	3.5
"chr2"	239635883	239635884	17.5
"chr15"	76092463	76092464	95.1
"chr2"	210592720	210592721	25.2
"chr20"	31460139	31460140	88.4
"chr12"	118702193	118702194	39.4
"chr2"	9395084	9395085	96.2
"chr4"	182623540	182623541	54.7
"chr2"	164122139	164122140	65.3
"chr6"	12761916	12761917	95.7
"chr11"	114144895	114144896	36.8
"chr8"	35464063	35464064	95.3
"chr3"	188254802	188254803	47.7
"chr3"	192080976	192080977	67.2
"chr7"	4733927	4733928	43.4
"chr21"	14980404	14980405	93.7
"chr1"	20143289	20143290	87.8
"chr5"	128335253	128335254	68.6
"chr7"	103262612	103262613	96.4
"chr9"	4736062	4736063	95.5
"chr2"	119203827	119203828	83.3
"chr2"	242015635	242015636	86
"chrY"	6436768	6436769	93.8
"chr10"	126942148	126942149	94.8
"chr8"	55714676	55714677	96.8
"chr12"	110281751	110281752	3.2
"chr2"	127445924	127445925	80.7
"chr10"	131897586	131897587	35.1
"chr15"	20521904	20521905	20.3
"chr11"	59745151	59745152	77.6
"chr12"	94736654	94736655	96
"chr22"	25961080	25961081	62.2
"chr15"	37609520	37609521	45.1
"chr15"	90668490	90668491	69.3
"chr19"	34482073	34482074	3.1
"chr7"	11310397	11310398	91.5
"chr17"	21940812	21940813	63.1
"chr5"	107044307	107044308	74.5
"chr11"	120406706	120406707	96.1
"chr5"	15890333	15890334	94
"chr6"	127475693	127475694	96.2
"chr11"	106317465	106317466	95.1
"chrX"	68547270	68547271	95.5
"chr7"	23172826	23172827	71.9
"chr16"	20324001	20324002	4.9
"chr12"	80130619	80130620	43.8
"chr11"	52090587	52090588	85.5
"chr14"	57607721	57607722	32.5
"chr2"	105169818	105169819	46.5
"chr18"	6007702	6007703	93.6
"chr11"	62752225	62752226	97.1
"chr19"	8021442	8021443	96
"chr2"	164968582	164968583	91.3
"chr5"	131803059	131803060	90.5
"chr20"	57793403	57793404	5.3
"chr7"	48470501	48470502	41.3
"chr3"	56068185	56068186	16.7
"chr17"	32486241	32486242	2.6
"chr20"	39853645	39853646	18.6
"chr7"	150691010	150691011	96.2
"chr11"	99232629	99232630	92
"chr11"	130916669	130916670	3.2
"chr12"	7276736	7276737	62.9
"chr5"	149057326	149057327	20.2
"chr5"	27218856	27218857	95.2
"chr12"	23218286	23218287	41.9
"chr1"	203554975	203554976	93.9
"chr4"	19771507	19771508	96.4
"chr8"	20699107	20699108	49.9
"chr17"	79086609	79086610	95.8
"chr5"	75343280	75343281	95.5
"chr2"	177464244	177464245	96.6
"chr14"	38524132	38524133	8.7
"chr4"	178658515	178658516	94.7
"chr5"	109710935	109710936	95.8
"chr10"	31928930	31928931	3.8
"chr11"	6497676	6497677	96.6
"chr8"	94028521	94028522	97.2
"chr5"	69218348	69218349	5.1
"chr20"	64012686	64012687	3.3
"chr7"	39051972	39051973	95.3
"chr16"	86683261	86683262	3.9
"chr13"	50793104	50793105	59.1
"chr15"	37546683	37546684	4.8
"chr1"	13276812	13276813	96.7
"chr1"	182318242	182318243	83.5
"chr16"	29379027	29379028	95.6
"chr16"	74296900	74296901	2.9
"chr6"	87506490	87506491	96.3
"chr18"	37078350	37078351	93.7
"chr22"	40677571	40677572	95.9
"chr18"	58997579	58997580	94.1
"chr18"	63786001	63786002	2.2
"chr16"	75222930	75222931	96.3
"chr13"	43195910	43195911	61
"chr18"	64830921	64830922	89.2
"chrX"	96092150	96092151	48.2
"chr10"	36813122	36813123	96.6
"chr1"	79910619	79910620	73
"chr13"	109687373	109687374	86.2
"chr14"	20386482	20386483	97.1
"chr11"	71258492	71258493	62.3
"chr13"	49936293	49936294	3.4
"chr6"	79947605	79947606	5.2
"chr6"	7450013	7450014	95.8
"chr16"	22233044	22233045	95.3
"chr2"	186111140	186111141	97.1
"chr2"	149375251	149375252	36.6
"chr12"	42721309	42721310	82.5
"chr12"	16470520	16470521	23.9
"chrX"	155202629	155202630	75.5
"chr12"	65742572	65742573	25.1
"chr1"	237270522	237270523	7.9
"chr18"	1867528	1867529	37.9
"chr17"	19198600	19198601	95.3
"chr13"	67597131	67597132	87.2
"chr12"	2685311	2685312	48.9
"chr22"	19176482	19176483	96.3
"chr14"	56422173	56422174	60.7
"chr14"	106872930	106872931	4.2
"chr12"	132393543	132393544	91
"chr5"	172975021	172975022	94.3
"chr16"	85335467	85335468	8.2
"chr13"	52031987	52031988	87.4
"chr4"	9501205	9501206	88.4
"chr18"	80048679	80048680	96.9
"chr1"	123077810	123077811	9.5
"chr1"	13688771	13688772	85.9
"chr5"	124857311	124857312	96.1
"chr21"	26851123	26851124	6.1
"chr13"	87445054	87445055	43
"chrX"	2226839	2226840	97.3
"chr9"	83948853	83948854	96.7
"chr5"	839015	839016	88.1
"chr5"	60398344	60398345	93.8
"chr1"	154578555	154578556	96.5
"chr3"	12935738	12935739	92.6
"chr8"	128014121	128014122	4.9
"chr2"	22949308	22949309	2.3
"chr8"	11347913	11347914	3.4
"chr7"	94185021	94185022	96.3
"chr5"	108184740	108184741	96.4
"chr16"	6794275	6794276	60.9
"chr8"	579170	579171	95.1
"chr9"	89057141	89057142	41.8
"chr15"	69670107	69670108	66.1
"chr12"	70366772	70366773	3.4
"chr3"	73015463	73015464	96.2
"chr1"	17222906	17222907	93
"chr12"	123810552	123810553	96.2
"chr22"	11621270	11621271	76.3
"chr8"	54355741	54355742	54.5
"chr17"	32829892	32829893	7.5
"chr2"	19786891	19786892	51.4
"chr10"	131774820	131774821	88.8
"chr1"	120065932	120065933	77
"chr2"	130447054	130447055	20
"chr1"	202674174	202674175	96.6
"chr4"	182863058	182863059	96.3
"chr19"	35307042	35307043	62.5
"chr16"	10686807	10686808	65.5
"chr12"	45002544	45002545	42.3
"chr20"	63397822	63397823	40.1
"chr4"	16594597	16594598	41.9
"chr2"	42375266	42375267	90.1
"chr4"	2059101	2059102	3.4
"chr6"	10741869	10741870	56.8
"chr2"	112650234	112650235	96.4
"chr6"	109868390	109868391	85
"chr2"	187837129	187837130	79.9
"chr19"	16864388	16864389	95.8
"chr10"	21786624	21786625	96.5
"chr2"	144502148	144502149	92.5
"chr7"	30648207	30648208	97.7
"chr1"	19641046	19641047	86
"chrX"	154885819	154885820	25.3
"chr18"	78057231	78057232	4
"chr10"	118896383	118896384	21.3
"chr2"	136436430	136436431	96.6
"chr10"	125784926	125784927	96.6
"chr7"	112208899	112208900	95.9
"chr3"	66801584	66801585	80.5
"chr16"	19828318	19828319	96
"chr4"	147694497	147694498	94.7
"chr22"	11855196	11855197	18.1
"chr1"	23394475	23394476	91.4
"chr1"	153903740	153903741	96
"chr10"	132794082	132794083	94.2
"chr5"	8640551	8640552	75.9
"chr9"	77434585	77434586	74.9
"chr6"	33819685	33819686	77.5
"chr6"	58678053	58678054	64.6
"chr19"	39056592	39056593	54.5
"chr1"	30952253	30952254	91.7
"chr2"	65738594	65738595	54.9
"chr2"	3617651	3617652	96.6
"chr5"	43114494	43114495	96.2
"chr6"	167245239	167245240	22.3
"chr19"	18669519	18669520	69
"chr3"	80082349	80082350	4.7
"chr5"	100957989	100957990	93.5
"chr12"	102416024	102416025	6.5
"chr3"	134610357	134610358	59
"chr20"	33761138	33761139	94
"chr12"	66234335	66234336	53.1
"chr4"	159863441	159863442	73.8
"chr5"	171698441	171698442	85.6
"chr20"	23440275	23440276	69.2
"chr4"	15607255	15607256	96.4
"chr6"	79274139	79274140	27.6
"chr3"	69106996	69106997	96.4
"chr11"	51313779	51313780	53.9
"chrX"	75800815	75800816	9
"chr11"	117322175	117322176	94.4
"chr3"	140926889	140926890	5
"chr19"	8137038	8137039	63.3
"chr19"	46242360	46242361	86.5
"chr1"	31015591	31015592	47.4
"chr9"	122259804	122259805	97.1
"chr17"	50719587	50719588	3.7
"chr15"	40341214	40341215	6.7
"chr9"	112756353	112756354	95.9
"chr5"	115152498	115152499	96.1
"chr4"	183766448	183766449	84.6
"chr5"	80305330	80305331	82.1
"chr3"	101331462	101331463	97.3
"chr1"	244341052	244341053	86.9
"chr8"	18725108	18725109	94
"chr13"	42776975	42776976	53.3
"chr20"	9863402	9863403	92.3
"chr11"	70424341	70424342	63.2
"chr19"	10576550	10576551	95.9
"chr1"	216662964	216662965	29
"chr6"	33456462	33456463	97.1
"chrX"	1804969	1804970	15
"chr5"	128577715	128577716	66.6
"chr2"	84811346	84811347	66.9
"chr1"	171840315	171840316	93
"chr5"	176757251	176757252	90.2
"chr22"	35560078	35560079	87.4
"chr17"	81209589	81209590	95.7
"chr1"	70252988	70252989	95.9
"chr8"	48012507	48012508	96.5
"chr6"	92362713	92362714	89.9
"chr21"	19677351	19677352	57.2
"chr2"	159152813	159152814	97.2
"chr5"	61878247	61878248	95.1
"chr6"	168724609	168724610	90.2
"chr16"	15110911	15110912	90.9
"chr10"	87910172	87910173	97
"chr10"	95340798	95340799	51.9
"chr4"	2847528	2847529	43.6
"chr4"	83185554	83185555	95.7
"chr7"	24153802	24153803	13.8
"chr18"	6072605	6072606	97.1
"chr19"	8771979	8771980	48.8
"chr10"	376897	376898	88.5
"chr9"	137075272	137075273	94.4
"chr20"	56747568	56747569	91
"chr10"	132757265	132757266	97.4
"chr3"	48093182	48093183	96.9
"chr16"	8836295	8836296	78.5
"chr5"	70788056	70788057	96
"chr7"	155467138	155467139	3.7
"chr14"	35353728	35353729	84
"chrX"	121605126	121605127	8.3
"chr18"	18367730	18367731	52.4
"chr1"	110015775	110015776	97.3
"chr7"	154207075	154207076	24.8
"chr4"	109193159	109193160	46.9
"chr16"	11404414	11404415	69
"chr2"	173421935	173421936	90.3
"chr17"	72383056	72383057	71.5
"chr2"	84497079	84497080	55
"chr19"	18424167	18424168	97
"chr5"	46937626	46937627	10.7
"chr18"	2848075	2848076	6.6
"chr1"	23455998	23455999	96.5
"chr17"	4584724	4584725	3.7
"chr2"	121892200	121892201	88.9
"chr12"	127702496	127702497	4.4
"chr15"	26558762	26558763	96.9
"chr11"	108616839	108616840	95.2
"chr14"	75394089	75394090	93.1
"chrY"	25107663	25107664	81.9
"chr19"	1289281	1289282	70
"chr3"	159259167	159259168	44.5
"chr22"	47225234	47225235	94.5
"chr12"	54391143	54391144	3.8
"chr22"	27624462	27624463	31.5
"chr1"	6447366	6447367	21.2
"chr4"	70776729	70776730	97.1
"chr6"	35489007	35489008	74.8
"chr7"	114993794	114993795	57
"chr13"	83839549	83839550	93
"chr5"	155895969	155895970	56.9
"chr5"	72320634	72320635	4.7
"chr16"	77756068	77756069	50.3
"chr9"	2062959	2062960	92.6
"chr5"	76660850	76660851	96.5
"chrX"	106701686	106701687	6.7
"chr18"	17906757	17906758	66.1
"chr2"	228228486	228228487	45
"chr8"	9556159	9556160	4
"chr1"	21841631	21841632	76
"chr19"	41761447	41761448	94.7
"chr22"	39675105	39675106	82.5
"chr4"	159374364	159374365	50.6
"chr20"	22799332	22799333	58.5
"chr13"	27986802	27986803	96.3
"chr1"	93879244	93879245	3
"chr1"	177633772	177633773	84.3
"chr14"	68793394	68793395	3
"chr19"	53899069	53899070	10.6
"chr17"	47925509	47925510	96.4
"chr16"	58470776	58470777	90.8
"chr3"	70269824	70269825	69.5
"chr16"	69929494	69929495	96.6
"chr17"	1493498	1493499	4.1
"chr4"	171987272	171987273	86.1
"chr9"	97853680	97853681	4.1
"chr5"	153701914	153701915	76.7
"chr18"	75331816	75331817	82.3
"chr19"	14306514	14306515	97.7
"chr16"	78821130	78821131	72.4
"chr19"	11984695	11984696	94.4
"chr14"	76987512	76987513	96.3
"chr11"	81737960	81737961	2.7
"chr4"	155208076	155208077	4.5
"chr15"	29256186	29256187	95.6
"chr5"	124758162	124758163	96.3
"chr6"	150257222	150257223	60.8
"chr5"	14567256	14567257	69.6
"chr10"	122122092	122122093	95.4
"chr1"	24745869	24745870	2.9
"chr6"	55116313	55116314	89.6
"chr1"	17331682	17331683	82.4
"chr11"	124838097	124838098	48.5
"chr10"	107196168	107196169	59.3
"chr22"	27406859	27406860	61.6
"chr12"	25302899	25302900	78.3
"chr20"	49319520	49319521	3.9
"chr7"	52096460	52096461	96.1
"chr12"	103695289	103695290	50.4
"chr4"	88312898	88312899	87.8
"chrY"	3174204	3174205	95.6
"chr6"	42382271	42382272	94.4
"chr3"	15206177	15206178	4.1
"chr8"	143440385	143440386	97.5
"chr17"	23949983	23949984	71.7
"chr19"	23951041	23951042	96.9
"chr1"	184221703	184221704	61.2
"chr8"	127722474	127722475	95.8
"chr15"	82429847	82429848	97
"chr8"	129349192	129349193	96.9
"chr5"	163906881	163906882	96.8
"chr8"	113601076	113601077	65.4
"chr12"	79934961	79934962	3.3
"chr7"	34592244	34592245	58.8
"chr21"	44241116	44241117	2.9
"chr7"	55153935	55153936	93.4
"chr7"	41742965	41742966	15.1
"chr1"	236998227	236998228	94.9
"chr22"	32419318	32419319	81.8
"chr8"	68991036	68991037	93.7
"chrX"	76071994	76071995	79.4
"chr8"	69523410	69523411	57.7
"chr1"	143854554	143854555	78.6
"chr12"	26892831	26892832	95.7
"chr11"	81058834	81058835	20.6
"chr20"	35739543	35739544	94.1
"chr3"	90900077	90900078	57.5
"chr1"	155771525	155771526	93.8
"chr8"	129840639	129840640	88.9
"chr5"	82069619	82069620	95.1
"chr1"	39301416	39301417	91.7
"chr1"	48765189	48765190	94
"chrX"	19486092	19486093	95.1
"chr1"	54948177	54948178	96.6
"chr11"	3759398	3759399	95.8
"chr4"	82441589	82441590	93.5
"chr14"	96436702	96436703	96.4
"chr17"	20817431	20817432	7.2
"chr15"	60497385	60497386	96
"chr7"	12355371	12355372	96.5
"chr6"	39199485	39199486	87.2
"chr16"	6133306	6133307	95.2
"chr7"	10138847	10138848	58.6
"chr2"	13851377	13851378	86.7
"chr18"	55997461	55997462	18.5
"chr1"	7044777	7044778	68.1
"chr13"	111578794	111578795	4.6
"chr7"	26302813	26302814	96.5
"chr10"	112809471	112809472	97
"chr3"	132559020	132559021	70.6
"chr17"	79795271	79795272	96.3
"chr12"	77133750	77133751	3.5
"chr9"	129176462	129176463	3.4
"chr17"	1824913	1824914	95.6
"chr11"	1472225	1472226	64.7
"chr4"	67724231	67724232	96.7
"chr3"	116748957	116748958	92.4
"chr15"	17151392	17151393	51.7
"chr15"	79032959	79032960	44
"chr1"	68364676	68364677	88.9
"chr13"	97505425	97505426	31.4
"chr20"	62937724	62937725	3.4
"chr12"	24622126	24622127	64.5
"chr4"	134360703	134360704	66.6
"chr17"	38051531	38051532	62.2
"chr14"	106399289	106399290	3.7
"chr6"	102757702	102757703	96.5
"chr14"	103879587	103879588	81.9
"chr19"	57926516	57926517	88.5
"chr13"	74778410	74778411	3.9
"chr3"	50049028	50049029	97.1
"chr10"	123995813	123995814	31.3
"chrX"	129002505	129002506	93.6
"chr8"	22231455	22231456	94.7
"chr2"	239246323	239246324	87
"chr1"	117609715	117609716	96.2
"chr20"	55748764	55748765	93.6
"chr2"	67633949	67633950	87.8
"chr6"	120657795	120657796	4
"chr1"	100393449	100393450	96.2
"chr5"	125425952	125425953	89.2
"chr11"	61159291	61159292	69.8
"chr16"	32578840	32578841	18.2
"chr7"	5513344	5513345	7.9
"chr5"	164730068	164730069	23.8
"chr6"	97413414	97413415	96
"chr5"	178419451	178419452	45.7
"chr5"	138836530	138836531	6.1
"chr16"	83214109	83214110	87.9
"chr8"	72661117	72661118	95.9
"chr1"	11565082	11565083	50.3
"chr10"	2685106	2685107	81.1
"chr11"	97077361	97077362	44
"chr10"	87342985	87342986	3.3
"chr1"	23519933	23519934	95.4
"chr7"	98912762	98912763	95.2
"chrX"	111036719	111036720	35
"chr1"	31978439	31978440	94
"chr21"	18502558	18502559	65.7
"chr6"	155002912	155002913	96.3
"chr19"	8158981	8158982	48.3
"chr10"	38130774	38130775	14.1
"chr5"	1365173	1365174	42.5
"chr11"	17995394	17995395	95.4
"chr2"	48645882	48645883	95.1
"chr5"	78398848	78398849	96.2
"chr8"	101868419	101868420	89.6
"chr1"	112969314	112969315	95.9
"chr17"	37411524	37411525	95
"chr18"	52039658	52039659	95.6
"chr4"	186887308	186887309	10.5
"chr18"	77403656	77403657	80.5
"chr2"	46843197	46843198	78.5
"chr12"	128767726	128767727	14.2
"chr14"	66560668	66560669	79.2
"chr12"	13967240	13967241	8.9
"chr6"	148705865	148705866	61.8
"chr8"	131981303	131981304	91.6
"chr9"	25704360	25704361	28.4
"chr12"	12725680	12725681	3.9
"chr4"	7876387	7876388	84.3
"chr22"	18527997	18527998	3.8
"chr3"	176999876	176999877	64.3
"chr7"	24924525	24924526	96.8
"chr2"	68198666	68198667	92
"chr12"	35922910	35922911	41.2
"chr19"	8360955	8360956	95.9
"chr9"	134012903	134012904	94.8
"chr3"	149082183	149082184	96.7
"chr20"	26378190	26378191	96.9
"chr22"	46488996	46488997	53.8
"chr3"	66998011	66998012	3
"chr2"	127387451	127387452	10.4
"chr1"	143422505	143422506	59.9
"chr8"	3427841	3427842	54
"chrX"	142131146	142131147	5.5
"chr3"	66380325	66380326	96.3
"chr4"	62796011	62796012	85.6
"chr9"	17649371	17649372	95.9
"chr11"	99639720	99639721	55.6
"chr1"	185606402	185606403	96.8
"chr3"	67654601	67654602	3.1
"chr1"	111755603	111755604	3.8
"chr18"	72018409	72018410	96.2
"chr11"	116427787	116427788	9.7
"chr11"	61368467	61368468	92.2
"chr2"	123905150	123905151	8
"chr1"	93689484	93689485	34.1
"chr13"	27573665	27573666	95.1
"chr8"	38780424	38780425	96.7
"chr3"	123709208	123709209	96.3
"chr20"	55839827	55839828	3.5
"chr3"	109342538	109342539	80.4
"chr11"	1353808	1353809	52.6
"chrX"	136162820	136162821	36.3
"chr20"	18764880	18764881	86.6
"chr8"	144148323	144148324	3
"chr15"	74830745	74830746	82.9
"chr3"	144377113	144377114	95.5
"chr17"	44943259	44943260	96.1
"chr9"	93164462	93164463	92.7
"chr10"	29515921	29515922	96.7
"chr8"	43334768	43334769	5
"chr18"	19527512	19527513	56.5
"chr12"	37547006	37547007	94
"chr6"	120210075	120210076	96.1
"chr15"	83116716	83116717	84.2
"chr8"	102675745	102675746	83.8
"chr1"	222859328	222859329	72.9
"chr9"	92246010	92246011	96.9
"chr19"	43723807	43723808	96.7
"chr4"	122532812	122532813	72
"chr1"	7924491	7924492	69.3
"chr1"	188870163	188870164	42.1
"chr4"	9473464	9473465	80
"chr7"	80234405	80234406	52.8
"chr4"	25675396	25675397	94.3
"chr8"	103140607	103140608	3.9
"chr2"	9951203	9951204	3
"chrX"	2154580	2154581	88.2
"chr4"	156667094	156667095	76.7
"chr2"	219260864	219260865	94
"chrX"	53179051	53179052	95.5
"chr1"	97333652	97333653	89.4
"chr12"	128340163	128340164	86
"chr13"	75584869	75584870	95.4
"chr20"	59300723	59300724	6.1
"chr14"	101164002	101164003	95.6
"chr18"	37309703	37309704	95.9
"chr20"	50526037	50526038	81.4
"chr19"	39134629	39134630	96.8
"chr10"	113121957	113121958	95.5
"chr20"	61861279	61861280	94.9
"chr7"	1393554	1393555	92.6
"chr22"	35339759	35339760	95.7
"chr4"	102791585	102791586	97
"chr1"	208320371	208320372	21.2
"chr2"	67898852	67898853	59.3
"chr17"	2121059	2121060	88.1
"chr17"	20497142	20497143	97.5
"chr11"	86254652	86254653	86.9
"chr8"	7580036	7580037	95.5
"chr9"	126409620	126409621	92
"chr13"	82165318	82165319	94.5
"chr20"	62911502	62911503	95.8
"chr14"	37056021	37056022	94.7
"chr2"	207104060	207104061	94.7
"chr20"	49615970	49615971	96.1
"chr12"	132560223	132560224	3
"chr2"	221073391	221073392	43.9
"chr8"	89752852	89752853	96.3
"chr3"	4220264	4220265	10
"chr7"	132428561	132428562	7.4
"chr10"	133653642	133653643	49.8
"chr9"	7216900	7216901	95.3
"chr11"	58144640	58144641	58.7
"chr20"	43860527	43860528	59.8
"chr17"	45510479	45510480	94.6
"chr2"	229307893	229307894	94.9
"chr7"	64538900	64538901	95.5
"chr21"	36563688	36563689	56.8
"chr6"	38157944	38157945	86.8
"chr8"	5666142	5666143	57.9
"chr10"	69864901	69864902	90.6
"chr20"	49720386	49720387	96.9
"chr8"	80433610	80433611	96.6
"chr11"	57484519	57484520	2.6
"chr3"	101911265	101911266	94.3
"chr2"	238090415	238090416	96.3
"chr12"	51644851	51644852	95.8
"chr10"	57318381	57318382	83.5
"chr4"	121475874	121475875	49.9
"chr4"	73346597	73346598	96.3
"chr11"	66516924	66516925	96.7
"chr16"	61008117	61008118	9.9
"chr20"	40858754	40858755	92.1
"chr1"	176991128	176991129	95.3
"chr14"	99072013	99072014	79.5
"chr1"	182907356	182907357	87.4
"chr1"	205406562	205406563	94.4
"chr17"	61729138	61729139	95
"chr7"	54652665	54652666	65.3
"chr13"	112603910	112603911	60.5
"chr3"	6861506	6861507	5.6
"chr15"	29675647	29675648	93
"chr20"	60610177	60610178	68
"chr19"	48666986	48666987	48
"chr16"	50887568	50887569	83.7
"chr7"	97841700	97841701	35.2
"chr15"	31348712	31348713	95.7
"chrX"	139069582	139069583	80.2
"chrX"	46867327	46867328	95.9
"chr1"	2922150	2922151	67.9
"chr4"	79967156	79967157	96.1
"chr13"	38635110	38635111	62.1
"chr1"	160608433	160608434	4.1
"chr2"	119325229	119325230	96.4
"chr5"	131718639	131718640	69
"chr1"	8026457	8026458	3.8
"chr1"	200620851	200620852	3.2
"chr11"	127819986	127819987	89.9
"chr15"	41745801	41745802	91.2
"chr8"	134219443	134219444	78.1
"chr11"	105406146	105406147	10.5
"chr7"	152656156	152656157	96.2
"chr2"	227581514	227581515	77.9
"chr8"	91527759	91527760	90.1
"chr21"	24498979	24498980	95.6
"chr7"	61811826	61811827	5.6
"chr13"	52741742	52741743	72.2
"chr3"	32225196	32225197	44
"chr2"	41194449	41194450	93.3
"chr7"	52017337	52017338	5.3
"chr11"	132809973	132809974	51.6
"chr5"	107669555	107669556	4.1
"chrX"	2484223	2484224	96.1
"chr2"	65274841	65274842	95.4
"chr17"	82884592	82884593	82.3
"chr8"	143141381	143141382	96.5
"chrX"	71114632	71114633	93.6
"chr3"	53662455	53662456	96.8
"chr9"	86105997	86105998	68.3
"chr1"	51941232	51941233	71.2
"chrX"	128479438	128479439	74.3
"chr4"	57283680	57283681	17
"chr9"	85157553	85157554	74.2
"chr1"	2558094	2558095	97.2
"chr6"	69422465	69422466	93.9
"chr6"	24472587	24472588	95.9
"chr3"	47384249	47384250	95.8
"chr2"	202507406	202507407	96.6
"chr10"	12287691	12287692	96.3
"chr1"	162180347	162180348	91.5
"chr10"	75040089	75040090	84.4
"chr11"	96794594	96794595	96
"chr1"	102840123	102840124	60.3
"chr1"	123943762	123943763	59.5
"chrX"	5326502	5326503	37.6
"chr6"	42184033	42184034	91.5
"chr7"	154864814	154864815	97.2
"chr11"	38278214	38278215	19.7
"chr22"	33604645	33604646	73.7
"chr12"	51951799	51951800	3.1
"chr6"	116645307	116645308	95.8
"chr2"	74002063	74002064	4.1
"chr9"	138023258	138023259	2.8
"chr13"	85283832	85283833	17.5
"chr20"	63166465	63166466	30.3
"chr12"	68800330	68800331	96.1
"chr2"	171371598	171371599	94.4
"chr6"	134506246	134506247	52.3
"chr17"	82084262	82084263	89.9
"chr6"	136160036	136160037	80.6
"chr16"	56602680	56602681	96.4
"chr9"	138175562	138175563	96
"chr6"	157976330	157976331	87.5
"chr6"	167649459	167649460	95.9
"chr1"	178509530	178509531	84.2
"chr7"	157173759	157173760	96
"chr12"	1554279	1554280	3.6
"chr19"	49950836	49950837	70.4
"chr2"	65574962	65574963	91.5
"chr5"	113518032	113518033	95.7
"chr11"	67139495	67139496	95.9
"chr4"	110582678	110582679	57.6
"chr2"	191478472	191478473	72.2
"chr3"	94870804	94870805	83.5
"chr16"	83681846	83681847	55.9
"chr1"	98342358	98342359	92.9
"chr10"	108457871	108457872	88.7
"chr11"	95471927	95471928	96.9
"chr5"	98310998	98310999	83.9
"chr12"	72251293	72251294	65.1
"chr1"	123270972	123270973	83.1
"chr4"	85621167	85621168	94.9
"chr2"	134924699	134924700	96.8
"chrX"	5945506	5945507	71.5
"chr14"	22511507	22511508	4.2
"chr5"	4085010	4085011	75.6
"chr2"	167683825	167683826	76.7
"chr13"	84644589	84644590	37.8
"chr2"	227750288	227750289	71.4
"chrX"	134307228	134307229	96.8
"chr14"	98905506	98905507	91.4
"chr5"	53205550	53205551	88
"chr20"	59939389	59939390	96.3
"chr1"	213275630	213275631	96.6
"chr22"	43446929	43446930	28.9
"chr17"	22730327	22730328	16.6
"chr9"	128342277	128342278	68.2
"chr13"	24435655	24435656	96.7
"chr15"	90825611	90825612	95.7
"chrX"	44352454	44352455	95.2
"chrX"	127558369	127558370	60.5
"chr7"	98268312	98268313	59.9
"chr13"	19752270	19752271	93.8
"chr16"	14006033	14006034	96.7
"chrX"	141455775	141455776	5.3
"chr1"	63138118	63138119	78.9
"chr3"	113550352	113550353	96.5
"chr17"	81499895	81499896	59.1
"chr10"	30806825	30806826	96.2
"chr12"	42642495	42642496	38.7
"chr19"	5604908	5604909	96.2
"chr14"	39553921	39553922	5.8
"chr2"	4796292	4796293	51.2
"chr19"	15551330	15551331	2.5
"chr2"	142953087	142953088	96.7
"chr18"	63863672	63863673	95.3
"chr12"	120468373	120468374	5
"chr17"	38855303	38855304	96.9
"chr11"	55168236	55168237	72
"chr19"	13965357	13965358	86.6
"chr7"	144355396	144355397	3.4
"chrX"	139705289	139705290	92.3
"chr3"	9248110	9248111	49.8
"chr2"	134637233	134637234	94.7
"chr14"	105978382	105978383	81.5
"chr21"	18029845	18029846	33
"chr12"	17900558	17900559	97
"chr8"	75695435	75695436	3.8
"chr19"	12296241	12296242	95.9
"chr15"	88613111	88613112	5.9
"chr9"	131751503	131751504	79.2
"chr11"	64817049	64817050	96.6
"chr18"	78392038	78392039	96
"chr7"	104979861	104979862	96.4
"chr5"	169372425	169372426	95.8
"chr17"	28392179	28392180	94.4
"chr22"	19633216	19633217	82.3
"chrX"	114257440	114257441	82.1
"chr12"	35500899	35500900	85.7
"chr3"	152197516	152197517	3.6
"chr4"	118631928	118631929	95
"chr1"	85062305	85062306	2.7
"chr1"	156924356	156924357	2.8
"chr4"	98251994	98251995	96.3
"chr1"	1514672	1514673	95.1
"chr9"	98289344	98289345	21.6
"chr13"	97108694	97108695	91.1
"chr3"	52929363	52929364	96.9
"chr2"	229514857	229514858	5.3
"chr5"	51953678	51953679	62.1
"chr4"	189011211	189011212	92.8
"chr3"	85544444	85544445	95.2
"chr10"	76079939	76079940	54.8
"chr11"	41664517	41664518	75.6
"chr16"	3681919	3681920	96.9
"chr16"	3244646	3244647	94
"chr6"	164705432	164705433	61
"chr6"	1317335	1317336	95.7
"chr3"	91104191	91104192	5.3
"chr16"	86142347	86142348	65.4
"chr9"	102470945	102470946	86.5
"chr6"	67891035	67891036	93.4
"chr1"	213871752	213871753	78.9
"chr5"	168276260	168276261	33.6
"chr1"	41554465	41554466	97.1
"chr12"	35111893	35111894	5.2
"chr20"	57914738	57914739	4.3
"chr2"	32592165	32592166	5.4
"chr2"	19341803	19341804	57.2
"chr1"	204519277	204519278	54.1
"chr9"	37723021	37723022	67.4
"chr10"	13529156	13529157	3.1
"chr8"	113277633	113277634	26.3
"chr1"	196217309	196217310	55.4
"chr20"	24918358	24918359	4.4
"chr19"	16951004	16951005	38.8
"chr8"	66775160	66775161	30.8
"chr6"	149648707	149648708	3.4
"chr3"	198081020	198081021	3.3
"chr6"	13776254	13776255	95.8
"chr14"	22842151	22842152	95.4
"chr9"	92669662	92669663	4.9
"chr11"	129201183	129201184	94.2
"chr6"	101417091	101417092	96.5
"chr22"	45485165	45485166	45.7
"chr9"	4870390	4870391	97
"chr5"	77092278	77092279	94.7
"chr10"	106175958	106175959	5.1
"chr7"	44539867	44539868	95
"chr15"	38061985	38061986	96.1
"chr10"	96593643	96593644	81.8
"chr13"	113728609	113728610	88.5
"chr10"	115812665	115812666	85.4
"chr9"	136418315	136418316	96.6
"chr1"	161639996	161639997	94.6
"chr9"	108502086	108502087	83.5
"chr2"	203156674	203156675	95.9
"chr14"	100731749	100731750	65.6
"chr3"	176710273	176710274	75.3
"chr10"	74129742	74129743	94.5
"chrY"	15070363	15070364	67.5
"chr16"	2050776	2050777	95.2
"chr10"	128463467	128463468	93.3
"chr13"	99175769	99175770	46.1
"chr13"	112706940	112706941	95.2
"chr10"	71568	71569	88.9
"chr3"	171282562	171282563	17.1
"chr9"	86992459	86992460	89.5
"chr16"	9147351	9147352	96.8
"chr5"	160950106	160950107	94
"chr3"	151587996	151587997	34.8
"chr6"	28365604	28365605	89.5
"chr2"	219597636	219597637	3.8
"chr3"	102362486	102362487	88.2
"chr19"	46988795	46988796	89.2
"chr8"	71720894	71720895	84.6
"chr20"	64067023	64067024	95.9
"chr1"	158027755	158027756	69.2
"chr6"	144140398	144140399	3.9
"chrX"	1091670	1091671	93.9
"chr12"	20435228	20435229	3.7
"chr17"	79790273	79790274	3.3
"chr3"	138835151	138835152	3.8
"chr3"	44318561	44318562	95.7
"chr21"	8244045	8244046	97
"chr17"	69469544	69469545	95.4
"chr1"	75728497	75728498	95.8
"chr9"	10950939	10950940	90
"chr6"	87764296	87764297	96
"chrY"	9769262	9769263	47.3
"chr10"	99444596	99444597	45.5
"chr18"	1973474	1973475	25.8
"chr2"	227009430	227009431	96.7
"chr3"	117842318	117842319	5.4
"chr14"	77125178	77125179	2.7
"chr5"	151450905	151450906	50.7
"chr14"	102731334	102731335	97
"chr4"	163940457	163940458	5.6
"chrX"	90594770	90594771	55
"chrX"	110845436	110845437	58.3
"chr2"	170833930	170833931	94.7
"chr6"	79806916	79806917	69.8
"chr20"	3164897	3164898	41.7
"chr7"	115112387	115112388	61.4
"chr13"	17641225	17641226	88.9
"chr1"	82044276	82044277	83.3
"chr2"	224690288	224690289	89.1
"chr3"	23346101	23346102	82.5
"chr1"	158369456	158369457	84.8
"chr17"	81122788	81122789	96.1
"chr19"	38899469	38899470	4.2
"chr7"	30176889	30176890	6.8
"chr11"	59009881	59009882	6.2
"chr12"	11702077	11702078	95.2
"chr20"	54307155	54307156	94.3
"chr10"	40925855	40925856	4.7
"chr10"	62794750	62794751	97.1
"chrY"	13723479	13723480	96.5
"chr19"	52234131	52234132	96.5
"chr16"	4955352	4955353	78.1
"chrX"	10029383	10029384	81.8
"chr16"	4092849	4092850	11.5
"chr11"	63874613	63874614	95.5
"chr4"	25939965	25939966	94.9
"chr2"	217878395	217878396	94
"chr1"	211481313	211481314	96
"chr19"	55370213	55370214	4.1
"chr22"	41532555	41532556	96.6
"chr6"	68392747	68392748	80.6
"chr16"	2537967	2537968	4.2
"chr12"	92613673	92613674	97
"chr4"	152080065	152080066	3
"chr9"	14469399	14469400	78.4
"chr3"	23643944	23643945	95.6
"chr13"	90815917	90815918	26.2
"chr9"	135838388	135838389	95.6
"chr22"	37182139	37182140	96.1
"chr5"	149694148	149694149	63.1
"chr4"	1683473	1683474	3
"chr13"	81362374	81362375	97
"chr11"	118877370	118877371	95
"chr18"	38452576	38452577	95.1
"chr3"	155252779	155252780	40.8
"chr17"	4366549	4366550	3.8
"chr9"	15300713	15300714	86.2
"chr3"	39287548	39287549	79
"chr15"	100017901	100017902	4.3
"chr2"	159898238	159898239	97.2
"chr19"	6430058	6430059	96.3
"chr14"	103187131	103187132	3.7
"chrX"	3235960	3235961	13.4
"chr5"	131775769	131775770	95.1
"chr6"	134682390	134682391	96
"chrX"	54834340	54834341	49.5
"chr20"	31245659	31245660	43.1
"chr17"	40036496	40036497	96.7
"chr12"	48183710	48183711	3.8
"chr2"	126367853	126367854	60.2
"chrX"	26479261	26479262	14.6
"chr19"	45075579	45075580	4.6
"chr12"	55094748	55094749	92.3
"chr1"	10783140	10783141	85.7
"chr9"	130532384	130532385	39.6
"chr5"	76806766	76806767	96.8
"chr9"	130630945	130630946	94.2
"chr13"	31552717	31552718	91.8
"chr2"	239176243	239176244	96.1
"chr6"	135679704	135679705	95.9
"chr2"	100481472	100481473	3.7
"chr10"	14217446	14217447	32
"chr6"	157042379	157042380	94
"chr10"	41480238	41480239	3.2
"chr3"	46541326	46541327	96.2
"chr20"	57270022	57270023	82.6
"chr10"	116798601	116798602	88.2
"chr7"	21504498	21504499	95.3
"chr1"	33002445	33002446	95.2
"chr19"	35344920	35344921	96.9
"chr4"	187530680	187530681	95
"chrX"	50597739	50597740	91.3
"chr1"	183495077	183495078	68.6
"chr14"	76267375	76267376	95.4
"chr10"	120923935	120923936	96.2
"chr13"	50298065	50298066	94.9
"chr9"	64064287	64064288	72.8
"chr19"	48738971	48738972	3.9
"chr12"	129430267	129430268	91.7
"chr21"	42431482	42431483	94.3
"chr1"	124866188	124866189	35.7
"chr6"	109095508	109095509	4.4
"chr8"	64490154	64490155	45.2
"chr9"	85805367	85805368	3.7
"chr7"	26954191	26954192	54.7
"chr4"	49277296	49277297	57.4
"chr5"	126810781	126810782	93.5
"chr5"	70048504	70048505	96
"chr15"	23962684	23962685	56.8
"chr14"	79956524	79956525	27.1
"chr4"	2965002	2965003	7.1
"chr5"	120981273	120981274	4.7
"chr6"	105402939	105402940	3.6
"chr6"	110163450	110163451	29.4
"chr2"	105576177	105576178	21.1
"chr15"	25199145	25199146	61.6
"chr3"	140271832	140271833	90.2
"chr1"	247937282	247937283	4
"chr1"	66954927	66954928	95.2
"chr13"	66718656	66718657	34.1
"chr19"	44802692	44802693	90.8
"chr18"	37677678	37677679	93.2
"chr6"	169242615	169242616	41.7
"chr16"	16505635	16505636	86
"chr9"	122406236	122406237	61
"chr2"	198868816	198868817	96.5
"chr10"	73070344	73070345	95.4
"chr10"	48040504	48040505	93.8
"chr5"	103468585	103468586	8.3
"chr1"	124666253	124666254	79.4
"chr3"	193585984	193585985	90.2
"chr2"	72133080	72133081	96.1
"chr19"	57681775	57681776	2.7
"chr2"	141128768	141128769	43.9
"chr14"	27983101	27983102	12.9
"chr4"	134016130	134016131	86.7
"chr13"	16891370	16891371	45.8
"chr4"	70659735	70659736	96.9
"chr7"	148752940	148752941	96.3
"chr11"	76693263	76693264	70.5
"chr10"	127538851	127538852	94.9
"chr13"	103130423	103130424	94.6
"chr7"	802762	802763	96.1
"chr1"	202015251	202015252	94.9
"chr1"	10630800	10630801	96.9
"chr22"	50548562	50548563	3.7
"chr3"	34089931	34089932	54.4
"chr5"	149509654	149509655	94
"chr2"	383457	383458	33.2
"chr3"	172352511	172352512	97.5
"chr6"	10404212	10404213	4.2
"chr22"	33827157	33827158	96.8
"chr17"	8050071	8050072	88.7
"chr11"	134943459	134943460	89.6
"chr13"	110641147	110641148	76.5
"chr6"	3247276	3247277	92.9
"chr10"	34414084	34414085	96.4
"chr9"	110234641	110234642	96.4
"chr12"	609232	609233	94.1
"chr17"	57035258	57035259	89.5
"chr12"	8275721	8275722	88.8
"chr22"	23285263	23285264	90.2
"chr19"	29009481	29009482	54.7
"chr21"	34615060	34615061	3.4
"chrX"	104141317	104141318	97
"chr1"	174711373	174711374	97.1
"chr8"	31280035	31280036	83.9
"chr11"	58138121	58138122	84.8
"chr16"	75620453	75620454	94
"chr14"	21254679	21254680	93.7
"chr15"	88470481	88470482	92.6
"chrX"	11964259	11964260	25.9
"chr18"	80078978	80078979	95.7
"chrX"	34498341	34498342	96.2
"chr15"	51193657	51193658	96.9
"chr18"	7158746	7158747	10.1
"chr2"	218289438	218289439	94.7
"chr2"	229876564	229876565	96.2
"chr3"	28623490	28623491	8.2
"chr3"	46775969	46775970	92.5
"chr11"	47367318	47367319	86.5
"chr22"	50464888	50464889	96.1
"chr4"	179314317	179314318	33.7
"chr8"	11984988	11984989	42.3
"chr17"	68094851	68094852	88.3
"chr12"	25175398	25175399	88.1
"chr12"	71674938	71674939	32.3
"chr6"	168754512	168754513	65.1
"chr5"	78667743	78667744	46.9
"chr13"	67633790	67633791	6.7
"chr12"	112131027	112131028	26.3
"chr22"	24543933	24543934	92.5
"chr12"	112164745	112164746	95.4
"chr14"	54316362	54316363	3.1
"chr6"	50227779	50227780	45.1
"chr5"	58649328	58649329	60.2
"chr5"	41256757	41256758	16.8
"chr8"	17654304	17654305	5.8
"chr12"	83783452	83783453	49.6
"chr9"	134017810	134017811	92.9
"chr12"	61888171	61888172	23.8
"chr13"	16928888	16928889	55.6
"chr2"	92044981	92044982	4.5
"chr1"	167593366	167593367	91.6
"chr20"	45861102	45861103	96.5
"chr17"	2949150	2949151	92.5
"chr14"	20420476	20420477	94.8
"chr5"	2185739	2185740	39.5
"chr11"	92786364	92786365	63
"chr13"	32664578	32664579	97.4
"chr11"	72118416	72118417	78.2
"chr1"	185157401	185157402	3.3
"chr14"	73229739	73229740	91.7
"chr5"	135591187	135591188	88.1
"chr20"	64038564	64038565	4.4
"chr6"	89267218	89267219	92.9
"chr18"	78246688	78246689	68.4
"chr1"	63774581	63774582	4.2
"chr1"	2892641	2892642	96.4
"chr12"	83038993	83038994	96.4
"chr5"	53928859	53928860	95.4
"chr1"	27875618	27875619	4.7
"chr19"	16103717	16103718	96.9
"chr6"	27777492	27777493	3.4
"chr4"	1026065	1026066	96.1
"chr16"	6573738	6573739	3.8
"chr16"	21839189	21839190	96.2
"chr16"	57653020	57653021	91.9
"chr1"	153915966	153915967	96.7
"chr17"	29691582	29691583	96.2
"chr13"	28581113	28581114	63
"chr19"	38164732	38164733	94
"chr12"	99203799	99203800	91.2
"chr5"	179023644	179023645	3.4
"chr22"	40739232	40739233	93.4
"chr15"	68505086	68505087	55.3
"chr2"	200144640	200144641	64.1
"chr3"	40525349	40525350	8.7
"chr11"	110230805	110230806	96.8
"chr10"	38944982	38944983	55.3
"chr1"	2527015	2527016	3.2
"chr7"	92142700	92142701	97.1
"chr12"	121631943	121631944	93.7
"chr5"	61916046	61916047	96
"chrX"	21395302	21395303	82.9
"chr10"	132495787	132495788	66.1
"chr12"	132177280	132177281	93.5
"chr2"	114790865	114790866	37.6
"chr18"	53315069	53315070	23.7
"chr5"	100398771	100398772	55.3
"chr19"	52720936	52720937	95.9
"chr11"	44216030	44216031	96.5
"chrX"	115065738	115065739	5.4
"chrX"	40267393	40267394	7.3
"chr1"	901661	901662	93
"chr1"	122578418	122578419	66.3
"chr4"	55976019	55976020	96.3
"chrY"	20330227	20330228	5.3
"chr6"	163067009	163067010	87.1
"chr7"	106111194	106111195	3
"chr1"	94570914	94570915	93.9
"chr16"	73036124	73036125	3.2
"chr12"	88598097	88598098	77.3
"chr8"	68919540	68919541	90.1
"chr12"	85668100	85668101	91.8
"chr2"	219314172	219314173	3.8
"chr5"	166294136	166294137	3.5
"chr1"	118831857	118831858	94
"chr3"	99155430	99155431	81.9
"chr12"	19888238	19888239	70.5
"chr14"	92840309	92840310	6.3
"chr2"	208935186	208935187	89.4
"chr14"	69348040	69348041	29
"chr3"	62244557	62244558	14.3
"chr1"	74560770	74560771	31.3
"chr18"	58121666	58121667	94.6
"chr11"	68755306	68755307	95.6
"chr10"	32475608	32475609	52.9
"chr10"	25920087	25920088	38.3
"chr10"	75996711	75996712	73
"chr3"	16799839	16799840	92.5
"chr19"	46868055	46868056	88.4
"chrX"	136784490	136784491	11.3
"chr6"	809768	809769	39.4
"chr11"	131948894	131948895	42.9
"chr7"	99562662	99562663	94.2
"chr15"	27708062	27708063	26.9
"chr7"	76795388	76795389	85.2
"chr7"	128355997	128355998	72.5
"chr20"	38701048	38701049	64.4
"chr1"	177335302	177335303	90.4
"chr2"	241678200	241678201	5.8
"chr11"	75569396	75569397	94.2
"chr3"	128569734	128569735	88.3
"chr2"	146718174	146718175	42.9
"chr13"	61783326	61783327	3.9
"chr5"	16977624	16977625	96.7
"chr13"	40086516	40086517	5.8
"chr2"	110614615	110614616	64.9
"chr1"	29869092	29869093	61.3
"chr22"	34588150	34588151	14.9
"chr6"	50568104	50568105	93.2
"chr2"	223418401	223418402	40.7
"chr6"	161228374	161228375	96.8
"chr17"	10699782	10699783	90.2
"chr19"	2319603	2319604	76.9
"chr15"	27920938	27920939	82.8
"chr17"	4643585	4643586	85.7
"chr16"	25322809	25322810	4.1
"chr11"	83456817	83456818	84.4
"chr15"	32865557	32865558	63.7
"chr1"	36561120	36561121	88.7
"chr1"	227464533	227464534	92.1
"chr16"	1127021	1127022	7.2
"chr3"	10968903	10968904	96.4
"chr16"	22926007	22926008	96.3
"chr17"	7239707	7239708	3.2
"chr20"	2532611	2532612	90.7
"chr3"	159367207	159367208	86.2
"chr11"	74720319	74720320	58.3
"chr19"	52321973	52321974	96.6
"chr10"	117004871	117004872	3.1
"chr9"	16439520	16439521	88.7
"chr8"	71228670	71228671	75.7
"chr10"	126468355	126468356	87.8
"chr13"	29831066	29831067	5.5
"chr1"	204074945	204074946	33.9
"chrX"	9471682	9471683	96.7
"chr17"	6290564	6290565	78.3
"chr17"	43287168	43287169	94.9
"chr1"	24602377	24602378	96.9
"chr1"	242023587	242023588	96.8
"chr6"	106982882	106982883	70.9
"chr17"	24989318	24989319	37.7
"chr9"	1952600	1952601	94.8
"chr4"	8420646	8420647	95.3
"chr5"	149318696	149318697	49.8
"chr9"	129820678	129820679	94.5
"chr13"	21105370	21105371	96.6
"chr3"	144319142	144319143	82.9
"chr12"	119649022	119649023	87.7
"chr2"	17190375	17190376	89.9
"chr11"	62425053	62425054	32.1
"chr10"	79903860	79903861	36.6
"chr9"	38068258	38068259	3.9
"chr22"	47391271	47391272	85.5
"chr16"	279709	279710	95.3
"chr20"	24470189	24470190	2.6
"chr10"	128775617	128775618	46.8
"chr6"	7601486	7601487	96.6
"chr14"	40900770	40900771	95.8
"chr14"	102169671	102169672	97.1
"chr11"	116775803	116775804	96.7
"chrX"	79467482	79467483	96.7
"chr14"	36505467	36505468	9.1
"chr2"	27052068	27052069	3.1
"chr17"	45395616	45395617	96.3
"chr3"	55360236	55360237	37.2
"chr1"	234873023	234873024	96.2
"chr11"	49990683	49990684	38.5
"chr3"	70458181	70458182	95.8
"chr10"	12713907	12713908	96.7
"chr13"	99827761	99827762	95
"chrX"	43839528	43839529	3.4
"chr3"	87329693	87329694	69.3
"chr5"	9614610	9614611	93.3
"chr17"	40341753	40341754	9.4
"chr19"	42280566	42280567	3
"chr8"	96939353	96939354	75.2
"chr15"	60201654	60201655	11.2
"chr4"	20819700	20819701	52.7
"chr3"	44674839	44674840	92.8
"chr4"	138095819	138095820	84.5
"chr2"	153563983	153563984	79
"chr11"	77525321	77525322	92
"chr9"	95692628	95692629	93.1
"chr6"	91364161	91364162	85.9
"chr7"	143382133	143382134	3.1
"chr18"	2848071	2848072	7.8
"chr11"	68496961	68496962	95.6
"chr18"	75504456	75504457	56.4
"chr22"	42458971	42458972	95.8
"chr8"	1578836	1578837	95.1
"chr1"	15455080	15455081	87.2
"chr15"	50863224	50863225	87.5
"chr11"	38348743	38348744	65
"chr11"	87882059	87882060	93.3
"chr2"	232947942	232947943	2.5
"chr4"	186252718	186252719	52.8
"chr16"	2615684	2615685	93.8
"chr16"	37918314	37918315	74.7
"chr16"	88829592	88829593	45
"chr7"	135478656	135478657	96.8
"chr19"	6232890	6232891	95.2
"chr10"	124155892	124155893	95.7
"chr16"	21110430	21110431	3.1
"chr20"	53526680	53526681	79.5
"chr12"	29860430	29860431	68.4
"chr4"	157805643	157805644	70.4
"chr7"	136747785	136747786	95.3
"chr8"	96597466	96597467	95.1
"chr6"	35324097	35324098	97.1
"chr17"	82587128	82587129	92.6
"chr1"	160061862	160061863	92.6
"chr11"	120251467	120251468	94.1
"chr15"	100005087	100005088	28.5
"chr19"	33915799	33915800	86.3
"chr6"	158396320	158396321	95.9
"chr15"	80745655	80745656	97.1
"chr1"	67446130	67446131	74.8
"chr1"	54305096	54305097	96.6
"chr13"	113000006	113000007	96.7
"chr4"	95507625	95507626	67.8
"chr11"	72812022	72812023	97
"chr2"	225861352	225861353	85.7
"chr18"	23421744	23421745	92.9
"chrX"	52313944	52313945	10.3
"chr12"	50503230	50503231	95.9
"chr20"	18400401	18400402	92.6
"chr10"	31814975	31814976	96.2
"chr18"	76445997	76445998	96.6
"chr5"	132410538	132410539	3.9
"chr3"	82353550	82353551	27.9
"chr9"	65803724	65803725	91.9
"chr4"	2261812	2261813	3.1
"chr1"	109068861	109068862	92.3
"chr8"	28256300	28256301	96.6
"chr1"	153633863	153633864	3.1
"chr9"	121475154	121475155	90.9
"chr1"	202612986	202612987	96.6
"chr6"	59127535	59127536	92.8
"chr6"	23981713	23981714	3.3
"chr7"	155120037	155120038	38.5
"chr8"	21769298	21769299	56
"chr6"	76163862	76163863	71
"chr22"	19977770	19977771	79.9
"chr16"	66542301	66542302	88.6
"chr19"	54332281	54332282	63.9
"chr6"	33555865	33555866	95.9
"chr9"	14787379	14787380	88.3
"chr8"	59697360	59697361	91.1
"chr20"	9503287	9503288	88.9
"chr5"	157215548	157215549	3
"chr6"	124830431	124830432	49.9
"chr2"	64442571	64442572	76.8
"chr3"	158211229	158211230	95.5
"chr16"	85900153	85900154	3.6
"chr5"	172666590	172666591	74.8
"chr11"	75752734	75752735	95.2
"chr21"	7315400	7315401	82.9
"chr8"	11420197	11420198	97.3
"chr8"	44539282	44539283	49.1
"chr6"	21088813	21088814	92.9
"chr12"	47316244	47316245	96.2
"chr19"	37301422	37301423	96
"chr15"	31184234	31184235	96.2
"chrX"	135898264	135898265	87.8
"chr16"	28864194	28864195	3.8
"chr17"	50677764	50677765	96.3
"chr4"	90081385	90081386	93.8
"chr3"	182105123	182105124	66.2
"chr1"	165827510	165827511	3.3
"chrX"	16115966	16115967	95.2
"chr10"	120851729	120851730	4.2
"chr13"	43727583	43727584	96.3
"chr1"	99146380	99146381	78.3
"chr12"	117531754	117531755	47.1
"chr8"	124667630	124667631	96.4
"chr9"	439371	439372	96.4
"chr1"	20486457	20486458	4.1
"chr2"	13736777	13736778	90.6
"chr11"	63998420	63998421	96.4
"chr1"	2005536	2005537	83.9
"chr8"	19160243	19160244	96.1
"chr1"	93848059	93848060	3.3
"chr2"	94208544	94208545	5.1
"chr8"	76094271	76094272	29.9
"chr7"	5248730	5248731	97.1
"chr9"	133989225	133989226	95.3
"chr3"	124286395	124286396	11.4
"chr3"	148545310	148545311	47.9
"chr4"	158228688	158228689	95.2
"chr4"	2809962	2809963	92
"chr21"	36759352	36759353	94.3
"chr20"	4963951	4963952	95.5
"chrY"	19810075	19810076	91.5
"chr11"	120594780	120594781	90.9
"chr11"	107476526	107476527	91.6
"chrX"	882393	882394	94.9
"chr15"	60416373	60416374	95.6
"chr7"	129473424	129473425	90.1
"chrX"	63337095	63337096	94.2
"chr4"	1248813	1248814	2.8
"chr20"	51489609	51489610	79.3
"chr14"	90383553	90383554	48.7
"chr1"	156313140	156313141	95.1
"chr6"	18340054	18340055	60.2
"chr12"	80762501	80762502	94.4
"chr20"	15337094	15337095	91.1
"chr6"	14611523	14611524	24.4
"chr7"	71788936	71788937	64.9
"chr21"	23820351	23820352	37.2
"chr17"	20257988	20257989	56.4
"chr17"	46593733	46593734	96
"chr16"	492129	492130	88.4
"chr6"	721511	721512	91.7
"chrX"	30491060	30491061	85.4
"chr1"	119649907	119649908	91.8
"chr1"	98471812	98471813	75.1
"chr8"	101759796	101759797	90.2
"chr16"	79687386	79687387	13.4
"chr8"	102413563	102413564	96.2
"chr22"	12181482	12181483	37.5
"chrX"	15346886	15346887	83.9
"chr7"	74075589	74075590	64.9
"chr9"	124651259	124651260	96.6
"chrX"	142431455	142431456	86.2
"chr13"	34948707	34948708	38.8
"chrX"	51165112	51165113	94
"chr22"	38268096	38268097	93.2
"chr2"	147066889	147066890	78.1
"chr13"	33536910	33536911	65.8
"chr11"	33514235	33514236	6
"chr15"	38668470	38668471	94.7
"chr11"	74455148	74455149	92.1
"chr11"	74729599	74729600	49.1
"chr3"	36771449	36771450	79.8
"chr13"	97266600	97266601	95.4
"chr1"	35703276	35703277	73.7
"chrX"	8973595	8973596	91.9
"chr1"	63409668	63409669	64.9
"chr5"	44604673	44604674	88.3
"chr9"	113205091	113205092	86.1
"chr6"	155757149	155757150	82.2
"chrX"	41231582	41231583	96.2
"chr9"	135635769	135635770	93
"chr11"	100245792	100245793	37.3
"chr1"	213835203	213835204	32.5
"chr15"	23748284	23748285	93
"chr6"	4983002	4983003	96.8
"chr6"	59131774	59131775	55.8
"chr1"	221434122	221434123	96.6
"chr14"	105642367	105642368	91.9
"chr7"	39742477	39742478	48.9
"chr9"	134278203	134278204	66.2
"chr9"	126283843	126283844	85.7
"chr21"	28650254	28650255	61.5
"chr2"	95965496	95965497	52.1
"chr10"	66157206	66157207	75.2
"chr12"	56674314	56674315	96.6
"chr14"	55043293	55043294	92.9
"chr15"	37356601	37356602	25.7
"chr5"	41889894	41889895	96.4
"chr8"	59821085	59821086	83
"chr14"	38631373	38631374	2.8
"chr12"	49967356	49967357	3
"chr21"	40583784	40583785	32.1
"chrX"	31063823	31063824	96.3
"chr4"	112953430	112953431	36.1
"chr10"	129611777	129611778	96.4
"chr4"	70813407	70813408	96.6
"chr18"	75986561	75986562	68.5
"chr19"	38739317	38739318	94
"chr1"	52426901	52426902	95.2
"chr12"	8172424	8172425	19.9
"chr10"	109292191	109292192	91.3
"chr1"	212325822	212325823	94.1
"chr12"	19714260	19714261	92.6
"chr1"	145206001	145206002	96.4
"chr1"	174317873	174317874	96.7
"chr19"	7419323	7419324	96.3
"chr1"	28584804	28584805	90.1
"chr6"	159453286	159453287	53.3
"chr4"	60386352	60386353	31
"chrY"	56761426	56761427	65.5
"chr2"	102900124	102900125	64.4
"chr15"	54699638	54699639	96.2
"chrX"	22672986	22672987	67.3
"chr5"	117451337	117451338	96.6
"chr4"	89872087	89872088	53.4
"chr11"	117178760	117178761	3.9
"chr5"	135165809	135165810	8.6
"chr8"	49838334	49838335	74.5
"chr12"	38609614	38609615	71.5
"chr9"	19289500	19289501	94.8
"chr8"	833436	833437	71
"chr10"	70597211	70597212	55
"chr10"	131218172	131218173	66.5
"chr2"	116643490	116643491	23.3
"chr3"	14474332	14474333	96.1
"chrX"	142859465	142859466	23.6
"chr7"	55036778	55036779	94.7
"chr8"	136987595	136987596	55.6
"chr4"	180642469	180642470	82.1
"chr1"	229781183	229781184	58.3
"chr2"	8238974	8238975	2.7
"chr1"	71012995	71012996	92.1
"chr14"	59381670	59381671	93.9
"chr11"	92801589	92801590	4.1
"chr18"	70134845	70134846	94.2
"chr5"	66063155	66063156	92.9
"chr16"	77855873	77855874	92.7
"chr16"	21403417	21403418	96.4
"chr6"	150049541	150049542	96.3
"chr9"	114388214	114388215	3.5
"chr12"	17118936	17118937	65.2
"chr5"	100598269	100598270	33.2
"chr19"	35010202	35010203	53.1
"chr12"	37638746	37638747	96
"chr20"	49691184	49691185	3.4
"chr2"	32008325	32008326	62.7
"chr1"	200210736	200210737	95.6
"chr10"	120224264	120224265	48.5
"chr14"	18937305	18937306	28.3
"chr4"	77164155	77164156	96.3
"chr3"	13781161	13781162	4
"chr7"	2859732	2859733	95.2
"chr19"	51453693	51453694	92.9
"chr7"	66887440	66887441	22.3
"chr17"	82230932	82230933	3.3
"chr18"	6508349	6508350	79.8
"chr9"	15651359	15651360	96.8
"chr15"	84428480	84428481	93.6
"chr1"	82313547	82313548	55.4
"chr2"	78086987	78086988	6.7
"chr16"	79095721	79095722	84.9
"chr6"	40892496	40892497	96
"chr6"	18268872	18268873	96
"chr2"	60412767	60412768	44.4
"chr13"	105010576	105010577	93.1
"chr16"	19134784	19134785	51.2
"chr4"	8124541	8124542	95.5
"chr2"	64260961	64260962	3.1
"chr15"	18856614	18856615	71.8
"chr2"	121023905	121023906	71.4
"chrX"	37062571	37062572	60.1
"chr1"	25450004	25450005	96.4
"chr5"	90729951	90729952	89.5
"chr3"	172600917	172600918	82.5
"chr13"	59187159	59187160	82.4
"chr5"	47230560	47230561	11.9
"chr7"	101355906	101355907	91.5
"chr4"	91326216	91326217	71.3
"chr7"	149104733	149104734	96.6
"chr6"	18290885	18290886	95.7
"chr16"	77793151	77793152	3.2
"chr16"	67255153	67255154	96.6
"chr15"	42736561	42736562	3.8
"chr15"	44620814	44620815	96.7
"chr17"	20895897	20895898	95.4
"chr1"	122559145	122559146	76.5
"chr15"	68930854	68930855	94.8
"chr6"	146364010	146364011	69.3
"chr10"	79599178	79599179	65.7
"chrX"	50984796	50984797	72.5
"chr2"	18240534	18240535	88.3
"chr3"	3231320	3231321	95.9
"chr17"	68246922	68246923	96.3
"chr4"	128139454	128139455	96.1
"chr11"	33349342	33349343	96
"chr17"	20036375	20036376	82
"chr19"	47637850	47637851	5.8
"chr13"	89784273	89784274	88.3
"chr2"	137329554	137329555	29.8
"chr4"	88495537	88495538	96.9
"chr7"	142108901	142108902	89.6
"chr2"	219055622	219055623	96.2
"chr2"	197122028	197122029	95.6
"chr10"	34211546	34211547	96.5
"chr12"	93377954	93377955	4.3
"chr10"	91811214	91811215	81.4
"chr2"	202599810	202599811	48.9
"chr9"	4088763	4088764	86.8
"chr17"	28717577	28717578	18
"chr4"	41258203	41258204	61.6
"chr17"	1108871	1108872	2.7
"chr6"	143679900	143679901	66.7
"chr6"	53884506	53884507	94.2
"chrX"	29836488	29836489	95.3
"chrX"	114925954	114925955	45.3
"chr20"	19101215	19101216	87.2
"chr19"	54724500	54724501	83.3
"chr21"	26365675	26365676	14.1
"chr13"	29852898	29852899	95.1
"chr1"	242567447	242567448	91
"chr2"	230032897	230032898	94.2
"chr7"	40291113	40291114	89
"chr3"	67016145	67016146	11.3
"chr2"	98512054	98512055	97.1
"chr4"	64381857	64381858	94.5
"chrX"	34415452	34415453	97.2
"chr5"	11111914	11111915	95.7
"chr2"	160181114	160181115	90.8
"chrX"	32942119	32942120	69.9
"chr7"	152468535	152468536	97
"chr10"	30324728	30324729	94.9
"chr10"	103919063	103919064	95.2
"chr2"	145442589	145442590	36.1
"chr5"	6153217	6153218	81.1
"chr2"	234316580	234316581	52.4
"chr4"	7786208	7786209	95.6
"chr3"	179707771	179707772	88.1
"chr3"	166002510	166002511	95.9
"chr1"	122319421	122319422	86.2
"chr21"	36709095	36709096	2.9
"chr3"	165536659	165536660	6.1
"chr4"	118756431	118756432	96.8
"chr13"	111470495	111470496	65.9
"chr6"	33689190	33689191	5.2
"chrX"	146588746	146588747	5.9
"chr3"	139785553	139785554	39.7
"chr10"	63566904	63566905	93.2
"chr6"	3885211	3885212	95
"chr3"	92993237	92993238	96.1
"chr6"	85115424	85115425	41.6
"chr12"	63308230	63308231	95
"chr9"	32869497	32869498	16
"chr15"	62366598	62366599	2.7
"chr3"	185751916	185751917	95
"chr22"	43969385	43969386	95.2
"chr12"	95929200	95929201	94.2
"chr16"	30497125	30497126	93
"chr1"	205023597	205023598	48.1
"chr11"	14507411	14507412	95.8
"chr18"	53155266	53155267	78.7
"chr15"	77854179	77854180	38.5
"chr3"	158612498	158612499	79.1
"chr6"	105281206	105281207	96.7
"chr3"	79960921	79960922	79.2
"chr20"	36203077	36203078	3.9
"chr17"	6644608	6644609	88.5
"chr10"	38730376	38730377	96.8
"chr4"	4242311	4242312	86.5
"chr10"	35774067	35774068	96.1
"chr17"	27161385	27161386	57.4
"chr12"	104788299	104788300	95.5
"chr1"	169740916	169740917	75
"chr2"	38788456	38788457	62.7
"chr10"	28352147	28352148	39
"chr19"	7909206	7909207	96.5
"chr2"	125422973	125422974	62.1
"chr2"	240402455	240402456	65.9
"chr10"	123148723	123148724	26
"chr3"	14439683	14439684	4.3
"chr1"	229544150	229544151	96.9
"chr2"	85679296	85679297	3
"chr15"	24335774	24335775	41.9
"chr1"	52874122	52874123	95.4
"chr10"	133237120	133237121	2.9
"chr15"	65637819	65637820	96.9
"chr16"	9859182	9859183	11.9
"chr4"	711549	711550	97.1
"chr12"	124760611	124760612	95.5
"chr20"	46859622	46859623	87.4
"chr3"	185824667	185824668	4.2
"chr3"	195852398	195852399	94.6
"chr10"	952944	952945	77.6
"chr16"	10713448	10713449	23.8
"chr8"	115058708	115058709	60.8
"chr1"	150363306	150363307	68.6
"chr1"	63088682	63088683	4.8
"chr8"	130011632	130011633	92.5
"chr10"	50275486	50275487	94.3
"chr5"	56002778	56002779	62.3
"chr14"	101630617	101630618	59.6
"chr18"	40269291	40269292	61.8
"chr10"	66382542	66382543	13.3
"chr8"	104412184	104412185	33.5
"chr17"	80444413	80444414	5.9
"chrX"	47325759	47325760	90.2
"chr7"	35075517	35075518	84.1
"chr2"	62196182	62196183	3
"chr17"	69900002	69900003	94.5
"chr15"	65421454	65421455	3.5
"chr22"	20858913	20858914	2.6
"chr9"	86924511	86924512	22.9
"chr15"	63252810	63252811	96.5
"chr10"	3760123	3760124	96.1
"chr1"	52514308	52514309	96.1
"chr11"	75723324	75723325	10.5
"chr1"	45472713	45472714	93.7
"chr10"	115475467	115475468	60.1
"chr1"	99858460	99858461	87.1
"chr2"	105370171	105370172	2.8
"chr14"	100736713	100736714	77.1
"chr13"	32857801	32857802	96.4
"chr1"	209814791	209814792	93.4
"chr4"	76308478	76308479	95.6
"chr5"	156473575	156473576	59.7
"chr4"	99972513	99972514	21.6
"chr22"	50388610	50388611	96.9
"chr2"	177516066	177516067	54.8
"chr19"	47038955	47038956	96.3
"chr4"	70839872	70839873	2.6
"chr20"	10500386	10500387	97.2
"chr16"	50665368	50665369	3.7
"chr17"	57919896	57919897	95.9
"chr15"	34531344	34531345	96.8
"chr3"	11680879	11680880	96.1
"chr11"	50420275	50420276	41.9
"chr4"	165506935	165506936	95.4
"chr12"	91359016	91359017	56.7
"chr15"	45031527	45031528	96.3
"chr5"	170439609	170439610	95.7
"chr12"	33405005	33405006	10.3
"chr2"	1300156	1300157	89.6
"chrX"	120245309	120245310	3.5
"chr7"	139379100	139379101	95.3
"chrX"	2749636	2749637	96.1
"chr16"	67966752	67966753	93.7
"chr22"	31140280	31140281	38.7
"chr5"	153095837	153095838	77.9
"chr11"	3119198	3119199	52.3
"chr17"	79463662	79463663	95.1
"chr16"	29253040	29253041	94
"chr19"	35359656	35359657	81.1
"chr2"	95475424	95475425	96.1
"chr22"	23857812	23857813	3.1
"chr6"	14273260	14273261	97.4
"chr1"	228214130	228214131	20.8
"chr3"	57461714	57461715	95.4
"chr11"	83133445	83133446	95.8
"chr7"	10581394	10581395	14.8
"chr7"	45006252	45006253	96.1
"chr7"	105258057	105258058	96.4
"chr15"	40839890	40839891	72.5
"chr7"	93640335	93640336	95.6
"chr2"	48306250	48306251	91
"chr3"	129513727	129513728	96.8
"chr2"	165826967	165826968	96.3
"chrX"	6906068	6906069	46.1
"chr4"	94340946	94340947	95.5
"chr17"	36765699	36765700	95.5
"chr1"	235032647	235032648	94
"chr3"	131959770	131959771	87.8
"chr11"	96071427	96071428	96.2
"chr14"	104601707	104601708	49.2
"chr7"	135714312	135714313	63.8
"chr13"	94712924	94712925	2.7
"chr2"	142771815	142771816	43.3
"chr19"	33002312	33002313	91.6
"chr22"	21841060	21841061	95.9
"chr7"	109101018	109101019	6.7
"chr5"	38742102	38742103	76.9
"chr9"	19032779	19032780	90.2
"chr5"	19717968	19717969	59.6
"chr19"	28001632	28001633	32.3
"chr7"	116339563	116339564	9.7
"chr19"	19475643	19475644	95.6
"chr10"	73812037	73812038	3.3
"chr3"	75637908	75637909	77.2
"chr5"	154650550	154650551	71.7
"chr7"	30773284	30773285	86.9
"chr16"	66273143	66273144	84
"chr3"	48115519	48115520	95.6
"chr19"	29877635	29877636	95.8
"chr13"	97599520	97599521	39.2
"chrX"	91243992	91243993	79.1
"chr12"	99613806	99613807	35.4
"chr8"	35741376	35741377	5.8
"chr3"	188447587	188447588	70.5
"chr3"	64012397	64012398	95.4
"chrX"	38380266	38380267	92
"chr4"	107741507	107741508	93.1
"chr9"	131762322	131762323	64
"chr7"	131541601	131541602	95.7
"chr12"	132902577	132902578	88.6
"chr18"	24472137	24472138	96.5
"chr22"	19572036	19572037	38.2
"chr10"	26623228	26623229	96
"chr6"	66787249	66787250	74.7
"chr16"	15193769	15193770	75.5
"chr17"	60021122	60021123	96.6
"chr7"	11189892	11189893	95.4
"chr1"	150858845	150858846	94.5
"chr11"	93745183	93745184	95.7
"chr17"	38702482	38702483	3.8
"chr13"	19921427	19921428	96.3
"chr8"	103298792	103298793	5.9
"chr15"	54750327	54750328	51.3
"chr6"	127120178	127120179	3.5
"chr5"	166825996	166825997	61.1
"chr5"	8223192	8223193	90.3
"chr20"	4099198	4099199	96.4
"chr6"	15559041	15559042	97.4
"chr5"	176646967	176646968	3.6
"chr1"	51312137	51312138	51.2
"chr1"	45293664	45293665	96.6
"chr12"	26792953	26792954	94.4
"chr19"	15728234	15728235	97.2
"chr2"	201130505	201130506	48.7
"chr1"	224627317	224627318	89.4
"chr1"	8112138	8112139	96.3
"chr11"	11486662	11486663	95.4
"chr1"	26354242	26354243	83.9
"chr5"	177489499	177489500	79.3
"chr8"	25955064	25955065	77.6
"chr21"	43962296	43962297	95.7
"chr16"	10284916	10284917	96.7
"chr11"	17735391	17735392	4.4
"chr17"	26231209	26231210	5.2
"chr3"	102476371	102476372	41.8
"chr12"	29667198	29667199	95.7
"chr4"	135873338	135873339	65.1
"chr5"	38167605	38167606	79.7
"chr5"	141924965	141924966	94.4
"chr7"	58035868	58035869	84.6
"chr2"	206662909	206662910	52.1
"chr19"	52745113	52745114	91.9
"chr14"	58660113	58660114	97
"chr14"	49631576	49631577	3.1
"chr1"	56456946	56456947	82.9
"chr10"	45075773	45075774	3.4
"chr6"	22698565	22698566	54.3
"chr17"	79085716	79085717	96.7
"chr17"	56878671	56878672	93.7
"chr5"	170700184	170700185	62.5
"chr17"	82728013	82728014	5.7
"chrX"	92171509	92171510	43.7
"chr19"	39805797	39805798	94.8
"chr2"	200377660	200377661	6.4
"chr22"	49124949	49124950	60.3
"chr21"	36320011	36320012	4.7
"chr14"	33291032	33291033	87
"chrX"	12811160	12811161	97.4
"chr16"	88569217	88569218	61.4
"chr3"	7429654	7429655	62.6
"chr3"	96776529	96776530	48.8
"chr4"	151174132	151174133	83
"chr12"	127983350	127983351	95.6
"chr19"	16216438	16216439	97.2
"chr1"	237394769	237394770	15.7
"chr10"	123788828	123788829	59.9
"chr2"	53424921	53424922	95.7
"chr17"	77008442	77008443	94.1
"chr3"	167936830	167936831	90.5
"chr2"	74089507	74089508	90.2
"chr9"	11029545	11029546	4.2
"chr7"	46375782	46375783	64.3
"chr18"	11822069	11822070	96.2
"chr18"	6037213	6037214	97.1
"chr1"	224631974	224631975	30.9
"chr7"	33805767	33805768	93.2
"chr11"	131858034	131858035	33.2
"chr11"	69848705	69848706	74.3
"chr2"	224074449	224074450	46.7
"chr19"	7867882	7867883	95.8
"chr10"	133677620	133677621	77.6
"chr15"	33623271	33623272	66.7
"chr10"	75408307	75408308	3.3
"chr6"	32969375	32969376	4
"chr20"	34384341	34384342	96.5
"chr4"	668358	668359	83.3
"chr3"	47991499	47991500	95.9
"chr11"	20113703	20113704	71
"chr1"	3912259	3912260	96.6
"chr16"	37007976	37007977	94.5
"chr1"	82547480	82547481	87.7
"chr22"	21892419	21892420	32.2
"chr14"	49798854	49798855	96.2
"chr14"	44208388	44208389	88.6
"chr5"	159913257	159913258	90.7
"chr7"	12899471	12899472	47.9
"chr1"	28992425	28992426	96.1
"chr16"	81661592	81661593	94
"chr5"	124161095	124161096	53.1
"chr6"	3292754	3292755	96
"chr7"	141158693	141158694	95.5
"chr3"	53002329	53002330	90.6
"chr20"	55293416	55293417	94.7
"chr2"	52235239	52235240	24.4
"chr6"	3440502	3440503	90.5
"chr2"	40130603	40130604	93.5
"chr9"	67713879	67713880	96.7
"chr15"	23747240	23747241	95.8
"chr5"	128776666	128776667	95.1
"chr6"	82734230	82734231	18.3
"chr19"	12639064	12639065	95.6
"chr4"	150502908	150502909	96
"chrX"	9733196	9733197	96.5
"chr11"	57553553	57553554	91
"chr7"	4762586	4762587	88.4
"chr19"	36269846	36269847	78.6
"chr18"	23126901	23126902	87.9
"chr11"	73218461	73218462	4.9
"chr3"	192896324	192896325	48.9
"chr13"	104414059	104414060	58.9
"chr1"	84995616	84995617	3.5
"chr9"	122814074	122814075	95.7
"chr18"	73341252	73341253	29.5
"chr2"	181318180	181318181	95.7
"chr12"	57546893	57546894	3.4
"chrY"	25087559	25087560	93.2
"chr13"	83128696	83128697	85.6
"chr11"	86371071	86371072	77.6
"chr9"	81435189	81435190	15.7
"chr11"	57104089	57104090	93.6
"chr9"	108637684	108637685	86.7
"chr17"	61782853	61782854	92
"chr8"	29340378	29340379	3.1
"chr4"	6919944	6919945	96.6
"chr5"	162878032	162878033	44.1
"chr7"	49807411	49807412	54.8
"chr6"	111673221	111673222	96.8
"chr2"	105893437	105893438	94.3
"chr6"	85196697	85196698	93.8
"chr10"	109052343	109052344	57.9
"chrX"	2911617	2911618	96.5
"chr2"	121528622	121528623	95.2
"chr11"	31987557	31987558	5
"chr10"	118840325	118840326	81.7
"chr16"	15648632	15648633	92.5
"chr4"	127895401	127895402	96.4
"chrX"	114880840	114880841	59.5
"chr8"	28122390	28122391	83.8
"chr10"	63920310	63920311	87.3
"chr17"	3592224	3592225	96.2
"chr5"	28502321	28502322	83.5
"chr21"	45015890	45015891	40.5
"chr5"	120907115	120907116	25
"chr1"	54227910	54227911	95.6
"chr3"	64732253	64732254	59.9
"chr8"	108872686	108872687	93.8
"chr13"	46240908	46240909	75.7
"chr2"	48186995	48186996	91.1
"chr22"	30737466	30737467	96.3
"chr15"	39449550	39449551	77.4
"chr14"	74378526	74378527	96.2
"chr11"	100481373	100481374	90.7
"chr22"	36746353	36746354	83.7
"chr22"	39536509	39536510	48.6
"chr15"	80251640	80251641	15.1
"chr5"	30429308	30429309	91.9
"chr12"	109221786	109221787	96
"chr11"	60165379	60165380	93
"chr3"	165827120	165827121	42.3
"chr1"	204162133	204162134	62.6
"chr15"	84371020	84371021	17.9
"chr2"	183048139	183048140	94.8
"chr14"	106359886	106359887	3.4
"chr4"	93206524	93206525	84.5
"chr7"	13195071	13195072	96.9
"chr1"	181788572	181788573	8.9
"chr4"	28438102	28438103	77.3
"chr13"	44901182	44901183	81.3
"chr7"	56295124	56295125	96
"chr1"	19032518	19032519	5
"chr2"	131813074	131813075	65.6
"chr9"	39754631	39754632	91.3
"chr10"	43753256	43753257	78.7
"chrX"	126659087	126659088	61.6
"chr7"	51964108	51964109	49.6
"chr11"	59497710	59497711	81.8
"chr6"	44223536	44223537	2.9
"chr1"	2799114	2799115	7.8
"chr19"	5687733	5687734	71.8
"chr14"	22359447	22359448	92.9
"chr9"	126313613	126313614	51
"chr19"	45940303	45940304	9.4
"chr10"	14990868	14990869	95.8
"chr1"	124245537	124245538	81.1
"chr1"	63688031	63688032	14.7
"chr5"	158351884	158351885	85.5
"chr19"	37287504	37287505	96.8
"chr11"	133642453	133642454	45.5
"chr17"	1015850	1015851	96.9
"chr3"	43442495	43442496	84.3
"chr2"	110306920	110306921	96.8
"chr22"	25831567	25831568	88.2
"chr14"	69625450	69625451	9.2
"chr2"	25679423	25679424	96.1
"chr17"	37589704	37589705	96.1
"chr7"	43931617	43931618	87.8
"chr3"	108366425	108366426	89.9
"chr22"	17679939	17679940	95.7
"chr2"	197958374	197958375	77.5
"chr19"	982998	982999	4.2
"chr2"	144500268	144500269	93.9
"chr16"	70712498	70712499	55.3
"chr11"	69627695	69627696	75.4
"chr13"	79101656	79101657	94.8
"chr11"	66341234	66341235	95.9
"chr20"	41139811	41139812	17.5
"chr11"	16518627	16518628	15.1
"chr8"	77097979	77097980	92.4
"chr1"	182837361	182837362	97.1
"chr3"	32441946	32441947	96.2
"chrX"	17138710	17138711	91.1
"chr14"	60854243	60854244	90.2
"chr15"	77801886	77801887	39
"chr8"	89006167	89006168	87.7
"chr22"	46106618	46106619	84.6
"chr21"	36699907	36699908	3.6
"chr18"	74635416	74635417	95.9
"chr13"	113316662	113316663	96.3
"chr4"	24009260	24009261	76.6
"chr9"	23582687	23582688	56.6
"chr1"	215141322	215141323	4.3
"chr1"	149174106	149174107	96.6
"chr20"	54968801	54968802	95.6
"chr3"	10503014	10503015	16.4
"chr9"	28985198	28985199	4.8
"chr1"	111310444	111310445	89.9
"chr13"	99208645	99208646	95.2
"chr1"	11837649	11837650	96.6
"chr16"	12744745	12744746	82.6
"chr17"	59187493	59187494	95.1
"chr3"	177589348	177589349	84.5
"chr14"	103734170	103734171	95.2
"chr16"	57045840	57045841	3.6
"chr16"	2993765	2993766	93.4
"chr10"	38801647	38801648	94.3
"chr22"	12312695	12312696	83.8
"chr14"	94082335	94082336	57.6
"chr10"	132517560	132517561	16
"chr11"	62873343	62873344	95.8
"chrX"	21478850	21478851	79.4
"chr10"	62494985	62494986	96.2
"chr6"	19923554	19923555	85.8
"chr2"	55774667	55774668	90.1
"chr17"	76087837	76087838	94.9
"chr7"	2017723	2017724	93.2
"chr7"	42132398	42132399	95.3
"chr7"	1463499	1463500	94.8
"chr22"	37756012	37756013	92.2
"chr14"	39785700	39785701	72.8
"chr11"	130591259	130591260	32.3
"chr1"	187748625	187748626	63.2
"chr10"	14993394	14993395	92.6
"chr10"	6144962	6144963	3.6
"chr7"	30284603	30284604	3.1
"chr16"	81382443	81382444	45.5
"chr8"	41143565	41143566	80
"chr7"	142057617	142057618	26.5
"chr20"	63951807	63951808	2.4
"chr16"	68871767	68871768	66.3
"chr4"	66651284	66651285	43.6
"chr1"	159954906	159954907	57.3
"chr2"	61017242	61017243	4.1
"chr19"	47074799	47074800	57.3
"chr5"	157902218	157902219	95.9
"chr2"	65076575	65076576	96.4
"chr4"	8166066	8166067	87.2
"chr1"	206568509	206568510	85
"chr8"	134556840	134556841	95.4
"chr2"	234775826	234775827	92.2
"chr9"	77764515	77764516	96.2
"chr12"	55854657	55854658	96.7
"chr15"	92822722	92822723	42.4
"chr5"	43602441	43602442	3.1
"chr10"	46068523	46068524	94.7
"chr1"	1677989	1677990	3.7
"chr7"	54694549	54694550	53.2
"chr16"	13277629	13277630	63
"chr2"	230407255	230407256	95.6
"chr15"	18475754	18475755	41.2
"chr9"	134829961	134829962	96.5
"chr3"	140456527	140456528	95.4
"chr1"	62152391	62152392	96.8
"chr6"	48032862	48032863	64.8
"chr1"	221524116	221524117	96.5
"chr19"	49150798	49150799	3.1
"chr17"	51227811	51227812	95.2
"chr4"	123336703	123336704	51.5
"chr5"	28911136	28911137	95.7
"chr17"	68029943	68029944	70.1
"chr12"	121416731	121416732	96.1
"chr1"	22258443	22258444	71.1
"chr2"	34312975	34312976	59
"chr16"	21637377	21637378	95.5
"chr17"	78581046	78581047	90.4
"chr8"	5420121	5420122	89.9
"chr6"	19955939	19955940	61.8
"chr2"	191510608	191510609	92
"chr3"	61849863	61849864	77.4
"chr20"	31292082	31292083	93.6
"chr16"	89116626	89116627	97.1
"chr11"	28108227	28108228	4.3
"chr17"	78168799	78168800	3.4
"chr2"	239401565	239401566	3.3
"chr16"	2054209	2054210	95.4
"chr16"	79430117	79430118	46.4
"chr18"	3498274	3498275	73.6
"chr17"	28743905	28743906	3.9
"chr2"	209596036	209596037	95
"chr7"	60749504	60749505	80.3
"chr8"	61636397	61636398	81.8
"chr10"	127826356	127826357	97.3
"chr17"	72907875	72907876	60.8
"chr7"	36110240	36110241	92.9
"chr4"	102750988	102750989	96.9
"chr12"	108891111	108891112	65.3
"chrX"	28249496	28249497	4.5
"chr9"	150404	150405	95.9
"chr4"	38218460	38218461	96.2
"chr1"	7290236	7290237	37.4
"chr17"	19944148	19944149	96.7
"chr18"	74270015	74270016	49.2
"chr1"	189142814	189142815	45.3
"chr16"	84484058	84484059	96.4
"chr11"	18728928	18728929	78.1
"chr14"	50412134	50412135	83
"chr17"	48723336	48723337	3.6
"chr2"	132072250	132072251	39.6
"chr1"	31629991	31629992	95.4
"chr9"	33750675	33750676	3.7
"chr3"	160036438	160036439	66.6
"chr5"	89003544	89003545	96.4
"chr4"	119394978	119394979	95.6
"chr3"	186157997	186157998	95.7
"chr7"	124862130	124862131	82
"chr5"	28963926	28963927	5
"chr21"	44012028	44012029	6.6
"chrX"	27288617	27288618	39
"chr1"	97530117	97530118	94.4
"chr5"	60236789	60236790	69
"chr1"	241850062	241850063	95.9
"chr10"	7087447	7087448	43.7
"chr16"	52558178	52558179	93.6
"chr11"	34169304	34169305	16.3
"chr17"	52032540	52032541	48.4
"chr2"	235764047	235764048	95.5
"chr3"	153888878	153888879	96.9
"chr2"	14060718	14060719	8.4
"chr18"	50729987	50729988	95.1
"chr9"	104450988	104450989	17.7
"chr7"	137938594	137938595	96.8
"chr5"	132656502	132656503	3.2
"chr3"	184223423	184223424	95.7
"chr1"	123999546	123999547	50.3
"chr12"	98208374	98208375	84.9
"chr6"	105986513	105986514	2.8
"chr2"	236729551	236729552	69.4
"chrX"	53520538	53520539	95.9
"chr3"	111826755	111826756	72
"chr13"	110960855	110960856	96.7
"chr1"	151265452	151265453	96.8
"chr4"	186685007	186685008	38.2
"chr17"	71064189	71064190	32
"chr10"	102537058	102537059	96.6
"chr19"	53681353	53681354	78
"chr2"	207973719	207973720	63.4
"chrX"	1615243	1615244	95.5
"chr1"	148294804	148294805	77.6
"chr10"	41855294	41855295	95
"chr3"	133981968	133981969	95.1
"chr12"	123314031	123314032	95.3
"chr16"	12189667	12189668	95.4
"chr20"	8287569	8287570	89.2
"chr15"	88600133	88600134	88.4
"chr6"	163672195	163672196	94.8
"chrY"	2845616	2845617	96.5
"chr8"	27313593	27313594	95
"chr1"	212609433	212609434	3.6
"chr5"	139258821	139258822	72.6
"chr2"	43439104	43439105	94.2
"chr6"	41084687	41084688	96.5
"chr1"	4352766	4352767	95.3
"chr7"	33270558	33270559	8.5
"chr6"	82748875	82748876	80.7
"chr3"	111263418	111263419	3.4
"chr17"	8818520	8818521	95
"chr10"	116720449	116720450	8
"chr9"	2178347	2178348	80.5
"chrX"	81911722	81911723	81.4
"chr2"	197723925	197723926	96.5
"chr22"	11811643	11811644	39.2
"chr1"	244137655	244137656	4.8
"chr1"	151501491	151501492	93.5
"chr7"	129209374	129209375	96.2
"chr13"	67462777	67462778	84.9
"chr2"	26819357	26819358	3.4
"chr1"	95613158	95613159	92.4
"chr15"	84096670	84096671	6.7
"chrX"	18269746	18269747	84.5
"chr5"	172972215	172972216	96.5
"chr9"	72134682	72134683	96.4
"chr2"	152026542	152026543	95.7
"chr13"	57660141	57660142	96.2
"chr16"	52356684	52356685	28.1
"chr16"	75066594	75066595	95.7
"chr9"	135939410	135939411	50.6
"chr20"	1404079	1404080	96
"chr16"	84510705	84510706	3.5
"chr6"	129504953	129504954	93.5
"chr19"	51129417	51129418	94.8
"chr15"	87696167	87696168	96.4
"chr16"	54936533	54936534	3.2
"chr4"	136347339	136347340	85.6
"chr1"	84298947	84298948	4
"chr3"	136157745	136157746	95.8
"chr8"	1204865	1204866	57.7
"chr8"	86814531	86814532	4.4
"chr9"	129743258	129743259	40.8
"chrX"	62365792	62365793	88.6
"chr7"	152205512	152205513	72.6
"chr20"	3922994	3922995	96.2
"chr7"	158384548	158384549	18.8
"chr11"	121644169	121644170	89.7
"chr4"	37464476	37464477	53.9
"chr22"	32187489	32187490	38.5
"chr2"	170334836	170334837	80.2
"chr4"	147133645	147133646	53.8
"chr6"	109794937	109794938	95.1
"chr22"	50571671	50571672	96.2
"chr2"	80647825	80647826	73.5
"chr6"	22114122	22114123	59.9
"chr12"	124493453	124493454	94.9
"chr12"	123248468	123248469	96.5
"chr1"	155523545	155523546	95.5
"chr10"	87060513	87060514	68.3
"chr1"	113353132	113353133	5.6
"chr4"	67254059	67254060	75.1
"chr6"	65244656	65244657	90.5
"chr5"	12247576	12247577	3.5
"chr2"	173347891	173347892	90.6
"chr19"	21852921	21852922	14.9
"chr19"	14384208	14384209	3.6
"chr17"	5035135	5035136	93.8
"chr4"	14436047	14436048	92
"chr2"	12799055	12799056	67.8
"chr11"	1411668	1411669	88.1
"chr4"	125220647	125220648	63.4
"chr20"	62430450	62430451	40.1
"chr14"	19884365	19884366	80.4
"chr3"	39170654	39170655	90.4
"chr7"	145535229	145535230	95
"chr16"	89390266	89390267	96.7
"chr17"	661451	661452	91.7
"chr17"	82418748	82418749	3.3
"chr15"	60103711	60103712	34.4
"chr10"	74216304	74216305	95.7
"chr12"	37250621	37250622	71
"chr3"	50277358	50277359	96.6
"chr7"	92959707	92959708	54.6
"chr7"	1209299	1209300	81.4
"chr6"	21328096	21328097	94.3
"chr9"	90130975	90130976	69
"chr16"	31324355	31324356	90.6
"chr1"	53880300	53880301	86
"chr18"	50946956	50946957	95.6
"chr5"	36357977	36357978	93.4
"chr18"	37829507	37829508	87.9
"chr8"	23141225	23141226	93.9
"chr18"	76820754	76820755	96
"chr18"	35377364	35377365	3.6
"chr5"	176222115	176222116	96.3
"chr8"	44346199	44346200	11.7
"chr3"	129278858	129278859	3.9
"chr7"	35989420	35989421	89.6
"chr10"	70342018	70342019	21.5
"chr17"	39647066	39647067	96.2
"chr7"	22149161	22149162	96.4
"chr13"	50397677	50397678	90.5
"chr18"	37618901	37618902	89.6
"chr19"	14223279	14223280	96.2
"chr2"	202192525	202192526	89.9
"chrX"	54695422	54695423	94.7
"chr5"	37283005	37283006	79.7
"chr8"	78993638	78993639	40.5
"chr16"	61572368	61572369	4.5
"chr14"	105404391	105404392	89.9
"chr6"	117743710	117743711	62
"chrX"	104324908	104324909	5.1
"chr1"	244963141	244963142	96.3
"chr8"	83439042	83439043	57.1
"chr10"	97366093	97366094	15.4
"chr2"	36598464	36598465	4.4
"chr4"	74324036	74324037	3.7
"chr10"	122013094	122013095	94.5
"chr16"	15323540	15323541	91.3
"chr20"	42980527	42980528	2.2
"chr11"	14942802	14942803	38.7
"chr6"	9223414	9223415	74.8
"chr11"	72228368	72228369	90.4
"chrX"	9936538	9936539	96.2
"chr6"	29165961	29165962	96
"chr5"	71177666	71177667	96.3
"chr18"	76822487	76822488	3.6
"chrX"	29978341	29978342	77.3
"chr11"	68528339	68528340	81.5
"chr11"	48400261	48400262	73.3
"chr2"	27522504	27522505	95.3
"chr19"	54317857	54317858	95.9
"chr8"	108842943	108842944	37.8
"chr5"	165911759	165911760	4.2
"chr2"	240771939	240771940	59.8
"chr22"	39298268	39298269	47.4
"chr12"	92699936	92699937	95.7
"chr14"	49047244	49047245	89.5
"chr2"	41934490	41934491	61.1
"chr3"	57596981	57596982	3.9
"chrX"	77278732	77278733	76.6
"chr1"	68523316	68523317	3.6
"chr13"	53025565	53025566	8.8
"chr3"	125872625	125872626	61.4
"chr14"	55464451	55464452	97
"chr2"	110805745	110805746	38.2
"chr4"	7844413	7844414	3.6
"chr15"	27156014	27156015	32.3
"chr10"	72870370	72870371	88.5
"chr10"	127988523	127988524	81
"chr2"	204631491	204631492	92.8
"chr22"	30718099	30718100	96.1
"chr14"	75563375	75563376	73.3
"chr1"	155280814	155280815	95.7
"chr2"	92558555	92558556	51.4
"chr16"	17283202	17283203	95.2
"chr2"	92786567	92786568	62
"chr6"	13574474	13574475	4.3
"chr7"	23296537	23296538	97
"chr16"	67877949	67877950	94
"chrX"	138072599	138072600	7.5
"chr13"	23375171	23375172	2.8
"chr15"	76486782	76486783	84.9
"chr2"	192418514	192418515	6.4
"chr5"	80290163	80290164	95.5
"chr2"	81194942	81194943	85.1
"chr18"	35268586	35268587	97.1
"chr2"	58686578	58686579	84.3
"chr14"	102487791	102487792	96
"chrX"	77283517	77283518	61.3
"chr17"	51595685	51595686	63.4
"chr5"	177984794	177984795	3.5
"chr12"	129263022	129263023	79.4
"chr17"	32248374	32248375	94.6
"chr2"	123994949	123994950	7.1
"chr1"	16786126	16786127	60.9
"chr20"	45181489	45181490	96.3
"chr12"	99015489	99015490	93.8
"chr19"	12766121	12766122	95.1
"chr6"	26460887	26460888	96.7
"chr19"	45055391	45055392	96
"chr16"	2066480	2066481	91.9
"chr2"	155326303	155326304	71.3
"chr3"	17583906	17583907	95.7
"chr2"	209011536	209011537	68.7
"chr8"	66935148	66935149	64.1
"chrX"	115496864	115496865	7.7
"chrY"	5273050	5273051	4.4
"chr17"	82138789	82138790	97.9
"chr5"	171427832	171427833	53.9
"chr4"	131213026	131213027	23.8
"chr19"	45444420	45444421	3.8
"chr14"	100563560	100563561	95.4
"chr11"	109574897	109574898	74.9
"chr6"	163228532	163228533	95
"chr19"	49448501	49448502	96.9
"chr2"	81608233	81608234	93
"chr8"	12748128	12748129	95.9
"chr16"	50473317	50473318	48.6
"chr11"	134031071	134031072	3.3
"chr3"	145681588	145681589	9
"chr14"	102003966	102003967	97
"chr10"	35645566	35645567	74.6
"chr10"	120963453	120963454	81.1
"chr11"	65256439	65256440	94.2
"chr8"	19008740	19008741	79.1
"chr3"	192920970	192920971	85.1
"chrY"	17641328	17641329	77.5
"chr15"	90249571	90249572	2.9
"chr3"	91661931	91661932	60.2
"chr22"	41544337	41544338	3.8
"chr18"	39011325	39011326	95.7
"chr12"	16115982	16115983	96
"chr7"	149177945	149177946	94.7
"chr7"	101358651	101358652	96.4
"chr15"	25696167	25696168	94.7
"chr7"	67551213	67551214	95.8
"chr19"	43039780	43039781	95.6
"chr6"	47935268	47935269	73.7
"chrX"	89965129	89965130	84.7
"chr3"	88395061	88395062	54.2
"chr1"	143692661	143692662	18.6
"chr22"	40895623	40895624	96.2
"chr17"	41116767	41116768	85.1
"chr14"	32645279	32645280	96.7
"chr5"	140724169	140724170	70.2
"chr21"	32615077	32615078	96.3
"chr4"	92002438	92002439	41.3
"chr6"	904342	904343	97.4
"chr3"	62655309	62655310	89.3
"chr16"	30571792	30571793	3.6
"chr8"	102241546	102241547	96.5
"chr14"	62082934	62082935	78.4
"chr11"	32581766	32581767	96.1
"chr19"	18470043	18470044	95.9
"chr3"	65489450	65489451	75.7
"chr15"	23125245	23125246	4
"chr5"	104307398	104307399	84.2
"chr10"	5274694	5274695	83.6
"chr4"	139225648	139225649	96.9
"chr3"	174733195	174733196	86.7
"chr1"	123076375	123076376	70.6
"chr16"	72007663	72007664	96.4
"chr1"	204202126	204202127	66.8
"chr4"	70927556	70927557	3.5
"chr7"	124691399	124691400	75.2
"chr4"	2895472	2895473	96.2
"chr1"	74505273	74505274	28.8
"chr7"	22140238	22140239	93.2
"chr13"	111115839	111115840	3.7
"chr12"	94992216	94992217	59.7
"chrX"	111082059	111082060	4.5
"chr6"	83708448	83708449	3.1
"chr3"	124434398	124434399	82.5
"chr10"	17001505	17001506	90.5
"chr22"	42756895	42756896	88.2
"chr7"	135519020	135519021	34.2
"chr12"	32206553	32206554	95.2
"chr18"	75407820	75407821	74.9
"chr5"	63725724	63725725	25.8
"chr2"	42162595	42162596	96.1
"chr4"	88821041	88821042	81.1
"chr8"	35242246	35242247	70
"chr9"	124787076	124787077	96.8
"chr7"	17403717	17403718	96.5
"chr14"	91377839	91377840	96.9
"chr13"	16729156	16729157	26.8
"chrX"	37543575	37543576	95.7
"chr11"	18925106	18925107	74.8
"chr7"	81316669	81316670	51
"chr11"	128839665	128839666	97
"chr4"	133328418	133328419	52.8
"chr3"	37452631	37452632	3.9
"chr5"	83415591	83415592	39.1
"chr12"	127930833	127930834	64.8
"chr8"	8477109	8477110	96
"chr19"	36822758	36822759	95.6
"chr9"	107294224	107294225	93.6
"chr1"	61739185	61739186	96.7
"chr18"	10145319	10145320	53.3
"chr1"	100313808	100313809	95.4
"chr10"	131811440	131811441	92.8
"chr20"	43235018	43235019	42.9
"chr2"	5041588	5041589	31.5
"chr1"	48938748	48938749	20.2
"chr3"	175238728	175238729	48.5
"chr17"	81506416	81506417	95
"chr19"	27383107	27383108	87.5
"chrX"	78595212	78595213	5.9
"chr4"	119354647	119354648	97.1
"chr5"	179627088	179627089	96.9
"chr22"	41590023	41590024	2.9
"chr13"	79133481	79133482	61.9
"chr7"	155454978	155454979	3.1
"chr22"	19706996	19706997	67.2
"chr15"	41427385	41427386	95.7
"chr5"	3595030	3595031	3.7
"chr9"	129106581	129106582	85.5
"chr6"	32284351	32284352	87.3
"chr13"	86967136	86967137	60.4
"chr11"	10566409	10566410	38.5
"chrX"	18680240	18680241	95.7
"chr19"	8149147	8149148	4.6
"chr7"	2060098	2060099	96
"chr7"	16583704	16583705	94.7
"chr15"	31684981	31684982	50.5
"chr4"	134545091	134545092	9.4
"chrX"	13965694	13965695	95.8
"chr10"	53659910	53659911	40
"chr5"	173503698	173503699	94.9
"chr1"	146159760	146159761	95.4
"chr16"	8772890	8772891	93.2
"chr5"	68000025	68000026	94.4
"chr22"	49873921	49873922	94.2
"chr14"	54983055	54983056	4.5
"chr8"	4159390	4159391	85.3
"chr6"	151343639	151343640	94.3
"chr3"	79065905	79065906	18.6
"chr15"	75348449	75348450	3.3
"chr2"	10680810	10680811	97.3
"chr11"	18105270	18105271	38.5
"chr12"	82289078	82289079	69
"chr9"	134798516	134798517	39.9
"chr16"	23629824	23629825	94.7
"chr18"	79899763	79899764	96.9
"chr3"	4721863	4721864	95.8
"chr20"	43866662	43866663	96
"chr19"	38086397	38086398	58.4
"chrX"	72325386	72325387	95.7
"chr1"	17311044	17311045	95.2
"chr19"	35344727	35344728	95.4
"chr12"	55533866	55533867	10
"chr9"	90222027	90222028	71.7
"chr2"	113771663	113771664	89.6
"chr22"	42550323	42550324	96.7
"chr5"	26218148	26218149	93.1
"chr3"	175847966	175847967	15.1
"chr9"	104668350	104668351	61.8
"chr11"	90222714	90222715	5.4
"chr5"	399404	399405	47
"chr1"	26436226	26436227	97.3
"chr14"	25234962	25234963	96.6
"chr4"	12017892	12017893	56.5
"chrX"	11448594	11448595	54.9
"chr10"	24432241	24432242	95.2
"chr3"	194762913	194762914	89.5
"chr17"	56524273	56524274	96.3
"chr7"	72246400	72246401	79.9
"chr3"	94431539	94431540	92.9
"chr5"	19566644	19566645	8.5
"chr19"	21586954	21586955	3.3
"chr8"	131256241	131256242	88.7
"chr6"	91303013	91303014	63.3
"chr1"	199983549	199983550	91.1
"chr19"	2521189	2521190	96.4
"chr20"	34499549	34499550	90.9
"chr13"	37578963	37578964	92.6
"chr14"	59268121	59268122	96.3
"chr15"	90936352	90936353	88.8
"chrX"	149697007	149697008	60.3
"chr14"	104708823	104708824	4
"chr3"	76014011	76014012	11.9
"chr7"	126717409	126717410	90.8
"chr7"	67725512	67725513	27.1
"chr7"	95050147	95050148	95.2
"chr3"	195653795	195653796	2.5
"chr22"	23749083	23749084	95.8
"chrX"	62723060	62723061	84.6
"chr3"	18425350	18425351	3.2
"chr8"	10163032	10163033	72.4
"chr11"	643142	643143	97.1
"chr8"	50943482	50943483	28.6
"chr8"	103353295	103353296	88.9
"chr1"	50102658	50102659	85.7
"chr8"	143734173	143734174	4.1
"chr17"	19152664	19152665	75.8
"chr6"	25251162	25251163	3.8
"chr8"	7912236	7912237	94.3
"chr2"	131229619	131229620	71.1
"chr10"	119712761	119712762	34.5
"chr20"	19969656	19969657	89.4
"chr16"	3500408	3500409	3.8
"chr21"	38839306	38839307	84.7
"chr14"	27630220	27630221	79.5
"chr9"	123373700	123373701	3.3
"chr14"	96634817	96634818	57.8
"chr10"	84261824	84261825	85.7
"chr9"	95863896	95863897	96.9
"chr6"	67566362	67566363	94.8
"chr2"	236469040	236469041	87.6
"chr3"	49674695	49674696	5.4
"chr10"	44938505	44938506	96.2
"chr2"	212532201	212532202	92.3
"chr1"	123818061	123818062	37.6
"chr1"	208637452	208637453	90.4
"chr6"	158689375	158689376	66.4
"chr15"	87822881	87822882	6.1
"chr1"	17389853	17389854	53.7
"chr17"	74951023	74951024	78.6
"chr15"	83930113	83930114	94.7
"chr4"	2376123	2376124	91.4
"chr2"	3449741	3449742	96.4
"chr13"	57644730	57644731	67.3
"chr8"	41592662	41592663	95.9
"chr3"	172377018	172377019	96.4
"chr12"	121453361	121453362	96.5
"chr9"	136327869	136327870	4.3
"chr2"	183431753	183431754	53.4
"chr14"	60857208	60857209	96.7
"chr2"	95543085	95543086	96.9
"chr3"	48149212	48149213	96.2
"chr14"	36826800	36826801	69.2
"chr8"	131597202	131597203	24.6
"chr1"	15460822	15460823	68.4
"chr5"	126414764	126414765	82.9
"chr4"	2262458	2262459	2.8
"chr11"	47927413	47927414	77.5
"chr11"	14462388	14462389	96.9
"chr10"	29220319	29220320	88.3
"chr19"	51355929	51355930	96.6
"chr15"	101474406	101474407	57
"chr6"	167224464	167224465	94.6
"chr3"	102000736	102000737	50.2
"chr17"	74944687	74944688	97.2
"chr13"	28242265	28242266	94.7
"chr19"	45064110	45064111	95.9
"chr19"	12051170	12051171	94
"chr17"	31383858	31383859	92
"chr15"	76151003	76151004	8.4
"chr10"	58759147	58759148	18
"chr3"	105025578	105025579	71.4
"chr10"	25343309	25343310	7.6
"chr4"	130692457	130692458	80.7
"chr8"	12748386	12748387	95.2
"chr19"	35723749	35723750	95.3
"chr13"	102536591	102536592	11.3
"chr7"	19760926	19760927	97
"chr11"	51436284	51436285	72.5
"chr22"	39030276	39030277	95.2
"chr9"	38695478	38695479	63.1
"chr14"	87237134	87237135	83.2
"chr6"	14500576	14500577	96
"chr4"	22317574	22317575	96.2
"chr3"	113816936	113816937	96.4
"chr9"	66199300	66199301	90.1
"chr17"	299150	299151	69.5
"chr11"	47732185	47732186	96.3
"chr6"	71340476	71340477	71.3
"chr8"	26839452	26839453	17.4
"chr16"	50835827	50835828	60.1
"chr8"	128895056	128895057	4.9
"chr22"	35134991	35134992	34.3
"chr1"	238752488	238752489	95.5
"chr5"	175253367	175253368	16.6
"chr1"	89701331	89701332	96.3
"chr5"	62216799	62216800	87.8
"chr13"	52004031	52004032	96.9
"chr17"	37490352	37490353	3.6
"chr1"	9669970	9669971	94.5
"chr11"	2095111	2095112	89.4
"chr4"	66396146	66396147	95.3
"chr12"	119994549	119994550	78.1
"chr4"	30058783	30058784	97.7
"chr7"	99270465	99270466	96.8
"chr2"	235669920	235669921	20.4
"chr3"	94062862	94062863	2.7
"chr9"	30401636	30401637	62.5
"chr2"	176100618	176100619	19.3
"chr14"	68366773	68366774	97.1
"chr10"	12267469	12267470	95.9
"chr2"	67189914	67189915	82.1
"chr22"	26029188	26029189	52.8
"chr3"	166829142	166829143	92.9
"chr1"	178689094	178689095	84.6
"chr20"	22080715	22080716	78.8
"chr2"	31411234	31411235	96.2
"chr8"	49762927	49762928	30.8
"chr8"	37718799	37718800	92.1
"chr1"	1119170	1119171	64.2
"chr21"	34308852	34308853	87.5
"chr22"	29462846	29462847	95.7
"chr2"	239169710	239169711	80.7
"chr9"	95932314	95932315	95.3
"chr3"	83493466	83493467	4.8
"chr7"	17214944	17214945	93.7
"chr13"	34899729	34899730	55.1
"chr13"	84329460	84329461	43.3
"chr10"	30458905	30458906	96.1
"chr3"	55890938	55890939	23.5
"chr13"	33134523	33134524	93.3
"chr5"	126789696	126789697	44.8
"chr4"	134017689	134017690	51
"chr1"	24194925	24194926	96.1
"chr6"	76445290	76445291	68.6
"chr8"	16704049	16704050	34.5
"chr6"	155667735	155667736	95.1
"chr1"	114520094	114520095	96
"chr18"	57284923	57284924	97.1
"chr3"	120108224	120108225	96.8
"chr3"	31942001	31942002	94.8
"chr10"	32892030	32892031	34.1
"chr7"	135451511	135451512	97.2
"chr17"	10862883	10862884	32.4
"chr6"	42413768	42413769	95
"chr2"	118985007	118985008	4.5
"chr2"	11716611	11716612	68.8
"chr1"	223155665	223155666	51.9
"chr5"	772199	772200	96
"chr1"	228424695	228424696	95.7
"chr8"	19797277	19797278	68.9
"chr8"	87547748	87547749	8.5
"chr4"	71090756	71090757	88.3
"chr4"	54452038	54452039	93.9
"chr3"	42979733	42979734	3.9
"chr10"	7370979	7370980	94.9
"chr7"	64730864	64730865	40.7
"chr10"	18183527	18183528	49.2
"chr6"	81197879	81197880	9.6
"chr17"	81037894	81037895	45.2
"chr14"	93053888	93053889	94.4
"chr15"	74855867	74855868	96
"chr17"	3007369	3007370	95.7
"chr3"	185823861	185823862	4.1
"chr13"	113927914	113927915	5.6
"chr19"	27815236	27815237	71.3
"chr10"	52778613	52778614	78.5
"chr12"	4672919	4672920	96.7
"chr5"	71010255	71010256	88.4
"chr16"	56727162	56727163	96.4
"chr7"	136323626	136323627	95.4
"chrX"	71328872	71328873	95.5
"chr5"	72336537	72336538	94.5
"chr16"	60121243	60121244	57.2
"chr2"	49353872	49353873	21.1
"chr8"	67287249	67287250	89.7
"chr1"	38270625	38270626	3.5
"chr20"	47583040	47583041	95.8
"chr22"	42063715	42063716	95
"chr9"	14723605	14723606	11.9
"chr15"	98298780	98298781	77.5
"chr1"	53069754	53069755	95.8
"chr18"	46013935	46013936	80.8
"chr14"	106103925	106103926	92.2
"chr11"	46859959	46859960	95.2
"chr5"	69910583	69910584	95.6
"chr2"	136994497	136994498	92.9
"chr6"	170236189	170236190	88.2
"chr15"	22108599	22108600	65
"chr3"	171094234	171094235	95.6
"chr13"	112892967	112892968	4
"chr11"	8152741	8152742	79.1
"chr7"	41734354	41734355	11.9
"chr1"	206309634	206309635	80.9
"chr11"	72239954	72239955	3.1
"chr2"	158549698	158549699	96.1
"chr14"	104683599	104683600	48.9
"chr13"	98175687	98175688	90.1
"chr1"	239393384	239393385	96.3
"chr6"	166964730	166964731	95.9
"chr1"	52910619	52910620	96.6
"chr4"	30477290	30477291	10.3
"chr5"	98181965	98181966	6.9
"chr4"	54571410	54571411	91.1
"chr5"	177528055	177528056	47.4
"chr19"	900775	900776	23.4
"chr1"	208159457	208159458	35.2
"chr14"	36659890	36659891	8.7
"chr1"	53653023	53653024	4.7
"chr5"	27454838	27454839	58.8
"chr2"	178575552	178575553	93.3
"chr9"	121121892	121121893	6.6
"chr13"	21603786	21603787	3.8
"chr12"	8543106	8543107	86.9
"chr19"	48458754	48458755	95.5
"chr19"	50893216	50893217	90
"chr16"	81861560	81861561	96.3
"chr16"	46436738	46436739	80.9
"chr6"	168291692	168291693	92
"chr8"	27599779	27599780	96.2
"chrX"	100624919	100624920	92.1
"chr12"	108644736	108644737	95.3
"chr7"	82381093	82381094	92.4
"chr15"	19196388	19196389	82.1
"chr20"	36011407	36011408	94.8
"chr6"	31931962	31931963	96
"chr14"	98510917	98510918	6.1
"chr9"	111513732	111513733	96.7
"chr9"	61987342	61987343	96.7
"chr2"	171536230	171536231	95.8
"chr5"	16731192	16731193	93.8
"chr6"	114155761	114155762	36.3
"chr2"	162420643	162420644	92.5
"chr4"	22916288	22916289	8.6
"chr8"	93999603	93999604	91
"chr12"	3724348	3724349	96.8
"chr5"	95961981	95961982	3.1
"chr5"	3169309	3169310	12.7
"chr7"	137021219	137021220	70.9
"chr7"	155523341	155523342	83.2
"chr12"	83536749	83536750	17.7
"chr10"	64797341	64797342	47.3
"chr4"	74422872	74422873	96.5
"chr10"	26552095	26552096	96.9
"chr2"	172808930	172808931	91.5
"chr2"	237460281	237460282	33.7
"chr15"	97869427	97869428	4.1
"chr3"	99342160	99342161	10.6
"chr13"	100350156	100350157	5.9
"chr16"	58663343	58663344	92.3
"chr19"	38565074	38565075	4
"chr3"	103902763	103902764	43.9
"chr3"	178982296	178982297	21.2
"chr20"	62026774	62026775	96.7
"chr8"	48770906	48770907	56.3
"chr11"	82834066	82834067	96.7
"chr3"	12219501	12219502	96.5
"chrY"	23502403	23502404	61.2
"chr1"	234854472	234854473	93.9
"chr8"	41713327	41713328	4.8
"chr19"	32569877	32569878	94.7
"chr15"	43625626	43625627	96.1
"chr13"	113314006	113314007	96.1
"chr17"	50724244	50724245	95.8
"chr19"	49196811	49196812	91.7
"chr4"	21435988	21435989	38.7
"chr1"	145431418	145431419	10.9
"chr2"	151363585	151363586	96.3
"chr15"	48491498	48491499	96.5
"chr8"	42051042	42051043	53.7
"chr4"	30027002	30027003	62.2
"chr10"	104353877	104353878	3.5
"chrX"	154125861	154125862	96.2
"chr11"	8931271	8931272	96.7
"chr4"	107196554	107196555	46.9
"chr12"	14313653	14313654	96.2
"chr15"	66010637	66010638	79.3
"chr4"	40268575	40268576	49.7
"chr16"	48243977	48243978	91.2
"chr1"	33338532	33338533	96.7
"chr1"	16072157	16072158	65.8
"chr4"	188236582	188236583	96
"chr9"	124414858	124414859	4
"chr19"	8264014	8264015	75.2
"chr6"	21458123	21458124	97
"chr19"	40223936	40223937	95.7
"chr2"	171180468	171180469	5.2
"chr11"	88044617	88044618	60.5
"chr1"	228280535	228280536	96
"chr3"	75038090	75038091	5.6
"chr1"	6603054	6603055	3
"chr7"	60513135	60513136	64.3
"chr21"	39100490	39100491	4.5
"chr21"	34199039	34199040	6.6
"chr10"	57924407	57924408	93.4
"chr17"	55222320	55222321	19.5
"chr3"	27730616	27730617	3.1
"chr7"	135714843	135714844	96.5
"chr1"	158724690	158724691	90.8
"chr13"	56146396	56146397	94.7
"chr9"	128365199	128365200	3.4
"chr16"	2149126	2149127	3.9
"chr6"	45428428	45428429	48
"chr16"	1735918	1735919	95.8
"chr22"	28856735	28856736	95.5
"chr22"	31160478	31160479	4.7
"chr15"	37111296	37111297	72.3
"chr14"	57345454	57345455	92.3
"chr19"	41201031	41201032	91.1
"chr9"	11584463	11584464	78.4
"chr5"	115952840	115952841	96.6
"chr10"	102642684	102642685	4.4
"chr2"	100974951	100974952	92.6
"chr3"	185232126	185232127	93.4
"chr17"	61483235	61483236	94.6
"chr8"	130099470	130099471	95.5
"chr6"	31746054	31746055	96.4
"chr1"	14970337	14970338	51.4
"chr13"	110878397	110878398	71.3
"chr8"	52594571	52594572	7.5
"chr7"	16810778	16810779	51.5
"chr14"	89027376	89027377	3.1
"chr21"	8767551	8767552	59.3
"chr1"	174160054	174160055	3.8
"chr20"	22216168	22216169	67.8
"chr19"	14037986	14037987	96.4
"chr6"	1747216	1747217	97
"chr1"	207923397	207923398	3.9
"chr18"	2590956	2590957	97.3
"chr1"	56259093	56259094	93.5
"chr16"	88755401	88755402	95.4
"chr14"	32615028	32615029	95.8
"chr5"	2724830	2724831	64
"chr3"	122287736	122287737	50.1
"chr13"	40355713	40355714	95.8
"chr13"	69436658	69436659	14.2
"chr2"	27278639	27278640	93.9
"chr1"	166091125	166091126	92.2
"chr11"	134038849	134038850	96.4
"chr10"	90000224	90000225	7.5
"chr3"	170203131	170203132	95
"chrX"	101011690	101011691	95.9
"chr17"	74844069	74844070	95.2
"chr9"	70668554	70668555	91.4
"chr16"	67998608	67998609	96.9
"chr8"	25177080	25177081	59.6
"chr5"	141887248	141887249	96.3
"chr4"	163981965	163981966	50.5
"chr1"	31447474	31447475	40.9
"chr6"	107702293	107702294	95.4
"chr17"	13991804	13991805	82.6
"chr2"	127465517	127465518	87
"chr3"	29093352	29093353	36.7
"chr12"	123851162	123851163	84.6
"chr13"	17905824	17905825	47.6
"chr8"	144327185	144327186	3.2
"chr4"	184390923	184390924	95.2
"chr9"	5952180	5952181	94.7
"chr1"	75803484	75803485	91.1
"chr12"	50603118	50603119	95.5
"chr13"	112213925	112213926	55.4
"chr6"	21579866	21579867	95.8
"chrX"	31286824	31286825	87.3
"chr4"	161652747	161652748	41.9
"chr6"	59747427	59747428	89.8
"chr7"	66997784	66997785	92.2
"chr16"	33059392	33059393	48
"chr17"	39720837	39720838	95.6
"chr19"	39199143	39199144	33.6
"chr5"	177017472	177017473	96
"chr9"	123766133	123766134	97.5
"chr17"	9374143	9374144	96.1
"chr1"	83744981	83744982	94.8
"chrX"	10446887	10446888	68.7
"chr6"	153285954	153285955	4.2
"chr7"	155402460	155402461	95.4
"chr12"	118355632	118355633	91
"chr6"	88047888	88047889	86.6
"chrX"	131727015	131727016	96.1
"chr8"	52698747	52698748	96
"chr14"	58638121	58638122	4.6
"chr7"	148966948	148966949	12
"chr4"	153235973	153235974	79.7
"chr16"	78900158	78900159	64.3
"chr16"	5292111	5292112	69.8
"chr1"	125112382	125112383	8.2
"chr3"	38123024	38123025	95.8
"chr14"	48978106	48978107	87.2
"chr3"	117866030	117866031	8.3
"chr19"	16749937	16749938	83.7
"chr5"	126540766	126540767	81.9
"chr1"	90961088	90961089	95.6
"chr8"	37855020	37855021	87.3
"chr4"	99550061	99550062	93.7
"chr6"	58713109	58713110	70.3
"chr6"	16359779	16359780	96.8
"chr4"	13308971	13308972	48.5
"chr9"	86354766	86354767	3.4
"chr5"	134144578	134144579	96.9
"chr2"	9205065	9205066	83.1
"chr1"	93406747	93406748	91.8
"chr2"	200986609	200986610	96.5
"chr1"	105556568	105556569	5.3
"chr3"	154319886	154319887	66.7
"chr1"	8848151	8848152	72.5
"chr10"	114646098	114646099	55.6
"chr20"	24500123	24500124	66.9
"chr8"	141123822	141123823	52.9
"chr7"	151342009	151342010	3.5
"chr7"	5188227	5188228	96.9
"chr3"	185193413	185193414	87.3
"chr4"	86134808	86134809	95.5
"chr1"	156517555	156517556	97.1
"chr2"	239111969	239111970	83.9
"chr4"	154040471	154040472	57.7
"chr5"	112268333	112268334	63.3
"chr13"	39571446	39571447	87.8
"chr3"	16409335	16409336	96
"chr13"	59997730	59997731	97
"chr19"	46697795	46697796	70.1
"chr18"	59220429	59220430	36.8
"chr7"	58721128	58721129	71.6
"chr10"	65570538	65570539	4.1
"chr3"	147419134	147419135	2.9
"chr2"	158311362	158311363	96.6
"chr14"	46845851	46845852	35
"chr8"	143771925	143771926	3.8
"chr8"	38179633	38179634	95.5
"chr1"	210494406	210494407	54.6
"chr2"	65753573	65753574	89.4
"chr8"	22066333	22066334	77.9
"chr9"	130181791	130181792	94.7
"chrX"	40640639	40640640	94.5
"chr14"	63128222	63128223	6.1
"chr2"	175420743	175420744	76.1
"chr2"	98512698	98512699	93.7
"chr15"	78186412	78186413	78.8
"chrX"	41118889	41118890	5.4
"chr20"	3836012	3836013	95.6
"chr8"	33348145	33348146	92.9
"chrX"	89824448	89824449	94.4
"chr11"	12593271	12593272	81.2
"chr18"	34719064	34719065	5.1
"chr12"	129631322	129631323	33.2
"chr12"	101480094	101480095	16.6
"chr4"	2397653	2397654	96
"chr16"	23103146	23103147	95.9
"chr7"	94675556	94675557	95.7
"chr5"	80797094	80797095	95.9
"chr19"	47452986	47452987	92.3
"chr5"	55696277	55696278	95.6
"chr11"	118996018	118996019	96.6
"chr17"	64068581	64068582	96.5
"chr12"	64404440	64404441	2.6
"chr6"	72575703	72575704	95.7
"chr11"	35853407	35853408	96.1
"chr14"	33756349	33756350	91.6
"chr7"	3177989	3177990	45.3
"chr12"	106551821	106551822	83.9
"chr3"	157819845	157819846	31
"chr3"	85148200	85148201	3.8
"chr3"	37719648	37719649	45.5
"chr9"	74100629	74100630	54
"chr3"	52505757	52505758	95.2
"chr1"	65130055	65130056	83.2
"chr20"	4875909	4875910	68
"chr16"	84319258	84319259	68.4
"chr17"	5214313	5214314	96.4
"chr2"	108565182	108565183	81.2
"chr2"	40789782	40789783	96.6
"chr7"	106780225	106780226	93.3
"chr19"	33294434	33294435	46.4
"chr17"	58007226	58007227	4.7
"chr5"	25185345	25185346	8.2
"chr13"	78771693	78771694	85.6
"chr17"	41639900	41639901	54.7
"chr12"	14499005	14499006	95.9
"chr4"	128805430	128805431	96.5
"chr15"	23457003	23457004	33.7
"chr2"	24480821	24480822	96.4
"chr2"	105867397	105867398	96.7
"chr8"	42741673	42741674	16.9
"chr8"	123215881	123215882	95.7
"chr8"	102544056	102544057	95.4
"chr8"	53571576	53571577	20.8
"chr13"	107234600	107234601	77.8
"chr17"	41221379	41221380	90.2
"chr2"	222381141	222381142	51.9
"chr3"	55666956	55666957	58.6
"chr16"	71550280	71550281	48.2
"chr2"	14337067	14337068	56.8
"chr18"	80097576	80097577	94.4
"chr1"	74153978	74153979	96.4
"chr15"	100982939	100982940	96.6
"chr8"	43812375	43812376	37.7
"chr18"	77029516	77029517	50.3
"chr5"	77245847	77245848	80.2
"chr17"	78225787	78225788	96.2
"chr7"	125326138	125326139	96.4
"chr1"	2694117	2694118	4.1
"chr12"	53723740	53723741	96
"chr20"	34676997	34676998	3.7
"chr2"	73058546	73058547	96.5
"chr15"	58961341	58961342	93.3
"chr12"	20954909	20954910	92.5
"chr17"	81461556	81461557	97
"chr3"	194523696	194523697	95
"chr22"	25008528	25008529	46.5
"chr13"	41820760	41820761	90.5
"chr6"	28017744	28017745	91.2
"chr12"	111169013	111169014	96
"chr7"	120282088	120282089	95.6
"chr22"	36853897	36853898	47.6
"chr6"	106147956	106147957	90
"chr4"	144071666	144071667	41.4
"chr22"	22275369	22275370	95
"chr5"	61295013	61295014	59.4
"chr15"	93051205	93051206	94.7
"chrX"	4751220	4751221	93.9
"chr17"	35549670	35549671	94.3
"chr1"	120775344	120775345	96.1
"chr10"	113967260	113967261	96.4
"chr5"	44855672	44855673	83
"chr12"	122357865	122357866	94.7
"chr5"	1288713	1288714	93.6
"chr17"	32498131	32498132	96.6
"chr6"	39088786	39088787	74.8
"chr6"	14615630	14615631	94.8
"chr3"	111394847	111394848	94.4
"chr22"	47485279	47485280	56.5
"chr8"	47990217	47990218	96.7
"chr5"	26245916	26245917	92
"chr1"	207580359	207580360	94.7
"chr8"	144402123	144402124	80.5
"chr10"	120924085	120924086	94.3
"chr6"	14873350	14873351	35.8
"chr19"	2269933	2269934	2.6
"chr19"	49965197	49965198	94.2
"chr20"	59737246	59737247	95.8
"chr8"	99792624	99792625	95.7
"chr1"	168792499	168792500	60.2
"chr7"	132224723	132224724	90.2
"chr3"	130140162	130140163	81.7
"chr5"	60446835	60446836	77.2
"chr11"	52804960	52804961	40.4
"chrY"	8102156	8102157	61.4
"chr13"	69140452	69140453	67.2
"chr5"	155975908	155975909	94.5
"chr1"	101320389	101320390	89.8
"chrX"	48585618	48585619	82.9
"chr9"	97848564	97848565	3.9
"chr5"	17282975	17282976	5.2
"chr11"	107480798	107480799	95.4
"chr1"	39775992	39775993	96.1
"chrX"	112986303	112986304	87.3
"chr16"	36565057	36565058	78.8
"chr8"	22982012	22982013	95.9
"chr12"	44519720	44519721	80.6
"chr8"	1731540	1731541	87.1
"chr19"	46194282	46194283	33.3
"chr19"	43126700	43126701	10.6
"chr1"	109090776	109090777	3.7
"chrX"	6127405	6127406	15.5
"chr11"	71651845	71651846	79.2
"chr15"	99434170	99434171	96.4
"chr9"	103922945	103922946	74.5
"chr19"	18888387	18888388	82.1
"chr2"	68428246	68428247	94.3
"chr7"	44822869	44822870	91.2
"chr6"	21909539	21909540	87.9
"chr10"	84172539	84172540	3.7
"chr11"	42002239	42002240	4.7
"chr18"	37550930	37550931	4.3
"chr8"	140993332	140993333	96.4
"chr5"	143944411	143944412	60.6
"chr2"	63020129	63020130	95.9
"chr13"	27794942	27794943	5.3
"chr12"	31007661	31007662	65.4
"chr11"	41564946	41564947	11.6
"chr10"	84172364	84172365	2.9
"chr10"	24747748	24747749	57.2
"chr9"	93940690	93940691	96.9
"chr4"	188344487	188344488	87.1
"chr17"	31011727	31011728	94.7
"chr6"	110689363	110689364	97.1
"chr2"	73663401	73663402	83
"chr11"	71774719	71774720	94.6
"chr15"	70396809	70396810	84.3
"chr12"	1869278	1869279	86
"chr6"	20023515	20023516	94.5
"chr1"	183648267	183648268	97.2
"chrX"	117879857	117879858	96.6
"chr20"	61023737	61023738	94.5
"chr4"	84169221	84169222	92.4
"chr10"	67141768	67141769	72.1
"chr5"	137628304	137628305	96.5
"chrX"	154876141	154876142	96.5
"chr12"	49386444	49386445	97.3
"chr8"	91421262	91421263	94.3
"chr1"	50038555	50038556	3.4
"chr13"	104789108	104789109	95.3
"chr1"	2473438	2473439	55.3
"chr1"	149421831	149421832	97.3
"chr18"	6526979	6526980	66.2
"chr6"	37513431	37513432	95.6
"chr20"	62605357	62605358	94.1
"chr1"	17807716	17807717	47.7
"chr19"	51984153	51984154	96.3
"chr9"	15237139	15237140	95.7
"chr14"	63473915	63473916	60.3
"chr13"	100260143	100260144	90
"chr17"	28742649	28742650	15.3
"chr18"	45363060	45363061	76.7
"chr5"	136739143	136739144	94.2
"chr12"	110772273	110772274	90.7
"chr8"	51197961	51197962	9.7
"chr1"	27929266	27929267	95.8
"chr1"	3339215	3339216	51.2
"chr3"	196509079	196509080	97
"chr18"	66226626	66226627	42.4
"chr1"	151214599	151214600	96.5
"chr7"	99354088	99354089	96.1
"chr1"	187774131	187774132	52.8
"chr20"	35601200	35601201	3.9
"chr5"	169097632	169097633	37
"chr17"	47492638	47492639	3.8
"chr2"	9140996	9140997	95.6
"chr12"	93886435	93886436	96.2
"chr2"	151759103	151759104	79.3
"chr22"	21368185	21368186	72.5
"chr15"	37798079	37798080	33.6
"chr3"	36000619	36000620	72.5
"chr2"	13761214	13761215	96
"chr6"	100136571	100136572	92.9
"chr12"	129926123	129926124	9.7
"chr11"	99033936	99033937	29.5
"chr1"	182688875	182688876	96.3
"chr18"	10227405	10227406	86.6
"chr10"	29874781	29874782	36.8
"chr7"	54833892	54833893	96.3
"chr16"	59069942	59069943	59.2
"chr5"	85505642	85505643	68.6
"chr12"	14323800	14323801	96
"chr10"	47934903	47934904	27.4
"chr2"	106646300	106646301	90.9
"chr8"	26485179	26485180	78.2
"chr10"	105011566	105011567	28.9
"chr5"	2122981	2122982	66.6
"chr15"	60463569	60463570	92.8
"chr18"	30033684	30033685	6.7
"chr10"	103547850	103547851	95.3
"chr5"	5581448	5581449	58.2
"chr2"	112379005	112379006	87.1
"chr1"	203064438	203064439	96.6
"chr7"	90456810	90456811	95.3
"chr11"	91232833	91232834	95.7
"chr12"	51084195	51084196	94.1
"chr5"	31941314	31941315	94.7
"chr2"	215652555	215652556	59.6
"chr6"	168588008	168588009	57
"chr19"	17175016	17175017	94.8
"chr18"	12050574	12050575	3.1
"chr13"	19086003	19086004	96.8
"chr6"	67750550	67750551	83.7
"chr19"	45286086	45286087	93.5
"chrX"	138496319	138496320	96.6
"chr12"	116478163	116478164	95.4
"chr5"	178335423	178335424	10
"chr1"	3611578	3611579	3.1
"chr6"	40502635	40502636	84.7
"chr12"	63151469	63151470	3.2
"chr5"	135029829	135029830	3.7
"chr12"	95236194	95236195	96.3
"chr3"	107572282	107572283	93.1
"chr3"	160004602	160004603	95.6
"chr13"	65567627	65567628	9
"chr5"	88613726	88613727	17.6
"chr4"	98865090	98865091	95.1
"chr1"	6792256	6792257	95.1
"chr9"	98057545	98057546	3.4
"chr6"	170508275	170508276	2.7
"chr12"	113530372	113530373	35.9
"chr4"	185045897	185045898	80.4
"chr9"	18219587	18219588	92.5
"chr4"	2732330	2732331	88
"chr6"	38954017	38954018	95.8
"chr18"	32649263	32649264	86.3
"chr16"	29807119	29807120	3.8
"chrX"	25340686	25340687	47.4
"chrX"	19806696	19806697	5
"chrX"	146633895	146633896	77.2
"chr10"	62817317	62817318	3.1
"chr11"	71356366	71356367	95.5
"chr5"	106247195	106247196	91.1
"chr9"	19021541	19021542	60.3
"chr7"	15488799	15488800	69.6
"chrX"	149374344	149374345	3.6
"chr11"	12905530	12905531	16.4
"chr7"	95332732	95332733	34.8
"chr2"	495412	495413	96.8
"chr6"	73354641	73354642	92
"chr11"	85765280	85765281	96.8
"chr2"	130213614	130213615	3.9
"chr5"	10461249	10461250	96.2
"chr6"	89234840	89234841	95.5
"chr17"	18364826	18364827	57
"chr17"	70206054	70206055	84.6
"chr5"	22243749	22243750	77.7
"chr19"	5132002	5132003	13.1
"chr19"	49085284	49085285	2.7
"chr1"	151904044	151904045	95
"chr2"	113237878	113237879	68
"chr2"	75809058	75809059	93.3
"chr2"	35366552	35366553	95.2
"chr8"	105809229	105809230	52.8
"chr16"	73040761	73040762	96.6
"chr6"	157622167	157622168	94.6
"chr8"	104964005	104964006	92
"chr10"	45767261	45767262	96.5
"chr2"	59803778	59803779	94.4
"chr1"	119761517	119761518	95.9
"chr1"	123790716	123790717	70.3
"chr8"	53774439	53774440	91.8
"chr3"	62093418	62093419	67.5
"chr9"	89065108	89065109	73.3
"chr7"	151849506	151849507	89.3
"chr8"	120586364	120586365	74.5
"chr8"	33411584	33411585	95.4
"chr19"	7860618	7860619	58.9
"chr11"	32795326	32795327	96.1
"chr13"	17082117	17082118	29.5
"chr20"	21616890	21616891	96.5
"chr15"	22979443	22979444	3.7
"chr17"	8967752	8967753	32.1
"chr5"	145097450	145097451	76.6
"chr13"	26933484	26933485	93.4
"chr14"	74903317	74903318	4.7
"chr17"	66081784	66081785	96
"chr1"	214977677	214977678	94.6
"chr2"	182619053	182619054	89.5
"chr11"	59876339	59876340	86.8
"chr6"	56218758	56218759	92.2
"chr3"	42497796	42497797	90.1
"chr2"	19675508	19675509	2.9
"chr15"	74805540	74805541	96.9
"chr18"	62544616	62544617	96.8
"chr13"	91029447	91029448	89.6
"chr17"	67296619	67296620	89
"chrX"	148277463	148277464	83.2
"chr12"	49158327	49158328	96.1
"chr10"	100477177	100477178	86
"chr7"	91909423	91909424	94.6
"chr11"	88005260	88005261	37.3
"chr16"	1455889	1455890	52.3
"chr2"	74134161	74134162	95.9
"chr14"	93097524	93097525	96.7
"chr6"	58718902	58718903	94.4
"chrY"	8755741	8755742	42.1
"chr18"	73904049	73904050	95.1
"chrX"	35512743	35512744	91.5
"chr6"	43788083	43788084	96.4
"chr11"	46617246	46617247	3.4
"chr15"	54308156	54308157	93.1
"chr9"	75586151	75586152	38.1
"chr13"	48401586	48401587	4.3
"chr19"	33867423	33867424	93.1
"chr11"	6505531	6505532	85.3
"chr1"	15771188	15771189	73
"chr13"	83203088	83203089	67.1
"chrX"	104030446	104030447	70.9
"chr3"	11636460	11636461	94.8
"chr3"	95975515	95975516	90.1
"chr12"	132489991	132489992	3.6
"chr16"	78109404	78109405	94.6
"chr8"	99850131	99850132	6.9
"chr15"	90960988	90960989	95.4
"chr3"	51968286	51968287	3
"chrX"	32969066	32969067	43.7
"chr11"	3061892	3061893	91.4
"chr20"	36108659	36108660	82.2
"chr21"	32466274	32466275	93.5
"chr12"	27060195	27060196	89
"chr3"	126207067	126207068	65.9
"chr7"	102146481	102146482	96.2
"chr17"	30304129	30304130	94.4
"chr5"	17303631	17303632	75.1
"chr1"	43998581	43998582	47.5
"chr11"	5683332	5683333	59.3
"chr17"	9236177	9236178	94.3
"chr15"	57877297	57877298	94.8
"chr5"	85918837	85918838	36.5
"chr19"	1104508	1104509	4
"chr5"	38853536	38853537	6.5
"chr6"	110947120	110947121	95.1
"chr15"	35431855	35431856	95.6
"chr8"	65691687	65691688	93.2
"chr6"	159435846	159435847	94.4
"chr2"	143815978	143815979	93.7
"chr12"	113191369	113191370	96.8
"chr6"	95402758	95402759	76.6
"chr10"	35337243	35337244	4.4
"chr9"	68418573	68418574	75.1
"chr4"	47548429	47548430	96.7
"chr17"	4280878	4280879	96.6
"chr6"	99613153	99613154	3.9
"chr2"	108782711	108782712	96.6
"chr16"	33322623	33322624	11.3
"chr5"	120160261	120160262	91.6
"chr14"	22151488	22151489	92
"chr4"	187970832	187970833	95.6
"chr12"	86021300	86021301	61.8
"chr6"	42633236	42633237	91.8
"chr12"	77102154	77102155	49
"chr10"	100827120	100827121	3.7
"chr11"	121205919	121205920	94.6
"chr9"	22876524	22876525	77.5
"chr2"	10486592	10486593	9.1
"chr1"	156555001	156555002	4.7
"chr20"	4149100	4149101	4.7
"chr8"	22080216	22080217	47.1
"chr1"	211324428	211324429	94.6
"chr15"	98196813	98196814	8.1
"chr1"	36462325	36462326	97
"chr11"	65918868	65918869	2.9
"chr6"	153028938	153028939	92.2
"chrX"	30553401	30553402	97.2
"chr3"	78836293	78836294	93.6
"chr8"	80738278	80738279	35.5
"chr10"	129691964	129691965	89.2
"chr8"	113817107	113817108	86.9
"chr5"	77031630	77031631	91.7
"chr16"	46834424	46834425	94.8
"chr3"	118288031	118288032	12.3
"chr1"	181083268	181083269	96.5
"chr14"	57779903	57779904	73.5
"chr9"	84669386	84669387	3.2
"chr2"	232334087	232334088	96.2
"chr16"	63300833	63300834	96.9
"chr11"	18633926	18633927	3.2
"chr1"	214340623	214340624	50.7
"chr8"	22693994	22693995	4.1
"chr10"	129851563	129851564	71.2
"chrX"	112964181	112964182	94.5
"chr22"	37543509	37543510	91.1
"chr4"	52498159	52498160	96.4
"chr14"	51924680	51924681	94.1
"chr13"	72522169	72522170	95.2
"chr14"	77982247	77982248	96.6
"chr20"	24992346	24992347	4.2
"chr7"	121307935	121307936	55.6
"chr7"	128711134	128711135	85.3
"chr4"	145768224	145768225	94.4
"chr1"	47880521	47880522	94.5
"chr12"	92529319	92529320	96
"chr14"	26904789	26904790	90.6
"chr2"	18879500	18879501	19
"chr20"	24563160	24563161	63.2
"chr1"	222782635	222782636	89
"chr7"	33011796	33011797	96.4
"chr20"	29389166	29389167	3.5
"chr10"	130785577	130785578	96.2
"chrX"	115861727	115861728	96
"chr7"	66973537	66973538	85.3
"chr12"	47549115	47549116	22.1
"chr16"	50976763	50976764	32.6
"chr6"	25840041	25840042	55.5
"chr1"	85468763	85468764	95.7
"chr8"	74600862	74600863	90.6
"chrX"	97040255	97040256	50.8
"chr1"	54963461	54963462	54.7
"chr16"	81156025	81156026	83
"chr15"	66539711	66539712	95.4
"chr17"	3563934	3563935	89.8
"chr6"	42706496	42706497	63.8
"chrY"	11827653	11827654	68.5
"chr1"	3542613	3542614	13
"chr4"	61711763	61711764	73.4
"chr10"	24331859	24331860	89.8
"chrY"	13735339	13735340	96.1
"chr13"	69329319	69329320	60.6
"chr3"	35429405	35429406	30.3
"chr8"	136667732	136667733	49
"chr19"	2909318	2909319	94.9
"chr15"	44982653	44982654	90.7
"chr1"	175895716	175895717	64.6
"chr9"	107999657	107999658	57.2
"chr16"	46819394	46819395	96.3
"chr9"	121791388	121791389	69.7
"chr9"	137449212	137449213	96.3
"chr2"	240056568	240056569	84.3
"chr2"	238257458	238257459	96.8
"chr4"	130294404	130294405	66.9
"chr10"	130045285	130045286	80.7
"chr2"	240586129	240586130	8.4
"chr20"	63621620	63621621	96.5
"chr3"	17157037	17157038	96.3
"chr5"	73693189	73693190	9.9
"chr5"	112619978	112619979	96.1
"chr1"	98998299	98998300	6
"chr8"	117232198	117232199	76.3
"chr2"	239400061	239400062	3.5
"chr2"	89210955	89210956	49.9
"chr9"	72468638	72468639	96
"chr20"	11535465	11535466	59.1
"chr20"	57567570	57567571	3.3
"chr12"	63021051	63021052	69.1
"chr2"	223131865	223131866	84.1
"chr15"	19092226	19092227	56.8
"chr1"	45490364	45490365	2.6
"chr2"	185599613	185599614	89.3
"chr10"	83134965	83134966	75.9
"chr7"	32892302	32892303	3.6
"chr14"	54234550	54234551	53
"chr16"	47042539	47042540	55.9
"chr9"	136690625	136690626	83.9
"chr19"	3041440	3041441	96.2
"chr12"	61942489	61942490	85.7
"chr8"	2668587	2668588	96.3
"chr8"	121698231	121698232	44
"chr7"	143509483	143509484	93.3
"chr12"	19419719	19419720	95.7
"chrY"	21520535	21520536	97
"chr10"	45731237	45731238	96.5
"chr2"	177710221	177710222	95.1
"chr1"	111529970	111529971	94.8
"chr9"	128008325	128008326	93.5
"chr1"	14733130	14733131	4.4
"chr17"	83119527	83119528	96.6
"chr2"	70257948	70257949	3.9
"chr5"	128967924	128967925	62.3
"chr8"	20254919	20254920	79.5
"chr4"	174283066	174283067	3.8
"chr11"	75475426	75475427	11.4
"chr16"	22714661	22714662	90.2
"chr5"	23601302	23601303	95.4
"chr6"	31590318	31590319	96.9
"chr11"	903517	903518	95
"chr2"	59217911	59217912	4
"chr20"	41438754	41438755	96.7
"chr1"	178603940	178603941	84.1
"chr1"	24502389	24502390	2.8
"chr8"	57794267	57794268	93.3
"chr6"	34889738	34889739	3.2
"chr8"	76323636	76323637	75.4
"chr9"	15098569	15098570	92.8
"chr6"	79947170	79947171	3.5
"chr1"	16500344	16500345	97.3
"chr1"	156333032	156333033	96.5
"chr18"	76314748	76314749	3.5
"chr13"	38305522	38305523	11.6
"chr11"	61889961	61889962	96.7
"chr1"	218747707	218747708	53.8
"chr2"	105573106	105573107	4
"chr14"	94773119	94773120	3.8
"chrX"	60393232	60393233	95.8
"chr13"	54539186	54539187	21.3
"chr11"	85611543	85611544	94.5
"chr5"	123491774	123491775	95.2
"chr5"	55272663	55272664	95.2
"chr16"	84685719	84685720	95.9
"chr14"	54893006	54893007	96.1
"chr1"	35767883	35767884	96.4
"chr10"	92601146	92601147	95.1
"chr8"	123844468	123844469	77.9
"chr3"	31655914	31655915	96.9
"chr8"	81781115	81781116	89
"chr14"	26796017	26796018	5.1
"chr17"	14669502	14669503	44.9
"chr7"	30914332	30914333	36.1
"chr16"	30805853	30805854	4.1
"chr3"	149338665	149338666	95.7
"chr22"	17146382	17146383	96.8
"chr4"	102174243	102174244	95.7
"chr19"	49666048	49666049	6.3
"chr4"	172052536	172052537	82.2
"chrX"	91449043	91449044	45.1
"chr18"	15927282	15927283	80.6
"chr13"	22938833	22938834	95
"chrY"	5346830	5346831	68.4
"chr20"	5547629	5547630	96
"chr2"	177835128	177835129	88.7
"chr16"	70441764	70441765	96.4
"chr19"	8149683	8149684	4.4
"chr13"	30750156	30750157	95.6
"chr7"	153006843	153006844	65.8
"chr17"	18491768	18491769	40.8
"chr7"	30078632	30078633	97.2
"chr10"	79347814	79347815	6.4
"chr1"	16191263	16191264	48.3
"chrX"	7612165	7612166	51
"chr7"	153684013	153684014	4.1
"chr10"	59187707	59187708	55.3
"chr14"	92575707	92575708	58.8
"chr16"	81035898	81035899	2.9
"chr12"	948613	948614	95.8
"chr3"	56850674	56850675	25.4
"chr7"	99100468	99100469	51.8
"chr18"	37876295	37876296	66.6
"chr22"	38551178	38551179	95.5
"chr9"	104772140	104772141	78.3
"chr1"	17854252	17854253	26.8
"chr1"	1702569	1702570	91.6
"chr7"	71174855	71174856	73.1
"chrX"	136635498	136635499	4
"chrX"	138243243	138243244	45.6
"chr5"	122639052	122639053	90.7
"chr22"	31661461	31661462	3.1
"chr9"	104724242	104724243	48.1
"chr2"	45261771	45261772	76.1
"chr2"	96332855	96332856	96.6
"chr18"	57829166	57829167	96.3
"chr13"	40794705	40794706	93.8
"chr18"	57261209	57261210	95.6
"chr2"	168907515	168907516	34.3
"chr10"	70146889	70146890	4.5
"chr19"	1822571	1822572	91.8
"chr13"	91804969	91804970	25.3
"chr8"	28639186	28639187	95.6
"chr9"	133920912	133920913	75.9
"chr2"	9255885	9255886	94.8
"chr6"	143355017	143355018	95.1
"chr5"	167662388	167662389	33.9
"chr22"	43179739	43179740	96.5
"chr8"	51937431	51937432	45.1
"chrX"	119748605	119748606	81.1
"chr10"	130171762	130171763	95.5
"chr9"	111876873	111876874	95.3
"chr1"	247061418	247061419	96
"chr4"	184955108	184955109	3.1
"chr2"	155230557	155230558	37.1
"chr19"	18215196	18215197	40.2
"chr8"	122865348	122865349	95.8
"chr6"	129829774	129829775	88.3
"chr2"	94249578	94249579	40.5
"chr16"	84537969	84537970	84.6
"chr12"	119339378	119339379	4.7
"chr18"	51250157	51250158	95.1
"chr3"	37440181	37440182	78.4
"chr15"	71784186	71784187	92.4
"chr17"	75768475	75768476	95.2
"chrY"	2787041	2787042	4
"chr8"	48527682	48527683	21.5
"chr10"	132489026	132489027	16.7
"chr17"	79862511	79862512	4.3
"chr9"	114138397	114138398	52.7
"chr14"	64415125	64415126	96.1
"chr5"	54037953	54037954	44.6
"chr1"	209784617	209784618	3.2
"chr12"	111299243	111299244	96.3
"chrX"	83692726	83692727	68.5
"chr4"	2611568	2611569	96.4
"chr7"	92133398	92133399	72.7
"chr17"	27486901	27486902	95.9
"chr4"	140755933	140755934	4.3
"chr20"	26168436	26168437	96
"chr2"	89871659	89871660	93
"chr4"	168880992	168880993	18.1
"chr7"	71044241	71044242	95.2
"chr2"	177047505	177047506	94
"chr2"	66841804	66841805	45.5
"chr5"	74767036	74767037	3.4
"chr11"	67118619	67118620	4.1
"chrX"	45836956	45836957	95.1
"chr12"	59655828	59655829	94.8
"chr15"	18163647	18163648	57.9
"chr4"	61413809	61413810	11.6
"chr7"	56448005	56448006	91.3
"chr21"	20605380	20605381	15.8
"chr3"	197841170	197841171	96.8
"chr5"	56970966	56970967	92.6
"chr7"	101194028	101194029	96.3
"chr1"	33673308	33673309	58.8
"chr1"	3411769	3411770	89.2
"chr5"	173870251	173870252	95.5
"chr6"	140000084	140000085	96
"chr20"	49961100	49961101	91.2
"chr1"	191817514	191817515	3.6
"chr5"	77490110	77490111	95.4
"chr15"	42575561	42575562	3.4
"chr14"	40375214	40375215	73
"chr7"	55936931	55936932	96.2
"chr10"	77624141	77624142	61.4
"chr10"	83457360	83457361	68.4
"chr4"	9331746	9331747	91.7
"chr5"	37320407	37320408	96.9
"chr4"	24691856	24691857	96.3
"chr7"	145255096	145255097	82.4
"chr9"	130452054	130452055	3.1
"chr16"	27406157	27406158	6
"chr12"	112320426	112320427	96.8
"chrX"	45088455	45088456	96.3
"chr9"	68676942	68676943	88.3
"chr2"	169115359	169115360	94
"chr12"	132410453	132410454	3.1
"chr12"	18102233	18102234	2.9
"chr11"	54362229	54362230	59.8
"chr17"	54244485	54244486	95.5
"chr18"	36213401	36213402	78.1
"chr1"	143781625	143781626	94.9
"chr3"	183046727	183046728	94.4
"chr7"	23528353	23528354	97.1
"chr9"	42891343	42891344	13.9
"chr4"	181577291	181577292	86.9
"chr17"	79190302	79190303	75.7
"chr7"	55495967	55495968	96.1
"chr5"	27580388	27580389	94.3
"chr19"	39187665	39187666	30
"chr3"	14575810	14575811	2.5
"chr19"	18280290	18280291	4.1
"chr7"	140495276	140495277	89.8
"chr11"	22168295	22168296	56.5
"chr2"	100941717	100941718	54.4
"chr2"	237902659	237902660	80.7
"chr2"	236495996	236495997	88.5
"chr7"	144541283	144541284	88.1
"chr1"	213097451	213097452	96.7
"chrX"	30834170	30834171	96.8
"chr7"	91946683	91946684	84.4
"chr11"	132348004	132348005	94.6
"chr7"	25370741	25370742	62.7
"chr5"	167555089	167555090	89.5
"chr4"	43893112	43893113	80.5
"chr11"	28797839	28797840	2.3
"chr2"	152501587	152501588	89.6
"chr2"	6971312	6971313	42.2
"chr11"	112152101	112152102	93.5
"chr16"	76119421	76119422	50.8
"chr11"	114068444	114068445	52
"chr3"	97649368	97649369	7.1
"chr12"	25195340	25195341	3.6
"chr2"	212633998	212633999	95
"chr3"	66451605	66451606	88.3
"chr2"	240560882	240560883	2.8
"chr10"	117390824	117390825	55.3
"chr5"	94545922	94545923	8.4
"chr8"	38440802	38440803	96.1
"chr16"	58924630	58924631	69.7
"chr3"	184870429	184870430	96.4
"chrX"	43882686	43882687	45
"chr12"	6031354	6031355	80.1
"chr8"	3771719	3771720	5.3
"chr8"	60198662	60198663	31.7
"chr10"	10632457	10632458	76.9
"chr1"	6635391	6635392	95.7
"chr2"	214133478	214133479	51.9
"chr10"	85315753	85315754	9
"chr1"	156897794	156897795	52.6
"chr20"	49219652	49219653	3.3
"chr14"	101041782	101041783	87.1
"chr8"	42153719	42153720	3.7
"chr1"	161859334	161859335	95.6
"chr10"	9251943	9251944	93.7
"chr5"	142597447	142597448	87.8
"chr22"	31287101	31287102	95.7
"chr16"	89872945	89872946	36.5
"chr9"	18777389	18777390	96
"chr8"	5501382	5501383	41.2
"chr8"	144610627	144610628	93.7
"chr7"	67871708	67871709	44.3
"chr1"	23299084	23299085	96.1
"chr19"	34901633	34901634	37.6
"chrX"	150738060	150738061	94.7
"chr22"	46914638	46914639	5.9
"chr3"	22764315	22764316	34.4
"chr4"	59599762	59599763	5.4
"chr1"	198031683	198031684	80
"chr21"	26573131	26573132	6.2
"chr22"	49606281	49606282	95.4
"chr6"	73369858	73369859	96.3
"chr2"	2867582	2867583	81.7
"chr2"	133250623	133250624	95.4
"chr6"	110122218	110122219	80.6
"chr21"	18425877	18425878	3.5
"chr21"	44300019	44300020	3
"chr8"	142452229	142452230	4.2
"chr9"	33266646	33266647	87.9
"chr15"	67733246	67733247	93.8
"chr12"	10153577	10153578	3
"chr11"	21749212	21749213	18
"chr17"	82183281	82183282	96.5
"chr14"	105597467	105597468	76.4
"chrX"	144968699	144968700	75
"chr19"	37948745	37948746	92.3
"chr17"	65064443	65064444	97
"chr1"	234918521	234918522	93.3
"chr14"	81613355	81613356	19.5
"chr1"	63514830	63514831	97.3
"chr7"	51331513	51331514	81.7
"chr4"	40630013	40630014	3.4
"chr3"	33522807	33522808	95.9
"chr9"	71704607	71704608	97.6
"chr8"	57908358	57908359	83.9
"chr4"	72776336	72776337	88.5
"chr6"	13081618	13081619	92.1
"chr18"	12475768	12475769	80.5
"chr8"	82897235	82897236	73.7
"chr17"	43021901	43021902	3.5
"chr8"	130844540	130844541	17.7
"chrX"	130898249	130898250	77.7
"chrX"	95442137	95442138	6.8
"chr2"	137868632	137868633	17.1
"chr22"	33620776	33620777	95.3
"chr14"	103703300	103703301	95.9
"chr17"	51173088	51173089	95.9
"chr4"	3862897	3862898	3.2
"chr12"	11846580	11846581	97
"chr19"	40484847	40484848	95.2
"chrX"	58892203	58892204	79.6
"chr16"	21243349	21243350	56.1
"chr3"	48417383	48417384	55
"chr9"	26285038	26285039	20.2
"chr4"	96437465	96437466	45.2
"chr19"	49070469	49070470	96.4
"chr5"	179698430	179698431	3.6
"chr4"	180823019	180823020	48.1
"chr13"	80601065	80601066	62.2
"chr7"	105359823	105359824	95.3
"chr11"	26976284	26976285	82.6
"chr5"	120802147	120802148	31.8
"chr17"	59340635	59340636	96.9
"chr4"	114598632	114598633	3.1
"chr12"	109772891	109772892	86.1
"chr2"	55793173	55793174	92.2
"chr16"	17611721	17611722	92.6
"chr1"	161471827	161471828	47.4
"chr14"	79117624	79117625	36
"chr3"	49277191	49277192	3
"chr3"	2985944	2985945	73.7
"chr11"	98400507	98400508	4.3
"chr6"	167755509	167755510	93.8
"chr18"	65784750	65784751	95.5
"chr2"	47415583	47415584	96.7
"chr7"	148472655	148472656	5
"chr19"	33225366	33225367	65.8
"chr2"	85389483	85389484	96.4
"chr1"	29235941	29235942	5.4
"chr16"	85505514	85505515	66.4
"chr4"	144186148	144186149	11.4
"chr20"	56277889	56277890	3.7
"chr19"	55587464	55587465	2.8
"chr14"	81805145	81805146	80.2
"chr2"	173031309	173031310	94.2
"chr5"	84101600	84101601	65.7
"chr8"	64374249	64374250	5.7
"chr10"	75572366	75572367	95.3
"chr15"	100555114	100555115	84.4
"chr13"	42159083	42159084	96.2
"chr7"	100493856	100493857	4.4
"chr12"	64405816	64405817	96.5
"chr3"	44018539	44018540	66.9
"chr1"	59926831	59926832	3.9
"chr1"	11854728	11854729	87.9
"chr2"	205036965	205036966	96.5
"chr5"	32342257	32342258	88.1
"chr3"	128234798	128234799	90.1
"chr9"	42939240	42939241	7.2
"chr18"	48540792	48540793	3.7
"chr1"	34240904	34240905	92.2
"chr3"	52229709	52229710	95.7
"chr12"	122800206	122800207	96.5
"chr16"	48192546	48192547	87.1
"chr14"	85449643	85449644	72.6
"chr16"	11428844	11428845	26.4
"chrX"	54113771	54113772	96.3
"chr5"	11931599	11931600	96.2
"chr8"	141885818	141885819	63.7
"chr17"	33698903	33698904	4.5
"chr17"	74527944	74527945	95.9
"chr17"	15958679	15958680	82
"chr20"	45877789	45877790	96.4
"chr3"	56510791	56510792	39.7
"chr8"	117662124	117662125	95.2
"chr20"	11854274	11854275	77.5
"chr14"	60793056	60793057	95.6
"chr11"	102096842	102096843	58.3
"chr20"	48807434	48807435	95.7
"chr10"	23171315	23171316	37.3
"chr7"	5317937	5317938	83.4
"chr18"	723077	723078	95.8
"chrX"	2556706	2556707	86.1
"chr10"	113778843	113778844	87.1
"chr16"	31338082	31338083	56.5
"chr7"	140375468	140375469	94.5
"chr18"	10000361	10000362	73
"chr9"	97849366	97849367	49.4
"chr15"	43592939	43592940	30.7
"chrX"	21656086	21656087	3.3
"chr2"	107468496	107468497	93.3
"chr15"	29821864	29821865	2.8
"chr9"	109084034	109084035	97.1
"chr1"	196983067	196983068	96.1
"chr10"	126135631	126135632	71
"chr10"	4152017	4152018	95.2
"chr12"	106961009	106961010	97.1
"chr7"	40139970	40139971	95.1
"chr10"	7371267	7371268	96.4
"chr18"	76495218	76495219	3.1
"chr9"	5753023	5753024	95.8
"chr17"	64095800	64095801	72.1
"chr7"	72961963	72961964	94.4
"chr5"	5688915	5688916	70.4
"chr8"	51535144	51535145	95.7
"chr12"	49835549	49835550	96.7
"chr15"	84748374	84748375	7.8
"chr1"	231042745	231042746	97.1
"chr10"	72750472	72750473	93.7
"chr8"	119784374	119784375	11.2
"chr13"	85881469	85881470	91.6
"chr1"	8026923	8026924	48.9
"chr5"	140378867	140378868	61.4
"chr9"	64977087	64977088	93.9
"chr1"	171841462	171841463	3.8
"chr7"	71171711	71171712	49.2
"chr5"	53690083	53690084	95.6
"chr3"	23529167	23529168	57
"chr6"	30894635	30894636	96
"chr4"	189989233	189989234	4.2
"chr11"	34206338	34206339	96.9
"chr6"	43223352	43223353	96.4
"chr2"	98883613	98883614	54.1
"chr1"	246521530	246521531	20.3
"chrX"	983649	983650	96.5
"chr13"	78535208	78535209	4.6
"chr16"	68344501	68344502	97
"chr5"	148809284	148809285	3.1
"chr2"	201967650	201967651	80.3
"chr2"	13945454	13945455	93
"chr4"	15177719	15177720	61.3
"chr14"	26142546	26142547	23.3
"chr16"	6410371	6410372	87.5
"chr16"	15030706	15030707	96.2
"chr19"	16807835	16807836	90.6
"chr14"	72161135	72161136	40.3
"chr7"	137846899	137846900	17.2
"chr12"	65036193	65036194	77.4
"chr13"	38005864	38005865	69.7
"chr6"	149160698	149160699	5.3
"chr14"	32007717	32007718	88.6
"chr15"	80628650	80628651	66.4
"chr20"	19836179	19836180	56.3
"chr17"	26832149	26832150	94.8
"chr6"	136205108	136205109	43.9
"chr20"	17570301	17570302	3.4
"chr5"	6857965	6857966	79.2
"chr20"	39341148	39341149	33.6
"chr13"	32874276	32874277	94.6
"chr12"	66065129	66065130	91.1
"chr3"	112567505	112567506	88.3
"chr7"	117093527	117093528	97
"chr14"	69936389	69936390	95.5
"chr2"	10410237	10410238	2.5
"chr4"	181241354	181241355	44.9
"chr1"	20521534	20521535	89.3
"chr12"	96463742	96463743	95.9
"chr11"	63141116	63141117	91.5
"chr12"	116211184	116211185	76.5
"chr18"	73471066	73471067	10.5
"chr13"	101783383	101783384	93.3
"chr3"	25911723	25911724	80.8
"chr7"	139625321	139625322	93
"chr2"	108050736	108050737	75.8
"chr17"	62493945	62493946	96.3
"chr2"	199545642	199545643	60.9
"chr5"	163642272	163642273	42.6
"chrX"	134166035	134166036	95.7
"chr18"	46737461	46737462	57.9
"chr16"	51434409	51434410	18.6
"chr8"	122989108	122989109	91.8
"chr16"	71515860	71515861	94
"chr4"	127624844	127624845	96.5
"chr1"	207769171	207769172	96.8
"chr10"	75052702	75052703	94.6
"chr16"	37022009	37022010	61.8
"chr18"	51334964	51334965	94.1
"chr7"	56373311	56373312	94.7
"chr7"	92330765	92330766	96.1
"chrY"	9531482	9531483	80.6
"chr1"	6138606	6138607	15.9
"chr2"	119553991	119553992	96.9
"chr4"	128678554	128678555	93.3
"chr16"	20859450	20859451	97
"chr9"	127534186	127534187	74.9
"chr16"	3175052	3175053	3.8
"chr20"	1005841	1005842	9.3
"chr8"	144389572	144389573	96.7
"chr1"	183969445	183969446	32.9
"chr4"	76304309	76304310	96.1
"chr19"	1663860	1663861	2.5
"chr6"	107899512	107899513	96.3
"chr6"	169696635	169696636	96.4
"chr16"	16321418	16321419	53.7
"chr11"	98888064	98888065	24.7
"chr10"	69406257	69406258	79.7
"chrX"	122364975	122364976	95.4
"chr5"	32415052	32415053	94.6
"chr20"	20487771	20487772	90.4
"chr3"	70380788	70380789	59.7
"chr11"	42776713	42776714	85.7
"chr16"	14545488	14545489	95.3
"chr2"	64888302	64888303	95.6
"chr15"	53436634	53436635	28.1
"chr17"	7261200	7261201	2.8
"chr15"	22800973	22800974	96.1
"chr9"	14636790	14636791	87.2
"chr21"	23279466	23279467	93.8
"chr20"	58523682	58523683	82.8
"chr2"	71590145	71590146	61
"chr9"	27520684	27520685	85.1
"chr20"	60247049	60247050	95.9
"chr3"	48848054	48848055	4.2
"chr8"	56483092	56483093	25.4
"chr2"	235906515	235906516	90.3
"chrX"	44516311	44516312	93.5
"chr7"	157878421	157878422	95.7
"chr5"	35374195	35374196	94.5
"chr6"	151308160	151308161	86.1
"chr6"	140234042	140234043	14.9
"chr10"	97502641	97502642	91
"chr17"	79766190	79766191	7.1
"chr2"	105772180	105772181	75.1
"chr4"	586907	586908	60.1
"chr22"	43065531	43065532	94.9
"chr10"	77605611	77605612	56.2
"chr3"	150181116	150181117	96.2
"chr2"	218394439	218394440	95.7
"chr5"	134612357	134612358	96.3
"chr12"	111543220	111543221	95.2
"chr2"	4245657	4245658	95.8
"chr1"	226826353	226826354	96.5
"chr3"	1634068	1634069	78.1
"chr2"	219552526	219552527	2.5
"chr10"	105678231	105678232	85.9
"chr9"	1009831	1009832	4.8
"chr5"	176567966	176567967	58.7
"chr2"	219331722	219331723	3.1
"chr7"	154636274	154636275	82.7
"chr22"	27532760	27532761	94.4
"chr8"	53297250	53297251	62.2
"chr11"	92671232	92671233	91
"chr5"	86327480	86327481	85.8
"chr19"	6103682	6103683	86.4
"chr1"	8089933	8089934	90.2
"chr1"	84611030	84611031	77.9
"chr4"	108883133	108883134	40
"chr19"	52465016	52465017	58
"chr11"	3898946	3898947	94.5
"chr9"	10488228	10488229	95.6
"chr10"	115636168	115636169	74.8
"chr1"	154422741	154422742	94.6
"chr7"	75922361	75922362	96.4
"chr3"	71028585	71028586	93.7
"chr7"	82721601	82721602	3.5
"chr8"	87072206	87072207	62.2
"chr18"	49555428	49555429	96.3
"chr18"	50033355	50033356	43.9
"chr2"	62909401	62909402	96.8
"chr5"	144506371	144506372	17.1
"chr10"	41883083	41883084	29.6
"chr1"	116776786	116776787	94.2
"chr16"	51134760	51134761	3.2
"chr12"	53366750	53366751	88.2
"chr11"	17400766	17400767	6.3
"chr14"	92345470	92345471	92.6
"chr14"	22560785	22560786	85.4
"chr18"	17550338	17550339	95
"chr7"	79451393	79451394	90.1
"chrX"	72333562	72333563	96
"chr4"	131201194	131201195	73.6
"chr3"	66302501	66302502	6.9
"chr7"	93135303	93135304	97.5
"chr1"	205589564	205589565	96.5
"chr5"	354425	354426	96.3
"chr13"	31976998	31976999	80.7
"chr22"	30341238	30341239	95.7
"chr2"	195796934	195796935	55.2
"chr2"	226677345	226677346	89.8
"chrX"	100732129	100732130	8.5
"chr16"	36941547	36941548	89.2
"chr10"	40588600	40588601	38.9
"chr9"	96482514	96482515	50.3
"chr20"	17486023	17486024	96.4
"chr17"	18130248	18130249	45.2
"chr1"	43522929	43522930	89.7
"chr16"	68520801	68520802	3.6
"chr2"	2189852	2189853	94.3
"chr7"	147056064	147056065	76.4
"chr4"	9701809	9701810	78.5
"chr8"	97499843	97499844	97.2
"chr10"	71431463	71431464	59.4
"chr10"	55934307	55934308	42.6
"chr6"	118885887	118885888	72.8
"chr1"	235642389	235642390	44.5
"chr6"	133742685	133742686	84.2
"chr3"	120505229	120505230	94.7
"chr18"	11734205	11734206	96.9
"chr8"	113895581	113895582	11.7
"chr4"	95431312	95431313	59.3
"chr15"	32946586	32946587	96.7
"chr5"	144330399	144330400	91.4
"chr7"	691708	691709	96.6
"chr12"	91891140	91891141	84.5
"chr5"	40756107	40756108	3
"chr6"	51225141	51225142	97.3
"chr17"	22741628	22741629	95.7
"chr20"	44444357	44444358	96.6
"chr20"	9509050	9509051	25.7
"chr5"	177327985	177327986	85.8
"chr8"	14596385	14596386	53.1
"chr11"	30069169	30069170	46.3
"chr18"	15588341	15588342	36.1
"chr17"	29342250	29342251	61.7
"chr19"	40438044	40438045	95.5
"chr7"	29989407	29989408	4
"chr19"	47661954	47661955	96.5
"chr5"	3035621	3035622	26.8
"chr17"	19905418	19905419	95.8
"chr4"	84943072	84943073	97.2
"chr6"	46678283	46678284	62.2
"chr3"	8713219	8713220	16.5
"chr19"	35602431	35602432	95.6
"chr1"	67790753	67790754	25.5
"chr9"	14845583	14845584	97.2
"chr4"	155833334	155833335	94.5
"chr7"	150815388	150815389	95.3
"chr10"	63281449	63281450	96.4
"chrX"	62463783	62463784	70.9
"chr12"	54588372	54588373	3
"chr11"	35961386	35961387	91.4
"chr10"	71885030	71885031	96.8
"chr19"	34491408	34491409	91.1
"chr11"	125688981	125688982	94.7
"chr9"	92837311	92837312	95.3
"chr8"	101950000	101950001	94.6
"chr17"	80906407	80906408	96.6
"chr15"	91788480	91788481	41
"chr7"	64045412	64045413	2.7
"chr1"	160875483	160875484	92.5
"chr16"	36935774	36935775	76.9
"chr3"	61861376	61861377	41.1
"chr3"	195272578	195272579	96.4
"chr13"	74922669	74922670	55.1
"chr10"	27112166	27112167	52.3
"chr1"	233673254	233673255	4.3
"chr8"	137801922	137801923	5.8
"chr18"	21673851	21673852	96.4
"chr7"	39253782	39253783	90.6
"chr7"	86830968	86830969	49.3
"chr2"	191835839	191835840	95.7
"chr10"	8464622	8464623	87.9
"chr2"	185128787	185128788	93.2
"chr12"	12345093	12345094	97.1
"chr8"	30383252	30383253	77.9
"chr7"	120076859	120076860	44
"chr10"	15490506	15490507	96.1
"chr10"	103412064	103412065	97
"chr6"	13225730	13225731	48
"chr22"	33710501	33710502	38.7
"chr10"	40652804	40652805	82.1
"chr16"	16243949	16243950	95.2
"chr17"	81615090	81615091	91.2
"chr1"	211707196	211707197	64.8
"chr17"	50664279	50664280	97.1
"chr18"	15784222	15784223	96.3
"chr8"	128733968	128733969	90.3
"chr3"	172448093	172448094	4.5
"chr12"	112428965	112428966	96.6
"chr17"	58255341	58255342	96
"chr3"	79133971	79133972	88
"chr15"	64823932	64823933	2.9
"chr6"	113266777	113266778	55.2
"chr17"	75516725	75516726	18.5
"chr3"	146772413	146772414	80.4
"chr2"	157205446	157205447	96.6
"chr5"	43008716	43008717	12.4
"chr1"	182808288	182808289	95.2
"chr1"	203150602	203150603	2.8
"chr7"	7181101	7181102	96.2
"chr12"	3255005	3255006	62.3
"chr5"	156913631	156913632	97.2
"chr4"	8877900	8877901	3.1
"chr11"	129274883	129274884	51.1
"chr2"	129747891	129747892	59.3
"chr1"	95995445	95995446	53.4
"chr3"	42134734	42134735	96.1
"chr1"	84695089	84695090	97.3
"chr3"	43470718	43470719	96.2
"chr19"	14418961	14418962	3.5
"chr17"	9934797	9934798	95.7
"chr12"	58562725	58562726	72.7
"chr13"	80054133	80054134	93.9
"chr1"	153891137	153891138	96.4
"chr13"	64975118	64975119	89.1
"chr5"	69043120	69043121	2.7
"chr2"	105379886	105379887	28.5
"chr4"	43427035	43427036	87.3
"chr7"	73199531	73199532	95.7
"chr16"	27110058	27110059	6.7
"chr19"	18685816	18685817	95.8
"chr7"	15366758	15366759	90.9
"chr17"	1615021	1615022	90.8
"chr3"	86302482	86302483	81.5
"chr7"	133177174	133177175	95.2
"chr8"	29193145	29193146	41
"chr7"	78051646	78051647	96.8
"chr2"	224334862	224334863	94.5
"chr16"	6496851	6496852	46.5
"chr6"	152172329	152172330	50.2
"chr13"	55426485	55426486	5.6
"chr4"	72364537	72364538	88.3
"chr7"	119836530	119836531	70.9
"chr6"	52363454	52363455	96.4
"chr12"	52201304	52201305	64.2
"chr19"	50148497	50148498	5.7
"chr3"	3435506	3435507	51.9
"chr5"	178023468	178023469	96.4
"chr7"	6847430	6847431	92.5
"chr19"	35557662	35557663	4.2
"chr3"	47756819	47756820	88.4
"chrX"	131946800	131946801	54.7
"chrX"	39162876	39162877	5.8
"chr1"	242505085	242505086	14.1
"chr11"	65883583	65883584	95.3
"chr6"	10232878	10232879	36.5
"chr11"	2216221	2216222	95.9
"chr18"	41116558	41116559	88.1
"chr3"	81600338	81600339	97
"chr4"	880415	880416	93.9
"chr7"	36847848	36847849	94.7
"chr10"	93060134	93060135	93.1
"chr5"	30879598	30879599	83.9
"chr5"	130754317	130754318	93.5
"chr12"	123950613	123950614	80.1
"chr22"	46724328	46724329	93.7
"chr18"	17003214	17003215	81.6
"chr3"	186581017	186581018	97.4
"chr1"	155719570	155719571	96.7
"chr15"	38221831	38221832	96.1
"chr13"	97356394	97356395	96.1
"chr21"	36747718	36747719	3.3
"chr18"	43279439	43279440	3.2
"chr18"	21126950	21126951	97
"chr5"	31793965	31793966	9.4
"chr11"	126372709	126372710	95.3
"chr14"	105443306	105443307	96.6
"chr5"	718775	718776	53.4
"chr2"	134284617	134284618	96
"chr1"	1312473	1312474	96.4
"chr20"	19915070	19915071	45.2
"chr9"	85861564	85861565	96.5
"chr19"	4033935	4033936	95.5
"chr22"	32433584	32433585	92.4
"chr2"	78430133	78430134	2.9
"chr1"	28887196	28887197	3.4
"chr3"	133906712	133906713	94.9
"chr3"	123049712	123049713	45.7
"chr9"	113872801	113872802	67.5
"chr6"	11792535	11792536	96
"chr4"	190089398	190089399	82.3
"chr3"	53086475	53086476	95.6
"chr6"	55951077	55951078	64.1
"chr15"	57469426	57469427	95.3
"chr4"	6701406	6701407	95.3
"chr12"	50031719	50031720	82.7
"chr21"	40266236	40266237	94.3
"chr10"	7325687	7325688	96
"chr2"	63257690	63257691	86.3
"chr20"	6646846	6646847	95.6
"chr8"	40258288	40258289	92.4
"chr11"	119373155	119373156	96.9
"chr1"	31260689	31260690	96.4
"chr2"	199459475	199459476	3.2
"chr8"	123448480	123448481	96.4
"chr2"	138872199	138872200	93.7
"chrX"	123602772	123602773	96.8
"chr10"	21241710	21241711	96.2
"chr7"	141073997	141073998	3
"chr19"	37687732	37687733	96.7
"chr13"	38939357	38939358	48.7
"chr8"	75072185	75072186	96
"chr2"	49031293	49031294	92.8
"chr10"	33557991	33557992	94.2
"chr6"	30603231	30603232	80.5
"chr18"	55322682	55322683	2.7
"chr7"	152310436	152310437	96.9
"chr2"	63081997	63081998	96.1
"chr6"	82389522	82389523	91.6
"chr7"	127620336	127620337	53.2
"chr6"	91246646	91246647	79.4
"chr17"	81495150	81495151	96.2
"chr22"	23268722	23268723	91.9
"chr5"	14941990	14941991	78.3
"chr14"	43462614	43462615	86.3
"chr6"	31402634	31402635	4.9
"chr17"	18358184	18358185	95.7
"chr21"	46098735	46098736	3.5
"chr16"	17888583	17888584	37.3
"chr13"	56611291	56611292	96
"chr9"	93261910	93261911	16.8
"chr18"	48360273	48360274	87.4
"chr10"	99940567	99940568	85.1
"chr2"	8967008	8967009	89.2
"chr7"	156601973	156601974	73.7
"chr22"	31135170	31135171	68.9
"chr14"	51205478	51205479	94.3
"chr13"	53471793	53471794	8.5
"chr2"	22317628	22317629	62.3
"chr12"	69742922	69742923	61.7
"chr9"	30299583	30299584	96
"chr5"	77211017	77211018	2.7
"chr5"	2336800	2336801	69.3
"chr4"	161453718	161453719	46.5
"chr22"	33065456	33065457	3.8
"chr7"	40675681	40675682	45
"chr2"	237993175	237993176	95.4
"chr11"	123841773	123841774	81.5
"chr22"	28863614	28863615	96.2
"chr1"	97675267	97675268	20.4
"chr7"	135166700	135166701	83.1
"chr16"	84640725	84640726	96.2
"chr15"	75682342	75682343	90.9
"chr4"	21483316	21483317	88.9
"chr10"	42865578	42865579	94.6
"chr9"	98331479	98331480	52.3
"chr1"	209652503	209652504	94.7
"chr8"	131913273	131913274	5.4
"chr10"	28981114	28981115	15.2
"chr1"	161225342	161225343	96.4
"chr19"	2551433	2551434	95.4
"chr10"	13011515	13011516	72.6
"chr3"	25659079	25659080	37.5
"chr10"	81866603	81866604	40.5
"chr1"	54058716	54058717	97
"chrX"	154200418	154200419	96.4
"chr22"	37519564	37519565	3
"chrX"	100636449	100636450	57.5
"chr1"	12198501	12198502	95.7
"chr17"	45432626	45432627	3.3
"chr22"	11565816	11565817	4.6
"chr2"	239183501	239183502	96.9
"chr11"	76150541	76150542	42.9
"chr14"	76422302	76422303	81.9
"chr12"	6087506	6087507	88.6
"chr13"	95116689	95116690	97.4
"chr20"	38652492	38652493	39.6
"chr2"	14014660	14014661	3.7
"chr18"	2872440	2872441	79.7
"chr4"	166993587	166993588	4.7
"chr18"	45840934	45840935	96.4
"chr6"	27310562	27310563	91.5
"chr1"	145603239	145603240	92.4
"chr13"	100341539	100341540	94.8
"chr17"	28951088	28951089	2.9
"chr12"	67587729	67587730	94.8
"chr14"	30588636	30588637	95.2
"chr7"	117086726	117086727	95.8
"chr6"	166502733	166502734	62.7
"chr5"	21016605	21016606	96.3
"chr19"	17287073	17287074	96.4
"chr10"	83727039	83727040	90
"chr3"	161711225	161711226	93.8
"chr10"	121907450	121907451	96.9
"chr11"	119572117	119572118	96.2
"chrX"	18353998	18353999	2.4
"chrY"	15163715	15163716	40.9
"chr5"	27787207	27787208	41.7
"chr7"	5260001	5260002	97.6
"chr19"	27637144	27637145	79.4
"chr12"	46493580	46493581	5.3
"chr19"	57167286	57167287	95.3
"chr20"	45891492	45891493	3.1
"chr22"	40713304	40713305	96.7
"chr8"	138969147	138969148	5.4
"chr8"	143041030	143041031	70
"chr4"	71013022	71013023	95.1
"chr17"	70550782	70550783	51.7
"chr5"	138943075	138943076	95.9
"chr17"	35149548	35149549	75.6
"chr7"	58397150	58397151	62.8
"chr15"	73926212	73926213	45.4
"chr10"	61638242	61638243	94.8
"chrY"	12533161	12533162	96.2
"chr5"	74866776	74866777	4.7
"chr16"	17655546	17655547	6.3
"chr9"	19091247	19091248	96.3
"chr2"	127869110	127869111	96.6
"chr19"	11129668	11129669	85.9
"chr7"	72701731	72701732	96.4
"chr2"	236417148	236417149	84.1
"chr8"	42691812	42691813	96.7
"chr3"	101687518	101687519	96.4
"chr2"	113185825	113185826	96.8
"chr6"	108333237	108333238	95.9
"chr5"	146220334	146220335	96.6
"chr17"	28725988	28725989	2.9
"chr9"	93366146	93366147	13.1
"chr22"	39356881	39356882	75.6
"chr4"	19952668	19952669	77.7
"chr10"	49591864	49591865	6.3
"chr22"	29678122	29678123	96.8
"chr8"	101482807	101482808	96.2
"chr15"	29873907	29873908	4.9
"chrX"	34867859	34867860	23.8
"chr10"	28539134	28539135	93.9
"chrY"	17362214	17362215	5.4
"chr7"	94509538	94509539	3.4
"chr18"	56407274	56407275	95.3
"chr7"	784345	784346	86
"chr18"	6146214	6146215	96.7
"chr9"	126021160	126021161	95.6
"chr8"	78653632	78653633	89.6
"chr7"	54201104	54201105	72.2
"chr3"	165582288	165582289	51.1
"chr2"	109786241	109786242	52.3
"chr10"	103035950	103035951	95
"chr7"	106529798	106529799	95
"chr6"	150004893	150004894	3.6
"chr8"	36260985	36260986	90.7
"chr12"	121752423	121752424	96.3
"chr11"	85221190	85221191	93.6
"chr11"	83908482	83908483	58.3
"chr1"	7660675	7660676	90.7
"chrX"	40036692	40036693	96.4
"chr14"	48598681	48598682	58.5
"chr2"	200490189	200490190	95.7
"chr10"	16988066	16988067	56.8
"chr5"	57004533	57004534	61.1
"chr11"	80675098	80675099	5.9
"chr4"	46321121	46321122	94.8
"chr21"	30970774	30970775	38.7
"chr4"	161321186	161321187	3.2
"chr1"	26658797	26658798	92.2
"chr1"	216683704	216683705	5.3
"chr3"	110131093	110131094	38.2
"chr3"	19684991	19684992	75.2
"chr20"	53836967	53836968	96.5
"chr6"	27679529	27679530	3.6
"chr1"	56839369	56839370	58.2
"chr2"	191598035	191598036	91.5
"chr10"	112660392	112660393	93.8
"chr6"	158611437	158611438	96.7
"chr16"	31837770	31837771	48.7
"chr14"	102048818	102048819	96.1
"chr17"	38826731	38826732	95.7
"chrX"	83089548	83089549	12.7
"chrX"	73227567	73227568	92.6
"chr2"	165272815	165272816	95
"chr1"	113004152	113004153	95.7
"chr1"	155641267	155641268	96.6
"chr1"	55896651	55896652	5.3
"chr19"	19570370	19570371	97
"chr7"	158797650	158797651	94.9
"chr1"	71048031	71048032	3
"chr22"	17708046	17708047	22.1
"chr16"	47067307	47067308	97.2
"chr9"	12886731	12886732	7.5
"chr1"	223660744	223660745	96
"chr16"	87845696	87845697	96.3
"chr4"	184264371	184264372	3.7
"chr1"	245774663	245774664	97.4
"chr20"	46497413	46497414	96.3
"chr1"	86107619	86107620	68.5
"chr8"	40144665	40144666	90.5
"chr7"	149944601	149944602	92.6
"chr1"	35813130	35813131	94.3
"chr4"	46796405	46796406	55.7
"chr12"	48255637	48255638	92.7
"chr7"	114502783	114502784	51.2
"chr3"	185530010	185530011	96.9
"chr4"	183742051	183742052	38
"chr6"	41522478	41522479	91.7
"chr11"	117158832	117158833	52.2
"chr1"	3249500	3249501	27.3
"chr2"	92462896	92462897	52.3
"chr1"	37333486	37333487	23.5
"chr22"	21293164	21293165	6.1
"chr5"	28727432	28727433	96.5
"chr5"	32359677	32359678	97.4
"chr10"	67230826	67230827	3.7
"chr2"	169841875	169841876	95.9
"chrX"	8033641	8033642	95.7
"chr4"	185255035	185255036	74
"chr9"	137368536	137368537	88.7
"chr4"	137625457	137625458	95.8
"chr4"	95389473	95389474	43.3
"chr9"	130055511	130055512	96.6
"chr16"	35587635	35587636	12.2
"chr4"	21691986	21691987	9.7
"chr8"	86069748	86069749	3.1
"chr12"	104717568	104717569	96.4
"chr1"	1233513	1233514	96.6
"chr8"	130636671	130636672	44.5
"chr6"	128497918	128497919	69.9
"chr22"	31346108	31346109	2.4
"chr12"	51194027	51194028	90.7
"chr11"	131484477	131484478	83.3
"chr2"	158877609	158877610	64.2
"chr1"	50017103	50017104	90.7
"chr1"	202180568	202180569	93.1
"chrY"	4556071	4556072	29.5
"chr12"	100342700	100342701	86.8
"chrX"	33127122	33127123	40.8
"chrX"	94046019	94046020	95.8
"chr5"	146930789	146930790	93.7
"chr7"	35691829	35691830	47.8
"chr9"	28456694	28456695	24.3
"chr3"	10655992	10655993	18.4
"chr16"	46411494	46411495	94.8
"chr10"	116699874	116699875	69.2
"chr1"	36194448	36194449	97
"chr7"	62109025	62109026	93.3
"chr17"	3693330	3693331	9.3
"chr11"	130038784	130038785	95.3
"chr3"	37244508	37244509	4.6
"chr7"	60634014	60634015	9.3
"chr4"	631068	631069	53
"chr16"	63238095	63238096	94.9
"chr22"	39254039	39254040	89.5
"chr5"	180482714	180482715	95.7
"chr11"	131463839	131463840	22.4
"chr18"	17355422	17355423	60.8
"chr9"	99309252	99309253	80.6
"chr16"	62409059	62409060	78.8
"chr1"	231489997	231489998	97.4
"chr16"	52487202	52487203	71.9
"chr6"	359430	359431	82.6
"chr8"	36016629	36016630	95.8
"chr6"	63498020	63498021	94.7
"chr2"	47377605	47377606	55.2
"chr6"	88510052	88510053	94.9
"chr3"	102963201	102963202	86
"chr3"	53952276	53952277	5.8
"chr19"	49470716	49470717	5.2
"chr2"	128363216	128363217	80
"chr16"	68919265	68919266	97.3
"chr13"	21149548	21149549	96.2
"chr10"	95652923	95652924	96.7
"chr10"	16647206	16647207	96.4
"chr14"	50502407	50502408	81.2
"chr5"	73686677	73686678	97
"chr20"	35153850	35153851	95.7
"chr2"	182552611	182552612	96.3
"chr16"	65855846	65855847	48.5
"chr1"	68131947	68131948	64.4
"chr1"	15227092	15227093	94.8
"chr12"	2795033	2795034	3.8
"chr9"	43785652	43785653	79.8
"chr3"	65957414	65957415	96.4
"chr18"	29110755	29110756	50.5
"chr11"	43835652	43835653	97.1
"chr1"	231418192	231418193	68.2
"chr7"	12200037	12200038	88.4
"chr4"	88591137	88591138	97
"chr10"	34036639	34036640	96.8
"chr9"	65916877	65916878	83.5
"chr17"	74885035	74885036	86.9
"chr11"	72081544	72081545	96.8
"chr5"	83760894	83760895	95.6
"chr3"	194566138	194566139	59.8
"chr19"	23379891	23379892	93.3
"chr3"	95538504	95538505	49.9
"chr19"	41976872	41976873	95.9
"chr9"	69060093	69060094	96.1
"chr2"	1165960	1165961	63.6
"chr1"	220805080	220805081	31.7
"chr16"	21890284	21890285	96.3
"chrX"	129410641	129410642	92
"chr2"	130446345	130446346	74.7
"chrX"	61136282	61136283	54.6
"chr7"	75477047	75477048	97.2
"chr8"	117426581	117426582	95.9
"chr8"	139803772	139803773	96.1
"chr14"	69084455	69084456	96.7
"chr7"	10741989	10741990	88.9
"chr3"	129377050	129377051	95.4
"chr22"	24129094	24129095	30.3
"chr3"	105459841	105459842	92.6
"chr15"	86338780	86338781	42.4
"chr12"	53190138	53190139	77.3
"chr16"	37010259	37010260	61.6
"chr8"	24216825	24216826	79.2
"chr15"	50650062	50650063	97.1
"chr2"	213548312	213548313	90.9
"chr10"	42861732	42861733	3.1
"chr9"	83160025	83160026	63.8
"chr10"	102418773	102418774	46
"chr7"	64115619	64115620	49.9
"chr2"	48985395	48985396	95.6
"chr16"	5097399	5097400	3
"chr13"	109792594	109792595	89.2
"chr16"	58050159	58050160	42.9
"chr13"	101826920	101826921	47.3
"chr21"	42780405	42780406	57.9
"chr7"	78362626	78362627	96.1
"chr16"	46941231	46941232	96
"chr19"	3759098	3759099	39.3
"chr6"	17174590	17174591	96.9
"chr1"	237822440	237822441	96.6
"chr8"	104806124	104806125	91.7
"chr11"	100848588	100848589	94.7
"chr2"	138131724	138131725	37.5
"chr6"	1600908	1600909	3.9
"chr10"	68022354	68022355	96.8
"chr4"	158038040	158038041	58.7
"chr19"	58033521	58033522	37.8
"chr13"	67391123	67391124	95.2
"chr3"	190392593	190392594	95.4
"chr17"	47908845	47908846	96.6
"chr2"	216894	216895	91.2
"chr18"	37362411	37362412	4.3
"chr19"	38289415	38289416	39.6
"chr13"	99000016	99000017	58.5
"chr14"	34795950	34795951	96.8
"chr14"	58110339	58110340	30.5
"chr10"	133668476	133668477	47.2
"chr1"	211698170	211698171	85.4
"chr6"	50510143	50510144	9.6
"chr2"	91809939	91809940	4
"chrX"	151775721	151775722	2.8
"chr12"	131997492	131997493	96.1
"chr11"	123618192	123618193	50.6
"chr7"	36759579	36759580	88.8
"chr10"	23192989	23192990	14
"chr8"	17732510	17732511	50.7
"chr17"	73773491	73773492	57.7
"chr8"	54101651	54101652	3
"chr6"	88469794	88469795	58.3
"chr9"	136227739	136227740	96.6
"chr1"	92608097	92608098	95.7
"chr4"	6057227	6057228	81
"chr5"	173594958	173594959	95.7
"chr8"	64761646	64761647	89.4
"chr4"	135774787	135774788	96.6
"chr9"	37699033	37699034	90.6
"chr12"	10039193	10039194	71.7
"chr15"	34958063	34958064	95.7
"chrX"	31634116	31634117	43.4
"chr2"	72421855	72421856	95.9
"chr15"	64278188	64278189	96.8
"chr15"	44733518	44733519	87
"chr6"	79098964	79098965	50.1
"chr1"	47122347	47122348	29.1
"chr14"	39595823	39595824	92.2
"chr4"	2802347	2802348	63.9
"chr5"	3751207	3751208	62.7
"chr8"	63256522	63256523	76.7
"chr8"	138775615	138775616	4.3
"chr2"	239157093	239157094	71.7
"chr7"	73351400	73351401	87.1
"chr8"	42312180	42312181	95.3
"chr4"	54184573	54184574	5
"chr11"	76646077	76646078	93
"chr11"	62841307	62841308	3.4
"chr13"	34887365	34887366	17
"chr16"	19099473	19099474	95.9
"chr6"	122647395	122647396	93.2
"chr4"	1839197	1839198	83.5
"chr11"	116488897	116488898	13.9
"chr1"	90571937	90571938	94.9
"chr3"	190348185	190348186	96.4
"chr20"	4823628	4823629	3.5
"chr2"	70129508	70129509	95.8
"chr12"	68687748	68687749	37.4
"chr1"	16637590	16637591	96.2
"chr7"	149939065	149939066	80.9
"chr20"	42690923	42690924	95.7
"chrX"	20393198	20393199	94.7
"chr5"	170939227	170939228	51.3
"chr20"	2328183	2328184	95
"chr3"	129310796	129310797	95.3
"chr1"	946625	946626	96.1
"chr4"	166146395	166146396	84
"chr21"	42783983	42783984	5
"chr2"	135272647	135272648	96.4
"chr14"	36581455	36581456	3
"chr16"	20147938	20147939	84
"chr14"	99505940	99505941	95.6
"chrX"	107156017	107156018	4.4
"chr8"	94764499	94764500	95.9
"chrY"	25067361	25067362	71.5
"chr12"	80021675	80021676	94.3
"chr6"	37637534	37637535	92.7
"chr6"	110936916	110936917	77.3
"chr1"	220768100	220768101	31.1
"chr8"	79400294	79400295	92.1
"chr20"	2199324	2199325	62.6
"chr1"	97958913	97958914	52.9
"chr5"	127229138	127229139	6.3
"chr20"	31632976	31632977	93.8
"chr10"	106588531	106588532	96.8
"chr7"	57447385	57447386	6.2
"chr13"	25243107	25243108	88.9
"chr14"	91688889	91688890	40.4
"chr4"	188865603	188865604	67.6
"chr13"	93068954	93068955	94.7
"chr3"	18902179	18902180	32.4
"chr19"	14943615	14943616	36.3
"chr2"	76241433	76241434	6.3
"chr18"	22198554	22198555	95.9
"chr7"	2870574	2870575	3
"chr2"	230198563	230198564	97.7
"chr15"	87163022	87163023	80.2
"chr3"	83332202	83332203	91.2
"chr20"	15077855	15077856	41.8
"chr5"	91313578	91313579	96.6
"chr13"	24253996	24253997	67
"chr13"	105510297	105510298	16.1
"chr17"	82809449	82809450	96.3
"chr7"	45058777	45058778	96.4
"chr12"	40026147	40026148	52
"chr10"	24738609	24738610	61.6
"chr9"	115648835	115648836	5.6
"chr9"	81944825	81944826	82.9
"chr9"	16978830	16978831	95.4
"chr6"	44845925	44845926	88.4
"chr13"	32959382	32959383	22.7
"chr6"	62466267	62466268	28.5
"chr13"	16295101	16295102	46.8
"chr17"	77014795	77014796	37.5
"chr10"	58536950	58536951	66.5
"chr11"	71555746	71555747	94.3
"chr2"	199781031	199781032	96.9
"chr18"	31089520	31089521	55.5
"chr19"	10294265	10294266	3.7
"chr9"	130485527	130485528	56.6
"chr13"	92916778	92916779	88.5
"chr3"	145791117	145791118	5.3
"chr19"	48687507	48687508	51.6
"chr8"	104308817	104308818	57.7
"chr12"	53739522	53739523	4.1
"chr7"	155769433	155769434	96.2
"chr11"	35500592	35500593	77.6
"chr16"	51696769	51696770	77.1
"chr9"	110949843	110949844	72.4
"chr18"	74011522	74011523	86.9
"chr11"	18424499	18424500	91.4
"chr15"	59700965	59700966	92.6
"chr17"	59155970	59155971	3.8
"chr16"	49776693	49776694	42.2
"chr19"	46976760	46976761	96.5
"chr1"	55050665	55050666	3.3
"chrX"	64897558	64897559	83.2
"chr22"	20688789	20688790	93.5
"chr11"	51527217	51527218	49.1
"chr16"	6769933	6769934	8.2
"chr12"	130956487	130956488	67.8
"chr2"	137029146	137029147	32.5
"chr12"	128928267	128928268	64.9
"chr8"	73230333	73230334	93
"chr11"	132161945	132161946	96.2
"chr1"	86508866	86508867	6
"chr2"	41795041	41795042	29.5
"chr1"	104496786	104496787	20.7
"chr2"	70935631	70935632	9
"chr3"	88225200	88225201	88.6
"chr4"	54473807	54473808	73.4
"chr7"	157737723	157737724	38.7
"chr20"	63644216	63644217	96.9
"chr20"	9478965	9478966	60.1
"chr11"	113922843	113922844	96.6
"chr5"	91750405	91750406	93.8
"chr13"	78260550	78260551	92.3
"chr13"	97826851	97826852	26.6
"chr4"	117008536	117008537	90.6
"chr12"	131036756	131036757	88.6
"chr13"	40232844	40232845	53.9
"chr14"	82964255	82964256	57.9
"chrX"	94816751	94816752	13
"chrX"	109016375	109016376	79.9
"chr3"	4772926	4772927	95.7
"chr11"	115989310	115989311	96.7
"chr1"	95148044	95148045	9.8
"chrX"	55157377	55157378	96.3
"chr17"	80199114	80199115	57.2
"chr12"	129856293	129856294	61.5
"chr2"	42147673	42147674	95.8
"chr7"	120891107	120891108	85
"chr4"	40288547	40288548	3
"chr4"	18698931	18698932	53.9
"chr20"	42771587	42771588	4.9
"chr5"	132440300	132440301	95.6
"chr5"	168669369	168669370	10.9
"chr1"	165356797	165356798	2.8
"chr4"	55536111	55536112	96.2
"chr8"	143541498	143541499	3.2
"chrX"	2851431	2851432	96.4
"chr1"	110325501	110325502	96.3
"chrX"	113339762	113339763	6.3
"chr2"	223617580	223617581	53.3
"chr4"	9793163	9793164	51.8
"chr11"	92885065	92885066	68.9
"chr8"	101747936	101747937	97.2
"chr12"	121109361	121109362	96.5
"chr6"	112911650	112911651	96.4
"chr16"	83903088	83903089	96.3
"chr9"	135295374	135295375	88.6
"chr3"	124958737	124958738	81
"chr1"	148062567	148062568	57.8
"chr6"	22461060	22461061	93.7
"chr11"	9748052	9748053	87.5
"chr16"	69598343	69598344	95.3
"chr6"	86694756	86694757	93.1
"chr7"	2528531	2528532	2.9
"chr11"	28074619	28074620	96.7
"chr8"	22281288	22281289	2.3
"chr19"	2057610	2057611	48.7
"chr1"	2338461	2338462	92.5
"chr1"	164739426	164739427	42.5
"chr16"	36092383	36092384	18.5
"chr10"	43920653	43920654	79.7
"chr19"	33727332	33727333	42.7
"chr2"	170929086	170929087	3.5
"chr6"	43504531	43504532	81.9
"chr1"	76782628	76782629	17.9
"chrX"	114582804	114582805	12.9
"chr20"	46548665	46548666	93.9
"chr3"	17155495	17155496	94.8
"chr12"	22713876	22713877	75.1
"chr8"	8786601	8786602	96.7
"chr20"	37796086	37796087	96.9
"chr9"	79474561	79474562	91.6
"chr1"	58648384	58648385	95.9
"chr5"	63637149	63637150	89.3
"chr1"	16272335	16272336	95.8
"chr8"	2531804	2531805	45.1
"chr11"	21671440	21671441	76.3
"chr8"	1204036	1204037	63
"chr3"	11948230	11948231	6.5
"chr10"	130163369	130163370	95.6
"chr7"	144523245	144523246	95.1
"chr19"	13459691	13459692	96.6
"chrX"	119098935	119098936	96.3
"chr3"	128533208	128533209	88.2
"chr16"	51050726	51050727	31.2
"chr3"	37977022	37977023	76.2
"chr16"	25043794	25043795	94.8
"chr5"	125792126	125792127	8.4
"chr15"	77635154	77635155	3
"chr2"	207427777	207427778	95
"chr9"	83921275	83921276	2.9
"chr4"	188752446	188752447	85.1
"chr18"	55347565	55347566	95.4
"chrX"	146319269	146319270	37.1
"chr5"	73300791	73300792	3.6
"chr2"	222184041	222184042	38.6
"chr1"	9983929	9983930	95.3
"chr1"	240509470	240509471	3.8
"chr2"	228825170	228825171	72.9
"chr18"	9914752	9914753	3.5
"chr13"	114197826	114197827	55.5
"chr1"	29111451	29111452	92.5
"chr5"	180556113	180556114	92.5
"chr7"	7839609	7839610	96.5
"chr4"	5241842	5241843	95.6
"chr9"	11923399	11923400	3.3
"chr4"	182411723	182411724	50.6
"chr16"	11674124	11674125	94.3
"chr1"	232989235	232989236	96.4
"chr1"	99237997	99237998	94.8
"chr8"	23342469	23342470	96.2
"chr19"	786547	786548	80.4
"chr6"	41367273	41367274	95
"chr5"	10649807	10649808	95.3
"chr17"	1072537	1072538	95.7
"chr16"	28788377	28788378	96.1
"chr15"	88256772	88256773	3.4
"chr3"	105057911	105057912	93.7
"chr2"	239747024	239747025	67.2
"chr12"	20812152	20812153	73.2
"chr16"	36122198	36122199	38.6
"chr2"	113399982	113399983	95.8
"chr5"	58563652	58563653	96.6
"chr15"	21723089	21723090	61
"chr5"	66630424	66630425	56.2
"chr14"	55363135	55363136	96.8
"chr12"	80574313	80574314	4.3
"chr5"	178384293	178384294	11.5
"chr12"	50734876	50734877	90.8
"chr1"	47219742	47219743	96.1
"chr8"	33641715	33641716	34.4
"chr3"	180605515	180605516	97.1
"chr7"	63111756	63111757	25.6
"chr22"	43930114	43930115	52.5
"chr18"	58338730	58338731	96
"chr20"	39493262	39493263	85
"chr10"	104035217	104035218	95.9
"chr6"	148145399	148145400	6.5
"chr2"	33387104	33387105	94.9
"chrX"	53589577	53589578	65.1
"chr8"	138031135	138031136	95.6
"chr7"	64968184	64968185	45.9
"chr19"	50028253	50028254	96.6
"chr10"	30564996	30564997	4.6
"chr17"	50804976	50804977	92.6
"chr2"	140572394	140572395	58.2
"chr9"	134260631	134260632	95.2
"chr4"	119628860	119628861	3.1
"chr21"	25811947	25811948	96.6
"chr16"	31450521	31450522	94.4
"chr14"	92018783	92018784	97.3
"chr1"	241368076	241368077	34.1
"chr10"	112001915	112001916	65.5
"chr19"	45721132	45721133	95.6
"chr7"	55964905	55964906	4.6
"chr1"	212228679	212228680	97.6
"chr20"	27790190	27790191	61.2
"chr12"	128742280	128742281	95.4
"chr12"	99058277	99058278	73.8
"chr18"	20839221	20839222	69.2
"chr16"	87550178	87550179	93.5
"chr3"	140654653	140654654	16.4
"chr21"	39376387	39376388	93.8
"chr7"	56913361	56913362	62.5
"chr3"	106035892	106035893	95.7
"chr1"	171663030	171663031	11.8
"chr7"	30620057	30620058	93.8
"chr20"	61676156	61676157	75.8
"chr11"	17274783	17274784	83.8
"chr16"	53800235	53800236	94.7
"chr4"	3190278	3190279	97
"chr1"	153834224	153834225	96.6
"chr21"	42495974	42495975	3.5
"chr20"	62707491	62707492	3.6
"chr1"	200659929	200659930	95.2
"chr11"	74353874	74353875	86.8
"chr8"	83280992	83280993	25.5
"chrX"	135424802	135424803	96.5
"chr1"	7705308	7705309	3.3
"chr12"	68442342	68442343	5.5
"chr12"	56525746	56525747	96.4
"chrX"	127236530	127236531	4.7
"chr6"	3073310	3073311	48.8
"chr20"	47455486	47455487	96.6
"chr6"	120798181	120798182	18.3
"chr6"	18523102	18523103	90.3
"chr14"	29351796	29351797	94.2
"chr11"	134574237	134574238	50
"chr3"	177429198	177429199	96
"chr9"	130163470	130163471	94
"chr16"	1791494	1791495	96.5
"chr17"	47789700	47789701	3.8
"chr19"	16573052	16573053	2.8
"chr9"	63817368	63817369	69
"chr8"	11591392	11591393	96.9
"chr3"	49803707	49803708	3.5
"chr14"	102066177	102066178	28.5
"chr6"	63101126	63101127	92.9
"chr4"	105629828	105629829	83
"chr15"	90340536	90340537	94.1
"chr19"	14940468	14940469	95.3
"chr5"	142907977	142907978	93.5
"chr18"	16672187	16672188	93.3
"chr5"	132435501	132435502	65.9
"chr2"	112400387	112400388	95.1
"chr16"	69739364	69739365	96.8
"chr12"	117476887	117476888	19.9
"chr9"	22565779	22565780	33.5
"chr7"	137407571	137407572	93
"chr19"	48398295	48398296	3.3
"chr10"	74151401	74151402	24.2
"chr12"	10927857	10927858	96.1
"chr10"	24591815	24591816	96.1
"chr17"	64742700	64742701	95.8
"chr9"	105283020	105283021	94.9
"chr4"	4542927	4542928	4.6
"chr6"	11602349	11602350	86.3
"chr2"	164613054	164613055	62.9
"chr12"	124565497	124565498	20
"chr2"	109396094	109396095	78.9
"chr17"	33207680	33207681	59.1
"chr1"	23568123	23568124	3.3
"chr3"	190536320	190536321	20.9
"chr11"	102081622	102081623	41.3
"chr12"	86931030	86931031	62
"chr2"	153486418	153486419	90
"chr9"	137425082	137425083	2.9
"chr9"	66263407	66263408	92.8
"chr3"	194054006	194054007	96.6
"chr16"	71432043	71432044	82.3
"chr2"	119634458	119634459	60.8
"chr11"	5225713	5225714	27.7
"chr19"	1592366	1592367	3.1
"chr9"	134482540	134482541	90.4
"chr3"	162381539	162381540	81.5
"chr10"	124612815	124612816	3.2
"chr17"	14638571	14638572	4.7
"chr17"	60616578	60616579	94.7
"chr3"	56594574	56594575	96.1
"chr16"	68293409	68293410	95
"chr6"	95486875	95486876	97
"chr20"	12945419	12945420	8.8
"chr7"	134171620	134171621	66
"chr3"	120579066	120579067	95.3
"chr9"	128181603	128181604	96.9
"chr2"	154783043	154783044	62.3
"chr13"	76643935	76643936	27.9
"chr6"	75029323	75029324	50.3
"chr12"	109681210	109681211	92.9
"chr10"	49747812	49747813	97.3
"chr6"	57316807	57316808	2.9
"chr10"	11381311	11381312	95.9
"chr3"	192683051	192683052	79.1
"chr15"	41253126	41253127	81.2
"chr19"	50297526	50297527	44
"chr10"	70783490	70783491	3.4
"chr5"	30215258	30215259	73.3
"chr22"	41503474	41503475	96.4
"chr20"	9987756	9987757	69.9
"chr2"	120669474	120669475	4.2
"chr10"	101216225	101216226	4.9
"chr15"	90303220	90303221	95.9
"chr16"	5186673	5186674	95.3
"chr10"	40805090	40805091	83.2
"chr5"	141651509	141651510	10.3
"chr11"	130625754	130625755	85.9
"chrX"	73154729	73154730	26.3
"chr1"	184387089	184387090	3.7
"chr3"	127427064	127427065	58.8
"chr12"	123414172	123414173	91.6
"chr12"	125415911	125415912	92.6
"chr7"	124841224	124841225	96.8
"chr12"	132357196	132357197	53.9
"chr7"	6742414	6742415	97.2
"chr19"	31744694	31744695	93.7
"chr20"	25456102	25456103	94.7
"chr2"	113250122	113250123	92
"chr6"	157384824	157384825	97
"chr7"	27251619	27251620	13.3
"chr1"	149092358	149092359	94
"chr9"	84439632	84439633	21.5
"chr22"	44947809	44947810	94.1
"chr14"	39889124	39889125	95.1
"chr10"	78973228	78973229	90.8
"chr4"	177743896	177743897	93.4
"chr3"	12428293	12428294	40.4
"chr15"	19115048	19115049	38.9
"chr6"	2948211	2948212	96.2
"chr3"	64716695	64716696	91.4
"chr8"	115435258	115435259	41.6
"chrY"	5531870	5531871	96.3
"chr4"	152978859	152978860	6.1
"chr2"	119519220	119519221	96.7
"chr3"	107057292	107057293	12.8
"chr14"	63415999	63416000	90.5
"chr9"	31443986	31443987	4.4
"chr18"	45837742	45837743	2.7
"chr3"	177476224	177476225	91.4
"chr16"	67562925	67562926	2.9
"chr1"	34368988	34368989	92.3
"chr4"	69821269	69821270	3.7
"chr14"	91245953	91245954	96.2
"chr17"	61899779	61899780	96.5
"chr19"	47067174	47067175	95.8
"chr3"	71473621	71473622	96.1
"chr20"	17812573	17812574	84.8
"chr13"	107076150	107076151	94.6
"chr3"	138421735	138421736	61.5
"chr22"	36587858	36587859	35.8
"chr12"	123691954	123691955	96.7
"chr13"	87163274	87163275	72.1
"chr9"	103627102	103627103	21.4
"chr1"	6206439	6206440	2.9
"chr2"	134065702	134065703	91.7
"chr2"	125285764	125285765	23.8
"chr20"	35223172	35223173	96.3
"chr8"	39858612	39858613	56.9
"chr2"	194682667	194682668	5.4
"chr10"	104641422	104641423	3.7
"chr3"	50712405	50712406	89.7
"chr1"	24703978	24703979	94.5
"chr1"	12178687	12178688	80.8
"chrX"	52026423	52026424	95.7
"chr5"	31856179	31856180	86
"chr2"	12163053	12163054	91.5
"chr5"	563581	563582	96.4
"chr17"	10493307	10493308	84.5
"chr10"	64496112	64496113	31.7
"chr2"	120339530	120339531	95.9
"chr2"	53736435	53736436	95.9
"chrX"	32445399	32445400	94.8
"chr1"	23106536	23106537	96.6
"chr11"	27472500	27472501	3.6
"chr7"	106992195	106992196	39.8
"chr10"	31974793	31974794	4.7
"chr17"	60390192	60390193	67.2
"chr12"	58967543	58967544	10.9
"chr19"	53225374	53225375	96.5
"chr12"	122781500	122781501	91.3
"chr2"	9838091	9838092	96.3
"chr4"	9878555	9878556	10.7
"chr3"	192620165	192620166	93.2
"chr5"	34026604	34026605	96.3
"chr3"	107661927	107661928	84.3
"chr3"	2192190	2192191	3.5
"chr10"	102237041	102237042	96.1
"chr10"	101007373	101007374	60.2
"chr2"	228115021	228115022	5.3
"chr6"	142696958	142696959	96.5
"chr16"	83963943	83963944	96.4
"chr2"	2716484	2716485	92.2
"chr11"	81501883	81501884	81.6
"chr4"	167810314	167810315	76.1
"chr1"	201649935	201649936	3.6
"chr3"	124750475	124750476	96.3
"chr11"	40011682	40011683	96.4
"chr3"	105173789	105173790	94.3
"chr8"	43939388	43939389	78.2
"chr17"	3553457	3553458	92.7
"chr4"	97562854	97562855	96.1
"chr4"	185773588	185773589	94.5
"chr9"	98382469	98382470	95.9
"chr17"	72331897	72331898	91.4
"chr22"	17234586	17234587	95.7
"chrX"	19406444	19406445	94.9
"chr1"	72915863	72915864	91.4
"chr5"	154682946	154682947	4.1
"chr9"	20774130	20774131	95.2
"chrX"	39019372	39019373	3.7
"chr6"	114676080	114676081	29.5
"chr11"	42221857	42221858	65.7
"chr8"	10859885	10859886	89.1
"chr2"	68918597	68918598	94.5
"chr14"	89749892	89749893	96.7
"chr14"	102846756	102846757	96.8
"chr4"	169982368	169982369	55.1
"chr21"	21859386	21859387	5.7
"chrX"	66274266	66274267	76.2
"chr5"	111399646	111399647	96.9
"chr4"	65649809	65649810	9.9
"chr2"	84423978	84423979	77.7
"chr5"	8458158	8458159	2.5
"chr1"	221913436	221913437	95.6
"chr8"	100109433	100109434	95.5
"chr17"	30731959	30731960	3.2
"chr14"	42113744	42113745	96.2
"chr20"	43852716	43852717	95.9
"chr19"	42747636	42747637	83.5
"chr7"	41706512	41706513	94.9
"chr2"	4547178	4547179	88.8
"chr3"	196321592	196321593	96.7
"chr2"	96144595	96144596	6.6
"chr14"	45134895	45134896	28
"chr22"	37478231	37478232	95.8
"chr11"	87654772	87654773	65.7
"chr7"	32158803	32158804	22.8
"chr8"	52713518	52713519	4
"chr6"	97829164	97829165	56.8
"chr5"	179265318	179265319	84.9
"chr1"	153744037	153744038	74.3
"chr8"	19111863	19111864	88.7
"chr20"	23535070	23535071	65.6
"chr19"	15380159	15380160	4.8
"chr13"	100682717	100682718	97.1
"chr5"	134867070	134867071	94.1
"chr6"	24666379	24666380	8.6
"chr5"	37705624	37705625	47.3
"chr15"	69392326	69392327	41.7
"chr2"	176118141	176118142	3.6
"chr12"	72272792	72272793	2.5
"chr21"	19650258	19650259	31.1
"chr2"	168929737	168929738	7.8
"chr17"	42278701	42278702	96.7
"chr2"	146887814	146887815	91.4
"chr1"	114500673	114500674	93.2
"chr19"	40614009	40614010	3
"chr17"	1705141	1705142	95.7
"chr22"	35205813	35205814	92.2
"chr14"	20343656	20343657	4
"chr16"	89769949	89769950	95.7
"chr11"	131954474	131954475	57.8
"chr2"	47571539	47571540	3.1
"chr13"	20370628	20370629	94.1
"chr15"	50577362	50577363	95.2
"chr10"	50914677	50914678	91.7
"chr2"	54767700	54767701	92.9
"chr13"	108761510	108761511	94.7
"chr12"	4809681	4809682	3.8
"chr12"	30055651	30055652	59.2
"chr21"	44224727	44224728	96.7
"chr17"	65377874	65377875	95.7
"chr11"	10406968	10406969	59.3
"chr15"	82890512	82890513	72.2
"chr2"	86614462	86614463	54.7
"chr2"	128372216	128372217	90.7
"chr18"	20484236	20484237	84.6
"chr13"	70297194	70297195	39.6
"chr2"	190758820	190758821	74.8
"chr11"	117118759	117118760	96.4
"chr20"	31797917	31797918	95.8
"chr19"	46414067	46414068	97
"chr11"	114847489	114847490	51.5
"chr21"	39485709	39485710	96.2
"chr9"	31889223	31889224	96.9
"chr13"	17893882	17893883	83.5
"chr5"	37754434	37754435	80.6
"chr15"	18397118	18397119	87.3
"chr3"	31205908	31205909	96.7
"chr4"	106354487	106354488	9.2
"chr3"	46464848	46464849	3
"chr5"	49816228	49816229	85.8
"chr2"	22457124	22457125	74.1
"chr3"	188068800	188068801	78.9
"chr6"	35712631	35712632	96.6
"chr5"	167030953	167030954	94.6
"chr14"	98245222	98245223	76.1
"chr19"	50679565	50679566	3.9
"chr2"	111722152	111722153	67.6
"chr10"	40007114	40007115	71.1
"chr16"	49209200	49209201	52.3
"chr4"	172869393	172869394	58.5
"chr17"	64327534	64327535	89.5
"chr1"	204986189	204986190	81.1
"chr10"	131900911	131900912	3
"chr5"	117313939	117313940	92.9
"chr8"	89900987	89900988	96.8
"chrX"	45066366	45066367	95.1
"chr2"	153836752	153836753	44.7
"chrX"	131262822	131262823	67.3
"chr2"	11612702	11612703	95
"chr4"	62903985	62903986	7.8
"chr10"	118770960	118770961	4.1
"chr15"	84620663	84620664	92.2
"chr1"	178147473	178147474	59.6
"chr6"	15455746	15455747	96.8
"chr16"	66337590	66337591	96.7
"chr22"	41344236	41344237	96.1
"chr15"	72547356	72547357	96.7
"chr7"	27137413	27137414	2.9
"chr1"	32765758	32765759	93
"chr13"	34772248	34772249	2.8
"chr5"	167952820	167952821	94.6
"chr15"	77560627	77560628	92.6
"chr12"	6868337	6868338	4
"chr2"	199474499	199474500	92.1
"chr12"	100695523	100695524	95.2
"chr15"	55342590	55342591	95.9
"chr2"	65176272	65176273	50.1
"chr3"	23275235	23275236	94.7
"chr4"	137186337	137186338	13.2
"chrX"	101376401	101376402	96.2
"chr8"	38585558	38585559	95.1
"chr9"	86380642	86380643	38.4
"chr12"	27877407	27877408	91
"chr13"	27175738	27175739	93.4
"chr9"	123349522	123349523	95.9
"chr6"	150184163	150184164	94.5
"chr21"	29917027	29917028	45.5
"chr10"	2934844	2934845	96.8
"chr3"	73475312	73475313	91.5
"chr9"	133099516	133099517	95.9
"chr1"	5448488	5448489	59.9
"chr6"	158073393	158073394	96.8
"chr12"	9440244	9440245	96.2
"chr3"	105115627	105115628	68.4
"chr11"	98331698	98331699	43.2
"chr12"	108938376	108938377	76
"chr10"	55018214	55018215	51.2
"chr7"	107539007	107539008	83.5
"chr3"	122234823	122234824	92
"chr5"	158433214	158433215	85.8
"chr10"	115168	115169	97
"chr6"	114702406	114702407	49.7
"chr14"	70795834	70795835	96.6
"chr12"	125107546	125107547	96.1
"chr2"	45005173	45005174	4.1
"chr1"	12431289	12431290	95.3
"chr2"	22304706	22304707	65.2
"chr16"	88958892	88958893	96.5
"chr19"	38786985	38786986	74.2
"chr3"	192185879	192185880	94
"chr1"	122534227	122534228	49.5
"chr12"	55947053	55947054	97.3
"chr5"	137492271	137492272	47.6
"chr12"	55888392	55888393	30.7
"chr11"	129395905	129395906	72.9
"chr19"	2495140	2495141	3.2
"chr5"	116051366	116051367	43.8
"chr2"	94273331	94273332	2.5
"chr14"	77323814	77323815	90.6
"chr9"	702580	702581	96.5
"chr1"	235093188	235093189	97.2
"chr18"	54698518	54698519	46.4
"chr16"	77863126	77863127	89.5
"chr7"	134316819	134316820	3.1
"chr18"	10862428	10862429	95.8
"chr20"	42116764	42116765	92.9
"chr12"	25840754	25840755	96.3
"chrX"	41687905	41687906	96.4
"chr13"	23769307	23769308	97.3
"chr19"	28299831	28299832	4.4
"chr7"	59504054	59504055	68.8
"chr21"	46409273	46409274	96.8
"chr4"	188631560	188631561	96.6
"chr1"	188591798	188591799	86.1
"chr2"	142907527	142907528	96.4
"chr20"	28020831	28020832	52.3
"chr17"	830286	830287	94.4
"chr1"	15247586	15247587	4.8
"chr7"	105788455	105788456	94.6
"chr15"	75689315	75689316	89.7
"chr17"	67423529	67423530	91.6
"chr3"	125613143	125613144	84.6
"chr6"	30706447	30706448	96.4
"chr5"	33174724	33174725	75.9
"chr2"	209953198	209953199	94
"chr17"	60046209	60046210	94.1
"chr12"	112137094	112137095	96.8
"chr20"	41431443	41431444	93.9
"chr15"	88716366	88716367	39.9
"chr6"	129932221	129932222	96.4
"chr13"	48786964	48786965	95.8
"chr22"	28005220	28005221	38.3
"chr5"	76425236	76425237	31.8
"chr22"	22801110	22801111	75
"chr16"	16150060	16150061	96.1
"chrX"	105802679	105802680	95.5
"chr1"	1665355	1665356	95.2
"chr17"	54359631	54359632	65.9
"chr8"	80406970	80406971	97
"chr10"	26348477	26348478	84.2
"chr6"	43837374	43837375	92.2
"chr8"	139208657	139208658	35.3
"chr9"	12502799	12502800	91.1
"chr19"	33752557	33752558	66.3
"chr2"	19843510	19843511	37.2
"chr11"	23183017	23183018	13.4
"chr5"	14791840	14791841	5.3
"chr2"	120847404	120847405	17
"chr3"	92176088	92176089	88.5
"chr19"	8197302	8197303	66.8
"chr12"	50917674	50917675	97
"chr20"	1507048	1507049	96
"chr8"	93970660	93970661	94.3
"chr9"	43612175	43612176	61
"chr10"	64344096	64344097	19.1
"chr21"	32073350	32073351	83.9
"chrX"	146886007	146886008	61.8
"chr17"	39213205	39213206	51.6
"chrX"	230497	230498	96
"chr7"	70595957	70595958	4.4
"chrX"	110703939	110703940	87.3
"chr6"	54656473	54656474	22.1
"chr13"	25502732	25502733	92.9
"chr4"	112613014	112613015	97.2
"chr5"	105635790	105635791	81.2
"chr6"	1349884	1349885	8.3
"chrX"	136221425	136221426	83.7
"chr1"	226877145	226877146	96.4
"chr2"	3754489	3754490	80.6
"chr4"	105606625	105606626	88.2
"chr2"	148918671	148918672	4.6
"chr1"	6643509	6643510	95.7
"chr1"	15681134	15681135	95.7
"chr12"	9326615	9326616	95.7
"chr18"	52141256	52141257	87.6
"chr8"	23008361	23008362	96.6
"chr6"	130192782	130192783	51.2
"chr11"	125328006	125328007	2.9
"chr13"	80798190	80798191	46.7
"chr20"	1694285	1694286	39.9
"chr1"	150207626	150207627	96.4
"chr19"	52043780	52043781	96.1
"chr11"	40526110	40526111	55.9
"chr6"	142912696	142912697	96.5
"chr18"	20482885	20482886	87.3
"chr11"	122755109	122755110	31.2
"chrX"	11340450	11340451	96.1
"chrX"	153737137	153737138	92.8
"chr13"	98455568	98455569	96.6
"chr6"	166900069	166900070	96.5
"chr10"	42177201	42177202	52.4
"chr16"	15545096	15545097	96.9
"chr16"	11032491	11032492	93.5
"chr3"	108984524	108984525	4.4
"chr15"	34562389	34562390	95.3
"chr19"	17589433	17589434	96.1
"chrX"	129977845	129977846	94
"chr7"	7595779	7595780	95.8
"chr10"	117085942	117085943	81.7
"chr20"	43800733	43800734	69.5
"chr2"	147809712	147809713	36.7
"chr9"	130196465	130196466	94.8
"chr6"	168254726	168254727	39
"chr5"	153400743	153400744	40.2
"chr4"	24402359	24402360	96.9
"chr2"	168212250	168212251	6.6
"chr16"	70288226	70288227	5.7
"chr16"	48458046	48458047	4.1
"chr21"	22947125	22947126	2.8
"chr6"	109047683	109047684	82
"chr6"	33420056	33420057	3
"chr18"	48184676	48184677	31.2
"chr6"	27083561	27083562	8
"chr10"	26795011	26795012	97
"chr10"	132313017	132313018	96.6
"chr11"	112684288	112684289	95.9
"chr5"	59490946	59490947	93.6
"chr18"	68936349	68936350	90.9
"chr1"	228125540	228125541	92.1
"chr13"	88069515	88069516	95.6
"chr13"	91347557	91347558	3.1
"chr21"	46379283	46379284	96.7
"chr21"	5728805	5728806	45.1
"chr5"	61312915	61312916	59.1
"chr3"	150772083	150772084	95.7
"chr3"	158842037	158842038	92.3
"chr12"	68043020	68043021	94.7
"chr4"	17783417	17783418	92.7
"chr9"	112084809	112084810	96.5
"chr15"	63924647	63924648	91.9
"chr2"	23503835	23503836	15.4
"chr1"	45779316	45779317	96.4
"chr4"	26325664	26325665	94
"chr20"	17517532	17517533	81.9
"chr3"	26460003	26460004	96.9
"chr2"	58255631	58255632	85
"chr2"	222554657	222554658	96.4
"chr3"	181408101	181408102	39.9
"chr9"	35749291	35749292	3.1
"chr13"	61361692	61361693	49.7
"chr14"	78036271	78036272	15.6
"chr21"	36499950	36499951	43.7
"chr6"	17006580	17006581	37.6
"chr1"	7111050	7111051	85.6
"chr17"	34730469	34730470	47.5
"chr15"	33232048	33232049	87.3
"chr12"	35094133	35094134	67.1
"chr19"	21157756	21157757	90.7
"chr9"	119205127	119205128	8.6
"chr6"	108715880	108715881	95.2
"chr13"	66520316	66520317	56.1
"chr4"	13535464	13535465	64.1
"chr15"	43866146	43866147	96.6
"chr9"	119958012	119958013	53.6
"chr13"	83407437	83407438	60.4
"chr9"	104460436	104460437	59
"chr16"	15812820	15812821	95.6
"chr13"	63880780	63880781	73.8
"chr7"	149787928	149787929	45.6
"chr14"	39407976	39407977	97.4
"chr5"	11441694	11441695	73.3
"chr3"	36642077	36642078	89.1
"chr22"	31407397	31407398	96.7
"chr8"	108395715	108395716	93.3
"chr19"	31121504	31121505	84.8
"chr22"	43319287	43319288	96.4
"chr4"	108253083	108253084	81.3
"chr12"	53054594	53054595	4.3
"chr16"	1625686	1625687	94.8
"chr4"	168369330	168369331	97
"chr4"	152815985	152815986	96.2
"chr17"	29458519	29458520	96
"chr1"	152472766	152472767	53.8
"chr2"	150485103	150485104	4.7
"chr2"	217877221	217877222	12.4
"chr7"	130017042	130017043	97
"chr8"	39117176	39117177	88.5
"chr16"	54291348	54291349	4.1
"chr20"	20232510	20232511	49.9
"chrX"	41965901	41965902	88.5
"chr14"	73018874	73018875	95.6
"chr18"	50528347	50528348	90.4
"chr19"	20676810	20676811	42.9
"chr16"	1944234	1944235	96.9
"chr6"	6525583	6525584	93.7
"chr7"	26200613	26200614	4
"chr6"	13162137	13162138	95.3
"chr5"	34016378	34016379	5.7
"chr22"	38099860	38099861	67.8
"chr1"	108853468	108853469	96
"chr16"	69715691	69715692	96.4
"chr19"	7467489	7467490	96
"chr2"	56184878	56184879	3.8
"chr12"	104789570	104789571	96
"chr4"	101620510	101620511	91.7
"chr7"	13200005	13200006	79.6
"chr2"	29197232	29197233	8.3
"chrY"	3410146	3410147	95.4
"chr1"	208137213	208137214	60.2
"chr2"	188565091	188565092	3.2
"chr6"	53682997	53682998	54.1
"chr8"	23303051	23303052	64.6
"chr5"	150532595	150532596	94.4
"chr11"	12442732	12442733	5.6
"chr4"	48335496	48335497	96
"chr2"	71861067	71861068	51.4
"chr3"	169967492	169967493	4.1
"chr7"	109214170	109214171	52.1
"chrX"	129544009	129544010	92.8
"chr12"	67741828	67741829	86.4
"chr18"	18918490	18918491	88.4
"chr2"	111702197	111702198	40
"chr12"	50112625	50112626	3.5
"chr5"	76425707	76425708	62.2
"chr8"	143725509	143725510	90.7
"chr2"	130612693	130612694	92.3
"chr21"	18330996	18330997	93.6
"chr1"	1624509	1624510	90.3
"chr3"	194134774	194134775	2.4
"chr14"	67407481	67407482	96.3
"chr7"	151434163	151434164	86.8
"chr5"	122940673	122940674	96.5
"chr4"	97912026	97912027	67.8
"chr6"	151328243	151328244	91
"chr6"	168345394	168345395	61.1
"chr2"	238803230	238803231	96.2
"chr17"	76419237	76419238	96.3
"chr1"	165745444	165745445	5.7
"chr13"	98442447	98442448	56.3
"chr2"	241229326	241229327	95.9
"chr4"	139187198	139187199	96.5
"chr3"	17463364	17463365	95.5
"chr12"	122450040	122450041	97.2
"chr2"	144516659	144516660	3.3
"chr3"	157362321	157362322	71
"chr20"	49071717	49071718	91.2
"chr9"	138040593	138040594	96.9
"chr11"	43698798	43698799	45.2
"chr9"	114993859	114993860	95.5
"chr13"	94684047	94684048	4.3
"chr5"	141890160	141890161	94.4
"chr7"	81639711	81639712	34.5
"chr18"	70364606	70364607	94.3
"chr1"	98061702	98061703	4.7
"chr1"	228006699	228006700	45.3
"chr4"	20746458	20746459	93.5
"chr11"	83665351	83665352	93.3
"chr1"	160110171	160110172	94.6
"chr4"	15854619	15854620	96.1
"chr5"	56083111	56083112	97.1
"chr5"	120878640	120878641	8.8
"chr21"	44303333	44303334	5.8
"chr21"	27635620	27635621	96.5
"chr4"	100623991	100623992	70.4
"chr21"	21940383	21940384	82.2
"chr2"	136491870	136491871	74
"chr3"	67142711	67142712	95.6
"chr7"	26864969	26864970	3.3
"chr19"	10718138	10718139	4.3
"chr2"	206231666	206231667	91.8
"chr13"	38475379	38475380	85.8
"chr8"	43861785	43861786	2.4
"chr19"	43664060	43664061	3.9
"chr5"	92735837	92735838	35.7
"chr5"	30812093	30812094	81.4
"chr11"	44264948	44264949	85.1
"chr10"	34035781	34035782	85.2
"chrX"	8932650	8932651	24.8
"chr9"	134765805	134765806	96.4
"chr1"	43136950	43136951	42.7
"chr8"	37335978	37335979	35.4
"chr11"	68418637	68418638	96
"chr13"	62678531	62678532	24.1
"chr2"	229467022	229467023	56.3
"chr19"	8843452	8843453	89.6
"chr3"	179517781	179517782	88.9
"chr4"	164712588	164712589	88.7
"chr21"	7242448	7242449	34.7
"chr15"	41534309	41534310	96.7
"chr9"	105238571	105238572	95.9
"chr19"	5799381	5799382	3.1
"chr22"	11605887	11605888	95.6
"chr5"	173383336	173383337	73.5
"chr6"	127559316	127559317	44.6
"chr2"	131830286	131830287	96.4
"chr5"	2752073	2752074	3.6
"chr9"	89113475	89113476	72.9
"chr19"	45128050	45128051	96.5
"chr6"	21797230	21797231	94.8
"chr2"	237299129	237299130	82.3
"chr9"	87941856	87941857	89.5
"chr5"	178555503	178555504	93.2
"chr6"	130020219	130020220	2.8
"chr15"	40948901	40948902	95.8
"chr11"	24449825	24449826	89
"chr11"	32545923	32545924	94.1
"chr19"	58090994	58090995	96.4
"chr11"	4142798	4142799	95.9
"chr4"	71220351	71220352	76
"chr4"	55459224	55459225	90.9
"chr17"	50980156	50980157	96.6
"chr11"	7466487	7466488	73.6
"chr20"	62716994	62716995	94.6
"chr17"	18584301	18584302	94.5
"chr16"	55180582	55180583	34
"chr7"	63990812	63990813	69.3
"chr17"	16696806	16696807	29.6
"chr16"	73536752	73536753	89.9
"chr16"	24613612	24613613	93
"chr1"	173745256	173745257	96.6
"chr21"	37951714	37951715	91.3
"chr6"	151308896	151308897	35.5
"chr10"	105359157	105359158	42.1
"chr11"	79644131	79644132	93.6
"chr22"	46948079	46948080	95.9
"chr17"	76583102	76583103	96.9
"chr7"	92015298	92015299	45.9
"chr22"	42465511	42465512	97
"chr17"	40933038	40933039	91.2
"chr4"	173243478	173243479	95.9
"chr2"	101156688	101156689	89.4
"chr1"	56665888	56665889	96.2
"chr15"	71104888	71104889	97.3
"chr1"	22103082	22103083	95.3
"chrX"	109778260	109778261	95.5
"chr7"	71841224	71841225	94.7
"chr22"	21636535	21636536	86.4
"chr13"	18582686	18582687	5.3
"chr2"	171442339	171442340	96.5
"chr17"	7018903	7018904	96.7
"chr18"	17991920	17991921	93.6
"chr1"	15247206	15247207	3.1
"chr19"	45600744	45600745	70.2
"chr11"	51884942	51884943	92.4
"chr17"	23776400	23776401	35.1
"chr2"	122549809	122549810	76.8
"chr12"	28924692	28924693	73.1
"chr8"	737694	737695	3
"chr12"	131104663	131104664	73.7
"chr7"	68185363	68185364	76.1
"chr20"	5700077	5700078	93
"chr12"	809972	809973	5.9
"chr12"	131602391	131602392	86.5
"chr16"	3180724	3180725	3.4
"chr1"	40029005	40029006	94.7
"chr18"	24630485	24630486	55
"chr13"	40210159	40210160	96.2
"chr1"	10501453	10501454	95.9
"chr7"	122607009	122607010	62.8
"chr15"	57307665	57307666	96.7
"chr3"	137005601	137005602	94.2
"chr10"	78551624	78551625	2.8
"chr15"	50442616	50442617	95.7
"chr18"	44851872	44851873	70.8
"chr10"	116237159	116237160	20.7
"chr6"	132398766	132398767	94.1
"chr19"	4598107	4598108	3
"chr3"	48615653	48615654	95
"chr15"	85347830	85347831	83.3
"chr2"	187353122	187353123	64.5
"chr15"	91279813	91279814	29.5
"chr2"	8536715	8536716	96.8
"chr16"	30771054	30771055	95.9
"chr5"	41267275	41267276	93.8
"chr17"	949257	949258	32.3
"chr9"	136225917	136225918	3.5
"chr16"	82542134	82542135	78.4
"chrX"	115844720	115844721	95.6
"chr11"	114290015	114290016	84.3
"chr20"	17899951	17899952	92.6
"chr2"	72970755	72970756	69.7
"chr17"	19507943	19507944	3.8
"chr2"	183382492	183382493	81.6
"chr5"	129609623	129609624	85.8
"chr15"	96858909	96858910	92
"chr16"	88953015	88953016	95.3
"chr13"	111336232	111336233	94.8
"chr3"	99802142	99802143	74.7
"chr15"	72441136	72441137	95.6
"chr3"	57583367	57583368	83.2
"chr3"	42103728	42103729	96
"chr1"	38213929	38213930	28.8
"chr15"	29017034	29017035	96.6
"chr7"	76512454	76512455	90.3
"chr3"	196570811	196570812	96.7
"chr6"	62594564	62594565	95.3
"chr3"	197520559	197520560	93.6
"chr1"	29792855	29792856	41.6
"chr7"	108922098	108922099	33.2
"chr10"	83318484	83318485	81.6
"chr1"	9871863	9871864	94.5
"chr9"	134702247	134702248	91.6
"chr12"	60980009	60980010	95.2
"chr9"	94441605	94441606	58.1
"chr1"	226135399	226135400	96.3
"chr1"	87688379	87688380	93.4
"chr12"	113265949	113265950	96.3
"chr5"	2187825	2187826	77.1
"chr18"	34119910	34119911	86.6
"chr9"	21918205	21918206	96.6
"chr5"	139816389	139816390	45.4
"chr5"	140672717	140672718	96.7
"chr6"	17701591	17701592	28.6
"chr15"	57305199	57305200	96.9
"chr2"	27051034	27051035	4.4
"chr1"	245912953	245912954	8.8
"chr7"	52482173	52482174	93.2
"chr7"	158415967	158415968	19.8
"chr17"	3537521	3537522	94.8
"chr2"	95938895	95938896	92.3
"chr13"	37763843	37763844	51.6
"chr5"	135589716	135589717	57.5
"chr6"	126125133	126125134	96.7
"chr1"	39559873	39559874	96.6
"chr8"	92447575	92447576	82.9
"chr16"	12539951	12539952	95.1
"chr2"	231926006	231926007	3.2
"chr9"	20658151	20658152	3.4
"chr9"	134820175	134820176	79.3
"chr4"	81230178	81230179	2.9
"chr2"	179861686	179861687	2.6
"chr10"	26710389	26710390	71.6
"chr15"	25462178	25462179	7
"chr6"	107564717	107564718	69.5
"chr13"	67665268	67665269	33.2
"chrX"	132877572	132877573	6.5
"chr18"	79362532	79362533	97.5
"chr5"	153980919	153980920	44.5
"chr21"	32507082	32507083	79.3
"chr11"	30335845	30335846	97.3
"chr7"	151656511	151656512	92
"chr8"	31480922	31480923	96.1
"chr8"	7295917	7295918	30.2
"chr13"	28192198	28192199	96.7
"chr3"	183052852	183052853	96.1
"chr1"	13822455	13822456	96.6
"chr11"	22153954	22153955	4.1
"chr2"	229502815	229502816	44.6
"chr12"	101133596	101133597	91.1
"chr12"	63023771	63023772	42
"chr3"	189596864	189596865	96.8
"chr6"	31739902	31739903	3.3
"chr3"	76117731	76117732	26.5
"chr21"	26918533	26918534	13
"chr9"	103185858	103185859	5.8
"chr9"	1558887	1558888	96.3
"chr9"	101028883	101028884	3.9
"chr18"	15408737	15408738	62.4
"chr4"	146647980	146647981	3.3
"chr9"	81704601	81704602	94.9
"chr11"	93616285	93616286	96.8
"chr3"	13198122	13198123	36.7
"chr5"	118383414	118383415	54.8
"chr21"	43416100	43416101	89.3
"chr9"	75543642	75543643	65.9
"chr20"	60939579	60939580	4
"chr4"	66381577	66381578	69.5
"chr11"	97196609	97196610	11.1
"chrX"	138267398	138267399	60.5
"chr17"	19990881	19990882	19.7
"chr1"	40311129	40311130	93.2
"chr14"	81221245	81221246	3.5
"chr16"	11131106	11131107	96.4
"chr3"	12967708	12967709	3.1
"chr6"	143736763	143736764	96.4
"chr15"	17141075	17141076	95.8
"chr2"	231614639	231614640	4.3
"chr11"	87244935	87244936	88.1
"chr16"	70289567	70289568	3.8
"chr11"	46848939	46848940	73
"chr16"	2267847	2267848	3.2
"chr2"	7305399	7305400	94.1
"chr1"	3701759	3701760	71.2
"chr16"	13026493	13026494	36.1
"chr13"	113980522	113980523	97
"chr6"	13901708	13901709	9.6
"chr2"	199600397	199600398	96.4
"chr16"	69566332	69566333	5.1
"chr19"	9236369	9236370	95.5
"chr11"	69596207	69596208	97.3
"chr2"	232585072	232585073	97
"chr1"	238401813	238401814	42.1
"chr15"	40777134	40777135	64
"chr1"	100018873	100018874	97.2
"chr21"	35813018	35813019	93.3
"chr2"	6490063	6490064	95.5
"chr8"	3998095	3998096	94.7
"chr22"	46072102	46072103	3.4
"chr7"	548596	548597	8.9
"chr19"	36218671	36218672	95.9
"chr18"	64187289	64187290	89.9
"chr17"	40897707	40897708	96.5
"chr5"	40802805	40802806	50.7
"chr4"	112798389	112798390	83.3
"chr2"	96815890	96815891	3.5
"chr16"	87324233	87324234	96.6
"chr8"	30346511	30346512	12.3
"chr13"	65212228	65212229	95.3
"chr2"	23961615	23961616	96.8
"chr18"	79120891	79120892	96.2
"chr4"	88457517	88457518	3.3
"chr7"	122153576	122153577	36.6
"chr13"	40237128	40237129	96.2
"chr7"	100452250	100452251	22.2
"chr11"	132907615	132907616	91.7
"chr3"	151242137	151242138	92.7
"chr2"	71397980	71397981	95.5
"chr5"	138118459	138118460	95.2
"chr8"	53312253	53312254	95.5
"chr4"	105631455	105631456	82.2
"chr19"	41137223	41137224	85.8
"chr10"	83445640	83445641	53.4
"chr6"	130459847	130459848	47.3
"chr3"	152870694	152870695	52.4
"chr10"	30959463	30959464	3
"chr4"	42889444	42889445	84.5
"chr1"	153879999	153880000	96.5
"chr7"	32298994	32298995	3.7
"chr20"	62438284	62438285	97.2
"chr10"	31643257	31643258	33.4
"chr8"	85937223	85937224	82.3
"chr7"	76711142	76711143	94.5
"chr6"	34329340	34329341	96.6
"chr4"	140712258	140712259	9.1
"chr5"	15470794	15470795	5.6
"chr22"	27782138	27782139	96.1
"chr2"	241623970	241623971	90.6
"chr4"	3344266	3344267	96.8
"chr2"	128322512	128322513	3
"chr4"	86316801	86316802	81.5
"chr1"	200009794	200009795	96.5
"chr10"	39781983	39781984	63.3
"chr13"	70027896	70027897	10
"chr16"	17271757	17271758	30.8
"chr1"	8216681	8216682	96.9
"chr22"	17901789	17901790	94.7
"chr21"	16645611	16645612	86.4
"chr1"	35648734	35648735	95.4
"chr15"	82049077	82049078	96
"chr1"	15494816	15494817	97.1
"chr17"	36379537	36379538	94.4
"chr8"	12041222	12041223	84.2
"chr2"	87749671	87749672	96.1
"chr2"	175840951	175840952	61.7
"chr7"	104051934	104051935	95.2
"chr3"	3297145	3297146	28.2
"chr22"	21151027	21151028	29.3
"chr9"	128961650	128961651	97
"chr10"	75101620	75101621	94.4
"chr15"	41932064	41932065	95.7
"chr17"	64129907	64129908	3.2
"chr21"	26261823	26261824	92.6
"chr22"	20805557	20805558	95.1
"chr9"	114198446	114198447	5
"chr3"	123605976	123605977	94
"chr9"	125355354	125355355	97.1
"chr22"	50749102	50749103	96
"chr11"	14413676	14413677	95.9
"chr19"	8523323	8523324	93.8
"chr10"	101451488	101451489	38.7
"chr2"	103651266	103651267	44.1
"chr7"	118660885	118660886	95.2
"chr11"	57350502	57350503	72.7
"chr3"	121377095	121377096	12.7
"chr13"	82620064	82620065	46.7
"chr1"	122249155	122249156	85.5
"chr2"	117029663	117029664	94.6
"chr17"	80559496	80559497	88.7
"chr9"	12040388	12040389	8.4
"chr16"	53936854	53936855	94.1
"chr20"	4766935	4766936	4.2
"chr11"	2397062	2397063	87.9
"chr3"	183607747	183607748	96.1
"chrY"	11520074	11520075	92.6
"chr14"	35515579	35515580	96.3
"chr10"	17244017	17244018	76.8
"chr7"	15465554	15465555	93.8
"chr11"	73908848	73908849	92.8
"chrX"	114015936	114015937	95.3
"chr11"	84488338	84488339	9.3
"chr19"	16834484	16834485	57.5
"chr1"	7954033	7954034	2.9
"chr12"	128042166	128042167	6.6
"chr4"	1217026	1217027	28.9
"chr7"	138912823	138912824	93
"chr4"	97347780	97347781	40.6
"chr1"	71502339	71502340	5.5
"chr5"	21467115	21467116	95.4
"chr7"	47064363	47064364	89.7
"chr17"	66996447	66996448	75.5
"chr12"	7670533	7670534	95.8
"chr3"	93709238	93709239	61.1
"chr2"	30912226	30912227	69.3
"chr20"	29275784	29275785	78.1
"chr15"	61727958	61727959	8.1
"chr16"	65406243	65406244	10.6
"chr11"	34570985	34570986	84.7
"chr5"	103110848	103110849	90.9
"chr19"	55419837	55419838	92.2
"chrX"	18767498	18767499	96.1
"chr10"	103718262	103718263	78.9
"chr9"	124803019	124803020	59.4
"chr10"	104198571	104198572	92.3
"chr6"	9169940	9169941	42.3
"chr2"	123460257	123460258	93.4
"chrX"	140423889	140423890	57.4
"chr12"	120216902	120216903	91.3
"chr4"	117846098	117846099	9.3
"chrX"	42516693	42516694	91.7
"chr2"	68326561	68326562	96
"chrX"	27474899	27474900	74
"chr15"	45871779	45871780	69.8
"chr9"	94484873	94484874	69.5
"chr9"	99007589	99007590	42.3
"chr2"	43772970	43772971	97
"chr19"	50616610	50616611	63.7
"chrX"	70577883	70577884	69.4
"chr19"	29875975	29875976	52.7
"chrY"	7268926	7268927	71.9
"chr13"	97388521	97388522	3.5
"chr15"	90396914	90396915	57.2
"chrX"	118455895	118455896	94.1
"chr11"	30048254	30048255	9.5
"chr12"	111178859	111178860	76.6
"chr5"	167180309	167180310	57.1
"chr1"	219954928	219954929	20.6
"chr1"	156238989	156238990	89.9
"chr2"	148528978	148528979	81.2
"chrY"	6067047	6067048	36.1
"chr10"	131778524	131778525	92.6
"chrX"	7182156	7182157	96.9
"chr10"	87602428	87602429	95.4
"chr11"	119076008	119076009	95.9
"chr5"	42981811	42981812	71.6
"chr12"	44777243	44777244	81.3
"chr1"	247078548	247078549	3.5
"chr11"	84093676	84093677	79.5
"chr11"	67362471	67362472	95.9
"chr1"	153489359	153489360	94.8
"chr6"	97254674	97254675	96.7
"chr1"	216373230	216373231	4.3
"chr4"	71645737	71645738	89.7
"chr15"	75292455	75292456	2.7
"chr11"	121471248	121471249	94.2
"chr16"	50573224	50573225	40.5
"chr1"	203476496	203476497	51.5
"chr9"	113080798	113080799	3.5
"chr1"	177922640	177922641	18
"chr22"	40296361	40296362	96.4
"chr6"	16403287	16403288	52.1
"chr20"	59441726	59441727	95.9
"chr18"	28193200	28193201	96.5
"chr19"	27851306	27851307	90.8
"chr4"	111984424	111984425	96.2
"chr3"	155464831	155464832	89.9
"chr18"	57674508	57674509	95.8
"chr2"	110693035	110693036	96.5
"chr17"	46502909	46502910	88
"chr11"	80258284	80258285	94.9
"chr1"	248214203	248214204	85.1
"chr4"	35851298	35851299	95.6
"chr5"	159242898	159242899	3.8
"chr5"	20252253	20252254	95.1
"chr3"	1462622	1462623	79.4
"chr11"	56713582	56713583	94.6
"chr16"	36691204	36691205	64.2
"chrY"	14029775	14029776	92.9
"chr10"	10406296	10406297	55
"chrX"	12031755	12031756	5
"chrY"	14124338	14124339	8.1
"chr7"	77748703	77748704	96.8
"chr6"	7317047	7317048	92.1
"chr14"	57528064	57528065	96.1
"chr10"	129018044	129018045	96.6
"chr16"	1215450	1215451	76.7
"chr11"	5011767	5011768	78.3
"chr22"	29580673	29580674	2.8
"chr21"	31942231	31942232	67.3
"chr14"	33024448	33024449	94.6
"chr13"	32773129	32773130	94.2
"chr11"	112206677	112206678	92.9
"chr1"	24125506	24125507	88.6
"chr10"	21448590	21448591	56.4
"chr3"	8674381	8674382	6.9
"chr17"	47455547	47455548	95.4
"chr4"	125205819	125205820	51.6
"chr16"	32869679	32869680	70
"chr1"	21375025	21375026	77.7
"chr11"	12743014	12743015	37.6
"chr10"	2247068	2247069	5.3
"chrX"	27829826	27829827	92
"chr3"	91002399	91002400	94.7
"chr14"	20489563	20489564	4.7
"chr5"	155614054	155614055	34.3
"chr3"	149416199	149416200	96.8
"chr9"	36236834	36236835	96.5
"chr3"	154364665	154364666	57.2
"chr7"	42366826	42366827	35.6
"chr21"	8446958	8446959	47.5
"chr17"	7237959	7237960	4
"chr13"	37323710	37323711	63.8
"chr8"	8351320	8351321	96.7
"chr17"	64400277	64400278	94.1
"chr5"	76930626	76930627	96.3
"chr5"	178951515	178951516	52.4
"chr6"	130579399	130579400	87
"chr4"	76513469	76513470	70.7
"chr9"	64039730	64039731	33.6
"chr16"	47669326	47669327	96.5
"chr15"	96357034	96357035	3.4
"chr10"	4503896	4503897	71
"chr17"	31522473	31522474	56.5
"chr8"	54125381	54125382	96.1
"chr5"	156019799	156019800	91.3
"chr6"	149423918	149423919	90.3
"chr4"	166181991	166181992	6.4
"chr9"	107768679	107768680	50.2
"chr3"	10291181	10291182	93
"chr13"	78943147	78943148	95.2
"chr12"	2041465	2041466	96.5
"chr14"	92431992	92431993	73.7
"chr5"	49602045	49602046	68.7
"chr8"	3606098	3606099	50.5
"chr1"	36740095	36740096	73.9
"chr2"	240737865	240737866	4.1
"chr8"	96346098	96346099	82
"chr16"	29502624	29502625	96
"chr15"	88310984	88310985	5.1
"chr6"	18546743	18546744	96.3
"chr15"	41813734	41813735	96.2
"chr12"	70564566	70564567	52
"chr9"	125329221	125329222	96.5
"chr2"	167250242	167250243	73.5
"chr3"	26549974	26549975	5.1
"chr17"	19380837	19380838	95.1
"chr7"	64795042	64795043	5.1
"chr7"	42214041	42214042	93.5
"chr13"	91772680	91772681	94.4
"chr22"	36758344	36758345	90.7
"chr19"	11337209	11337210	2.4
"chr2"	237241436	237241437	22.3
"chr20"	18826338	18826339	65.4
"chr10"	42546297	42546298	96.3
"chr6"	41696489	41696490	94.5
"chr9"	137799009	137799010	94
"chr4"	137748918	137748919	46.2
"chr4"	6662553	6662554	95.5
"chr2"	170005406	170005407	95.9
"chr4"	169840433	169840434	67.3
"chr1"	107294364	107294365	93.3
"chr10"	124096562	124096563	94.4
"chr10"	9612953	9612954	3.9
"chr19"	37288433	37288434	94.5
"chr6"	3894928	3894929	96.5
"chr5"	165634370	165634371	17.3
"chr19"	9809805	9809806	95.6
"chr9"	120840058	120840059	96.5
"chr9"	92717436	92717437	14.6
"chr13"	48509240	48509241	95.6
"chr17"	45601203	45601204	96.4
"chr7"	72920599	72920600	94
"chr3"	8701633	8701634	92.1
"chr14"	98209749	98209750	32.2
"chr5"	1061407	1061408	46.6
"chr11"	3808204	3808205	2.8
"chr3"	127410100	127410101	54.2
"chrX"	118116998	118116999	2.9
"chr7"	32776284	32776285	74.6
"chr15"	32863217	32863218	96.3
"chr16"	71631660	71631661	95.1
"chrX"	154750627	154750628	2.7
"chr8"	38742580	38742581	96.7
"chr5"	164891023	164891024	10
"chr13"	31597713	31597714	69.2
"chr2"	10908260	10908261	15.9
"chr3"	23065105	23065106	96.2
"chr6"	104083364	104083365	87.6
"chr12"	124753698	124753699	89.9
"chr12"	132506919	132506920	3.1
"chr2"	113336014	113336015	87.2
"chr9"	123211416	123211417	96.8
"chr9"	19534552	19534553	94.9
"chr20"	765614	765615	95.6
"chr2"	219568022	219568023	85.4
"chr15"	75602138	75602139	96.3
"chrX"	71871887	71871888	96.8
"chrX"	66827257	66827258	63.7
"chrX"	110129483	110129484	69.2
"chr20"	45032922	45032923	47
"chr8"	52348479	52348480	95.1
"chr13"	97879104	97879105	54.9
"chr7"	77009549	77009550	96.3
"chr8"	98424561	98424562	3.9
"chr16"	77701993	77701994	90.3
"chr14"	104905562	104905563	91.2
"chr19"	3549290	3549291	96.8
"chr14"	30851268	30851269	96.7
"chr15"	85998856	85998857	73.3
"chr1"	29786690	29786691	12.2
"chr14"	37025196	37025197	43.6
"chr7"	4742240	4742241	94.9
"chr7"	83891697	83891698	85.8
"chr19"	1232792	1232793	3.3
"chr2"	75872785	75872786	96
"chr6"	123369167	123369168	91.1
"chr2"	176223014	176223015	61.4
"chr14"	39626905	39626906	91
"chr5"	8727212	8727213	96.2
"chr20"	29265001	29265002	50.8
"chr15"	76631404	76631405	95
"chr1"	62925478	62925479	82.1
"chr17"	17994284	17994285	83.5
"chr4"	126954726	126954727	93.3
"chr5"	272770	272771	95
"chr1"	214993158	214993159	62.8
"chr4"	161708561	161708562	28.9
"chr17"	14333842	14333843	96.4
"chr19"	13954471	13954472	96.3
"chr3"	32955701	32955702	95.9
"chr12"	54449018	54449019	95.7
"chr4"	144617947	144617948	61.8
"chr8"	56845141	56845142	69.5
"chr14"	40896413	40896414	96.5
"chr17"	23861236	23861237	92.5
"chr2"	49467460	49467461	36.3
"chrX"	123678485	123678486	96.8
"chrX"	47245398	47245399	96.7
"chr19"	49886603	49886604	96.7
"chr19"	44414549	44414550	76.6
"chrX"	13999256	13999257	96.7
"chr19"	6608568	6608569	96.1
"chr17"	32635892	32635893	91.4
"chr1"	203519214	203519215	94.8
"chr1"	185804744	185804745	4.4
"chr2"	150171366	150171367	95.4
"chr3"	54102172	54102173	96.6
"chr7"	147417044	147417045	36.6
"chr20"	42289857	42289858	2.9
"chr11"	38804445	38804446	84.3
"chr3"	164819364	164819365	39.1
"chr20"	33991458	33991459	96.8
"chr2"	196713878	196713879	96.2
"chr5"	70494432	70494433	95.7
"chr7"	45888731	45888732	2.9
"chr14"	44205078	44205079	94.6
"chr1"	161727468	161727469	2.9
"chr15"	26616113	26616114	5.5
"chr17"	34889104	34889105	25.5
"chr6"	163185644	163185645	93
"chr11"	128613819	128613820	2.7
"chr3"	66363040	66363041	96.4
"chr4"	161777985	161777986	62.8
"chr11"	51364025	51364026	64.1
"chr8"	61535323	61535324	96.2
"chr6"	43326822	43326823	97.1
"chr3"	126729252	126729253	97.2
"chr1"	98661394	98661395	3.8
"chr2"	179984845	179984846	96.4
"chr12"	67453355	67453356	74.6
"chr12"	130339445	130339446	9.2
"chr2"	201369386	201369387	95.8
"chr18"	62528974	62528975	83.4
"chr6"	107124167	107124168	97.1
"chr17"	1667634	1667635	95.5
"chr8"	54697848	54697849	88.5
"chr1"	36991204	36991205	9.7
"chr7"	6441175	6441176	69.7
"chr2"	23338931	23338932	95.6
"chr22"	49893206	49893207	97.1
"chr9"	64487470	64487471	96.2
"chr2"	108501174	108501175	5.7
"chr5"	5756055	5756056	3.6
"chr3"	109057429	109057430	96.2
"chr4"	90804351	90804352	41.6
"chr2"	226354997	226354998	3.2
"chr7"	149765762	149765763	96.6
"chr6"	138876232	138876233	96.5
"chr14"	86745475	86745476	15.2
"chr8"	90920087	90920088	23.8
"chr5"	156994461	156994462	90.3
"chr6"	4461014	4461015	76.5
"chr10"	59782512	59782513	96.8
"chr15"	52749197	52749198	95.4
"chr1"	12437698	12437699	96.4
"chr16"	34847512	34847513	96.1
"chr16"	16341832	16341833	92
"chr11"	67763749	67763750	33.2
"chr2"	149180276	149180277	37.9
"chr11"	65616027	65616028	3.1
"chr4"	56592788	56592789	4
"chr22"	38264802	38264803	92.5
"chr2"	79555461	79555462	9.6
"chrX"	88372203	88372204	13.5
"chr10"	70060626	70060627	34.5
"chr18"	17295878	17295879	77.3
"chr19"	49210027	49210028	94.8
"chr4"	6516973	6516974	3.6
"chr15"	87952515	87952516	88.9
"chr6"	29569015	29569016	95.1
"chr17"	30654089	30654090	94.4
"chr17"	7942520	7942521	95.3
"chr17"	82807224	82807225	95.5
"chr2"	104852435	104852436	3.9
"chr8"	22190916	22190917	96.7
"chr4"	174631307	174631308	20.1
"chr17"	63989106	63989107	15.4
"chr1"	168058413	168058414	86.1
"chr17"	76014466	76014467	2.6
"chr16"	13885926	13885927	61.9
"chr16"	89918510	89918511	3.6
"chr19"	28178464	28178465	87.1
"chr6"	2005681	2005682	96.1
"chr4"	130253474	130253475	84.8
"chr9"	1289676	1289677	96.5
"chr12"	22886475	22886476	5.4
"chr7"	37367905	37367906	97.1
"chr10"	122537060	122537061	36.9
"chr3"	33127666	33127667	96.5
"chr6"	82621370	82621371	96.3
"chr6"	135910788	135910789	17.1
"chr18"	12478621	12478622	96.5
"chrX"	70260310	70260311	43.7
"chr16"	19086674	19086675	3.2
"chr2"	202201922	202201923	96
"chr20"	1571282	1571283	85.5
"chr12"	70751158	70751159	37.8
"chr6"	34466009	34466010	3.7
"chr2"	46572391	46572392	88.8
"chrX"	10831899	10831900	96.2
"chr10"	7823822	7823823	95.9
"chr11"	118536033	118536034	96.5
"chr12"	54214379	54214380	97.1
"chr3"	29131655	29131656	83.4
"chr6"	37016677	37016678	97
"chr1"	182697758	182697759	96.1
"chr14"	49711481	49711482	95.9
"chr2"	38735555	38735556	97
"chr1"	233471831	233471832	76.1
"chr1"	82621232	82621233	52.8
"chr5"	68184543	68184544	96
"chr6"	72607589	72607590	95.7
"chr1"	72077546	72077547	94.4
"chr16"	26978350	26978351	63.1
"chr4"	184252410	184252411	72.8
"chr14"	40203800	40203801	56.3
"chr17"	76696750	76696751	78.9
"chr7"	124229166	124229167	41
"chr21"	33024043	33024044	14.5
"chr10"	124796306	124796307	88.4
"chr16"	78323399	78323400	97.1
"chr7"	53190365	53190366	3.9
"chr4"	5640488	5640489	95.4
"chr2"	241957531	241957532	96
"chr3"	190237722	190237723	85.7
"chr2"	113979163	113979164	96.7
"chr1"	81505578	81505579	80.8
"chr19"	33541194	33541195	29.5
"chr12"	79657653	79657654	96.3
"chr12"	11612921	11612922	95.9
"chr11"	61294112	61294113	4.7
"chr20"	58379844	58379845	97.2
"chr13"	52202224	52202225	4.9
"chr6"	157157313	157157314	97.4
"chr7"	150037081	150037082	94.7
"chr20"	47185489	47185490	92.3
"chr7"	26144077	26144078	89.3
"chr18"	72379738	72379739	64.4
"chr12"	3348140	3348141	27.1
"chr2"	47308684	47308685	97.2
"chr4"	103603496	103603497	96.2
"chr12"	63216947	63216948	93.2
"chr12"	52092044	52092045	63.1
"chr7"	102599567	102599568	86.6
"chr12"	39069247	39069248	91.6
"chr8"	27667798	27667799	82.2
"chr5"	151004066	151004067	49
"chr1"	20635360	20635361	94.6
"chr1"	234610344	234610345	3.6
"chr16"	81251850	81251851	61.2
"chr22"	39502679	39502680	3.1
"chr4"	404124	404125	95.5
"chr12"	2876791	2876792	2.6
"chr19"	43464001	43464002	4.2
"chr7"	5034401	5034402	95.1
"chr17"	79811819	79811820	4
"chrX"	85244795	85244796	2.4
"chr2"	153600876	153600877	47
"chr6"	39245501	39245502	93.8
"chr9"	83062661	83062662	3.8
"chr12"	129865164	129865165	76.6
"chr15"	30722820	30722821	96.1
"chr11"	111783893	111783894	97
"chr20"	46651142	46651143	3.7
"chr18"	67314879	67314880	66.2
"chr11"	95793114	95793115	95.7
"chr19"	47748856	47748857	89.5
"chr20"	7474108	7474109	6.5
"chr15"	38165545	38165546	83.8
"chr5"	46649786	46649787	91.2
"chr16"	50149603	50149604	96.9
"chr6"	14654921	14654922	95
"chr1"	73896068	73896069	52
"chr5"	126918140	126918141	96
"chr16"	87059000	87059001	92.7
"chr7"	6133990	6133991	94.8
"chr8"	85210653	85210654	95.6
"chr19"	16850871	16850872	95.4
"chr10"	125094983	125094984	97
"chr8"	6814629	6814630	79.6
"chr7"	66556186	66556187	96.2
"chr6"	72215067	72215068	37.4
"chr11"	58943327	58943328	91.6
"chr2"	212357423	212357424	76.8
"chr19"	3681969	3681970	52.4
"chr17"	67267473	67267474	95.7
"chr7"	144546687	144546688	63.2
"chr7"	109381602	109381603	6.8
"chr22"	40196011	40196012	96.2
"chr2"	107147587	107147588	63.8
"chr2"	127696110	127696111	94.6
"chr14"	86861262	86861263	90.6
"chr2"	169328001	169328002	95.9
"chr10"	117653928	117653929	95.1
"chr5"	27365951	27365952	62.9
"chr11"	74683235	74683236	44.8
"chr10"	21834354	21834355	96.4
"chr22"	30047231	30047232	95.9
"chr2"	138952029	138952030	62.5
"chr9"	96407851	96407852	95.6
"chr7"	30605579	30605580	94.3
"chr4"	40761306	40761307	96.4
"chr17"	61340172	61340173	96.5
"chr10"	100715566	100715567	3.6
"chr20"	60623194	60623195	93.6
"chr10"	124018522	124018523	72.8
"chr7"	159200796	159200797	95.8
"chr16"	52813227	52813228	57.7
"chr2"	174942842	174942843	65.8
"chr17"	41829491	41829492	96.3
"chr16"	21105441	21105442	88.4
"chr14"	35670853	35670854	95.4
"chr18"	79177323	79177324	64.6
"chr4"	54198404	54198405	95.8
"chr10"	78847113	78847114	36.3
"chr6"	159492705	159492706	71.3
"chr19"	41090087	41090088	4.4
"chr1"	95044292	95044293	18.3
"chr7"	57770223	57770224	93.9
"chr3"	133242610	133242611	83.9
"chr1"	7037000	7037001	81.5
"chr11"	2169143	2169144	96.2
"chr2"	74347122	74347123	67.8
"chr2"	60341515	60341516	96.3
"chr11"	88380024	88380025	93.5
"chr17"	62498427	62498428	95.9
"chr1"	17564967	17564968	96.7
"chr18"	36744500	36744501	92.7
"chr1"	3747085	3747086	2.9
"chr4"	75334567	75334568	56.5
"chr3"	105834136	105834137	95.7
"chr1"	72981766	72981767	88.2
"chr2"	69952290	69952291	94.6
"chr6"	132541205	132541206	93.5
"chr4"	159628250	159628251	6
"chr2"	30147423	30147424	3.4
"chr18"	76792539	76792540	87.7
"chr13"	87831961	87831962	8.2
"chr11"	64269403	64269404	4.9
"chr18"	11108537	11108538	94.8
"chr17"	45324818	45324819	96.2
"chr3"	196044905	196044906	95.9
"chr13"	104568229	104568230	95.7
"chr4"	77094071	77094072	96.6
"chr10"	73138714	73138715	96.4
"chr11"	19713903	19713904	3.6
"chr14"	69714554	69714555	91.5
"chr9"	115886353	115886354	90.1
"chr8"	22718646	22718647	78.5
"chr5"	63156001	63156002	94.5
"chr9"	75994357	75994358	5.4
"chr15"	45704535	45704536	3.3
"chr12"	95791020	95791021	3.2
"chr10"	128017257	128017258	34.6
"chr6"	24490691	24490692	61.9
"chrX"	19587428	19587429	95.6
"chr22"	30756670	30756671	96
"chr18"	74094043	74094044	62.3
"chr1"	11384042	11384043	22.2
"chr19"	5691958	5691959	96.3
"chr6"	149681884	149681885	96.9
"chr18"	74715355	74715356	96
"chr13"	82773242	82773243	93.9
"chr14"	96220382	96220383	38.3
"chr3"	22142349	22142350	92.2
"chr3"	194599139	194599140	93.8
"chr1"	43507777	43507778	96.4
"chr12"	121640677	121640678	93.2
"chr14"	30737307	30737308	96.4
"chr5"	8827746	8827747	57.6
"chr11"	68749923	68749924	95.4
"chr13"	77842506	77842507	55.9
"chr8"	17371069	17371070	94.4
"chr9"	88673580	88673581	96.4
"chr4"	175413570	175413571	32.4
"chr13"	64378260	64378261	88.9
"chr5"	92094823	92094824	60.5
"chr10"	65495245	65495246	32.3
"chr15"	62993355	62993356	42.9
"chr11"	60451411	60451412	95.3
"chr21"	34549485	34549486	64
"chr8"	144261251	144261252	96.8
"chr6"	76433657	76433658	60.5
"chr14"	79341967	79341968	27.2
"chr7"	107785725	107785726	75.7
"chr5"	142177639	142177640	82.2
"chr3"	44477638	44477639	4.1
"chr1"	145573909	145573910	81
"chr22"	19719500	19719501	12.2
"chr1"	33350280	33350281	3.5
"chr20"	19396170	19396171	14
"chr16"	85611846	85611847	3
"chr1"	46340340	46340341	3.1
"chr12"	101904841	101904842	51.5
"chr20"	19635626	19635627	78.6
"chr2"	94606028	94606029	77.4
"chr13"	17316217	17316218	45.3
"chr3"	136339028	136339029	96.5
"chr2"	2276196	2276197	84.8
"chr18"	31989173	31989174	96.2
"chr10"	43679672	43679673	14.1
"chr8"	23051606	23051607	96.7
"chr9"	128160831	128160832	2.8
"chr15"	59651237	59651238	97
"chr7"	46128793	46128794	60.7
"chr2"	20994805	20994806	75.1
"chr14"	50823425	50823426	3.4
"chr2"	118482632	118482633	3.1
"chr13"	28134718	28134719	92.7
"chr3"	143069498	143069499	97.3
"chr3"	134778801	134778802	95.6
"chr10"	44360598	44360599	55.1
"chrX"	119744680	119744681	94.8
"chr3"	197602160	197602161	87.8
"chr13"	78867194	78867195	96.4
"chr8"	97680196	97680197	95.3
"chr15"	20192367	20192368	86.7
"chr4"	43646667	43646668	90
"chr15"	66222925	66222926	48.1
"chr17"	52999898	52999899	4.3
"chr1"	177320030	177320031	64.9
"chr4"	162071709	162071710	15.1
"chr10"	127987618	127987619	96.3
"chr11"	123739905	123739906	77.3
"chr1"	236002778	236002779	88.1
"chr13"	94168850	94168851	50.9
"chr17"	79271862	79271863	68.8
"chr6"	92810230	92810231	30.8
"chrX"	11259840	11259841	80.2
"chr16"	2155845	2155846	3.4
"chr5"	12482	12483	97.6
"chr10"	54211125	54211126	3
"chr2"	37122657	37122658	92.8
"chr10"	6330757	6330758	92
"chr15"	69855134	69855135	94.2
"chr14"	65196467	65196468	93
"chr8"	20089383	20089384	72.3
"chr2"	55405770	55405771	92.9
"chr8"	39108384	39108385	96.2
"chr8"	95408188	95408189	76.6
"chr19"	20049707	20049708	94.7
"chr7"	60905371	60905372	80.2
"chr9"	33188210	33188211	80.2
"chr1"	174364894	174364895	91.7
"chr1"	237075399	237075400	96.4
"chr13"	111896265	111896266	54.8
"chr5"	71204380	71204381	97
"chr15"	101601214	101601215	30.5
"chr10"	109125629	109125630	51.5
"chr4"	1947117	1947118	94.7
"chr17"	57626796	57626797	96.6
"chr19"	38786819	38786820	94.8
"chr1"	99385398	99385399	92.8
"chr19"	17713267	17713268	58.7
"chrX"	37542484	37542485	84.4
"chr19"	41396691	41396692	27.6
"chr1"	67029901	67029902	58.4
"chr19"	1613647	1613648	96.8
"chr18"	10066152	10066153	14.5
"chr9"	74846930	74846931	68.4
"chr9"	124128072	124128073	87.9
"chr5"	69449567	69449568	52
"chr1"	30770726	30770727	93.2
"chrX"	70242177	70242178	74.6
"chr8"	2884999	2885000	87.9
"chr15"	26773647	26773648	2.7
"chr4"	146004343	146004344	96.3
"chr14"	79516779	79516780	48.9
"chr7"	157483643	157483644	95.7
"chr6"	443367	443368	26.3
"chr2"	136608649	136608650	13
"chr2"	109710273	109710274	81.6
"chr22"	49673770	49673771	94.3
"chr11"	106193546	106193547	47.1
"chr17"	79889481	79889482	59.8
"chr11"	125188954	125188955	6.5
"chr1"	26455729	26455730	97.2
"chr20"	15234155	15234156	95.7
"chr9"	20548322	20548323	91.9
"chr22"	16504545	16504546	2.6
"chr4"	170092517	170092518	97.3
"chr2"	173988685	173988686	55.8
"chr9"	72468327	72468328	97.1
"chr19"	55088175	55088176	94
"chr9"	105235330	105235331	93.7
"chr16"	52821299	52821300	5.6
"chr15"	38736415	38736416	95.5
"chr17"	58950229	58950230	76.4
"chr14"	32645240	32645241	93.9
"chr4"	84947594	84947595	94.9
"chr3"	82992404	82992405	73.5
"chr8"	92906764	92906765	96.2
"chr4"	54725590	54725591	95.3
"chr10"	103150833	103150834	96.7
"chr13"	45859223	45859224	92.9
"chr4"	4936442	4936443	63.8
"chr5"	79171273	79171274	6.1
"chr3"	4824096	4824097	96.3
"chr20"	63575367	63575368	95.6
"chr14"	30982657	30982658	47.8
"chr1"	2304033	2304034	96.7
"chr14"	104180935	104180936	29.4
"chr9"	94931729	94931730	96.8
"chr20"	15046099	15046100	85.4
"chr5"	37237001	37237002	93.2
"chr13"	99081795	99081796	95.3
"chr1"	163080748	163080749	52.4
"chr2"	176119159	176119160	4
"chr17"	31026400	31026401	96.6
"chr14"	104136450	104136451	3.1
"chr1"	186970241	186970242	77.1
"chr2"	52190342	52190343	94.7
"chr7"	30026389	30026390	3.8
"chr6"	139438427	139438428	85
"chr4"	87034023	87034024	96.6
"chrX"	153504770	153504771	81.2
"chrX"	46288520	46288521	94.6
"chr10"	126647053	126647054	2.7
"chr1"	46163755	46163756	92.2
"chr17"	38608801	38608802	74.2
"chr22"	31165070	31165071	95.6
"chr7"	73889412	73889413	96.5
"chr2"	70267276	70267277	95.8
"chr22"	12718230	12718231	3.7
"chr7"	106164966	106164967	84.3
"chr3"	100972760	100972761	73.8
"chr22"	48003281	48003282	38.9
"chr8"	36361776	36361777	92.6
"chr9"	70274371	70274372	95.9
"chr4"	170057610	170057611	89
"chr7"	151058166	151058167	4.7
"chr4"	3605010	3605011	79.2
"chr20"	57979600	57979601	76.8
"chr15"	79035984	79035985	95.1
"chr9"	122228683	122228684	13
"chr6"	156779876	156779877	3.7
"chr18"	22193693	22193694	51.1
"chr19"	7965661	7965662	96
"chr21"	14191173	14191174	96.2
"chr18"	70140243	70140244	79.7
"chr11"	18454054	18454055	92.6
"chr4"	149656751	149656752	3.2
"chr2"	16337467	16337468	58.2
"chr8"	27852916	27852917	96
"chr8"	47018490	47018491	97.3
"chr17"	43580379	43580380	96.5
"chr2"	105331827	105331828	95.6
"chr4"	102967409	102967410	96.6
"chr6"	168533570	168533571	85.5
"chr10"	50307516	50307517	92.7
"chr1"	173522137	173522138	95.4
"chr1"	1284559	1284560	70
"chr17"	1338445	1338446	93.9
"chr5"	172568038	172568039	95.1
"chr11"	53672386	53672387	75.7
"chr17"	5282683	5282684	2.7
"chr14"	102710175	102710176	96.9
"chr19"	35831250	35831251	95.7
"chr9"	108085894	108085895	91
"chr9"	17311583	17311584	96.3
"chr6"	128769957	128769958	95.2
"chrX"	63388752	63388753	87.6
"chr1"	154807341	154807342	3.3
"chr1"	28741584	28741585	94.8
"chr14"	69353909	69353910	95.7
"chr8"	16783915	16783916	94.9
"chr18"	79975716	79975717	96.1
"chr10"	46922653	46922654	32.2
"chr18"	23369954	23369955	96.2
"chr9"	137585137	137585138	97
"chr1"	85858683	85858684	69.3
"chr12"	111323908	111323909	96.4
"chr7"	76447216	76447217	31.9
"chr17"	7199793	7199794	67.9
"chr10"	57935016	57935017	77.8
"chr17"	32179505	32179506	95.9
"chr19"	8210113	8210114	3.4
"chr12"	63703213	63703214	93.2
"chr6"	134690880	134690881	68
"chr5"	172163885	172163886	48
"chr17"	61713559	61713560	92.3
"chr20"	17838221	17838222	96.5
"chr12"	125300686	125300687	57.3
"chr7"	30707028	30707029	75.7
"chr6"	79945786	79945787	90.4
"chr22"	37286156	37286157	96.1
"chr9"	136377503	136377504	86.2
"chr11"	116233929	116233930	6.3
"chr12"	9583187	9583188	29.1
"chr8"	11597434	11597435	65
"chr9"	135770340	135770341	59.3
"chr9"	77622563	77622564	76.2
"chr11"	88175500	88175501	3.2
"chr6"	7260734	7260735	8.4
"chr7"	116784542	116784543	84
"chr6"	56662241	56662242	8.9
"chr5"	138734204	138734205	97.2
"chr1"	13592838	13592839	86
"chr15"	34367242	34367243	6.2
"chr11"	12009794	12009795	3.5
"chr5"	3060152	3060153	87.1
"chr1"	71918164	71918165	56.2
"chrX"	137567121	137567122	55.5
"chr10"	29202734	29202735	37.3
"chr3"	87089318	87089319	14.7
"chr7"	6504842	6504843	4.7
"chr5"	51173654	51173655	67.4
"chr14"	32044730	32044731	96.4
"chr3"	193613451	193613452	95.5
"chr17"	61825215	61825216	94
"chr7"	36786433	36786434	91
"chr11"	133144430	133144431	30.4
"chr6"	46254041	46254042	38.9
"chr13"	106765232	106765233	87.8
"chr7"	12600408	12600409	83.2
"chr2"	11231288	11231289	95.6
"chr11"	107547091	107547092	96.1
"chr4"	23584087	23584088	3.6
"chr1"	15772678	15772679	54.6
"chr8"	143345842	143345843	2.7
"chr10"	79352452	79352453	96.5
"chr10"	1708303	1708304	87.8
"chr4"	170133016	170133017	57.9
"chr11"	115404441	115404442	67.6
"chr2"	2545166	2545167	16.1
"chr3"	10808047	10808048	75.9
"chr2"	218339885	218339886	82.1
"chr6"	108154167	108154168	62.6
"chr21"	33719156	33719157	95.1
"chr3"	73696638	73696639	47.7
"chr22"	48213661	48213662	92.2
"chr6"	22521836	22521837	95.5
"chr11"	48432484	48432485	66.4
"chr9"	64828834	64828835	95.6
"chr9"	102662214	102662215	63.8
"chr17"	1595228	1595229	97.5
"chr6"	3386306	3386307	94.3
"chr18"	39924624	39924625	93.3
"chr12"	72500743	72500744	87.6
"chr10"	100400323	100400324	95.2
"chr1"	33683171	33683172	12.5
"chr19"	46651331	46651332	94.7
"chr1"	27290043	27290044	96.6
"chr17"	19162421	19162422	4.4
"chr11"	121952008	121952009	35.9
"chr4"	74180793	74180794	95.6
"chr3"	108833903	108833904	43.1
"chr20"	49569636	49569637	78.8
"chr18"	62034265	62034266	47.6
"chrX"	104308966	104308967	97
"chr16"	8318347	8318348	79.8
"chr10"	119081634	119081635	90.5
"chr3"	38813397	38813398	54.5
"chr9"	92294009	92294010	3.5
"chr2"	3785910	3785911	96.3
"chr13"	101014256	101014257	25
"chr19"	33301331	33301332	5.8
"chr3"	184579138	184579139	20.5
"chr19"	1017336	1017337	4
"chr17"	28181187	28181188	96.5
"chr7"	11782364	11782365	60
"chr7"	33288461	33288462	53.3
"chr12"	22504548	22504549	96.5
"chr17"	1511838	1511839	55.5
"chr20"	58706721	58706722	94.5
"chr8"	142475536	142475537	3.2
"chr11"	64989472	64989473	96.5
"chrX"	57931589	57931590	31.6
"chr10"	120984473	120984474	63.2
"chr7"	155316255	155316256	78.7
"chr5"	134113683	134113684	5.7
"chr8"	21920358	21920359	3.8
"chr6"	27746457	27746458	96.3
"chr14"	104789012	104789013	97
"chr11"	81576717	81576718	34.5
"chr7"	134456058	134456059	96.4
"chr15"	62028092	62028093	4.2
"chr5"	118717477	118717478	72.8
"chr15"	51248679	51248680	70.5
"chr14"	49586397	49586398	3.8
"chr3"	136032305	136032306	82.7
"chr22"	11970766	11970767	5.2
"chr6"	9343064	9343065	96.1
"chr5"	44051510	44051511	70.3
"chr8"	137949081	137949082	44.9
"chrX"	492184	492185	66.7
"chr17"	34637858	34637859	13.2
"chr7"	12384872	12384873	49.9
"chr12"	59567472	59567473	56.2
"chr20"	59979664	59979665	92.5
"chr6"	159476034	159476035	22.6
"chr17"	49689188	49689189	92.8
"chr7"	126616310	126616311	96.1
"chr12"	36769276	36769277	72
"chr7"	138795561	138795562	91.6
"chr15"	76227290	76227291	96.5
"chr9"	113739315	113739316	86.9
"chr14"	102078069	102078070	93.8
"chr10"	60586001	60586002	37.2
"chr4"	186584010	186584011	90.7
"chr1"	26509019	26509020	97.5
"chr22"	42573197	42573198	96.4
"chr5"	1010577	1010578	35.3
"chr20"	22652823	22652824	77.6
"chr11"	117165931	117165932	96.7
"chr7"	50130411	50130412	66
"chr1"	149302816	149302817	64.3
"chr5"	50607559	50607560	96
"chr9"	132423076	132423077	94.5
"chr2"	26557308	26557309	87.5
"chr5"	51777231	51777232	91.7
"chr15"	37271420	37271421	11
"chr3"	45056027	45056028	71.8
"chr19"	10411656	10411657	66.4
"chr13"	70271023	70271024	84.5
"chr3"	189824705	189824706	62.4
"chr17"	2763563	2763564	94.2
"chr6"	75649805	75649806	96.5
"chr1"	145859870	145859871	3.5
"chr16"	87644444	87644445	94.6
"chr8"	120199033	120199034	40.2
"chr15"	68872143	68872144	91
"chr7"	97176248	97176249	90.2
"chr15"	101776863	101776864	21.5
"chr15"	101406133	101406134	56.9
"chr4"	5250508	5250509	94.5
"chr1"	9680226	9680227	96.1
"chr6"	168397578	168397579	6.2
"chr13"	38533517	38533518	14.1
"chr7"	23215311	23215312	96.6
"chr3"	57199151	57199152	26.2
"chr16"	688891	688892	96.7
"chr11"	70244014	70244015	86.1
"chr1"	225871318	225871319	94.1
"chr17"	61481985	61481986	37.6
"chr7"	74977307	74977308	90
"chr9"	76077471	76077472	27.5
"chr9"	2756274	2756275	96.4
"chr4"	9784349	9784350	88.5
"chr6"	88166204	88166205	4.9
"chr12"	26126528	26126529	3.5
"chr1"	220489999	220490000	96.6
"chr5"	176103747	176103748	4.3
"chr22"	12706228	12706229	2.8
"chr10"	43319615	43319616	75.5
"chr3"	43986277	43986278	95.2
"chr6"	65707206	65707207	85.8
"chr21"	45899389	45899390	94.4
"chr17"	20085510	20085511	95.9
"chr18"	20595665	20595666	96
"chr13"	101416200	101416201	3.7
"chr6"	147419958	147419959	95.7
"chr4"	187576274	187576275	4.3
"chr14"	104098912	104098913	95.6
"chr4"	57535424	57535425	69.5
"chr7"	98222062	98222063	96.9
"chr16"	81752512	81752513	4.7
"chr16"	89500826	89500827	95.9
"chr4"	12836889	12836890	96.4
"chr16"	2251517	2251518	3.6
"chr9"	136128829	136128830	68.7
"chr22"	11561947	11561948	44.6
"chr16"	75308808	75308809	97.2
"chr18"	9756892	9756893	5.3
"chr8"	56814478	56814479	78.2
"chr16"	29180135	29180136	82.5
"chr2"	240340890	240340891	47.7
"chr5"	76747433	76747434	93.7
"chr20"	49820771	49820772	97.2
"chr9"	36142276	36142277	96.8
"chr2"	147125446	147125447	95.2
"chr10"	19777258	19777259	6.5
"chr4"	21152824	21152825	89.4
"chr14"	54868878	54868879	96.9
"chr3"	10382926	10382927	51.6
"chr3"	191478233	191478234	96.9
"chr2"	134987057	134987058	96.4
"chr3"	26671100	26671101	95.2
"chr14"	31039634	31039635	96.5
"chr2"	154892046	154892047	46.3
"chr8"	35534169	35534170	88.2
"chr10"	120575191	120575192	95.7
"chr3"	62565287	62565288	6.9
"chr11"	74622175	74622176	96.6
"chr1"	156904687	156904688	76.4
"chr7"	144657223	144657224	54.5
"chr15"	72843982	72843983	97.3
"chr2"	128091020	128091021	12.5
"chr19"	48170286	48170287	2.3
"chr13"	72740005	72740006	85.3
"chr6"	134215969	134215970	96.2
"chr12"	125087287	125087288	40.7
"chr1"	192206231	192206232	96
"chr5"	31161555	31161556	12.5
"chr1"	233027836	233027837	79
"chr6"	73488812	73488813	96.7
"chr11"	100576542	100576543	3.1
"chr6"	43839139	43839140	55.5
"chr13"	31647226	31647227	55.4
"chr2"	225165931	225165932	94.7
"chr16"	78946732	78946733	83
"chr1"	39452326	39452327	95.1
"chr3"	9289776	9289777	86.5
"chr12"	24438307	24438308	71.4
"chr2"	81481725	81481726	96.7
"chr3"	20142181	20142182	83.6
"chr2"	85129623	85129624	96.6
"chr1"	42804165	42804166	90.9
"chr11"	134498853	134498854	79
"chr2"	1275051	1275052	58.5
"chr3"	134987684	134987685	95.6
"chr4"	4127336	4127337	87.9
"chr1"	164813998	164813999	6.2
"chr4"	25381900	25381901	94.3
"chr2"	135506210	135506211	95.8
"chr8"	106215974	106215975	93.4
"chr3"	122256813	122256814	95.7
"chr17"	77141745	77141746	4.7
"chr6"	72752050	72752051	95.9
"chr10"	71485088	71485089	86.3
"chr6"	5007956	5007957	91.2
"chr17"	83139975	83139976	96.6
"chr7"	65873253	65873254	3.3
"chr20"	32358932	32358933	3.5
"chr5"	176479985	176479986	96.2
"chr14"	22364958	22364959	92.4
"chr15"	20479834	20479835	94.8
"chr4"	125230230	125230231	72
"chr2"	153390308	153390309	6.1
"chr6"	99099805	99099806	8
"chr2"	180858268	180858269	44.1
"chr10"	110770906	110770907	67.5
"chrY"	7660853	7660854	63.1
"chr7"	713569	713570	96
"chr8"	107515646	107515647	93.8
"chr20"	32081354	32081355	95.8
"chr7"	41642380	41642381	92.3
"chr4"	168676779	168676780	96.8
"chr12"	39595974	39595975	58.4
"chr21"	20547662	20547663	93.8
"chr3"	193611335	193611336	96.2
"chr7"	20793678	20793679	3.4
"chr6"	166550797	166550798	83.7
"chr1"	219200225	219200226	95.2
"chr15"	63589150	63589151	96.3
"chr16"	57578970	57578971	78.4
"chr3"	13375277	13375278	97
"chr3"	166181997	166181998	94.5
"chr12"	68803892	68803893	96.2
"chr3"	188793257	188793258	70.3
"chr1"	220810576	220810577	2.9
"chr7"	27122781	27122782	95.6
"chr7"	63573269	63573270	92.2
"chr16"	27782427	27782428	29.8
"chr20"	3019244	3019245	95.4
"chr17"	12066965	12066966	96.6
"chr17"	19463938	19463939	52.8
"chr6"	6633989	6633990	95.3
"chr9"	31980062	31980063	25.5
"chr19"	591679	591680	4.1
"chr19"	1612447	1612448	74.9
"chr14"	81349358	81349359	95.6
"chr9"	74291487	74291488	74.7
"chr3"	190337242	190337243	61.8
"chr20"	37069485	37069486	96.3
"chr2"	9079137	9079138	96.3
"chr14"	94943584	94943585	96.2
"chr9"	131603964	131603965	96.2
"chr2"	166569155	166569156	92.5
"chr18"	71734285	71734286	22.7
"chr12"	6502163	6502164	95.4
"chr6"	83401447	83401448	95.8
"chr3"	59724321	59724322	72.2
"chr9"	124139917	124139918	96.8
"chr1"	7043913	7043914	83.8
"chr12"	78013239	78013240	29.3
"chr7"	107035266	107035267	97.3
"chr11"	84397207	84397208	8.2
"chr16"	74852204	74852205	95.7
"chr8"	11412031	11412032	67.3
"chr2"	227449326	227449327	95.7
"chr4"	6189827	6189828	94.6
"chr21"	38125501	38125502	81.6
"chr2"	41976096	41976097	88.4
"chrX"	153694713	153694714	96.7
"chr13"	27916072	27916073	2.8
"chr3"	88301446	88301447	46.5
"chr3"	165764989	165764990	6.2
"chr11"	129076874	129076875	67.4
"chr6"	166531499	166531500	95.4
"chrX"	32534155	32534156	25.7
"chr9"	116607946	116607947	90.5
"chr5"	16526282	16526283	69.7
"chr14"	34792302	34792303	95.8
"chr22"	45233184	45233185	96.7
"chr2"	232696925	232696926	67.1
"chr6"	53646581	53646582	27.5
"chr6"	90402223	90402224	6.8
"chr7"	112531347	112531348	96.1
"chr16"	2925026	2925027	95.4
"chr1"	17667959	17667960	95.4
"chr19"	47602208	47602209	96.8
"chr14"	41174421	41174422	43.5
"chr1"	16873488	16873489	10.3
"chr1"	13238255	13238256	76.7
"chr7"	62661702	62661703	95
"chrX"	108502535	108502536	95.4
"chr7"	128514630	128514631	81.5
"chr14"	52951216	52951217	3.7
"chr5"	148667690	148667691	48.4
"chr19"	50656238	50656239	51.4
"chr13"	101123278	101123279	30.1
"chr12"	3325189	3325190	13.2
"chr16"	32729390	32729391	93.1
"chr11"	51623087	51623088	89.8
"chr12"	66944854	66944855	91.6
"chr2"	148683427	148683428	95.8
"chr6"	4274042	4274043	90.3
"chr6"	92512773	92512774	4.6
"chr3"	122648886	122648887	80.4
"chrX"	124549835	124549836	90.1
"chr5"	173687707	173687708	96.6
"chr3"	64809354	64809355	5.3
"chr3"	7320237	7320238	55.4
"chr16"	71462308	71462309	3.4
"chrX"	18523607	18523608	45.6
"chr15"	22971037	22971038	96.1
"chr3"	154946921	154946922	96.9
"chr12"	20579558	20579559	43.1
"chr22"	49797141	49797142	96.1
"chr11"	17794433	17794434	4.4
"chr5"	177520121	177520122	90.5
"chr15"	63505374	63505375	3.1
"chr17"	82079752	82079753	96.4
"chr16"	56119600	56119601	10.2
"chr11"	20477025	20477026	93.1
"chr4"	42823778	42823779	56.4
"chr1"	153569588	153569589	52.3
"chr6"	107634830	107634831	4.7
"chr5"	133966089	133966090	96.9
"chr2"	9943144	9943145	95.6
"chr4"	75558034	75558035	78.7
"chr17"	1007426	1007427	96.9
"chr1"	211120377	211120378	87.5
"chr14"	71586421	71586422	27.1
"chr18"	74160312	74160313	94.8
"chr5"	117267458	117267459	87.4
"chr1"	123840099	123840100	75.2
"chr5"	180494778	180494779	2.5
"chr11"	16208436	16208437	94.7
"chr1"	159587717	159587718	92.9
"chr14"	64503348	64503349	5.4
"chr4"	73193793	73193794	58.1
"chr19"	22226786	22226787	60.6
"chr19"	40673991	40673992	94
"chr13"	63811207	63811208	57.3
"chr3"	137163475	137163476	64.9
"chr15"	78734654	78734655	78.8
"chr2"	18311329	18311330	10.4
"chr7"	1016761	1016762	96.1
"chr18"	22676655	22676656	86.4
"chr12"	121760115	121760116	96.5
"chr13"	46323799	46323800	96.9
"chr1"	48725569	48725570	26.4
"chrX"	54006793	54006794	95.9
"chr2"	145011362	145011363	39.4
"chr7"	52796305	52796306	20.3
"chr2"	241845373	241845374	94.1
"chr21"	44599873	44599874	95.2
"chr1"	233508708	233508709	94.7
"chr16"	85303486	85303487	3.3
"chr1"	244162807	244162808	82.3
"chr8"	42672112	42672113	95.3
"chr2"	22605588	22605589	32.3
"chr1"	2170709	2170710	55.2
"chr6"	43615032	43615033	96.7
"chr22"	42613120	42613121	79.7
"chr3"	81208433	81208434	93.2
"chr20"	51774439	51774440	82.3
"chr10"	2489853	2489854	93
"chr2"	105946837	105946838	54.6
"chr4"	1011739	1011740	3.9
"chr22"	50543304	50543305	95.1
"chr3"	53227030	53227031	96.9
"chr17"	47477964	47477965	96.7
"chr15"	84518942	84518943	82.5
"chr1"	87951780	87951781	10.4
"chr7"	78788157	78788158	77.7
"chr19"	39906062	39906063	95.7
"chr3"	170701354	170701355	95.8
"chr1"	97987758	97987759	77.7
"chr1"	92743306	92743307	84.7
"chr17"	48382859	48382860	86.4
"chr13"	19974236	19974237	96.6
"chr9"	126968818	126968819	95.7
"chr2"	92781643	92781644	45
"chr5"	69167151	69167152	3.5
"chr14"	64397052	64397053	95.2
"chr19"	13710379	13710380	96.7
"chr9"	89234545	89234546	6
"chr21"	20054809	20054810	53.9
"chr2"	216813956	216813957	96.1
"chr10"	9654469	9654470	87.8
"chr12"	7118365	7118366	96
"chr16"	89769330	89769331	69.9
"chr10"	132048455	132048456	66.3
"chr8"	98817384	98817385	96.7
"chr3"	188676754	188676755	5.8
"chr7"	35137203	35137204	12.3
"chr15"	48325453	48325454	93.9
"chr1"	3320104	3320105	6.8
"chr8"	138428955	138428956	4.3
"chr14"	94083691	94083692	96.9
"chr13"	30217189	30217190	95.7
"chr1"	143326381	143326382	95.6
"chr18"	54215028	54215029	96.7
"chr7"	151503050	151503051	96.8
"chr13"	41930976	41930977	96.7
"chr7"	5801678	5801679	96.3
"chr16"	460888	460889	94.2
"chr10"	60934801	60934802	87.5
"chr10"	13798560	13798561	79.7
"chrX"	105839723	105839724	95.7
"chr5"	86466323	86466324	66.2
"chr1"	66434794	66434795	85
"chr8"	4453977	4453978	95.1
"chr2"	150257685	150257686	77.6
"chr13"	80449390	80449391	91.1
"chr1"	165769757	165769758	20.7
"chr17"	26475776	26475777	4.5
"chr5"	72093958	72093959	31.8
"chr15"	64679132	64679133	93.3
"chr8"	107507657	107507658	3.7
"chr2"	195005395	195005396	15.2
"chr18"	13673072	13673073	92.6
"chr12"	89427456	89427457	92.2
"chr2"	99144572	99144573	94.1
"chr8"	91071310	91071311	94.3
"chr14"	66083910	66083911	47.8
"chr7"	68278850	68278851	95
"chr14"	22045950	22045951	78.5
"chr6"	92907341	92907342	5.8
"chr2"	121650085	121650086	3.8
"chr10"	16917046	16917047	38.5
"chr16"	78542138	78542139	96.5
"chr9"	63647539	63647540	74
"chr7"	68274424	68274425	60.8
"chr19"	6471554	6471555	51
"chr1"	67911189	67911190	80.9
"chr14"	74955511	74955512	2.9
"chr2"	206548948	206548949	65.4
"chr16"	55823538	55823539	3.2
"chr1"	210538841	210538842	94.1
"chr20"	62608485	62608486	91.9
"chr1"	88688523	88688524	92
"chr7"	149423811	149423812	35
"chr2"	111482357	111482358	71.1
"chr17"	72933756	72933757	95.2
"chr9"	108887870	108887871	97
"chr16"	14833708	14833709	3.9
"chr9"	80363445	80363446	3.8
"chrX"	154499989	154499990	9.8
"chr11"	33855172	33855173	15.9
"chr11"	85868459	85868460	84.2
"chr7"	54441629	54441630	67.3
"chr5"	69139728	69139729	96.1
"chr21"	8250698	8250699	57.7
"chr10"	47420053	47420054	8.6
"chr9"	137372187	137372188	91
"chr12"	97770531	97770532	4
"chr2"	134719034	134719035	2.5
"chr22"	19086251	19086252	96
"chr12"	34367071	34367072	86
"chr1"	186735430	186735431	94.8
"chr6"	142223909	142223910	92.6
"chr5"	80576337	80576338	5.1
"chr4"	112141985	112141986	90.1
"chr20"	37255552	37255553	64.1
"chr9"	116237792	116237793	88.7
"chr1"	183364851	183364852	58.5
"chr20"	62470965	62470966	14.8
"chrX"	153593659	153593660	97.2
"chr19"	8518935	8518936	93.7
"chr1"	16614967	16614968	94.8
"chr1"	206390339	206390340	95.6
"chr16"	23510638	23510639	3
"chr14"	22334005	22334006	48.5
"chr17"	68392488	68392489	94.6
"chr10"	124617799	124617800	8
"chr12"	4228748	4228749	85.5
"chr8"	53029155	53029156	80.6
"chrX"	89837958	89837959	86.7
"chr16"	18901307	18901308	34.2
"chr14"	49931436	49931437	95.3
"chr13"	40810381	40810382	95.2
"chr21"	10017328	10017329	2.2
"chr3"	92875546	92875547	71.5
"chr16"	3751902	3751903	46.3
"chr13"	21973214	21973215	93.7
"chr19"	13097502	13097503	3.7
"chr5"	79301154	79301155	96
"chr2"	138361211	138361212	96.6
"chr1"	209447791	209447792	70.7
"chr19"	41985955	41985956	96.8
"chr9"	84102316	84102317	5.5
"chr17"	3938198	3938199	92.8
"chr9"	92034850	92034851	95.9
"chr12"	42142309	42142310	52.1
"chr1"	11004519	11004520	95.4
"chr2"	129962738	129962739	38.6
"chr2"	62175365	62175366	96.1
"chr16"	61082107	61082108	55.1
"chr8"	27113774	27113775	95.1
"chr7"	2980465	2980466	5.6
"chr15"	51887176	51887177	97.1
"chr7"	119845478	119845479	40
"chr12"	50937530	50937531	96.5
"chr3"	59761841	59761842	95.7
"chr20"	33409876	33409877	96
"chr3"	75263288	75263289	33.7
"chr10"	32880201	32880202	86.6
"chr5"	90496119	90496120	91.5
"chr4"	16238696	16238697	95.9
"chr2"	97335920	97335921	71.3
"chr2"	152177762	152177763	94
"chr3"	36155273	36155274	76.7
"chr16"	70685384	70685385	3.5
"chr6"	56429856	56429857	66.4
"chr12"	96076176	96076177	95.1
"chr4"	112421560	112421561	96.3
"chr16"	53373459	53373460	3.7
"chr13"	56735638	56735639	96.3
"chr9"	92005061	92005062	91.4
"chr11"	79551703	79551704	71
"chr7"	116388868	116388869	7.8
"chr14"	68793307	68793308	3.7
"chr3"	123206979	123206980	96.8
"chr17"	47246867	47246868	81.7
"chr3"	50004411	50004412	97.6
"chr18"	13084898	13084899	96.8
"chr14"	104388617	104388618	66.9
"chrX"	49277067	49277068	96.4
"chr6"	82122480	82122481	96.4
"chr22"	19806378	19806379	95
"chr7"	94119947	94119948	45.6
"chr3"	105730501	105730502	5
"chr5"	59861523	59861524	93
"chr17"	78925146	78925147	3.9
"chr19"	16059153	16059154	96.8
"chr16"	11868409	11868410	77.5
"chr2"	199394660	199394661	14.7
"chr4"	9076199	9076200	95.4
"chr18"	35357032	35357033	86.7
"chr4"	34359353	34359354	38.8
"chr1"	35098830	35098831	96.4
"chr5"	127827397	127827398	96.3
"chr12"	6329179	6329180	92.5
"chr19"	6339806	6339807	94.8
"chr9"	129596606	129596607	79.2
"chr19"	57323351	57323352	51.1
"chr2"	186720059	186720060	94.2
"chr5"	89472618	89472619	94.6
"chr8"	144653689	144653690	80.4
"chr2"	1441994	1441995	40
"chr13"	110427102	110427103	90.1
"chr3"	7591767	7591768	94.2
"chr17"	782385	782386	2.5
"chr6"	74825528	74825529	95.9
"chr11"	11765161	11765162	95.4
"chr4"	10091102	10091103	96.1
"chr16"	53505839	53505840	94
"chr17"	21948483	21948484	84.2
"chr7"	149041882	149041883	82.8
"chr4"	740145	740146	95.4
"chr2"	16645652	16645653	70.1
"chr6"	156943322	156943323	96.6
"chrX"	77622768	77622769	96.1
"chr15"	93527833	93527834	10.2
"chr21"	6570853	6570854	96.2
"chr4"	97797120	97797121	5.1
"chr5"	92864135	92864136	38.9
"chr22"	37739366	37739367	91.8
"chr6"	161080275	161080276	96.1
"chrX"	80785678	80785679	93.7
"chr15"	31313043	31313044	83.6
"chr7"	76150173	76150174	96.3
"chr9"	126607060	126607061	4.1
"chrX"	58793025	58793026	72.1
"chr7"	25095067	25095068	94.2
"chr8"	110361922	110361923	50.7
"chr1"	185338962	185338963	11.9
"chr6"	105754339	105754340	96
"chr6"	112631553	112631554	53.1
"chr22"	38159054	38159055	94.8
"chr22"	31133181	31133182	95.7
"chr2"	170494721	170494722	31.8
"chr3"	46124171	46124172	67.5
"chr2"	117471088	117471089	86.5
"chr11"	55208711	55208712	10
"chr11"	110271687	110271688	96.3
"chr11"	13005619	13005620	93.7
"chrX"	48692984	48692985	94.2
"chr10"	19741	19742	58.9
"chr19"	35542949	35542950	96.4
"chr3"	26622222	26622223	2.6
"chr5"	96788032	96788033	89.7
"chr12"	31881924	31881925	44.4
"chr1"	157396244	157396245	80.7
"chr2"	13464426	13464427	40.8
"chr20"	63478444	63478445	85.8
"chr9"	38725006	38725007	67.5
"chr7"	77877347	77877348	95.9
"chr16"	542778	542779	96
"chr19"	7091067	7091068	73.4
"chr8"	144147661	144147662	3.5
"chr11"	119531760	119531761	90.4
"chr21"	37594890	37594891	52.3
"chr3"	196322771	196322772	96.2
"chr9"	134778155	134778156	4
"chr8"	140421601	140421602	96.4
"chr4"	186618061	186618062	89
"chr15"	40694896	40694897	3.9
"chr3"	108379415	108379416	53.3
"chr12"	42106506	42106507	95.3
"chr3"	49644571	49644572	66.5
"chr4"	124650869	124650870	90.9
"chr8"	23419127	23419128	94.4
"chr7"	2035547	2035548	94.7
"chr6"	35833164	35833165	94.3
"chr2"	20500437	20500438	19.6
"chr3"	15950488	15950489	97.5
"chr18"	57360287	57360288	18.9
"chr3"	163034667	163034668	5.1
"chr3"	191736321	191736322	94.3
"chr1"	7986121	7986122	96.1
"chr2"	221773329	221773330	35.7
"chr8"	738997	738998	3
"chr4"	54152828	54152829	32.1
"chr10"	118812191	118812192	60.3
"chr2"	776975	776976	96.3
"chr11"	123323746	123323747	43.3
"chr10"	47240143	47240144	14
"chr8"	46835853	46835854	2.8
"chr14"	34629622	34629623	3.5
"chr1"	48369286	48369287	69.4
"chr8"	25173762	25173763	86
"chrX"	51246801	51246802	96.1
"chr6"	13575136	13575137	2.7
"chr14"	95918648	95918649	21.2
"chrX"	97639151	97639152	96.5
"chr19"	15464155	15464156	3.7
"chr1"	195492370	195492371	92
"chr18"	59739468	59739469	12.6
"chr15"	69482376	69482377	4.9
"chr1"	216531989	216531990	84.6
"chr21"	44601981	44601982	95.9
"chrX"	44539751	44539752	96.1
"chr6"	9107400	9107401	92.4
"chr8"	6985426	6985427	19.1
"chr1"	47068303	47068304	18.3
"chr3"	130963587	130963588	96
"chr5"	151795136	151795137	90.3
"chr3"	171107591	171107592	76.7
"chr3"	171321111	171321112	96.1
"chr13"	42558700	42558701	96.6
"chr5"	10232910	10232911	93.9
"chr1"	214575749	214575750	67.7
"chr1"	146381656	146381657	96.4
"chr8"	79866365	79866366	93
"chr16"	16262132	16262133	96.4
"chr2"	34046770	34046771	83
"chr12"	31764404	31764405	95.9
"chr4"	142673846	142673847	3.6
"chr21"	45722872	45722873	97.3
"chr5"	40275920	40275921	16.8
"chr12"	78609629	78609630	83.3
"chr2"	84830550	84830551	95.1
"chr8"	137513388	137513389	17.1
"chr1"	159316595	159316596	91.6
"chr9"	132461117	132461118	95.7
"chr11"	58221472	58221473	84.3
"chr10"	102450500	102450501	3.5
"chr7"	155444956	155444957	36
"chr12"	132647608	132647609	87.7
"chr13"	80312066	80312067	68.8
"chr4"	35573505	35573506	93.8
"chr9"	104994721	104994722	41.1
"chr8"	126545372	126545373	37.6
"chr21"	16543290	16543291	67.7
"chr17"	75979832	75979833	4
"chr5"	169153119	169153120	46.8
"chr9"	136673623	136673624	92.5
"chr5"	134761007	134761008	93.2
"chr5"	102922166	102922167	97.1
"chr14"	101039251	101039252	60
"chr14"	34734763	34734764	94.6
"chr12"	125300231	125300232	19.8
"chr10"	101985743	101985744	96.2
"chr4"	187228828	187228829	35.2
"chr5"	177005413	177005414	36
"chr17"	68324597	68324598	53
"chr20"	33672816	33672817	86.2
"chr7"	69604952	69604953	84.7
"chr22"	40347025	40347026	3.3
"chrX"	85395674	85395675	93.8
"chr7"	126705115	126705116	95
"chr2"	95882071	95882072	72.2
"chr7"	101507263	101507264	94.3
"chr4"	17581298	17581299	96.4
"chr15"	29101482	29101483	41.4
"chr5"	61950896	61950897	95
"chr11"	122883268	122883269	9.1
"chr16"	1103732	1103733	4
"chr16"	71697939	71697940	95.7
"chr2"	192007873	192007874	39.2
"chr10"	5220938	5220939	94.3
"chr13"	103577904	103577905	96.8
"chr16"	70522273	70522274	45.1
"chr1"	117321245	117321246	64.8
"chr3"	194562594	194562595	91.7
"chr22"	21621678	21621679	90.4
"chr11"	65508474	65508475	39.9
"chr1"	124848552	124848553	52.8
"chr16"	74699592	74699593	4.4
"chr16"	77284227	77284228	60.9
"chr18"	78908617	78908618	18
"chrX"	150791812	150791813	97.1
"chr12"	96062857	96062858	92.5
"chr7"	25505971	25505972	73.9
"chr1"	22200012	22200013	49
"chr15"	39253814	39253815	78.2
"chr1"	34110951	34110952	85.9
"chrX"	150568706	150568707	3.4
"chr4"	173164298	173164299	95.2
"chr4"	114345478	114345479	89.7
"chr9"	127943910	127943911	3.8
"chr8"	28779637	28779638	95.9
"chr12"	94876251	94876252	96.9
"chr7"	35455665	35455666	89.4
"chr18"	1584823	1584824	10.6
"chr11"	12775532	12775533	38.9
"chr21"	18576000	18576001	94.2
"chr1"	99378281	99378282	96.2
"chr3"	87393206	87393207	68.6
"chr14"	32968849	32968850	3.8
"chr3"	127760114	127760115	97.5
"chr4"	189520803	189520804	51.9
"chr4"	174425445	174425446	87.1
"chr10"	33057663	33057664	92.3
"chr14"	40630160	40630161	96.5
"chr3"	48130532	48130533	96.4
"chr1"	227812629	227812630	21.1
"chr2"	171316250	171316251	90.6
"chr2"	117706469	117706470	43.8
"chr21"	22904754	22904755	97
"chr14"	93642993	93642994	93.3
"chr5"	141428306	141428307	75.8
"chr18"	61470110	61470111	88.6
"chr4"	165689297	165689298	91.5
"chr12"	69807290	69807291	96.6
"chr4"	1804939	1804940	87.5
"chr17"	62150062	62150063	64.7
"chrX"	132341279	132341280	88.5
"chr17"	48582238	48582239	3.1
"chrX"	112499240	112499241	52.6
"chr6"	139288559	139288560	95.1
"chr20"	56546093	56546094	97
"chr1"	1090855	1090856	97.6
"chr13"	96428369	96428370	93.9
"chr6"	19725022	19725023	74.4
"chr15"	22882760	22882761	43
"chr7"	157335943	157335944	95.5
"chr5"	1068727	1068728	96
"chr22"	38002763	38002764	92.5
"chr18"	54999341	54999342	96.4
"chrY"	12168355	12168356	81.7
"chr13"	111123503	111123504	96.2
"chr1"	77770152	77770153	21.3
"chr1"	234778833	234778834	95.4
"chr13"	60245983	60245984	79.1
"chr5"	180353095	180353096	11.1
"chr7"	611009	611010	95.8
"chr22"	33213976	33213977	96.5
"chr9"	20967216	20967217	94.4
"chr6"	73369865	73369866	95.2
"chr16"	14911392	14911393	3.8
"chr5"	71440281	71440282	95.7
"chr6"	165334236	165334237	90.4
"chr21"	46524996	46524997	95.4
"chr8"	81074291	81074292	94.6
"chr3"	45131010	45131011	96.2
"chr14"	22837377	22837378	5.2
"chr2"	38422599	38422600	96.5
"chr16"	89598558	89598559	97.6
"chr13"	110770059	110770060	92.1
"chr12"	3453842	3453843	95.5
"chr8"	121778511	121778512	95.7
"chr9"	89163870	89163871	84.9
"chr2"	207380952	207380953	67.9
"chr10"	72622157	72622158	95.9
"chr8"	79181559	79181560	95.7
"chr9"	111369051	111369052	96.6
"chr3"	111487452	111487453	96
"chr4"	1262724	1262725	96.2
"chr14"	21452710	21452711	96.3
"chr17"	64817156	64817157	96.5
"chr10"	130360140	130360141	80.7
"chr19"	21352494	21352495	95.4
"chr11"	56496528	56496529	30.2
"chr18"	72244403	72244404	11.6
"chr8"	95208522	95208523	91.9
"chr2"	103842560	103842561	74
"chr2"	182866834	182866835	3.2
"chr9"	81564872	81564873	59.8
"chr7"	51944994	51944995	83.7
"chr2"	98294884	98294885	3.4
"chr4"	167923627	167923628	72.4
"chr6"	36546526	36546527	3.1
"chr20"	6691622	6691623	56.8
"chr11"	26299042	26299043	61.8
"chr6"	100514934	100514935	86.5
"chr9"	109125338	109125339	5.5
"chr18"	12057853	12057854	62.4
"chr9"	22447247	22447248	3.3
"chr12"	23407656	23407657	91.5
"chr4"	11920945	11920946	96.5
"chr10"	53643918	53643919	84.8
"chr21"	36786825	36786826	52.7
"chr15"	100763072	100763073	62.6
"chr1"	179883729	179883730	2.7
"chr4"	50416684	50416685	60.5
"chr1"	75476680	75476681	74.8
"chr3"	152484540	152484541	85.3
"chr9"	63676200	63676201	96
"chr1"	225930458	225930459	47.3
"chr6"	43481373	43481374	94.5
"chr22"	37170891	37170892	93.9
"chrX"	7052393	7052394	95.1
"chr16"	2946465	2946466	97.2
"chr12"	131845627	131845628	73.5
"chr16"	5667013	5667014	60.3
"chr19"	5852350	5852351	94.8
"chr13"	59655630	59655631	88.8
"chr21"	34759666	34759667	48.7
"chr4"	187576126	187576127	3.9
"chr6"	151493973	151493974	3.4
"chr12"	96506742	96506743	95
"chr2"	238480149	238480150	88.1
"chr9"	21947377	21947378	96
"chr15"	30492194	30492195	60.4
"chr9"	70489493	70489494	95.5
"chr14"	91551456	91551457	93.5
"chr17"	79155552	79155553	89.8
"chr9"	134678773	134678774	83.8
"chr18"	24980082	24980083	28.3
"chr9"	42783142	42783143	86.7
"chr6"	121684020	121684021	42
"chr3"	51839121	51839122	68.2
"chr7"	21240789	21240790	21.8
"chr17"	38688840	38688841	95.8
"chr20"	63616178	63616179	97.4
"chr3"	196742788	196742789	95.7
"chr1"	3734389	3734390	96.4
"chr13"	94919256	94919257	95.3
"chr11"	19704104	19704105	96.3
"chr5"	147618501	147618502	93
"chr18"	79982096	79982097	95.9
"chr2"	24424477	24424478	32.8
"chr1"	240617225	240617226	5.6
"chr16"	81265128	81265129	90.1
"chr17"	80842869	80842870	95.8
"chr16"	583507	583508	95.4
"chr11"	47552492	47552493	3.3
"chr13"	30325829	30325830	57.9
"chr2"	152701598	152701599	96.7
"chr5"	119623687	119623688	92.7
"chr5"	1744803	1744804	91.8
"chr16"	9732338	9732339	65.8
"chr17"	41710279	41710280	96.1
"chr7"	51270504	51270505	45
"chr5"	15605837	15605838	8.9
"chr11"	99698102	99698103	58.2
"chr7"	1899319	1899320	97.2
"chr16"	8515810	8515811	62.6
"chr19"	755788	755789	70.1
"chr12"	120978720	120978721	89.9
"chr18"	8704451	8704452	3.6
"chr7"	82606461	82606462	90.5
"chr5"	74866250	74866251	2.7
"chr8"	30351966	30351967	93.1
"chr1"	168729590	168729591	94.6
"chr1"	201320281	201320282	37.3
"chrX"	18984711	18984712	4.2
"chr20"	50343691	50343692	96.8
"chr21"	43365203	43365204	96.2
"chr13"	106596414	106596415	95.1
"chr13"	92334100	92334101	26.9
"chr8"	131991079	131991080	94.7
"chr16"	14435315	14435316	97
"chrX"	127822932	127822933	96.4
"chr1"	185361008	185361009	82.8
"chr6"	134629257	134629258	96
"chr10"	1549827	1549828	73
"chr11"	115607832	115607833	42.2
"chrX"	111583796	111583797	65.7
"chr5"	159619512	159619513	68.1
"chr9"	134705475	134705476	96.3
"chr12"	116851595	116851596	94.8
"chr20"	3218661	3218662	3.8
"chr2"	37029460	37029461	97
"chr8"	100286086	100286087	34
"chr15"	57056488	57056489	88.6
"chr13"	21472536	21472537	87.2
"chr2"	240441188	240441189	61.2
"chr3"	16264196	16264197	31.3
"chr2"	240158439	240158440	82.5
"chr12"	11060915	11060916	88.9
"chr7"	49278382	49278383	4.6
"chr15"	33039087	33039088	59.8
"chr16"	7504968	7504969	93.2
"chr9"	136051710	136051711	3
"chr3"	177676568	177676569	46.7
"chr16"	86218737	86218738	49.5
"chr14"	52040486	52040487	3.8
"chr21"	19612320	19612321	94.2
"chr6"	161492829	161492830	60.1
"chr16"	35751578	35751579	95.6
"chr11"	51291908	51291909	51.8
"chr1"	68600682	68600683	38.5
"chr6"	149396969	149396970	85.8
"chr3"	193912435	193912436	96.3
"chr13"	93077332	93077333	60.2
"chr5"	177783477	177783478	52.5
"chr19"	53705179	53705180	24
"chr6"	47413100	47413101	47.6
"chr1"	113956680	113956681	96.1
"chr4"	104704383	104704384	96.8
"chr2"	176643793	176643794	28.7
"chr10"	111846997	111846998	95.9
"chr4"	158624016	158624017	13.1
"chr10"	98931750	98931751	59.1
"chr4"	129952858	129952859	33
"chr1"	91115748	91115749	95.6
"chr10"	51890680	51890681	78.6
"chr10"	113152060	113152061	96.1
"chr3"	4106611	4106612	81.2
"chr19"	48637476	48637477	3.7
"chr5"	180277819	180277820	90.8
"chr16"	90212536	90212537	96.3
"chr3"	76079643	76079644	94.2
"chr2"	103307120	103307121	74.8
"chrX"	112865360	112865361	95.4
"chr8"	81649924	81649925	96.6
"chr14"	102449698	102449699	97.2
"chr4"	5310025	5310026	93.3
"chr8"	34558943	34558944	87.6
"chr22"	41089644	41089645	96.1
"chr3"	152791189	152791190	66.1
"chr19"	8403443	8403444	95.9
"chr9"	86328357	86328358	94.1
"chr17"	67437802	67437803	95.9
"chr10"	68930305	68930306	96.9
"chr21"	10374445	10374446	8.6
"chr18"	16871134	16871135	5.6
"chr7"	144943953	144943954	95.9
"chr7"	68027336	68027337	42.4
"chr20"	11645790	11645791	67.7
"chr3"	63596056	63596057	70.1
"chr1"	202074780	202074781	90.5
"chr1"	15946180	15946181	96.4
"chr7"	44794775	44794776	90
"chr9"	130012917	130012918	5.8
"chr9"	119498182	119498183	9.7
"chr15"	91694506	91694507	91.3
"chrX"	54564067	54564068	95.9
"chr12"	26578758	26578759	90.3
"chr19"	38863555	38863556	95.8
"chr19"	29598122	29598123	32.1
"chrX"	44857414	44857415	97.6
"chr8"	111773655	111773656	15.1
"chrX"	8309707	8309708	96.4
"chr1"	5823000	5823001	94.3
"chr15"	69648644	69648645	31.1
"chr4"	166349692	166349693	7.1
"chr21"	44085899	44085900	96.3
"chr22"	24954309	24954310	23.1
"chr5"	19561269	19561270	86.3
"chr7"	98855021	98855022	91.5
"chr9"	104308758	104308759	61.8
"chr3"	127540772	127540773	87.4
"chr1"	42178127	42178128	53
"chr12"	121036548	121036549	2.9
"chr19"	32880152	32880153	94
"chr12"	108554007	108554008	92.6
"chr14"	104547482	104547483	82.4
"chr3"	90941647	90941648	65
"chr6"	14106000	14106001	91.7
"chr19"	11212279	11212280	88.7
"chr5"	87000202	87000203	64.9
"chr2"	236306198	236306199	89
"chr6"	170590353	170590354	83.9
"chr5"	56632515	56632516	57.2
"chr19"	53056842	53056843	93.8
"chr22"	18024280	18024281	19.2
"chr6"	157891191	157891192	96.6
"chr18"	3260880	3260881	4.3
"chr6"	36598623	36598624	96.6
"chr17"	20961911	20961912	96.5
"chr17"	66561825	66561826	89
"chr13"	16352520	16352521	39.9
"chr8"	20355893	20355894	3.4
"chr15"	88157687	88157688	42.3
"chr16"	56425386	56425387	3.1
"chr5"	60605547	60605548	89.7
"chr19"	44889555	44889556	94.5
"chr11"	123407752	123407753	5.8
"chr8"	88577948	88577949	31.8
"chr4"	16956482	16956483	86.1
"chr13"	113998877	113998878	96.8
"chr2"	85069631	85069632	95.5
"chrY"	21162547	21162548	30.6
"chr2"	103116311	103116312	7.4
"chr4"	64311237	64311238	7.2
"chr19"	2276180	2276181	96.8
"chr8"	44434253	44434254	29
"chr20"	29298027	29298028	59.4
"chr1"	83436911	83436912	89.4
"chr1"	194204308	194204309	93.5
"chr12"	103674033	103674034	5.2
"chr12"	32851350	32851351	90
"chr18"	52644526	52644527	94.6
"chr22"	21553136	21553137	96.7
"chr19"	13433589	13433590	87.4
"chr10"	69645	69646	48
"chr3"	12525669	12525670	96.4
"chr1"	150337289	150337290	95.7
"chr1"	143276011	143276012	85.5
"chr5"	93894174	93894175	93.1
"chr12"	14504295	14504296	96.9
"chr8"	286774	286775	94.1
"chr10"	32868226	32868227	35.1
"chr6"	7002474	7002475	78.9
"chr7"	3012558	3012559	95.5
"chr14"	65469753	65469754	63.7
"chr3"	184430283	184430284	95.8
"chr9"	90991053	90991054	42.1
"chr17"	17812184	17812185	69.1
"chr22"	37996558	37996559	15.8
"chr17"	62463201	62463202	52.2
"chr7"	152730250	152730251	93.7
"chr15"	70812439	70812440	87
"chr5"	149438397	149438398	65.5
"chr5"	35068135	35068136	93.2
"chr17"	26316528	26316529	5.5
"chr13"	69510152	69510153	4.9
"chr16"	64536641	64536642	95.1
"chr13"	104682509	104682510	96.2
"chr20"	36711808	36711809	94.9
"chr7"	61849979	61849980	64.9
"chr12"	93683213	93683214	96.2
"chr10"	2993444	2993445	96.1
"chr2"	50337330	50337331	95.2
"chr17"	76559645	76559646	60.8
"chr12"	57017132	57017133	97.4
"chr10"	16343379	16343380	96.1
"chr2"	10474044	10474045	95.8
"chr10"	79776130	79776131	95.9
"chr13"	101205950	101205951	93.4
"chr6"	149566461	149566462	3.7
"chr20"	31613727	31613728	95.6
"chr7"	149877185	149877186	95.6
"chr11"	12724577	12724578	96.4
"chr4"	98807932	98807933	92.6
"chr3"	120894005	120894006	95.4
"chr16"	15005095	15005096	95.6
"chr12"	97760807	97760808	94.9
"chr9"	18049911	18049912	95.3
"chr1"	32055378	32055379	95
"chr2"	161106077	161106078	79.7
"chr11"	134316971	134316972	76.6
"chr14"	75588072	75588073	96.4
"chr12"	117050100	117050101	32
"chr12"	7081688	7081689	95
"chr2"	110156401	110156402	87.8
"chr9"	133801519	133801520	96.6
"chr1"	199958019	199958020	4.6
"chr1"	124002860	124002861	52.3
"chr18"	23135812	23135813	51.1
"chr4"	156502687	156502688	75.5
"chr1"	162583174	162583175	97.2
"chr2"	96407974	96407975	66.5
"chrX"	123562156	123562157	96.7
"chr11"	26489223	26489224	50.1
"chr18"	79519952	79519953	93.1
"chr13"	31995112	31995113	97.2
"chr5"	51924910	51924911	9.4
"chr1"	53001979	53001980	68.9
"chr9"	126520491	126520492	96
"chr4"	172954762	172954763	92.1
"chr13"	109310156	109310157	77.2
"chr1"	155213500	155213501	88.3
"chr5"	172891563	172891564	96.9
"chrX"	3797371	3797372	70.9
"chr5"	61074414	61074415	96.4
"chr10"	47652393	47652394	62.8
"chr9"	20210533	20210534	95.9
"chr10"	3657535	3657536	91.7
"chr15"	34437465	34437466	4.1
"chr1"	178621440	178621441	92.9
"chr7"	147100824	147100825	37.5
"chr9"	17354882	17354883	96.5
"chr5"	129829123	129829124	16.9
"chr13"	20998825	20998826	96.8
"chr19"	3809398	3809399	72.7
"chr1"	78033697	78033698	92.7
"chr14"	82251372	82251373	90.7
"chr4"	80266643	80266644	3.1
"chr2"	189926531	189926532	96.2
"chr10"	124923555	124923556	96.2
"chr13"	49420915	49420916	85
"chr2"	202310940	202310941	96.4
"chr19"	45600782	45600783	19.9
"chr5"	85890063	85890064	81.2
"chr5"	101695823	101695824	45.2
"chr1"	227972784	227972785	96.4
"chr4"	186910085	186910086	83.9
"chr17"	11987202	11987203	90.4
"chr16"	5093830	5093831	91.4
"chr9"	17518297	17518298	59.3
"chr20"	21126030	21126031	3.6
"chr17"	13424568	13424569	26.5
"chr22"	39173441	39173442	94.4
"chr17"	5418083	5418084	76.8
"chr3"	64905720	64905721	27.3
"chr11"	64405294	64405295	95.2
"chr1"	48854682	48854683	88.5
"chr7"	153390140	153390141	46.7
"chr11"	124565033	124565034	93.3
"chrX"	73419025	73419026	12.3
"chr2"	230942841	230942842	75.7
"chr13"	83896007	83896008	43.6
"chr7"	86239554	86239555	52.3
"chr8"	69461492	69461493	77.4
"chr4"	147256370	147256371	93.7
"chr7"	74643391	74643392	55.2
"chr1"	210048757	210048758	6.1
"chr3"	20008351	20008352	96
"chr22"	24462483	24462484	94.9
"chr2"	201449569	201449570	94.3
"chr9"	98986735	98986736	21.3
"chr8"	143705305	143705306	94.8
"chr13"	71692645	71692646	95
"chr10"	32208730	32208731	63.1
"chr4"	473882	473883	3.5
"chr10"	83842064	83842065	94.2
"chr11"	52937062	52937063	47.5
"chr2"	41037076	41037077	95.4
"chr7"	67988797	67988798	66.2
"chr18"	189701	189702	95.6
"chr16"	35574884	35574885	50
"chr20"	10793804	10793805	92.6
"chr19"	22416444	22416445	96.4
"chr20"	63737685	63737686	3.5
"chr2"	231670690	231670691	75.7
"chr13"	112636676	112636677	96.2
"chr5"	56499028	56499029	97.1
"chr8"	135007260	135007261	60.4
"chr10"	131201383	131201384	96.1
"chr10"	12071536	12071537	95.6
"chr10"	132760968	132760969	94.9
"chr11"	126559261	126559262	38.1
"chr11"	77969300	77969301	56
"chr19"	33294999	33295000	82.7
"chr10"	72267056	72267057	96
"chr3"	109386876	109386877	5.3
"chr8"	37316706	37316707	53.3
"chr20"	58792874	58792875	58.8
"chr3"	65660921	65660922	86.6
"chr18"	63784656	63784657	74.5
"chr8"	47215078	47215079	75.5
"chr20"	48694549	48694550	77.7
"chr14"	49580922	49580923	95.1
"chr3"	60449103	60449104	93.5
"chr4"	28700601	28700602	94.4
"chr4"	88456753	88456754	3.5
"chr8"	90674400	90674401	23.4
"chr1"	174181437	174181438	97
"chr14"	92653887	92653888	14.1
"chr4"	91340837	91340838	45.6
"chr1"	1745843	1745844	3.5
"chr14"	88577859	88577860	96.4
"chr7"	73155126	73155127	3.2
"chr16"	2700693	2700694	95.7
"chr19"	2034184	2034185	91.8
"chr11"	117117246	117117247	95.9
"chrX"	11521872	11521873	91.9
"chr1"	58524244	58524245	96.4
"chr3"	25942509	25942510	68
"chr19"	642464	642465	9.7
"chr5"	20404779	20404780	94.5
"chr19"	489331	489332	3.1
"chrX"	59462470	59462471	96.2
"chr3"	118407815	118407816	64.6
"chr5"	10325538	10325539	4.7
"chr12"	70419315	70419316	45.3
"chr12"	9243371	9243372	94.9
"chr2"	77216837	77216838	95.7
"chr7"	23137110	23137111	96.7
"chr2"	235427168	235427169	26.5
"chr9"	10938517	10938518	96.1
"chr20"	62170270	62170271	94
"chr6"	13717107	13717108	97
"chr5"	46874379	46874380	95.8
"chr9"	111239508	111239509	84.9
"chr2"	126943012	126943013	41.9
"chr12"	124167086	124167087	17.8
"chr20"	25386480	25386481	96.7
"chr8"	105108477	105108478	32.1
"chr14"	83680774	83680775	89.1
"chr21"	46458850	46458851	3.4
"chr18"	79893846	79893847	80
"chr20"	46587392	46587393	62.4
"chr1"	1254540	1254541	96.1
"chr7"	147125100	147125101	87
"chr3"	3005947	3005948	93.1
"chr8"	42306410	42306411	63
"chr5"	43008130	43008131	6.3
"chr10"	21758547	21758548	95.7
"chr20"	40988325	40988326	96.2
"chr11"	61713963	61713964	10.3
"chr2"	217959908	217959909	57.8
"chr12"	104457421	104457422	4.3
"chr13"	102804301	102804302	96.8
"chr18"	16799148	16799149	83.3
"chr7"	151409961	151409962	56.5
"chr9"	24947077	24947078	82.5
"chr1"	212211052	212211053	88.3
"chr20"	35619728	35619729	3
"chr6"	119204900	119204901	85.8
"chrX"	45721698	45721699	96.5
"chr11"	124403531	124403532	94.8
"chr18"	38413543	38413544	75.7
"chr16"	54317089	54317090	95.2
"chr4"	30833862	30833863	58.5
"chr2"	70994773	70994774	3.5
"chr19"	16846465	16846466	96.1
"chr11"	106233454	106233455	52.3
"chr8"	96445667	96445668	86.9
"chr14"	72946262	72946263	95.7
"chr4"	177194005	177194006	95
"chr1"	244911582	244911583	91.1
"chr9"	20248708	20248709	95.2
"chr2"	17847111	17847112	69.3
"chr1"	78136826	78136827	95.6
"chr4"	32539346	32539347	40.8
"chr20"	51334628	51334629	95.3
"chr1"	14274731	14274732	45.5
"chr11"	127031415	127031416	93.6
"chr1"	183635374	183635375	3.1
"chr1"	55487746	55487747	85.8
"chr1"	202236721	202236722	71.5
"chr12"	105556632	105556633	65.8
"chr11"	107286812	107286813	95.2
"chr4"	12418663	12418664	3.2
"chr13"	105997658	105997659	94
"chr9"	91420820	91420821	44.8
"chr3"	20652868	20652869	16.1
"chr18"	13376412	13376413	96
"chr4"	47671971	47671972	94.4
"chr4"	118265958	118265959	96.1
"chr2"	55153894	55153895	7.7
"chr10"	115014057	115014058	78.9
"chr16"	87951719	87951720	3.2
"chr6"	48945537	48945538	87.9
"chr13"	64702265	64702266	6.9
"chr12"	63079192	63079193	21.6
"chr20"	10898727	10898728	8.8
"chr11"	81158934	81158935	15.6
"chr1"	78511416	78511417	65.5
"chr5"	100595332	100595333	26.5
"chr4"	56922073	56922074	94.8
"chr15"	59614260	59614261	95.6
"chr6"	42386428	42386429	96.3
"chr20"	34291410	34291411	96.6
"chr13"	29700310	29700311	97.4
"chr14"	89517254	89517255	5.7
"chr1"	148079079	148079080	73.5
"chr5"	6961951	6961952	77.1
"chr16"	84565089	84565090	97
"chr20"	32536932	32536933	2.9
"chr1"	187424727	187424728	94.3
"chr9"	113117642	113117643	95.9
"chr4"	69666858	69666859	53.6
"chr2"	122183595	122183596	42.4
"chrX"	139132159	139132160	23
"chr12"	71069609	71069610	60.2
"chr18"	45028934	45028935	81.7
"chr5"	46180057	46180058	8.8
"chr2"	6104360	6104361	58.2
"chr8"	82092653	82092654	58.4
"chr1"	92026752	92026753	96.3
"chr13"	37303174	37303175	84.5
"chr14"	49130729	49130730	50.1
"chr5"	168348155	168348156	48.9
"chr14"	30078355	30078356	90.9
"chr20"	43071550	43071551	96
"chr8"	41876140	41876141	4.4
"chr18"	12588930	12588931	62
"chr4"	35626071	35626072	73.9
"chr10"	111181859	111181860	75.2
"chrX"	94983121	94983122	13.3
"chr20"	4881030	4881031	25.4
"chr16"	25262173	25262174	94.8
"chr2"	28453446	28453447	96.2
"chr2"	39628110	39628111	95.9
"chr5"	705361	705362	52.7
"chr7"	116272312	116272313	95.1
"chr1"	248810580	248810581	96.3
"chr5"	40044219	40044220	81.7
"chr5"	80101216	80101217	80.3
"chr8"	12713039	12713040	70.8
"chr9"	117594932	117594933	90.2
"chr5"	98445007	98445008	47.8
"chr20"	3590570	3590571	94.1
"chr17"	79778120	79778121	3
"chr9"	107001528	107001529	21
"chr5"	64677509	64677510	92.3
"chr2"	105507958	105507959	95.9
"chr1"	38009115	38009116	51.4
"chr3"	102701471	102701472	96
"chr3"	111595647	111595648	8.5
"chr10"	4059544	4059545	42.3
"chr1"	120335935	120335936	49.4
"chr1"	188765568	188765569	16.2
"chr13"	20333494	20333495	94.5
"chr10"	114030656	114030657	96.1
"chr20"	55999196	55999197	80.9
"chr22"	23449035	23449036	71.1
"chr5"	126712828	126712829	96.6
"chr10"	43689782	43689783	3.7
"chr8"	39323687	39323688	94.3
"chr3"	63128354	63128355	4.3
"chr19"	37925678	37925679	96.9
"chr11"	629398	629399	17.8
"chr16"	80575832	80575833	86.7
"chr2"	159215237	159215238	96.4
"chr20"	43914949	43914950	2.8
"chr2"	227387572	227387573	97.4
"chr1"	151075435	151075436	96.2
"chr6"	170177100	170177101	95.9
"chr14"	59401259	59401260	81.7
"chr1"	169471457	169471458	94.9
"chr22"	10704168	10704169	3.3
"chr2"	235185864	235185865	61.1
"chr6"	120359361	120359362	24
"chr5"	87944607	87944608	3.1
"chr5"	159011150	159011151	3.8
"chr1"	98799008	98799009	91.6
"chr11"	70487783	70487784	6.6
"chr9"	78284087	78284088	96.6
"chr10"	24340538	24340539	80.8
"chr19"	42406325	42406326	97.1
"chr1"	86246404	86246405	93.9
"chr13"	91444911	91444912	74.8
"chr6"	36817095	36817096	78.8
"chr6"	139339146	139339147	65.8
"chr3"	144260316	144260317	91.1
"chr1"	105468349	105468350	10.2
"chrX"	137383721	137383722	83.2
"chr19"	10757241	10757242	64.6
"chr11"	2563330	2563331	91.7
"chr15"	29676218	29676219	18.2
"chr17"	56521202	56521203	3.2
"chr16"	74404343	74404344	11.1
"chr16"	55820444	55820445	78.2
"chr7"	153657411	153657412	4.3
"chr9"	73124384	73124385	47
"chr6"	93430898	93430899	45.6
"chr6"	128085241	128085242	97.1
"chr4"	166614769	166614770	22.1
"chr8"	11779164	11779165	88.4
"chr20"	63207771	63207772	96.3
"chr20"	28050284	28050285	18.2
"chr3"	45019912	45019913	96.8
"chr3"	126154580	126154581	96.6
"chr1"	158044386	158044387	79.5
"chrX"	129812207	129812208	96.6
"chr2"	190205002	190205003	47.4
"chr17"	42413007	42413008	81.4
"chr1"	143393169	143393170	39.4
"chr18"	69314993	69314994	80.8
"chr8"	55810921	55810922	97.3
"chr13"	98193149	98193150	42
"chr9"	19502717	19502718	90.8
"chr1"	121734653	121734654	5
"chr7"	113093320	113093321	41.3
"chr17"	82832272	82832273	86.7
"chr21"	15779538	15779539	93.2
"chr19"	41797137	41797138	10.7
"chrX"	1385969	1385970	96.1
"chr7"	118608190	118608191	91.5
"chr5"	103700882	103700883	66.7
"chr15"	73505822	73505823	93.9
"chr2"	229220721	229220722	62
"chr1"	187726527	187726528	32.4
"chr7"	12697809	12697810	45.7
"chr2"	239381355	239381356	3.6
"chr12"	34211650	34211651	81.2
"chr11"	1359112	1359113	76.9
"chr7"	134456358	134456359	96.7
"chr16"	11227690	11227691	95.3
"chr5"	134198205	134198206	95.7
"chr21"	32392204	32392205	95.7
"chr22"	50171045	50171046	64.4
"chr13"	40720351	40720352	90.7
"chr10"	6799645	6799646	88.2
"chr4"	107877714	107877715	4.4
"chr5"	1313917	1313918	4.1
"chr3"	93037646	93037647	70.7
"chr6"	147614523	147614524	70.6
"chrX"	51818607	51818608	92
"chr19"	6137872	6137873	93.8
"chr1"	62225367	62225368	45.4
"chr6"	59072355	59072356	36.5
"chr6"	120128945	120128946	8.4
"chr6"	78478122	78478123	94.2
"chr5"	103448301	103448302	95.6
"chr5"	28960268	28960269	7.6
"chr7"	131832654	131832655	42.4
"chr16"	48997653	48997654	30.7
"chr19"	54794699	54794700	47.4
"chr2"	240130208	240130209	96.5
"chr16"	70134011	70134012	97.2
"chr3"	182076386	182076387	92.6
"chr11"	79663142	79663143	22.4
"chrY"	13564065	13564066	91.1
"chr12"	14770591	14770592	3.1
"chr3"	10164788	10164789	3.8
"chr19"	30707388	30707389	30.8
"chrX"	26138306	26138307	56.8
"chr6"	115415969	115415970	3.6
"chr16"	34717388	34717389	92.9
"chr6"	75085109	75085110	21
"chr20"	24994630	24994631	9.5
"chr1"	28498323	28498324	96.9
"chr11"	98365523	98365524	46.7
"chr12"	96577785	96577786	95.6
"chr13"	43969661	43969662	91.2
"chr9"	14969584	14969585	70.9
"chr3"	174129930	174129931	80.9
"chr22"	22314003	22314004	18.5
"chr17"	69572349	69572350	96.9
"chr1"	47510334	47510335	81.7
"chr4"	79211492	79211493	78.3
"chr10"	61838989	61838990	92.1
"chr13"	66653891	66653892	91.8
"chr16"	56442576	56442577	93.9
"chr10"	51276821	51276822	93.4
"chr13"	111198402	111198403	97.4
"chr9"	106266010	106266011	27.7
"chr19"	10215807	10215808	88.9
"chr3"	71201745	71201746	76.4
"chr17"	70892057	70892058	40.3
"chr6"	33063817	33063818	92.4
"chr3"	33288625	33288626	6.6
"chr19"	39094119	39094120	3.2
"chr20"	3101195	3101196	96.9
"chr21"	41854949	41854950	96.9
"chr11"	25583485	25583486	93.2
"chr16"	89273524	89273525	97.2
"chr17"	31654127	31654128	37.3
"chr6"	145742522	145742523	96.3
"chr10"	64690274	64690275	4.8
"chr9"	105070523	105070524	95.7
"chr20"	9129373	9129374	62
"chr13"	51505717	51505718	93.3
"chr7"	50400655	50400656	96.6
"chr10"	116580410	116580411	90.4
"chr5"	10426189	10426190	96
"chr18"	48296101	48296102	66.9
"chr7"	110460092	110460093	95.9
"chr9"	134116109	134116110	96.8
"chrX"	19121586	19121587	3.9
"chr16"	54359854	54359855	13.1
"chr1"	170454347	170454348	80.6
"chr13"	41060995	41060996	3.3
"chr9"	24897645	24897646	95.9
"chr4"	61945112	61945113	40.4
"chr8"	65997399	65997400	96.5
"chr2"	38723087	38723088	3.4
"chr2"	198546226	198546227	8.7
"chr13"	32571313	32571314	95.2
"chr22"	41451019	41451020	96.4
"chr1"	52054990	52054991	3.6
"chr13"	18726106	18726107	85.8
"chr2"	7225763	7225764	18.3
"chr14"	61342142	61342143	8.1
"chr8"	10088554	10088555	76.9
"chr7"	72972966	72972967	94.2
"chr17"	28645724	28645725	2.7
"chr17"	45829812	45829813	94.8
"chr17"	1288470	1288471	68.9
"chr11"	57476972	57476973	3.1
"chr7"	72893755	72893756	96.3
"chr15"	32365233	32365234	42.7
"chr1"	179847052	179847053	94.6
"chr13"	98042707	98042708	95.7
"chr2"	191196926	191196927	96.7
"chr12"	18900357	18900358	4.1
"chr16"	9622920	9622921	96
"chr16"	20041479	20041480	58.2
"chrX"	145437348	145437349	42.7
"chr6"	138439754	138439755	94.5
"chr14"	92912071	92912072	95.6
"chr2"	46520707	46520708	75.1
"chr8"	8593515	8593516	96.2
"chr18"	50713698	50713699	96.4
"chr8"	17323039	17323040	95.9
"chr13"	82460836	82460837	24
"chr17"	81805238	81805239	4.1
"chr13"	108947184	108947185	95.5
"chr9"	127787283	127787284	57.7
"chr21"	32096137	32096138	4.4
"chr3"	19625427	19625428	93.3
"chr17"	23358992	23358993	4.3
"chr7"	102006317	102006318	95.9
"chr15"	35037632	35037633	88.2
"chr16"	24581	24582	95.5
"chr2"	81561609	81561610	63.3
"chr14"	92363785	92363786	96.8
"chr22"	23731561	23731562	82.2
"chrX"	2398874	2398875	97.2
"chr14"	19267053	19267054	97
"chr7"	18219899	18219900	17.7
"chr11"	62084960	62084961	86.7
"chr7"	1386472	1386473	11.3
"chr6"	114495579	114495580	17.8
"chr16"	19092283	19092284	84.8
"chrX"	101094704	101094705	96
"chr13"	114323419	114323420	95.8
"chr4"	154981139	154981140	94.7
"chr14"	99176418	99176419	96.5
"chr19"	40273039	40273040	92.2
"chr9"	92032791	92032792	96.4
"chr22"	29689895	29689896	68.9
"chr12"	27766664	27766665	95.4
"chr4"	169199268	169199269	11.2
"chr2"	49817611	49817612	96.2
"chr18"	9060595	9060596	96.6
"chr10"	57008631	57008632	62.8
"chr4"	49528163	49528164	21.6
"chr6"	118470087	118470088	85.8
"chr2"	111657542	111657543	63
"chr4"	184070912	184070913	6.6
"chr13"	36605056	36605057	12.5
"chr11"	118745542	118745543	5.8
"chr1"	34286079	34286080	82
"chr9"	12898114	12898115	96.5
"chr12"	24568182	24568183	96.7
"chr6"	4660121	4660122	95.9
"chr11"	86068926	86068927	3.9
"chr14"	104864926	104864927	4.7
"chr7"	146143702	146143703	81.1
"chr1"	119248131	119248132	94.1
"chr7"	92182746	92182747	16.2
"chr11"	968788	968789	96.5
"chr1"	21247695	21247696	97.3
"chr5"	56815907	56815908	2.8
"chr15"	45034861	45034862	96.3
"chrX"	11366585	11366586	96.6
"chr2"	135919238	135919239	96.5
"chr12"	115760413	115760414	94.6
"chr3"	4478237	4478238	93.7
"chr14"	64396453	64396454	96
"chr6"	158817831	158817832	4.4
"chr17"	40363392	40363393	2.8
"chr17"	55710768	55710769	94.8
"chr6"	98976060	98976061	59.9
"chr2"	240381396	240381397	25.4
"chr20"	36578820	36578821	96.4
"chr1"	220586216	220586217	70.1
"chr3"	146526130	146526131	95
"chr7"	99143960	99143961	3
"chr8"	110598153	110598154	33.1
"chr18"	11836313	11836314	95.2
"chr5"	149638014	149638015	96.2
"chr18"	26090201	26090202	3.6
"chr14"	102438153	102438154	4.6
"chr12"	13563341	13563342	94.7
"chr6"	122124200	122124201	31.1
"chr2"	80741829	80741830	73.2
"chr6"	18154934	18154935	5.7
"chr8"	73009197	73009198	3.2
"chr1"	53933226	53933227	96.6
"chrX"	72207348	72207349	89.2
"chr1"	4790514	4790515	96.1
"chr4"	22183632	22183633	50.9
"chr4"	173665443	173665444	92.6
"chr6"	4181099	4181100	95.2
"chr10"	32099025	32099026	5.5
"chr5"	14305515	14305516	92.2
"chr3"	14241128	14241129	92.3
"chr17"	20192213	20192214	95.3
"chr12"	1798620	1798621	85.7
"chr5"	169244750	169244751	66.3
"chr18"	58014025	58014026	10.1
"chr7"	157565237	157565238	90.5
"chr15"	43317677	43317678	5
"chr3"	31402270	31402271	23.6
"chr10"	72913464	72913465	94.5
"chr6"	64905508	64905509	78.7
"chr10"	70478743	70478744	3.4
"chr16"	29900674	29900675	2.9
"chr8"	16232284	16232285	47.8
"chr10"	14954425	14954426	4.5
"chr4"	20294637	20294638	90.9
"chr5"	138736650	138736651	96.8
"chr19"	43612113	43612114	89.3
"chr6"	6413042	6413043	95.2
"chr2"	118874267	118874268	5
"chr5"	70065463	70065464	93.2
"chr1"	2205543	2205544	4.3
"chr10"	1578312	1578313	90.9
"chr2"	96566189	96566190	96.4
"chr2"	127544160	127544161	96.5
"chr2"	113599377	113599378	44.3
"chr16"	86532158	86532159	96.6
"chr15"	41456442	41456443	96.6
"chrX"	82535585	82535586	83.2
"chr17"	28250992	28250993	97.3
"chr2"	163239806	163239807	32.9
"chr1"	180954385	180954386	2.8
"chr8"	141021201	141021202	91.7
"chr1"	112708359	112708360	96.1
"chr2"	209287995	209287996	95.1
"chr7"	92728906	92728907	96.7
"chr2"	37121256	37121257	97
"chr2"	206419626	206419627	84.3
"chr10"	1625362	1625363	96.9
"chr16"	83592017	83592018	88.6
"chr14"	77440706	77440707	95.8
"chr19"	2742439	2742440	96
"chr7"	69322522	69322523	86
"chr1"	68320923	68320924	92.2
"chr16"	5619569	5619570	94.8
"chr11"	107981509	107981510	96.8
"chr13"	98155306	98155307	96.4
"chr13"	65926703	65926704	96.3
"chr1"	6242005	6242006	3.2
"chr19"	8606005	8606006	36.5
"chr7"	158722856	158722857	59
"chr20"	34996558	34996559	93.9
"chr20"	63873909	63873910	96.2
"chr14"	80749209	80749210	88.8
"chr17"	13387929	13387930	95.8
"chr5"	174373627	174373628	57
"chr13"	45471876	45471877	96.2
"chr16"	1324049	1324050	96.1
"chr9"	28768303	28768304	6.9
"chr1"	149608579	149608580	3
"chr4"	126913298	126913299	8.8
"chrX"	48541794	48541795	83.9
"chr18"	77404036	77404037	89.6
"chr1"	161802057	161802058	97.5
"chr11"	34149954	34149955	92
"chr9"	115292377	115292378	50.3
"chr4"	45742226	45742227	29
"chr2"	120343150	120343151	23.4
"chr12"	116102865	116102866	87.8
"chr18"	2303096	2303097	94.2
"chrX"	41024963	41024964	94.2
"chr3"	86377122	86377123	6.5
"chr7"	47602378	47602379	19.8
"chr19"	58470985	58470986	96.2
"chrX"	21533940	21533941	96.5
"chr18"	65790024	65790025	89.2
"chr11"	132824042	132824043	66.6
"chr5"	179703467	179703468	94
"chr14"	35579521	35579522	95.8
"chr3"	93968579	93968580	63.1
"chr4"	49877657	49877658	58.3
"chr15"	97746014	97746015	96.6
"chr12"	121800514	121800515	3.1
"chr13"	37219746	37219747	6.3
"chr2"	74351506	74351507	52.7
"chr9"	138147477	138147478	51.5
"chr3"	60040364	60040365	94.6
"chr7"	50559328	50559329	50.1
"chr2"	112440411	112440412	88.2
"chr9"	75544549	75544550	65.3
"chr19"	38131724	38131725	50.8
"chr1"	231803675	231803676	90.5
"chr6"	148304801	148304802	94.5
"chr4"	168787377	168787378	95.3
"chr2"	165125551	165125552	93.7
"chr5"	118568237	118568238	47.9
"chr2"	190985164	190985165	95.7
"chr9"	12977674	12977675	96.2
"chr9"	17794134	17794135	80.7
"chr1"	40100291	40100292	95.8
"chr4"	158419690	158419691	15.1
"chr7"	111659987	111659988	89.1
"chr3"	157030548	157030549	95.5
"chr10"	124950901	124950902	90.5
"chr3"	128064926	128064927	96.3
"chr20"	32436517	32436518	93.9
"chr4"	14872209	14872210	48.4
"chr9"	108450795	108450796	79.2
"chr6"	79176171	79176172	32.1
"chr13"	40927257	40927258	94.4
"chrX"	118529223	118529224	96.3
"chr6"	28834427	28834428	55.2
"chr12"	124867311	124867312	96.1
"chr13"	113051318	113051319	96.3
"chr13"	33820028	33820029	95.3
"chr14"	56333050	56333051	75.5
"chr3"	51047839	51047840	88.7
"chr2"	108990431	108990432	95.6
"chr2"	158800397	158800398	15.2
"chr16"	27589351	27589352	95.6
"chr8"	61972778	61972779	11.7
"chr20"	47752620	47752621	71.6
"chr10"	2108020	2108021	48.8
"chr16"	28891665	28891666	69.5
"chr18"	19514046	19514047	80
"chr19"	30151354	30151355	81.1
"chr10"	3885959	3885960	96.8
"chr4"	3074278	3074279	2.9
"chr8"	55024282	55024283	58.4
"chrX"	154466132	154466133	96.7
"chr16"	14825479	14825480	95.4
"chr6"	154202883	154202884	96
"chr19"	49167022	49167023	76.8
"chr11"	52258732	52258733	44.5
"chr2"	66581627	66581628	2.7
"chr10"	73698824	73698825	96.8
"chr15"	21845122	21845123	25.3
"chrX"	34898706	34898707	12.6
"chr8"	5268492	5268493	43.1
"chr7"	99915705	99915706	97
"chr14"	103434295	103434296	96.5
"chrY"	10821253	10821254	2.5
"chr15"	100161322	100161323	54.7
"chr7"	99011736	99011737	95.9
"chr5"	26355856	26355857	6.1
"chr12"	107776065	107776066	2.8
"chr11"	8936884	8936885	62.8
"chr10"	63533769	63533770	97.2
"chr11"	73838860	73838861	96.7
"chr3"	195909743	195909744	3.3
"chr12"	105390755	105390756	96.6
"chr1"	179130099	179130100	96.1
"chrX"	72090038	72090039	52
"chr17"	66362999	66363000	96.9
"chr16"	127854	127855	96.1
"chr7"	66320315	66320316	95.5
"chr14"	61400152	61400153	13
"chr10"	110283407	110283408	92.7
"chr16"	20733726	20733727	91.2
"chr6"	31632126	31632127	95.6
"chr1"	236640439	236640440	60.7
"chr6"	142288770	142288771	38.2
"chr1"	36728733	36728734	55.9
"chr20"	42486934	42486935	86.2
"chr12"	119702610	119702611	93.6
"chr19"	14841528	14841529	96.3
"chr11"	55091780	55091781	83.5
"chr3"	24058284	24058285	68.2
"chr1"	15860550	15860551	91.5
"chr9"	136693811	136693812	45.3
"chr20"	47463156	47463157	97.1
"chr17"	23609365	23609366	35.5
"chr8"	130695192	130695193	96.1
"chr7"	141005477	141005478	96.8
"chr21"	33333683	33333684	96.4
"chr2"	81472072	81472073	20.5
"chr8"	58664762	58664763	96.1
"chr21"	34897744	34897745	94.5
"chr20"	62811508	62811509	95.8
"chr12"	111468823	111468824	95.4
"chr13"	44531049	44531050	87.4
"chr12"	124834596	124834597	95.9
"chr19"	19262046	19262047	4.5
"chr14"	99140912	99140913	78.4
"chr21"	9835862	9835863	58
"chr1"	112715498	112715499	6.7
"chr6"	3253637	3253638	96
"chr6"	86979957	86979958	82.9
"chr4"	6471261	6471262	6
"chr14"	104880356	104880357	30.8
"chr3"	125546217	125546218	95.4
"chr17"	45364264	45364265	95.9
"chrX"	120654330	120654331	63
"chr18"	43541152	43541153	46.8
"chr4"	49912178	49912179	61.1
"chr14"	52360503	52360504	83
"chr16"	57261072	57261073	94.5
"chr6"	136211956	136211957	83.9
"chr16"	1735715	1735716	95.7
"chr15"	43031848	43031849	96.7
"chr1"	192656699	192656700	95.9
"chr8"	94637091	94637092	47.1
"chr11"	13180971	13180972	91.1
"chr1"	16080812	16080813	74.8
"chr22"	42752060	42752061	2.9
"chr2"	144180196	144180197	96.8
"chr1"	7216107	7216108	61.6
"chr17"	18122256	18122257	74.2
"chr11"	96781776	96781777	55.1
"chr12"	3815854	3815855	63.4
"chr6"	23698101	23698102	61.3
"chr17"	4173372	4173373	96.1
"chr13"	31952885	31952886	96.2
"chr14"	37789481	37789482	96.8
"chr5"	33911797	33911798	91.4
"chr2"	163675326	163675327	15.2
"chr14"	80439797	80439798	31.2
"chr7"	157023111	157023112	4
"chr2"	73811087	73811088	96.5
"chr20"	7094025	7094026	92.5
"chr2"	148842434	148842435	3.5
"chr16"	11001845	11001846	96.5
"chr1"	106013196	106013197	4.7
"chrX"	74376477	74376478	83.8
"chr10"	122723665	122723666	90.5
"chr2"	144428508	144428509	94.8
"chr15"	101333840	101333841	96.4
"chr17"	33528109	33528110	59.7
"chr2"	61346762	61346763	96.6
"chr6"	83394004	83394005	30.8
"chr2"	145623690	145623691	94.3
"chr9"	135612296	135612297	7.3
"chr19"	11444684	11444685	95.6
"chr19"	16706585	16706586	68.9
"chrY"	23943490	23943491	93.6
"chr3"	14861236	14861237	71.9
"chr6"	144511504	144511505	98
"chr1"	160749676	160749677	97
"chr7"	76506391	76506392	49.9
"chr11"	73441277	73441278	96.2
"chr19"	4125494	4125495	95.4
"chr2"	6917731	6917732	3.7
"chr16"	24831610	24831611	95.4
"chr1"	201459436	201459437	43
"chr1"	120117160	120117161	95
"chr2"	180397366	180397367	89.7
"chr19"	48111908	48111909	96.7
"chr19"	38746135	38746136	96.5
"chr21"	45470934	45470935	4.7
"chr19"	32096629	32096630	6.1
"chr8"	139317430	139317431	49.9
"chr4"	74786513	74786514	93.3
"chr1"	39438176	39438177	94.3
"chr19"	55193811	55193812	88.4
"chr6"	153925174	153925175	31.7
"chr12"	20208011	20208012	95.5
"chr19"	4988435	4988436	96
"chrX"	46397432	46397433	93.4
"chr1"	124821112	124821113	6.3
"chr13"	44632103	44632104	91.7
"chr16"	15631116	15631117	96.9
"chr19"	46493591	46493592	3.2
"chr2"	160137917	160137918	91.4
"chr5"	145513751	145513752	38
"chr7"	142751438	142751439	3.6
"chr14"	47332798	47332799	45.2
"chr12"	105032166	105032167	92
"chr14"	98290927	98290928	67.9
"chr15"	26753233	26753234	90.6
"chr16"	80986272	80986273	43.4
"chr22"	38129138	38129139	95.6
"chr2"	236358722	236358723	93.7
"chr16"	2690661	2690662	85.4
"chr19"	5076175	5076176	93
"chr4"	59502659	59502660	21.9
"chr1"	44785044	44785045	95.9
"chr2"	56846560	56846561	20.8
"chr12"	107430593	107430594	90.4
"chr15"	67160642	67160643	95.2
"chr13"	79061302	79061303	87.1
"chrX"	107422176	107422177	97.6
"chr19"	13733612	13733613	96.5
"chr11"	131911165	131911166	3.7
"chr15"	80600603	80600604	91.3
"chr17"	78259669	78259670	55.5
"chr18"	32900029	32900030	8.9
"chr9"	123381696	123381697	94.6
"chr7"	77331765	77331766	5.9
"chr10"	13691575	13691576	96.3
"chr11"	111602636	111602637	3.1
"chr20"	11098765	11098766	45.7
"chr18"	12633462	12633463	96.3
"chr3"	100618691	100618692	82.4
"chr9"	81689525	81689526	3.1
"chr8"	123173308	123173309	90.7
"chr16"	75198943	75198944	72.9
"chrX"	6051950	6051951	95.4
"chr4"	103198205	103198206	3.1
"chr12"	110405164	110405165	96
"chr2"	233625347	233625348	63.9
"chr16"	84812582	84812583	82.6
"chrX"	35750830	35750831	5.1
"chr5"	149550686	149550687	3.5
"chr8"	16798806	16798807	75.7
"chr20"	29873799	29873800	49.1
"chr8"	142196497	142196498	79.3
"chr9"	96788105	96788106	95.9
"chr1"	155139200	155139201	97.1
"chr4"	131348926	131348927	90.2
"chr7"	31294567	31294568	31.9
"chr5"	87073789	87073790	94.7
"chr10"	49246939	49246940	82.8
"chr2"	109104052	109104053	95.6
"chr3"	189381193	189381194	96.5
"chr3"	50697634	50697635	95.2
"chr10"	72293078	72293079	92.3
"chr11"	321323	321324	95.4
"chr13"	55497188	55497189	77.8
"chr11"	5325985	5325986	51.2
"chrX"	112165127	112165128	96.2
"chr2"	128780391	128780392	35.5
"chr7"	39428880	39428881	91.2
"chr21"	38972399	38972400	96.7
"chr8"	86148083	86148084	41
"chr4"	24357551	24357552	95.8
"chr4"	123023848	123023849	95.5
"chr15"	32433600	32433601	95.5
"chr8"	72828734	72828735	92.9
"chrX"	55680997	55680998	95.7
"chr9"	128287430	128287431	92.9
"chr8"	10230869	10230870	55.6
"chr17"	3884994	3884995	94.4
"chr10"	119978161	119978162	96.4
"chr7"	128197109	128197110	9
"chr2"	33621907	33621908	94.6
"chr16"	67496864	67496865	95.7
"chr3"	107342151	107342152	36.1
"chr7"	158426966	158426967	93.4
"chr1"	96780490	96780491	97.2
"chr4"	45924558	45924559	68.3
"chr8"	144610665	144610666	95.4
"chr3"	155862657	155862658	93.6
"chr12"	129003418	129003419	87.9
"chr7"	152478524	152478525	93.4
"chr2"	132576319	132576320	63.3
"chr10"	108642820	108642821	29.8
"chr5"	94752013	94752014	95.4
"chr22"	48418537	48418538	94.9
"chr5"	179732938	179732939	3.1
"chr18"	62679331	62679332	44
"chr10"	69229389	69229390	4.4
"chr21"	37284496	37284497	68.5
"chr18"	78557230	78557231	72.7
"chr5"	93655917	93655918	41.4
"chr5"	177116960	177116961	4.6
"chr17"	2767128	2767129	78.2
"chr6"	18075532	18075533	79.1
"chr15"	44140814	44140815	83.3
"chr6"	164338855	164338856	95.4
"chr2"	171790892	171790893	96
"chr6"	10514999	10515000	90.1
"chr3"	122576116	122576117	2.9
"chr4"	151981365	151981366	95.6
"chr3"	17834942	17834943	90.2
"chr2"	181954792	181954793	3.5
"chr4"	56963615	56963616	96.2
"chr2"	225744135	225744136	96.6
"chr21"	13421807	13421808	67.1
"chr7"	100108099	100108100	96.9
"chr1"	84892957	84892958	2.6
"chr11"	21656471	21656472	67.1
"chr1"	238309606	238309607	4
"chr13"	45426146	45426147	94
"chr10"	64528028	64528029	53.2
"chrX"	133608243	133608244	77
"chr7"	154703890	154703891	88.1
"chr13"	63536632	63536633	40.8
"chr1"	7177873	7177874	91.4
"chr15"	18832146	18832147	45
"chr11"	7365249	7365250	93
"chr8"	54415077	54415078	67.4
"chr15"	61025809	61025810	72.6
"chr2"	200868847	200868848	51
"chr1"	28724240	28724241	92.6
"chr1"	94918411	94918412	93.1
"chr3"	23928716	23928717	3.4
"chr7"	73510154	73510155	94.8
"chr22"	39388700	39388701	11.1
"chr19"	50375652	50375653	96.4
"chr10"	7819207	7819208	4.9
"chr1"	180616046	180616047	94.7
"chr1"	203791130	203791131	96.6
"chr8"	50522970	50522971	9.9
"chr15"	100124477	100124478	76.5
"chr5"	141899783	141899784	6.3
"chr20"	51172341	51172342	10.2
"chr11"	34411167	34411168	52.8
"chr9"	132618953	132618954	96.3
"chr9"	124405102	124405103	92.9
"chr10"	100049450	100049451	92.5
"chr14"	79868429	79868430	37.6
"chr2"	20208040	20208041	92.7
"chr15"	24325163	24325164	48.6
"chr7"	99227413	99227414	84.6
"chr4"	108556186	108556187	88
"chr4"	13427940	13427941	93.6
"chr6"	32942013	32942014	21.4
"chr13"	41458464	41458465	3.3
"chr13"	66717182	66717183	95.3
"chr14"	61108750	61108751	79
"chr19"	38561396	38561397	95.9
"chr11"	29974507	29974508	94.5
"chr19"	1267049	1267050	3.1
"chr16"	30502122	30502123	97.1
"chr3"	154122056	154122057	4.4
"chrX"	24883772	24883773	85.5
"chr4"	87269456	87269457	6.4
"chr21"	45056466	45056467	84.9
"chr9"	129819221	129819222	96.9
"chr19"	50638075	50638076	33.7
"chr9"	8359023	8359024	96.2
"chr17"	36632966	36632967	52.7
"chr2"	222446792	222446793	95.8
"chr13"	35414277	35414278	70.7
"chr12"	119852401	119852402	95.9
"chr3"	109254283	109254284	3.9
"chr9"	88420242	88420243	92.6
"chr16"	3173163	3173164	95.6
"chr7"	108003085	108003086	3.4
"chr14"	34029477	34029478	96.4
"chr1"	113046371	113046372	95.4
"chr4"	141531601	141531602	96.6
"chr16"	70655075	70655076	96.8
"chr4"	19405450	19405451	56.2
"chr14"	92969290	92969291	95
"chr12"	128789744	128789745	22.9
"chr4"	77221296	77221297	82.8
"chr17"	4972263	4972264	96.4
"chr2"	2122038	2122039	94.9
"chr9"	89148230	89148231	96.6
"chr3"	29685150	29685151	95.9
"chr7"	100315900	100315901	95.7
"chr12"	12908989	12908990	65.1
"chr19"	13523203	13523204	85.5
"chr3"	151442054	151442055	92
"chr3"	19032378	19032379	61.7
"chr8"	78775136	78775137	96.8
"chr13"	87874309	87874310	2.8
"chr6"	142926850	142926851	3.7
"chr7"	142339588	142339589	53.4
"chr2"	9579419	9579420	93.7
"chrX"	1392847	1392848	3.6
"chr10"	72890127	72890128	96.3
"chr11"	108536833	108536834	85.3
"chr12"	120731890	120731891	96.5
"chrX"	147435707	147435708	82.5
"chr11"	116748429	116748430	96.7
"chr8"	103298850	103298851	3.2
"chr2"	121223727	121223728	74.1
"chr3"	6006570	6006571	27.4
"chr7"	156219897	156219898	95.4
"chr7"	152701167	152701168	95.5
"chr7"	56370568	56370569	51.4
"chr1"	200389478	200389479	96.9
"chr1"	206579040	206579041	91.5
"chr18"	14370218	14370219	64.9
"chr15"	87881955	87881956	96.9
"chr18"	3525416	3525417	97
"chr3"	175658288	175658289	95.6
"chrX"	154210409	154210410	54.4
"chr21"	27638194	27638195	93.8
"chr17"	29380575	29380576	95.5
"chr11"	3133141	3133142	52
"chr5"	173926876	173926877	93.9
"chr19"	35797503	35797504	26.5
"chr5"	8062357	8062358	6.4
"chr16"	30963922	30963923	89.1
"chr20"	63495302	63495303	86.9
"chr18"	78317342	78317343	60.1
"chr6"	18657407	18657408	81.2
"chr15"	55995721	55995722	96.6
"chr5"	88781745	88781746	88
"chr1"	152193981	152193982	67.9
"chr2"	144222300	144222301	96.8
"chr5"	67381014	67381015	94.3
"chr2"	171892414	171892415	96
"chr16"	4710600	4710601	96.1
"chr9"	135007355	135007356	57.5
"chr3"	136864560	136864561	96
"chr7"	79230548	79230549	86.9
"chr22"	46268112	46268113	3.9
"chr12"	93065563	93065564	76.6
"chr17"	64340871	64340872	96.1
"chr14"	31338881	31338882	96.5
"chr7"	107950085	107950086	96.6
"chr19"	20693248	20693249	63.5
"chr10"	119620948	119620949	93.9
"chr21"	26489234	26489235	34.4
"chr12"	4637278	4637279	95.4
"chr21"	32318469	32318470	96.9
"chr16"	84056426	84056427	95.5
"chr1"	61054755	61054756	97.1
"chr13"	52225657	52225658	59.1
"chr5"	113625506	113625507	90
"chrX"	36406567	36406568	28.5
"chr11"	92487112	92487113	35.2
"chr11"	116837800	116837801	63.2
"chr12"	101495427	101495428	53.1
"chr4"	28909554	28909555	62.1
"chr3"	26438815	26438816	3.3
"chr3"	148199165	148199166	82
"chr1"	162103259	162103260	5.6
"chr3"	77835086	77835087	5.2
"chr16"	49876323	49876324	5.3
"chr17"	76550506	76550507	93.4
"chr10"	89938021	89938022	92.2
"chr22"	36173302	36173303	95.4
"chr12"	122616555	122616556	92.5
"chr7"	124834677	124834678	94.4
"chr3"	73960414	73960415	32.6
"chr10"	123952284	123952285	49.3
"chr6"	107085854	107085855	96.7
"chr2"	26562662	26562663	4
"chr6"	159170270	159170271	4.1
"chr10"	12322986	12322987	64
"chr3"	143239697	143239698	84.1
"chr6"	166510796	166510797	70
"chrX"	1651685	1651686	87.8
"chr3"	110410374	110410375	3.6
"chr1"	154924876	154924877	91.2
"chr10"	57599454	57599455	93.7
"chr2"	152884834	152884835	49.3
"chr13"	46323937	46323938	95.5
"chr15"	101375243	101375244	95.5
"chr10"	65323963	65323964	60.6
"chr8"	140743441	140743442	95.7
"chr18"	67163405	67163406	94.9
"chr17"	74825022	74825023	66.6
"chr1"	208071417	208071418	47.4
"chr7"	27455770	27455771	91.4
"chr1"	235719174	235719175	96.5
"chr17"	41811671	41811672	3.5
"chr12"	58040426	58040427	74.4
"chr2"	235736114	235736115	96
"chr19"	34451695	34451696	92.5
"chr4"	175337473	175337474	93.9
"chr15"	56743704	56743705	89.2
"chrX"	143909334	143909335	88.5
"chr4"	120629639	120629640	43.9
"chr22"	42430927	42430928	78.9
"chrX"	45902901	45902902	72.4
"chr12"	8059350	8059351	95.8
"chr5"	124556137	124556138	94.5
"chr11"	319747	319748	7.5
"chr9"	114330548	114330549	67.8
"chr9"	1907318	1907319	96
"chr2"	215149217	215149218	93.2
"chr20"	37165920	37165921	86.7
"chr1"	31298529	31298530	94.8
"chr15"	28343123	28343124	3.4
"chr1"	98986365	98986366	32.3
"chr4"	75274719	75274720	86.2
"chr2"	54521995	54521996	93.6
"chr7"	84248121	84248122	96.8
"chr15"	100316991	100316992	56.6
"chr3"	82073897	82073898	4.3
"chrX"	14243980	14243981	94.7
"chrX"	71000988	71000989	94.4
"chr21"	42670418	42670419	4.3
"chrX"	105953050	105953051	42.8
"chr14"	88538223	88538224	97.5
"chr3"	184406939	184406940	96.7
"chr16"	13993640	13993641	54.5
"chr19"	48158158	48158159	89.3
"chr2"	40651451	40651452	54.1
"chr15"	85842784	85842785	96.5
"chr8"	26576987	26576988	3.3
"chr17"	27463336	27463337	3.3
"chr5"	135640977	135640978	86.1
"chr5"	42944675	42944676	95.1
"chr9"	124483957	124483958	48.6
"chr12"	5789549	5789550	93.2
"chr16"	61020824	61020825	18.1
"chr9"	38737479	38737480	5
"chr13"	23819036	23819037	94.8
"chr16"	49355509	49355510	54.5
"chr3"	75786006	75786007	36.5
"chrX"	272436	272437	67.5
"chr17"	22902376	22902377	76
"chr7"	819768	819769	96.4
"chr18"	59718269	59718270	81.9
"chr7"	108660460	108660461	86.3
"chr8"	65328102	65328103	5.8
"chr6"	158540872	158540873	96.4
"chr14"	71327226	71327227	96.8
"chr15"	61379865	61379866	73.2
"chr12"	102566121	102566122	70.8
"chr19"	50719786	50719787	69.4
"chr4"	120303563	120303564	88.8
"chrX"	52629412	52629413	94.8
"chr2"	71052759	71052760	92.8
"chr8"	9004617	9004618	49.9
"chr16"	61205324	61205325	3.3
"chr1"	34340325	34340326	89.6
"chr12"	104950588	104950589	78
"chr6"	55970481	55970482	89.2
"chrX"	32843058	32843059	89.9
"chr19"	3465710	3465711	95.8
"chrX"	104564894	104564895	93.7
"chr14"	65538313	65538314	95.6
"chrY"	11110630	11110631	50
"chr8"	122791347	122791348	95
"chr16"	54777329	54777330	66.6
"chr13"	94669790	94669791	96.3
"chr14"	100021113	100021114	31.1
"chr17"	75031849	75031850	96.2
"chr11"	123326536	123326537	94.8
"chr16"	11394603	11394604	94.5
"chr14"	104631092	104631093	55.5
"chr1"	92651722	92651723	96.5
"chr1"	228424151	228424152	94.8
"chr15"	34396925	34396926	94.3
"chr3"	123695919	123695920	20.8
"chr13"	60875947	60875948	72.4
"chr9"	137583457	137583458	73.2
"chr10"	92923832	92923833	57.7
"chr8"	107261658	107261659	93
"chr5"	154190077	154190078	3.1
"chr1"	119242550	119242551	97.3
"chr9"	11113113	11113114	94.4
"chr4"	141736931	141736932	95.4
"chr2"	107341181	107341182	94.5
"chr12"	36906399	36906400	60.2
"chr3"	55157597	55157598	91.4
"chr19"	29475667	29475668	44.2
"chr22"	44305608	44305609	73.2
"chr13"	52897996	52897997	96
"chr3"	34728017	34728018	89.2
"chr10"	81308456	81308457	88.2
"chr17"	58754425	58754426	96.7
"chr13"	95216335	95216336	97.2
"chr16"	81140102	81140103	94.7
"chr22"	29481666	29481667	21.9
"chrY"	19498587	19498588	60.8
"chr1"	161465294	161465295	32.1
"chr6"	118732287	118732288	39.5
"chr12"	1616274	1616275	94
"chr2"	159512536	159512537	97.1
"chr1"	159754779	159754780	93.5
"chr19"	51412193	51412194	97.1
"chr6"	166488016	166488017	5
"chr5"	140157330	140157331	12.4
"chr12"	128031142	128031143	95.5
"chr22"	39649383	39649384	96.6
"chr9"	20081190	20081191	93.4
"chr15"	60785075	60785076	72.8
"chr14"	91414884	91414885	64.3
"chr9"	34285354	34285355	89.9
"chr1"	22103953	22103954	71.4
"chr17"	50468821	50468822	3.7
"chr14"	69260641	69260642	3.8
"chr12"	48426711	48426712	6
"chr5"	152819770	152819771	95.4
"chr2"	141338626	141338627	72.7
"chr9"	128082870	128082871	5.8
"chr9"	2749087	2749088	96.8
"chr10"	132198691	132198692	67.8
"chr14"	52686107	52686108	96.7
"chr12"	123619545	123619546	89.6
"chr21"	17760350	17760351	3.3
"chrX"	7619315	7619316	83.3
"chr7"	102311873	102311874	94.8
"chr3"	38064612	38064613	96.3
"chr17"	5447479	5447480	94.6
"chr7"	71145615	71145616	25.9
"chr3"	28526876	28526877	67.2
"chr6"	168137907	168137908	59.4
"chr17"	3826505	3826506	97
"chr22"	39521024	39521025	2.4
"chr9"	24909552	24909553	45.5
"chr11"	115220569	115220570	95.9
"chr10"	83744469	83744470	5.2
"chr6"	70414416	70414417	2.7
"chr11"	66523513	66523514	96.1
"chr1"	33402885	33402886	97.3
"chr12"	38450766	38450767	61.4
"chr3"	156744104	156744105	96.1
"chr15"	83201313	83201314	65
"chr3"	78442031	78442032	4.6
"chr6"	150330874	150330875	10.9
"chr9"	131082113	131082114	67.3
"chr22"	23751395	23751396	3.2
"chr10"	73927882	73927883	96.4
"chr16"	72166278	72166279	92.5
"chr19"	31394167	31394168	43.1
"chr19"	9496912	9496913	88.4
"chrX"	36910027	36910028	79.2
"chr16"	79800213	79800214	57.6
"chr13"	38686775	38686776	3.2
"chr14"	75925268	75925269	95
"chr2"	149282555	149282556	80.3
"chr10"	45828947	45828948	96.1
"chr10"	38472078	38472079	53.6
"chr7"	141765306	141765307	96.4
"chr8"	23402833	23402834	3.7
"chr18"	12266852	12266853	50.9
"chr6"	6596584	6596585	95.6
"chr19"	3395025	3395026	96.4
"chr7"	52017035	52017036	94.4
"chr3"	121561842	121561843	62.1
"chrX"	3114416	3114417	90
"chr8"	143408425	143408426	97.1
"chr2"	169762754	169762755	96
"chr21"	26104031	26104032	87.2
"chr8"	11790954	11790955	94.4
"chr5"	94538476	94538477	39.3
"chr4"	183818672	183818673	96.2
"chr3"	97508474	97508475	86.3
"chr14"	101998225	101998226	97.2
"chr6"	32169318	32169319	97
"chr2"	105403628	105403629	29.1
"chr1"	45232246	45232247	5.5
"chr10"	133760882	133760883	44.6
"chr3"	183427764	183427765	5.5
"chr22"	50267270	50267271	68.1
"chr16"	77179415	77179416	96.9
"chr4"	143340870	143340871	76.2
"chr19"	54943492	54943493	95.7
"chr1"	14919435	14919436	96.3
"chr11"	126342853	126342854	95.6
"chrY"	11740452	11740453	54.2
"chr19"	3201939	3201940	95.7
"chr20"	26502265	26502266	33.9
"chr17"	58512388	58512389	96.2
"chr9"	124225239	124225240	91.7
"chr5"	148054287	148054288	71.6
"chr17"	9253055	9253056	94.1
"chr3"	197339692	197339693	96.3
"chr7"	120702353	120702354	58.6
"chr4"	9350406	9350407	89.8
"chr4"	24593202	24593203	90.5
"chr22"	48838892	48838893	17.1
"chr17"	836935	836936	96.8
"chr17"	77229344	77229345	96
"chr1"	117567879	117567880	91.1
"chr6"	136699921	136699922	97
"chr9"	36219375	36219376	96.2
"chr5"	17625685	17625686	68.3
"chr12"	115578219	115578220	93.1
"chr18"	57147305	57147306	97.1
"chr2"	6790635	6790636	84
"chr14"	48009421	48009422	4.8
"chr1"	8383641	8383642	94.1
"chr18"	2465715	2465716	32.2
"chr8"	101478906	101478907	94.9
"chr14"	72615336	72615337	94.8
"chr4"	187135572	187135573	15.6
"chr15"	25444712	25444713	97
"chr13"	100733926	100733927	61.3
"chr2"	38587790	38587791	81.2
"chr17"	39450001	39450002	96.1
"chrX"	34968309	34968310	4.4
"chr11"	32232627	32232628	96.4
"chr3"	115820166	115820167	4.9
"chr7"	51953871	51953872	96.3
"chr12"	49101374	49101375	96.2
"chr5"	84373409	84373410	11.2
"chr12"	121356048	121356049	96.6
"chr11"	1652679	1652680	19
"chr5"	34656911	34656912	3
"chr11"	71194035	71194036	95.7
"chr22"	20117099	20117100	4
"chr2"	105314280	105314281	60.9
"chr6"	25731832	25731833	96.1
"chr3"	176361416	176361417	95.7
"chr6"	6799618	6799619	63.5
"chr2"	117347907	117347908	7.1
"chr8"	1159097	1159098	42
"chr7"	69018437	69018438	47.5
"chr19"	7977109	7977110	96.4
"chr10"	124556167	124556168	94.8
"chr12"	44879619	44879620	95.9
"chr2"	227696798	227696799	86.9
"chr1"	197845354	197845355	87.8
"chr13"	20567353	20567354	3.1
"chr8"	63097855	63097856	50.7
"chr6"	87676185	87676186	97
"chr2"	73130224	73130225	96.2
"chr13"	97813176	97813177	92.9
"chr3"	134702093	134702094	6.7
"chr1"	115820347	115820348	5.3
"chr3"	155551241	155551242	96.4
"chr7"	91586902	91586903	60.8
"chr7"	146376145	146376146	93.3
"chr1"	149833209	149833210	3.1
"chr15"	39393706	39393707	8.4
"chr1"	78358889	78358890	97
"chr1"	76269713	76269714	8
"chr19"	50207391	50207392	94.5
"chr2"	102006671	102006672	84.1
"chr5"	124521982	124521983	96.7
"chr5"	13562882	13562883	37.4
"chr5"	78534905	78534906	96.4
"chr5"	154958582	154958583	94.8
"chr18"	77088016	77088017	96.3
"chr5"	90642964	90642965	90.2
"chr13"	103006598	103006599	7.4
"chr8"	69656950	69656951	75.1
"chr13"	48246937	48246938	96.2
"chr11"	134490871	134490872	5.7
"chrX"	118580376	118580377	97
"chr21"	26802891	26802892	92
"chr2"	178531966	178531967	92
"chr17"	44353892	44353893	4.9
"chr15"	89333183	89333184	95.2
"chr1"	215940948	215940949	52.6
"chr20"	3874995	3874996	97.3
"chr21"	46674700	46674701	95.4
"chr14"	101370059	101370060	84.7
"chr3"	14338501	14338502	62.1
"chr20"	47751661	47751662	93.8
"chr5"	25037046	25037047	91.4
"chr10"	52523180	52523181	49.1
"chr8"	7261367	7261368	93.3
"chr13"	91480736	91480737	94.8
"chr1"	3424278	3424279	78.1
"chr12"	121572893	121572894	96.7
"chr11"	2269384	2269385	3.3
"chr17"	74244205	74244206	89.3
"chr19"	53468915	53468916	79.4
"chr19"	33119621	33119622	95.9
"chr6"	85796356	85796357	93.5
"chr10"	37162654	37162655	73.4
"chr12"	110127453	110127454	63.6
"chrX"	2531284	2531285	95.7
"chr9"	136504823	136504824	96.5
"chr17"	43778693	43778694	2.8
"chr1"	231616085	231616086	52.7
"chr20"	13145275	13145276	15.5
"chr1"	228283571	228283572	79.2
"chr10"	26284725	26284726	96.8
"chr9"	65967156	65967157	95.3
"chr4"	166414247	166414248	92.1
"chr8"	98553834	98553835	96.2
"chr4"	110127400	110127401	96.3
"chr10"	86367095	86367096	4
"chr4"	39891445	39891446	96.1
"chr9"	119634310	119634311	36.3
"chr6"	38567105	38567106	7.5
"chr2"	26031398	26031399	92.6
"chr13"	114122517	114122518	96.7
"chr8"	338882	338883	50.5
"chr22"	45711419	45711420	95.7
"chrX"	717506	717507	87.2
"chr4"	181046636	181046637	4.1
"chr7"	74527879	74527880	15.1
"chr7"	51645920	51645921	97
"chr16"	67864008	67864009	95.8
"chr15"	65028729	65028730	2.5
"chr2"	180892308	180892309	96.4
"chr8"	114322419	114322420	94.5
"chr1"	244282368	244282369	91.6
"chr11"	62545055	62545056	17.8
"chr4"	145255663	145255664	96.2
"chr1"	86107780	86107781	82.2
"chr7"	2089117	2089118	95.9
"chr15"	27836201	27836202	47.2
"chr14"	81624994	81624995	7.9
"chr18"	76446435	76446436	95.8
"chr10"	86953583	86953584	60.3
"chr5"	60857425	60857426	95.9
"chr7"	150787626	150787627	5.2
"chr8"	56211465	56211466	3.5
"chr7"	97598611	97598612	96.1
"chr13"	60192699	60192700	43.4
"chr18"	47150385	47150386	4.6
"chr7"	26417825	26417826	7.5
"chr4"	77001638	77001639	92.2
"chr21"	33128653	33128654	78
"chr12"	22495559	22495560	93
"chr2"	125525078	125525079	94.1
"chr6"	83261961	83261962	96.7
"chr12"	81962476	81962477	57
"chr10"	56380938	56380939	94.9
"chr7"	157429243	157429244	67.2
"chr17"	3783987	3783988	86.8
"chrX"	2938573	2938574	48.9
"chr9"	98182214	98182215	92.6
"chr22"	43661529	43661530	93.1
"chr10"	5191817	5191818	82.6
"chr3"	129867950	129867951	61.6
"chr7"	130651810	130651811	95.1
"chr16"	30098954	30098955	95.8
"chr7"	1457767	1457768	91.4
"chr9"	135262871	135262872	64.1
"chr16"	1084775	1084776	92.2
"chrX"	116266441	116266442	93.9
"chr4"	16282699	16282700	94.7
"chr21"	44863306	44863307	46.8
"chr13"	26134788	26134789	89.9
"chr10"	38942428	38942429	82.8
"chr5"	103531278	103531279	92.7
"chr17"	9147320	9147321	89.1
"chr2"	172649625	172649626	93.8
"chr5"	54518791	54518792	96.5
"chr12"	18812097	18812098	82.4
"chr9"	35740664	35740665	97.1
"chr21"	39466042	39466043	89.8
"chr15"	68045330	68045331	97.1
"chr12"	36797886	36797887	6.5
"chr6"	128263077	128263078	96.8
"chr18"	40649502	40649503	43
"chr1"	42957858	42957859	3.2
"chr16"	74726665	74726666	96.2
"chr1"	90035942	90035943	96.9
"chr8"	31601111	31601112	92.2
"chr7"	56958210	56958211	96.5
"chr4"	160913698	160913699	21.7
"chr5"	32209155	32209156	92
"chr1"	13685528	13685529	94.4
"chr17"	30470670	30470671	96.4
"chr18"	829149	829150	96.2
"chr16"	86531040	86531041	97.1
"chr12"	124042484	124042485	86.2
"chr20"	64022845	64022846	97.3
"chr11"	298620	298621	96.5
"chr12"	109572530	109572531	96.1
"chr8"	127951219	127951220	94.4
"chr17"	41742872	41742873	51
"chrX"	123732528	123732529	4.1
"chr1"	122794425	122794426	68.5
"chr22"	25402453	25402454	3.7
"chr2"	85160609	85160610	95.9
"chr2"	128663832	128663833	97.1
"chr3"	133070673	133070674	85.8
"chr1"	82722812	82722813	81.2
"chr10"	128046446	128046447	95.9
"chr1"	101180860	101180861	96.2
"chr17"	18349891	18349892	96.7
"chrY"	11331563	11331564	10
"chr20"	23244601	23244602	87.7
"chr9"	130793802	130793803	97.1
"chrX"	72690955	72690956	96
"chrX"	47219112	47219113	3.2
"chr6"	23300967	23300968	95.9
"chr15"	98923169	98923170	96.1
"chr3"	183260166	183260167	2.7
"chr11"	48887155	48887156	79.5
"chr5"	133514038	133514039	71.5
"chr17"	1274679	1274680	58.4
"chr10"	77456345	77456346	13.6
"chr3"	75364860	75364861	25.2
"chr8"	54042118	54042119	94.2
"chr5"	85542799	85542800	94.9
"chr7"	1451838	1451839	75.3
"chrY"	14633750	14633751	95.9
"chr7"	20760149	20760150	60.4
"chr8"	108532507	108532508	8
"chr8"	118298018	118298019	95.3
"chr15"	23386029	23386030	9.5
"chr2"	110983887	110983888	95.3
"chrX"	141356256	141356257	12.5
"chr4"	147663197	147663198	96.3
"chr16"	3142461	3142462	96.3
"chr11"	117315838	117315839	2.9
"chr5"	57171499	57171500	95.1
"chr15"	59167653	59167654	95.8
"chr10"	123949201	123949202	8.9
"chr17"	608771	608772	81.6
"chr7"	61316557	61316558	50.9
"chr2"	48206462	48206463	96.3
"chr6"	89203615	89203616	90.2
"chr11"	68035950	68035951	95.9
"chr17"	25074725	25074726	5.7
"chr16"	1804850	1804851	88.3
"chr18"	14997605	14997606	97.1
"chr2"	215399914	215399915	79.7
"chr4"	167363436	167363437	48.8
"chr9"	26302247	26302248	62.3
"chr21"	30502677	30502678	44.6
"chr4"	121733512	121733513	96.6
"chr6"	167138876	167138877	96.6
"chr15"	89295841	89295842	95
"chr13"	93413571	93413572	21.5
"chr1"	170685208	170685209	77.3
"chr18"	48945415	48945416	95.9
"chr17"	1632536	1632537	70.6
"chr13"	109216084	109216085	81.3
"chr6"	42826815	42826816	96.6
"chr2"	30799326	30799327	91.9
"chr16"	79425113	79425114	7.7
"chr1"	228831992	228831993	96.5
"chr7"	153095108	153095109	96
"chr1"	246332096	246332097	93.6
"chr13"	27348460	27348461	88.3
"chr11"	93815624	93815625	95.6
"chr8"	57906466	57906467	53.8
"chr18"	47270618	47270619	90.6
"chr5"	34929561	34929562	3.2
"chr16"	87057852	87057853	94.7
"chr7"	4612163	4612164	97
"chr18"	21587837	21587838	96.9
"chr1"	32098252	32098253	95.6
"chr7"	129662962	129662963	96.5
"chr2"	241610417	241610418	3
"chr4"	13394822	13394823	96.2
"chr4"	30076145	30076146	21.1
"chr5"	120817432	120817433	79
"chr10"	15696135	15696136	66.3
"chr3"	128631876	128631877	95.9
"chr12"	84254929	84254930	93.2
"chr4"	82599639	82599640	94.8
"chr1"	85259238	85259239	2.9
"chr7"	108500908	108500909	95.5
"chr21"	44494551	44494552	72.8
"chr7"	37408473	37408474	3.3
"chr12"	103750429	103750430	90.4
"chr21"	43929052	43929053	95.6
"chr10"	118872311	118872312	14.5
"chr10"	74812872	74812873	96.9
"chr5"	138638414	138638415	77.2
"chr8"	128426351	128426352	91.8
"chr12"	119757050	119757051	97.3
"chr15"	41655391	41655392	87.7
"chr11"	35661872	35661873	92
"chr18"	75200520	75200521	87.8
"chr3"	153173702	153173703	95.5
"chr7"	156902953	156902954	96
"chr1"	78188748	78188749	97
"chr6"	159827924	159827925	93.3
"chr12"	57017036	57017037	96
"chr1"	180358357	180358358	96.7
"chr2"	240373262	240373263	59.2
"chr12"	60878638	60878639	2.4
"chr5"	156012247	156012248	25.3
"chr13"	103496218	103496219	90.4
"chr18"	68741371	68741372	97
"chr10"	33569545	33569546	53.9
"chr2"	1476366	1476367	46.4
"chr2"	100063206	100063207	74.2
"chr22"	29838016	29838017	4.4
"chr1"	16534462	16534463	3.4
"chr5"	177583659	177583660	89.4
"chr1"	19664845	19664846	2.9
"chr5"	141556776	141556777	96.9
"chr5"	170143299	170143300	58.7
"chr13"	96053628	96053629	3.6
"chr8"	6550009	6550010	96.9
"chr6"	2960466	2960467	79.1
"chr16"	82680003	82680004	86.6
"chr7"	75714544	75714545	94.9
"chr1"	98281388	98281389	12.9
"chr21"	41666398	41666399	75
"chr1"	185830326	185830327	96.1
"chr3"	37732764	37732765	56.5
"chrX"	119623653	119623654	95.4
"chr15"	61812707	61812708	95.5
"chr2"	60120976	60120977	91.4
"chrY"	11585770	11585771	39.5
"chr18"	75085879	75085880	95.8
"chr1"	233346646	233346647	86.3
"chr16"	87752909	87752910	70.3
"chr8"	93462719	93462720	53.2
"chr17"	1939126	1939127	73.4
"chrX"	16801480	16801481	96.3
"chr5"	43524787	43524788	53.2
"chr5"	80482119	80482120	94.3
"chr8"	124301666	124301667	96.2
"chr8"	97340304	97340305	75.2
"chr15"	99732903	99732904	4.1
"chr19"	3050394	3050395	96.1
"chr5"	31298961	31298962	84.9
"chr14"	54768229	54768230	95.7
"chr10"	57324523	57324524	9.7
"chrX"	97879949	97879950	95.1
"chr8"	43357585	43357586	15.9
"chr6"	131375366	131375367	15.8
"chr8"	85220636	85220637	3.8
"chr7"	114632885	114632886	76.8
"chr19"	43741563	43741564	97.8
"chr12"	92799734	92799735	95.7
"chr3"	128426655	128426656	2.7
"chr12"	30348239	30348240	2.4
"chr3"	127484639	127484640	37.6
"chr11"	107717092	107717093	10.5
"chr18"	65246207	65246208	8.9
"chr20"	40764902	40764903	79.4
"chr9"	30712888	30712889	7.3
"chr1"	187232836	187232837	88.6
"chr12"	34235476	34235477	70.9
"chr10"	16474713	16474714	90.5
"chr7"	55005530	55005531	22.5
"chr10"	102715817	102715818	94.4
"chr16"	23567807	23567808	95.1
"chr5"	66125123	66125124	89.7
"chr12"	117956197	117956198	94.7
"chrX"	146248835	146248836	80.2
"chr5"	157595855	157595856	3.6
"chr13"	23439963	23439964	95.8
"chr1"	19207994	19207995	87.2
"chr8"	869834	869835	4.5
"chr15"	75115493	75115494	48.2
"chr6"	37610254	37610255	50.2
"chr5"	151771968	151771969	3.5
"chr5"	43398040	43398041	96.7
"chr1"	228283307	228283308	93.6
"chr16"	527738	527739	2.7
"chr6"	36324116	36324117	71
"chr16"	11572436	11572437	62.4
"chrX"	21870010	21870011	95.2
"chr6"	154104204	154104205	68.4
"chrX"	68886468	68886469	69.7
"chr10"	127345963	127345964	94.5
"chr15"	86435408	86435409	48
"chr1"	26939803	26939804	96.6
"chr1"	112022998	112022999	95.5
"chr6"	32097112	32097113	74.6
"chr1"	242325101	242325102	10
"chr12"	38657379	38657380	97
"chr13"	72049968	72049969	70.8
"chrX"	16322017	16322018	58.6
"chr19"	10893013	10893014	96.8
"chr1"	102727497	102727498	4.5
"chr9"	16128713	16128714	27.8
"chr7"	104634021	104634022	39.1
"chr12"	67991682	67991683	67.6
"chr12"	44725550	44725551	90.4
"chr4"	143912182	143912183	3.4
"chr5"	54052899	54052900	44.8
"chr20"	6011291	6011292	87.4
"chr7"	46762961	46762962	4.7
"chr17"	15869084	15869085	63.5
"chr11"	96992382	96992383	46.5
"chr6"	151635190	151635191	89.6
"chr1"	25255016	25255017	96.9
"chr7"	101809620	101809621	92.8
"chr5"	115977267	115977268	3.9
"chr6"	47638234	47638235	81.4
"chr3"	63437174	63437175	93.8
"chr2"	73913090	73913091	96.3
"chr3"	105868275	105868276	3.4
"chr10"	2571668	2571669	65.1
"chr2"	49861889	49861890	32
"chr10"	49974476	49974477	91.8
"chr8"	128142073	128142074	55.5
"chr13"	104260980	104260981	82.2
"chr18"	52664570	52664571	97
"chr3"	49940792	49940793	3.3
"chr18"	23958175	23958176	94.5
"chr8"	17884431	17884432	90.8
"chr1"	228627414	228627415	72.4
"chr11"	47557462	47557463	95.9
"chr1"	3376370	3376371	27.2
"chr5"	161316862	161316863	94.1
"chr9"	76577215	76577216	95.4
"chrX"	145435782	145435783	73
"chr14"	43593285	43593286	56
"chr5"	986514	986515	34.3
"chr22"	11034450	11034451	95.1
"chr2"	107164600	107164601	97
"chr8"	125615912	125615913	49
"chr18"	76274674	76274675	87
"chr3"	9685791	9685792	96.7
"chr12"	126876412	126876413	92.4
"chr9"	87554684	87554685	92.9
"chr14"	103102068	103102069	96.6
"chr1"	41513721	41513722	96.1
"chr11"	16846005	16846006	95.9
"chr2"	227947177	227947178	43.8
"chr18"	1885864	1885865	60.4
"chr6"	167187429	167187430	78.8
"chr5"	177828567	177828568	95.8
"chr1"	244797690	244797691	92.3
"chr1"	63250781	63250782	94.7
"chr7"	2255964	2255965	95.7
"chr2"	77147234	77147235	83
"chr5"	160134968	160134969	93.8
"chr16"	1830871	1830872	68.7
"chr3"	129914166	129914167	95.6
"chr12"	89093642	89093643	91.1
"chr19"	853480	853481	77
"chrX"	16631175	16631176	95.3
"chr13"	27771151	27771152	3.7
"chr7"	127063506	127063507	65.7
"chr1"	4358025	4358026	47.9
"chr9"	92765451	92765452	3.8
"chr3"	146791565	146791566	95.4
"chr8"	50903630	50903631	72.7
"chr20"	3731969	3731970	93.2
"chr1"	112894682	112894683	96.6
"chr4"	37687281	37687282	5.1
"chr8"	100466742	100466743	96.8
"chrY"	16379700	16379701	32.8
"chr5"	155970713	155970714	12.1
"chr4"	151111404	151111405	95.8
"chr5"	140572004	140572005	83.7
"chr6"	35873551	35873552	96.6
"chr20"	12709997	12709998	74.8
"chr13"	33167294	33167295	96.7
"chr7"	122045946	122045947	5.4
"chr12"	37142250	37142251	82.1
"chr11"	85802243	85802244	50.2
"chr21"	42291856	42291857	97
"chr10"	128070428	128070429	97.1
"chr22"	38214589	38214590	56.5
"chr5"	693102	693103	4.3
"chr6"	40193800	40193801	66.6
"chr4"	38943123	38943124	5.5
"chr13"	59171643	59171644	42.5
"chr22"	25336044	25336045	95.7
"chr9"	134546888	134546889	95.5
"chr5"	16850808	16850809	90.4
"chr12"	50677824	50677825	96.3
"chr7"	76395469	76395470	95.7
"chr16"	88250306	88250307	92.3
"chr14"	19176772	19176773	46.6
"chr5"	76512926	76512927	95.3
"chr12"	15478709	15478710	94.1
"chr6"	52554433	52554434	97
"chr6"	17729063	17729064	96.5
"chr9"	10466412	10466413	95.1
"chr4"	27078391	27078392	95.7
"chr3"	53160700	53160701	4.1
"chr20"	45098227	45098228	27
"chr2"	120282391	120282392	96.1
"chr6"	65699879	65699880	96
"chr14"	88304456	88304457	86.7
"chr4"	117965846	117965847	63.6
"chr16"	57356872	57356873	96.3
"chr6"	56487233	56487234	89
"chr9"	87101939	87101940	74.2
"chr20"	61281198	61281199	94.3
"chr8"	130672639	130672640	61.9
"chr6"	110901804	110901805	96.6
"chr5"	36856234	36856235	96.4
"chr22"	31245377	31245378	95.8
"chr7"	139044388	139044389	3.1
"chr13"	111689569	111689570	64.6
"chr19"	14472931	14472932	4
"chr16"	4441173	4441174	96.5
"chr9"	36580361	36580362	97.7
"chr4"	139675951	139675952	96.6
"chr13"	60711127	60711128	95.3
"chr12"	56207744	56207745	94.1
"chr1"	228447556	228447557	96.8
"chr2"	17356661	17356662	94.5
"chr11"	129693930	129693931	97.3
"chrY"	8203637	8203638	94.6
"chr3"	195612298	195612299	86
"chr10"	65770397	65770398	74.8
"chr14"	81681805	81681806	4.3
"chr2"	123067558	123067559	75.4
"chr6"	61150047	61150048	76.6
"chr3"	162575100	162575101	85.7
"chr10"	103226892	103226893	77.4
"chrY"	23788146	23788147	11.5
"chr10"	17203315	17203316	92.8
"chr19"	7245035	7245036	96.6
"chr3"	158028991	158028992	20.6
"chr7"	42759857	42759858	89.3
"chr10"	99913395	99913396	96.8
"chr19"	48406153	48406154	93.5
"chr6"	169346203	169346204	72.4
"chr19"	55386517	55386518	4.9
"chr17"	12949227	12949228	91.3
"chr17"	27283708	27283709	36.5
"chr2"	238388234	238388235	95.1
"chr12"	93478537	93478538	96.6
"chr12"	30981544	30981545	96
"chr1"	143572882	143572883	6.5
"chr7"	81965543	81965544	29.6
"chr1"	81120998	81120999	3.5
"chr15"	92392128	92392129	4
"chr15"	101581415	101581416	61.7
"chr8"	19870954	19870955	43.2
"chr6"	94775928	94775929	94.7
"chr11"	129176698	129176699	65.7
"chr3"	141472759	141472760	15.6
"chr6"	31063379	31063380	4.6
"chr11"	46593862	46593863	3.2
"chr12"	81554806	81554807	5
"chr21"	45898796	45898797	3.7
"chr3"	96944863	96944864	96.9
"chr1"	70857635	70857636	93.7
"chr18"	73878546	73878547	51.2
"chr2"	15029208	15029209	24.3
"chr5"	16690919	16690920	83.3
"chr14"	52068416	52068417	3.4
"chr14"	93206636	93206637	34.6
"chr22"	19747900	19747901	12.2
"chr2"	44901720	44901721	88.8
"chr17"	74031496	74031497	94.5
"chr18"	39692053	39692054	96.3
"chrX"	758540	758541	82.5
"chr13"	27620207	27620208	4.7
"chr6"	159001790	159001791	92.7
"chr3"	176596062	176596063	94.9
"chr10"	51780108	51780109	94.8
"chr5"	172853349	172853350	96.9
"chr3"	94070426	94070427	93
"chr8"	7263953	7263954	68.9
"chr19"	2197120	2197121	94
"chr10"	33938363	33938364	48.4
"chr17"	61460906	61460907	3
"chr1"	74602171	74602172	55.2
"chr1"	48810555	48810556	95.5
"chr2"	153389610	153389611	93.6
"chrX"	74504881	74504882	96
"chr2"	8617140	8617141	95.8
"chr16"	6352349	6352350	54.6
"chr10"	127111856	127111857	93.9
"chr10"	21942601	21942602	95.9
"chr8"	27837779	27837780	3.5
"chr2"	56235574	56235575	93.1
"chr8"	74249183	74249184	93.3
"chr2"	236787523	236787524	38.9
"chr4"	85386919	85386920	34.8
"chr20"	9564813	9564814	38.2
"chr16"	67522930	67522931	58.1
"chr5"	153719256	153719257	3.3
"chr12"	108032129	108032130	11.3
"chr12"	123806140	123806141	63.7
"chr8"	38769010	38769011	50.5
"chr13"	23726133	23726134	44.5
"chr16"	8303501	8303502	71.2
"chr5"	79745708	79745709	62.5
"chr9"	34126278	34126279	3.6
"chr19"	18882614	18882615	96.4
"chr7"	105608430	105608431	95.5
"chr11"	60312308	60312309	96.8
"chr6"	4285222	4285223	90.9
"chr7"	39153104	39153105	95.9
"chr4"	185053391	185053392	96.8
"chr13"	105741002	105741003	3.4
"chr20"	27067387	27067388	75.6
"chr18"	32018125	32018126	3
"chr13"	97351851	97351852	96
"chr5"	138765286	138765287	95.4
"chr6"	57289472	57289473	69.2
"chr2"	39134038	39134039	96.8
"chr19"	1229816	1229817	94.1
"chr6"	149980557	149980558	82.5
"chr4"	144633653	144633654	96.3
"chr7"	89433080	89433081	90.4
"chr4"	41675961	41675962	96.9
"chr17"	17228857	17228858	70.3
"chr21"	14309927	14309928	93.8
"chr5"	69160127	69160128	93.5
"chr4"	61371742	61371743	56.8
"chr19"	28172207	28172208	16.2
"chr2"	55527495	55527496	94.7
"chr22"	40618467	40618468	97.3
"chr14"	103705960	103705961	96.1
"chr4"	15183648	15183649	7.4
"chr8"	36959923	36959924	93.1
"chrY"	11386047	11386048	13.5
"chr6"	56012682	56012683	64.9
"chr11"	746240	746241	95.8
"chr6"	125791560	125791561	4.2
"chr8"	40708734	40708735	96.2
"chr8"	10862106	10862107	92.9
"chr11"	107298158	107298159	96.7
"chr12"	122726175	122726176	3.2
"chr15"	51527613	51527614	96.5
"chr11"	61512326	61512327	6
"chrX"	22849433	22849434	7.8
"chr13"	105849013	105849014	51.8
"chr14"	81691047	81691048	4.3
"chr13"	83841538	83841539	85.1
"chr2"	30454727	30454728	90.3
"chr12"	125560793	125560794	95.8
"chr21"	46207468	46207469	96.5
"chr4"	28348573	28348574	80.7
"chr21"	7590885	7590886	95.5
"chr13"	75168790	75168791	95.4
"chr6"	54832062	54832063	96.3
"chr7"	139781003	139781004	97.3
"chr10"	132836954	132836955	4.8
"chr11"	60782433	60782434	96.4
"chr12"	66362823	66362824	43.8
"chr1"	221293955	221293956	17.9
"chr2"	221533650	221533651	87
"chr10"	73839445	73839446	96.4
"chr11"	44298706	44298707	93.4
"chr3"	195708172	195708173	90.1
"chr9"	135862687	135862688	94.7
"chr4"	656773	656774	96.2
"chr13"	41425172	41425173	89.3
"chr5"	2739636	2739637	2.9
"chr4"	148308287	148308288	94.6
"chr9"	127605945	127605946	86.7
"chrX"	138268501	138268502	59.9
"chr18"	77877018	77877019	53.6
"chrX"	71525710	71525711	95.2
"chrX"	136260735	136260736	57.5
"chr20"	52703703	52703704	60.3
"chr3"	83217754	83217755	96.5
"chr2"	32350427	32350428	96.7
"chr7"	105799500	105799501	96.4
"chr21"	29426873	29426874	97.5
"chr5"	112069468	112069469	88.5
"chr8"	135811868	135811869	83.6
"chr7"	14705005	14705006	93.8
"chr1"	243970756	243970757	97.5
"chr4"	119026937	119026938	62
"chr6"	9800115	9800116	8
"chr11"	86784807	86784808	56.5
"chr3"	110240138	110240139	10.9
"chr7"	45181832	45181833	57.5
"chr3"	100334310	100334311	3
"chr12"	118468131	118468132	79.4
"chr2"	166703174	166703175	74.6
"chr16"	88387045	88387046	91
"chr12"	87603425	87603426	91.7
"chr7"	104736787	104736788	56.3
"chr1"	163147381	163147382	94
"chr18"	68732637	68732638	96.7
"chr4"	1804483	1804484	80.1
"chr3"	36071196	36071197	66.5
"chr7"	105584864	105584865	96.7
"chr2"	221951142	221951143	29.4
"chr11"	99831735	99831736	94.6
"chr10"	77108827	77108828	5.5
"chr17"	82537332	82537333	96.8
"chr1"	176667931	176667932	82.1
"chr15"	74062951	74062952	52.4
"chr3"	43384125	43384126	62.6
"chr10"	50246717	50246718	46.5
"chr20"	47972486	47972487	3.5
"chr18"	51097075	51097076	33.1
"chr1"	207311709	207311710	96.6
"chr6"	110484819	110484820	5.2
"chr1"	110338996	110338997	3.5
"chr8"	53837680	53837681	96.3
"chr2"	2715453	2715454	13.3
"chr14"	69575747	69575748	78.9
"chr4"	561836	561837	97.2
"chr2"	47484694	47484695	96.6
"chr17"	21968551	21968552	84.4
"chr2"	191515707	191515708	94.3
"chr1"	109764019	109764020	96.3
"chr11"	11606011	11606012	97.1
"chr10"	52843744	52843745	55.3
"chr16"	5999853	5999854	95.8
"chr5"	136394502	136394503	37.3
"chr4"	2434636	2434637	45.3
"chr4"	47600259	47600260	97
"chr11"	129279154	129279155	2.9
"chr4"	53722790	53722791	52.4
"chr17"	39110331	39110332	20.2
"chr12"	64222370	64222371	3.9
"chr1"	56890289	56890290	60
"chr15"	40040603	40040604	89.1
"chr2"	88544439	88544440	93.1
"chr1"	158760802	158760803	95.7
"chr5"	49735924	49735925	21.3
"chr9"	78412629	78412630	81.2
"chr1"	237102949	237102950	81.5
"chr12"	75259844	75259845	93.6
"chr17"	2112330	2112331	95.8
"chr10"	32378794	32378795	3.9
"chr7"	107845299	107845300	82.5
"chr5"	152534489	152534490	7.2
"chr4"	95921217	95921218	21
"chr2"	140794642	140794643	95.1
"chr3"	14662077	14662078	96.7
"chr15"	30555637	30555638	78.6
"chrX"	40538993	40538994	53.2
"chr22"	40858214	40858215	32.5
"chr1"	40257892	40257893	3.6
"chr16"	28425692	28425693	80.1
"chr3"	26842168	26842169	37.3
"chr1"	56311141	56311142	40.9
"chr6"	55224398	55224399	95.3
"chr5"	96876077	96876078	4
"chr7"	63016776	63016777	91.2
"chrX"	114908551	114908552	61
"chr13"	110974930	110974931	40.9
"chr11"	106620685	106620686	52.6
"chr16"	22893115	22893116	93.1
"chr17"	60151315	60151316	3.1
"chr19"	48815233	48815234	95.4
"chr10"	95067109	95067110	44.1
"chrX"	126545638	126545639	79.8
"chr3"	49258911	49258912	96.4
"chr15"	54731381	54731382	36.8
"chr14"	87456108	87456109	44
"chr16"	10851893	10851894	47.5
"chr11"	77023580	77023581	94.6
"chr17"	21638496	21638497	94.9
"chr6"	10404206	10404207	3.5
"chr4"	21123167	21123168	36.1
"chr2"	136320937	136320938	95.2
"chr6"	4040415	4040416	95.8
"chr1"	88137666	88137667	50.7
"chr13"	27270690	27270691	2.8
"chr12"	103966000	103966001	3.9
"chr16"	61638165	61638166	60.3
"chr7"	20488408	20488409	92.1
"chr3"	146456130	146456131	52.3
"chr2"	219384349	219384350	95.8
"chr19"	9140948	9140949	3.5
"chr7"	1021097	1021098	96.3
"chr7"	112134446	112134447	93.7
"chr4"	147982918	147982919	90.2
"chr2"	76837288	76837289	95.3
"chrX"	136300759	136300760	13.5
"chr14"	81411208	81411209	17
"chr18"	49649730	49649731	63.2
"chr10"	111643713	111643714	59.2
"chr19"	49476684	49476685	70
"chr20"	421209	421210	95.9
"chr8"	89867652	89867653	97.2
"chr3"	129951562	129951563	85.8
"chr19"	47922957	47922958	94.7
"chr17"	54899181	54899182	94.5
"chr11"	24587164	24587165	75.9
"chr8"	83934001	83934002	75.7
"chr5"	169112614	169112615	8.3
"chr3"	14677592	14677593	96.5
"chr8"	48104147	48104148	79.1
"chr7"	17176944	17176945	89.4
"chr17"	489648	489649	3.7
"chr15"	24224144	24224145	73.9
"chr5"	167310235	167310236	52.9
"chr7"	65873728	65873729	3.2
"chr1"	161762655	161762656	94.1
"chrX"	30749466	30749467	86.8
"chr19"	45434647	45434648	89.3
"chr1"	23456443	23456444	37.6
"chr6"	27824097	27824098	4.7
"chr1"	207752519	207752520	3.9
"chrX"	11534976	11534977	96.9
"chr1"	27924564	27924565	95.3
"chr7"	22455097	22455098	94
"chr19"	37284288	37284289	90.3
"chr22"	38348483	38348484	88.1
"chr11"	607354	607355	97
"chr16"	85323145	85323146	8.9
"chr9"	136431471	136431472	95.2
"chr15"	25727931	25727932	96.9
"chr4"	72433452	72433453	73.5
"chr2"	105176800	105176801	39.1
"chr3"	158206650	158206651	96.2
"chrX"	317898	317899	3.5
"chr19"	18834280	18834281	89.2
"chr1"	66368576	66368577	96.8
"chr4"	169351609	169351610	95.9
"chr8"	11681104	11681105	2.8
"chr7"	90894405	90894406	89.3
"chr7"	59575890	59575891	34
"chr8"	105188043	105188044	3.7
"chr19"	18588955	18588956	3.7
"chr11"	75354079	75354080	95.8
"chr5"	121469	121470	95.8
"chr16"	57996545	57996546	96.5
"chr6"	168061278	168061279	94.3
"chr1"	24386766	24386767	94.6
"chr2"	202160603	202160604	57.6
"chrX"	82347051	82347052	34.6
"chr15"	23979754	23979755	90.6
"chr3"	128968610	128968611	33.5
"chr3"	52666370	52666371	74.2
"chr8"	99064327	99064328	95.2
"chr22"	30609362	30609363	19.6
"chr10"	44277960	44277961	95.8
"chr2"	38500387	38500388	93.5
"chr15"	75578491	75578492	3.5
"chr22"	38091290	38091291	78.7
"chrX"	121407939	121407940	28.7
"chr8"	116396635	116396636	67.2
"chr12"	111855578	111855579	96.9
"chr5"	38028031	38028032	49.7
"chr13"	51748165	51748166	95.8
"chr17"	57631011	57631012	94.9
"chr13"	50670390	50670391	94.7
"chr15"	37872899	37872900	95.2
"chr3"	176729869	176729870	17.5
"chr9"	16689359	16689360	93.8
"chr4"	182585990	182585991	87.2
"chr3"	141692668	141692669	57
"chr8"	54459450	54459451	2.9
"chr4"	15752417	15752418	97.4
"chr3"	100690439	100690440	95.7
"chr10"	14942189	14942190	78.9
"chr1"	204090976	204090977	59.3
"chr5"	13946417	13946418	96.1
"chr8"	56535199	56535200	56.3
"chr10"	100519482	100519483	4.1
"chr8"	21790928	21790929	45.1
"chr9"	126335987	126335988	58.1
"chr6"	112026004	112026005	96.1
"chr1"	209876330	209876331	96.2
"chr9"	86080129	86080130	96.3
"chr20"	64020401	64020402	97
"chr3"	161583215	161583216	69.8
"chr1"	38030850	38030851	53.2
"chr15"	93019304	93019305	77.8
"chr2"	101357165	101357166	96.3
"chr19"	24293864	24293865	67.2
"chr3"	132323954	132323955	89.4
"chr4"	125107937	125107938	20.7
"chr7"	44966698	44966699	95.2
"chr1"	15617570	15617571	28
"chr4"	32647730	32647731	71.2
"chr2"	39461588	39461589	97.1
"chr3"	62745260	62745261	54.9
"chr15"	40077008	40077009	93.5
"chr3"	19605837	19605838	54.3
"chr16"	2273759	2273760	97.2
"chr12"	28865383	28865384	80
"chr2"	186860018	186860019	59
"chr11"	131113403	131113404	7
"chr4"	49100839	49100840	15.8
"chr18"	50633586	50633587	66.8
"chr2"	135731931	135731932	96.6
"chr4"	180131510	180131511	43.8
"chr1"	240039939	240039940	89
"chr15"	25633331	25633332	85.3
"chr10"	113848050	113848051	95.4
"chr21"	44772147	44772148	97
"chr2"	222782515	222782516	38.4
"chr7"	26003326	26003327	91.5
"chr1"	5649629	5649630	5.3
"chr1"	46130004	46130005	68.2
"chr4"	25114405	25114406	94
"chr3"	79104944	79104945	22.9
"chr3"	15331528	15331529	4.4
"chr16"	67611989	67611990	92.4
"chr3"	184167665	184167666	96.2
"chr3"	148158425	148158426	68.3
"chr12"	120904124	120904125	3.6
"chr13"	19123296	19123297	5.7
"chr21"	41952356	41952357	95.6
"chr8"	143388931	143388932	85
"chr1"	53070724	53070725	96.2
"chr4"	8392747	8392748	72.1
"chrX"	72224872	72224873	95.1
"chr2"	235604902	235604903	95.7
"chr5"	59564310	59564311	94.4
"chr8"	31192145	31192146	63.3
"chr4"	95953404	95953405	4.5
"chr20"	33406043	33406044	97.5
"chr15"	29088933	29088934	95.3
"chr13"	82876997	82876998	96.2
"chr19"	4502324	4502325	88.9
"chr7"	138664530	138664531	49.1
"chr14"	80286337	80286338	96.5
"chr20"	35843449	35843450	93.1
"chr19"	8260686	8260687	86.3
"chr7"	2845194	2845195	87.4
"chr20"	47932050	47932051	95.9
"chr6"	112527867	112527868	93.9
"chr17"	6950664	6950665	29.9
"chr3"	111175326	111175327	43.4
"chr20"	11067873	11067874	53.2
"chr10"	35619080	35619081	91.1
"chr1"	161662442	161662443	35.6
"chr9"	126915367	126915368	3.2
"chr17"	20156380	20156381	3.3
"chr17"	79841567	79841568	3.2
"chr8"	5418711	5418712	86.1
"chr4"	168832838	168832839	3.9
"chr3"	59812444	59812445	41.3
"chr17"	57768538	57768539	46.3
"chr12"	132124958	132124959	94.1
"chr14"	105398926	105398927	4.2
"chr16"	16574128	16574129	14.5
"chr11"	112032517	112032518	91.2
"chr10"	116388613	116388614	80.4
"chr17"	4025621	4025622	95.4
"chr9"	4843319	4843320	94.5
"chr13"	19214242	19214243	55.6
"chr6"	128165545	128165546	45
"chr6"	8426653	8426654	64
"chr6"	116514316	116514317	56.6
"chr9"	42287443	42287444	73.4
"chr18"	76810177	76810178	95.3
"chr9"	36257993	36257994	4.2
"chr17"	81002535	81002536	3.4
"chr8"	141805389	141805390	2.3
"chr15"	83864475	83864476	34.4
"chr7"	130060207	130060208	88.7
"chr1"	224800612	224800613	92.8
"chr15"	66094778	66094779	46.7
"chr7"	141421044	141421045	6.9
"chr15"	62825303	62825304	75.8
"chr2"	58893256	58893257	89.3
"chr13"	51934989	51934990	96.1
"chr9"	71782197	71782198	95.1
"chr14"	105051474	105051475	96.7
"chr7"	153858445	153858446	18.6
"chrX"	101111709	101111710	95.7
"chr2"	8465184	8465185	97
"chrX"	146356307	146356308	89.9
"chr6"	118169076	118169077	51
"chrX"	51634460	51634461	95
"chr9"	6696843	6696844	51.7
"chr12"	59227336	59227337	87
"chr13"	41057806	41057807	96.7
"chr11"	103996114	103996115	89.3
"chr2"	10072871	10072872	3.4
"chr2"	25820893	25820894	96.4
"chr3"	47631714	47631715	89.3
"chr5"	168108964	168108965	50.8
"chr22"	29882446	29882447	96.1
"chr13"	47110493	47110494	75.5
"chr17"	68791930	68791931	92.6
"chr6"	100487606	100487607	94.3
"chr17"	39482300	39482301	83.6
"chr4"	134944228	134944229	95.6
"chr7"	65569001	65569002	48.1
"chr19"	29612668	29612669	96.9
"chr3"	36899210	36899211	95.8
"chr1"	168523020	168523021	78.2
"chr16"	2984243	2984244	74.6
"chr7"	66212743	66212744	95.7
"chr4"	151650563	151650564	96.4
"chr10"	15145872	15145873	89.5
"chr17"	2430696	2430697	96.4
"chrX"	44127435	44127436	95.4
"chr2"	31366400	31366401	95.4
"chrX"	87061839	87061840	90.6
"chrX"	26994125	26994126	43.4
"chr5"	20720141	20720142	91.3
"chr14"	96079006	96079007	3.4
"chr15"	100933636	100933637	89.3
"chr16"	79970030	79970031	61.2
"chrX"	112998565	112998566	69.1
"chr3"	91034397	91034398	84.3
"chr10"	106930502	106930503	71.8
"chr9"	125242693	125242694	94.6
"chrX"	129980823	129980824	4
"chr11"	39665342	39665343	94.4
"chr1"	109474349	109474350	96.7
"chr1"	239782749	239782750	6.9
"chr7"	155556723	155556724	48.3
"chr2"	46388287	46388288	96.4
"chr11"	83138082	83138083	93.5
"chr10"	14570208	14570209	27.3
"chr19"	30556551	30556552	65.1
"chr17"	64034694	64034695	96.2
"chr6"	98907342	98907343	95.6
"chr8"	14448086	14448087	3
"chr17"	80730395	80730396	96.6
"chr5"	3197780	3197781	3.1
"chr11"	68795886	68795887	96.4
"chr8"	89289323	89289324	77.3
"chr5"	177199317	177199318	96.2
"chr14"	33168663	33168664	48.8
"chr9"	68856793	68856794	49.8
"chr20"	53471656	53471657	94.5
"chr4"	129324917	129324918	91.1
"chr5"	125554061	125554062	93.6
"chr3"	77459860	77459861	15.1
"chr17"	77410847	77410848	96
"chr12"	69338032	69338033	78.1
"chr15"	41876907	41876908	49.6
"chr5"	150072220	150072221	94.3
"chr9"	134836562	134836563	94.5
"chr13"	96740733	96740734	3.1
"chr20"	35019601	35019602	95.5
"chrX"	27463470	27463471	87.8
"chr17"	60424732	60424733	94.8
"chr2"	159642489	159642490	93
"chr6"	101308023	101308024	28
"chr4"	591234	591235	93.3
"chr20"	45296168	45296169	90.7
"chr9"	96021150	96021151	5.9
"chr7"	114318338	114318339	3.9
"chr9"	17429376	17429377	95.6
"chr6"	32984465	32984466	90.1
"chr17"	37713881	37713882	50.2
"chr10"	132781862	132781863	96.2
"chr2"	42289436	42289437	17.3
"chr15"	59844909	59844910	12.8
"chr18"	61955323	61955324	94.6
"chr16"	28127348	28127349	78
"chr5"	10333853	10333854	5.1
"chr12"	106999010	106999011	75
"chr11"	33034333	33034334	47.6
"chr17"	30599499	30599500	3
"chr5"	8443866	8443867	70.3
"chr11"	101601690	101601691	96.2
"chrY"	10112597	10112598	33.4
"chr3"	186778040	186778041	65
"chr15"	68649056	68649057	87.9
"chr1"	145593854	145593855	6.1
"chr6"	79818397	79818398	82.6
"chr14"	16037396	16037397	51.8
"chr2"	119191206	119191207	96.7
"chr4"	97924180	97924181	96.7
"chr7"	5444555	5444556	86
"chr2"	14548714	14548715	7
"chr1"	30928253	30928254	96.2
"chr14"	69247171	69247172	94.5
"chr8"	1408085	1408086	75.5
"chr5"	180600878	180600879	95.5
"chr1"	93142754	93142755	96.4
"chr5"	133975522	133975523	97.1
"chr12"	129032173	129032174	71.3
"chr6"	117444638	117444639	79
"chr16"	26687189	26687190	38.1
"chr2"	226833929	226833930	21.5
"chr6"	120938088	120938089	95
"chr7"	148897887	148897888	96.7
"chr3"	186136925	186136926	93.3
"chr15"	80295723	80295724	96.5
"chr10"	10295139	10295140	95.4
"chr14"	50312305	50312306	4.8
"chr2"	62078546	62078547	96.1
"chr13"	112981871	112981872	93.4
"chr7"	105956062	105956063	96.1
"chr3"	109011318	109011319	56.5
"chr17"	58459560	58459561	95.4
"chr3"	154906901	154906902	94.4
"chr7"	151334813	151334814	90.5
"chr12"	131617554	131617555	64.1
"chr10"	897201	897202	81.9
"chr18"	14648285	14648286	59.8
"chr12"	64571401	64571402	94.6
"chr20"	38648426	38648427	24.6
"chr1"	159907564	159907565	58
"chr3"	20012016	20012017	84.8
"chr8"	80390294	80390295	96.6
"chr8"	37883761	37883762	14.5
"chr9"	9964260	9964261	84.9
"chr6"	87287336	87287337	55.6
"chr6"	89373071	89373072	43.6
"chr1"	174319790	174319791	95.2
"chr11"	118884003	118884004	4
"chr16"	4052863	4052864	96.3
"chr17"	42551380	42551381	96
"chr4"	136785066	136785067	94.1
"chr18"	77967011	77967012	5.1
"chr17"	46252950	46252951	95.8
"chrX"	63399118	63399119	37.5
"chr12"	89213556	89213557	28.2
"chr12"	29873335	29873336	72.5
"chr20"	61064988	61064989	83.1
"chr2"	65935735	65935736	86.7
"chr4"	105341266	105341267	95.9
"chr13"	21928686	21928687	96.8
"chr16"	13046717	13046718	94.9
"chr2"	22948319	22948320	29.1
"chr2"	80825609	80825610	90.9
"chr11"	82733283	82733284	2.5
"chr8"	80580769	80580770	94.8
"chr9"	38282772	38282773	44.2
"chr13"	30109155	30109156	30.6
"chr19"	57916622	57916623	4
"chr17"	4574915	4574916	72.8
"chr6"	159592702	159592703	96.5
"chr1"	39897567	39897568	96.6
"chr12"	49860262	49860263	92.8
"chr12"	126231105	126231106	52.3
"chr4"	14622098	14622099	85
"chr1"	3096831	3096832	4.4
"chr18"	78448348	78448349	35.1
"chr10"	27251808	27251809	94.4
"chr14"	65413445	65413446	3.2
"chr8"	74339628	74339629	66.6
"chr9"	79304612	79304613	82.3
"chr3"	120607769	120607770	97.1
"chr10"	11183843	11183844	36.3
"chr5"	95765009	95765010	63.7
"chr11"	101603145	101603146	75.9
"chr8"	32821149	32821150	6.1
"chr1"	46720174	46720175	95.4
"chr12"	34337746	34337747	24
"chr3"	19973906	19973907	97.3
"chr8"	115531583	115531584	94.8
"chr4"	127068707	127068708	91.5
"chr19"	32991587	32991588	60.1
"chr17"	77681616	77681617	88.8
"chr1"	230761742	230761743	72.8
"chr11"	102795591	102795592	95.8
"chr1"	233375085	233375086	95.1
"chr17"	55880527	55880528	43.3
"chr12"	6713639	6713640	96.3
"chr16"	70563115	70563116	96.9
"chr5"	179113415	179113416	93.1
"chr3"	184591660	184591661	96.3
"chr15"	98551832	98551833	96.6
"chr9"	129097278	129097279	95.7
"chr13"	28145663	28145664	96.6
"chr1"	13976687	13976688	6.5
"chr22"	23230466	23230467	85
"chr19"	37674544	37674545	96.1
"chr20"	63169180	63169181	5.7
"chr2"	200889299	200889300	3.5
"chr16"	55272478	55272479	44.6
"chr19"	19431479	19431480	95.9
"chr11"	7089641	7089642	90
"chr7"	91015612	91015613	96.2
"chr5"	16310614	16310615	3.8
"chr3"	88048273	88048274	95.4
"chr16"	74381090	74381091	70.2
"chr11"	47445366	47445367	77
"chr13"	45182294	45182295	95.8
"chr19"	37726493	37726494	96.1
"chr4"	108167739	108167740	3.2
"chr6"	35905788	35905789	90.9
"chr7"	100257700	100257701	96.5
"chr17"	82251896	82251897	95.2
"chr6"	164366524	164366525	96
"chr3"	13786737	13786738	59.8
"chr11"	32091623	32091624	3.2
"chr4"	112915945	112915946	62.2
"chr9"	135484862	135484863	95
"chr2"	241234083	241234084	96.5
"chr7"	60317147	60317148	86.3
"chr1"	41335439	41335440	91
"chr9"	127724815	127724816	5.8
"chr4"	37026392	37026393	89
"chr4"	90058442	90058443	20.4
"chr2"	87419689	87419690	88.6
"chr17"	27380655	27380656	76.1
"chr7"	50877639	50877640	65.7
"chr15"	68740559	68740560	91.5
"chr7"	19760866	19760867	96.6
"chr6"	73354416	73354417	95.4
"chr2"	176107791	176107792	39
"chr12"	132672670	132672671	95.8
"chr21"	35012128	35012129	65
"chr5"	121754228	121754229	50.1
"chr4"	52038288	52038289	4.3
"chr1"	92175370	92175371	89.5
"chr13"	99629522	99629523	90.1
"chr6"	28511899	28511900	96.2
"chr15"	79808181	79808182	96.2
"chr17"	52285593	52285594	95.9
"chr7"	127214590	127214591	87
"chr1"	238853537	238853538	13.2
"chr11"	46785670	46785671	95.8
"chr5"	6860144	6860145	62
"chr12"	52196134	52196135	56.5
"chr8"	25408295	25408296	7.4
"chr16"	3597055	3597056	96.3
"chr4"	18790810	18790811	43.2
"chr9"	13115875	13115876	80.9
"chr14"	26970052	26970053	87.9
"chr9"	64834200	64834201	93.7
"chr8"	56104187	56104188	95.9
"chr14"	36010619	36010620	5.5
"chr13"	64941669	64941670	96.9
"chr17"	48375996	48375997	95.8
"chr14"	93578998	93578999	29.9
"chr10"	8969956	8969957	10.7
"chr6"	41339129	41339130	65.9
"chr10"	30333797	30333798	97
"chr2"	113502752	113502753	3
"chr9"	6319798	6319799	90.3
"chr12"	100796712	100796713	92.7
"chr4"	11816904	11816905	40.4
"chr8"	117011421	117011422	19.2
"chr6"	51644096	51644097	36.4
"chr11"	23732197	23732198	78.2
"chr2"	136955033	136955034	4.4
"chr3"	34152871	34152872	93.8
"chr3"	33363142	33363143	85.9
"chr16"	70224882	70224883	96.1
"chr5"	153580931	153580932	83.8
"chr3"	155363157	155363158	78.5
"chr1"	170331912	170331913	89
"chr9"	41088894	41088895	4.8
"chr1"	52848365	52848366	96.1
"chr6"	45379821	45379822	95.3
"chr12"	112564270	112564271	48.6
"chr2"	33057822	33057823	96.1
"chr12"	49657895	49657896	92
"chr16"	78106408	78106409	95.6
"chr7"	103244107	103244108	96.6
"chr3"	107413488	107413489	96.5
"chr8"	114677063	114677064	80.6
"chr11"	115572787	115572788	95.9
"chr17"	40155240	40155241	96.9
"chr16"	34753994	34753995	43.3
"chr2"	141447581	141447582	41.9
"chr17"	62730817	62730818	96.4
"chr8"	15894134	15894135	86.6
"chr19"	52336337	52336338	3.1
"chr20"	63356388	63356389	70.9
"chr19"	48270805	48270806	77.9
"chr8"	46444247	46444248	6.7
"chr5"	62210786	62210787	92.4
"chr8"	9416109	9416110	54.9
"chr4"	135704413	135704414	96.4
"chr3"	13886223	13886224	68.4
"chr17"	4167984	4167985	95.2
"chr16"	65914121	65914122	12.8
"chr1"	175476808	175476809	86.4
"chr10"	43150020	43150021	97
"chr3"	38371084	38371085	95.5
"chrX"	135179690	135179691	6.1
"chr2"	85896336	85896337	88
"chr12"	90059541	90059542	96.7
"chr2"	208142627	208142628	92.8
"chr19"	55940072	55940073	10.2
"chr2"	132637384	132637385	6.8
"chr15"	59073558	59073559	94
"chr2"	32065252	32065253	96.1
"chr15"	81328493	81328494	88.4
"chr7"	105494847	105494848	96.5
"chr8"	11680324	11680325	5.1
"chr7"	7033095	7033096	21
"chrX"	135668196	135668197	8.2
"chr11"	31987520	31987521	58.5
"chr19"	34699528	34699529	59.5
"chr3"	113746177	113746178	5.4
"chr18"	64725691	64725692	95.2
"chr17"	3658317	3658318	95.5
"chr5"	62288877	62288878	82.7
"chr9"	134681761	134681762	93.1
"chr4"	145883645	145883646	95.8
"chr9"	112464804	112464805	96.9
"chrY"	16404408	16404409	80.4
"chr8"	21809615	21809616	96.4
"chr15"	68753093	68753094	95.1
"chr7"	35465294	35465295	70.9
"chr6"	68463951	68463952	13.8
"chr3"	24385441	24385442	93.8
"chr6"	79699299	79699300	92.1
"chr6"	59512354	59512355	95.8
"chr15"	60288488	60288489	68.8
"chr4"	80087463	80087464	75
"chr14"	31548208	31548209	74.2
"chr10"	124681297	124681298	95.3
"chr13"	23182974	23182975	65.7
"chr19"	42265802	42265803	90.9
"chr2"	64421110	64421111	84.8
"chr14"	88309575	88309576	95.6
"chr6"	128628159	128628160	96.3
"chr13"	25371921	25371922	3.9
"chr12"	122642103	122642104	96.9
"chrX"	78669818	78669819	90.1
"chr22"	20554579	20554580	96.4
"chr4"	52397723	52397724	93.1
"chr9"	16358130	16358131	91.9
"chr8"	134755277	134755278	96.6
"chr6"	109979173	109979174	2.9
"chr20"	14002480	14002481	58.6
"chr18"	34435602	34435603	3.7
"chr18"	78902014	78902015	83.9
"chr7"	75899479	75899480	96.2
"chr1"	45639657	45639658	95.6
"chr11"	119326775	119326776	92.8
"chr17"	61719678	61719679	78.1
"chr1"	179712010	179712011	77.6
"chr8"	85052438	85052439	53.3
"chr2"	237555230	237555231	89.5
"chr19"	39456264	39456265	95.7
"chr1"	156907991	156907992	96
"chr11"	133133523	133133524	3.2
"chr12"	38813014	38813015	91.8
"chr2"	222303733	222303734	23.2
"chr7"	126962840	126962841	96
"chr17"	36425971	36425972	93.9
"chr21"	29411917	29411918	95.2
"chr1"	171117320	171117321	95.1
"chrX"	126589796	126589797	57.6
"chr9"	92969779	92969780	96.6
"chr17"	81166240	81166241	3.9
"chr17"	24693998	24693999	55.2
"chr1"	247879935	247879936	41.1
"chr10"	10493777	10493778	95.9
"chr1"	218942365	218942366	62
"chr16"	19895519	19895520	32.8
"chr17"	33869155	33869156	93.2
"chr14"	26255966	26255967	24.6
"chr10"	12522946	12522947	96.1
"chr12"	117330645	117330646	92.8
"chr19"	2118677	2118678	96.4
"chr1"	100609922	100609923	60.2
"chr1"	52872739	52872740	97.1
"chr1"	15989902	15989903	84.9
"chrX"	150343230	150343231	78.3
"chr12"	115109014	115109015	96.2
"chr1"	10866353	10866354	3.6
"chr15"	44309968	44309969	2.6
"chr7"	35528565	35528566	10.6
"chr9"	69506338	69506339	95.4
"chr6"	39934473	39934474	3.7
"chr19"	10219500	10219501	97.1
"chr3"	36414502	36414503	91
"chr5"	179864808	179864809	96.2
"chr6"	125662870	125662871	96.9
"chr6"	16915785	16915786	88.1
"chrX"	103098203	103098204	73.3
"chr22"	20354463	20354464	93.2
"chr7"	75704599	75704600	92.1
"chr10"	26991566	26991567	87.3
"chr12"	51279766	51279767	23.3
"chr10"	104971488	104971489	4.1
"chr17"	36299424	36299425	95.9
"chr6"	122876734	122876735	90.6
"chrY"	26089982	26089983	40.4
"chr2"	219473854	219473855	96.5
"chr14"	23034341	23034342	2.9
"chr12"	95217718	95217719	3.4
"chr22"	30212304	30212305	76.3
"chr7"	73742973	73742974	94.6
"chr10"	38210738	38210739	6.2
"chr22"	20495627	20495628	3.1
"chr3"	70268575	70268576	86.7
"chrX"	18641951	18641952	96.1
"chr4"	186841036	186841037	94.7
"chr4"	102250709	102250710	87.2
"chr19"	16035153	16035154	11
"chr15"	36765457	36765458	97
"chr21"	23779372	23779373	96.3
"chr8"	133588095	133588096	93.7
"chr18"	69725763	69725764	96.2
"chr12"	123747047	123747048	95
"chr9"	8481105	8481106	94.6
"chr17"	45100248	45100249	97.2
"chr1"	232073999	232074000	68.3
"chr1"	170603177	170603178	95.7
"chr17"	82080642	82080643	93.2
"chr4"	152826928	152826929	94.9
"chr16"	88719226	88719227	97.4
"chr2"	28419879	28419880	3.3
"chr14"	44410130	44410131	60.6
"chr13"	80474593	80474594	60.5
"chr19"	13655148	13655149	96.1
"chrX"	94851857	94851858	95
"chr16"	8890966	8890967	81.2
"chr1"	247013211	247013212	95.3
"chr18"	78451547	78451548	37.4
"chr16"	88746531	88746532	93.4
"chrX"	47096779	47096780	60.4
"chr1"	93913898	93913899	45.6
"chr15"	29799570	29799571	39.2
"chr4"	124526423	124526424	84.2
"chr20"	57391150	57391151	4.2
"chr17"	66916168	66916169	93.9
"chr17"	80216979	80216980	95.8
"chr14"	69826384	69826385	46.9
"chr3"	172451606	172451607	36.9
"chr12"	58924673	58924674	11.6
"chr22"	30356954	30356955	3.4
"chr1"	179228777	179228778	3.3
"chr1"	56167830	56167831	32.5
"chr16"	3475191	3475192	94.6
"chr1"	36365076	36365077	96.5
"chr16"	74384492	74384493	62.1
"chr4"	53105085	53105086	95.6
"chr15"	50541674	50541675	94.4
"chr15"	70425211	70425212	3.1
"chrX"	126842463	126842464	84
"chr9"	121606112	121606113	9.6
"chr8"	9044163	9044164	95.2
"chr10"	24170535	24170536	3
"chr1"	182174391	182174392	74.3
"chr12"	96110425	96110426	94.7
"chr14"	102033474	102033475	95.7
"chr3"	25572757	25572758	61.8
"chr6"	128923315	128923316	51.4
"chrX"	140715364	140715365	88.1
"chr16"	34607883	34607884	97
"chr17"	31803407	31803408	97.1
"chr19"	39071477	39071478	96
"chr8"	28542164	28542165	91.7
"chr5"	17586711	17586712	65.8
"chr18"	77085760	77085761	96.7
"chr3"	113202579	113202580	29
"chr16"	49856928	49856929	3
"chr12"	37254458	37254459	58.7
"chr19"	1503719	1503720	3.1
"chr19"	21443678	21443679	96.1
"chr1"	108560650	108560651	3.4
"chr1"	21360759	21360760	94.7
"chr3"	92397647	92397648	80.9
"chr3"	9688142	9688143	91.3
"chrX"	56953526	56953527	95.9
"chr6"	72720642	72720643	87.6
"chr2"	68467424	68467425	4.4
"chrX"	54421037	54421038	93.7
"chr12"	78783747	78783748	5.1
"chr1"	186522149	186522150	92.9
"chr7"	44999642	44999643	3.5
"chr5"	14897541	14897542	63.3
"chr15"	73766545	73766546	33.6
"chr9"	122532592	122532593	96.3
"chr10"	30155574	30155575	77.7
"chr3"	142442328	142442329	88.1
"chr8"	15856131	15856132	4.2
"chr5"	16707781	16707782	96.5
"chr12"	52356167	52356168	80.4
"chr15"	98811074	98811075	95.9
"chrX"	125068403	125068404	95.6
"chr17"	1343080	1343081	3.2
"chr7"	151240642	151240643	91
"chr21"	33284614	33284615	92
"chr22"	18802016	18802017	95.3
"chr5"	106811905	106811906	90.8
"chr18"	11048149	11048150	92.9
"chr19"	2554608	2554609	96
"chr11"	72926783	72926784	96.9
"chr9"	82366928	82366929	63.9
"chr4"	181990732	181990733	95.6
"chr2"	5522625	5522626	31.3
"chr9"	133511409	133511410	96
"chr12"	95650949	95650950	94.7
"chr19"	13666213	13666214	92.9
"chr21"	45485960	45485961	82.1
"chr7"	100456000	100456001	93.3
"chr4"	137468996	137468997	95.4
"chr9"	36254875	36254876	96.5
"chr2"	215312281	215312282	3.5
"chr14"	73401599	73401600	22.8
"chr16"	8637902	8637903	78.1
"chr10"	77477989	77477990	72.8
"chr4"	9234453	9234454	92.1
"chr3"	56036406	56036407	26.1
"chr22"	39357907	39357908	95.2
"chr1"	38084153	38084154	64.7
"chr9"	135252335	135252336	66.8
"chr3"	195414869	195414870	97
"chr15"	42954539	42954540	96.7
"chr1"	14399222	14399223	75.9
"chr12"	58731713	58731714	64.1
"chr18"	32018816	32018817	4.6
"chr7"	17183981	17183982	95.4
"chr11"	46698239	46698240	90.4
"chr3"	31533322	31533323	4.2
"chr5"	100078183	100078184	95.1
"chr7"	2198507	2198508	96.7
"chr8"	56611926	56611927	62.2
"chr18"	58568538	58568539	96.5
"chr4"	146678207	146678208	57.3
"chr17"	30948900	30948901	96.8
"chr16"	37145565	37145566	89.4
"chr5"	20936222	20936223	40.2
"chr16"	77722844	77722845	3.2
"chr17"	77477261	77477262	91.5
"chr6"	109794731	109794732	91.3
"chr8"	114850899	114850900	96
"chr8"	42617503	42617504	95.5
"chr6"	169750411	169750412	80.2
"chr18"	36290037	36290038	97.2
"chr19"	35641724	35641725	3
"chr9"	28116960	28116961	38.1
"chr12"	70420823	70420824	93
"chr2"	22336259	22336260	54.8
"chr12"	22137770	22137771	93.3
"chr16"	9959896	9959897	47
"chr20"	35153007	35153008	93.9
"chr18"	56027845	56027846	87.5
"chr7"	113076270	113076271	86.8
"chr7"	72993046	72993047	96.5
"chr7"	102400038	102400039	66.2
"chr11"	45384742	45384743	41.5
"chr11"	48225560	48225561	96.4
"chr19"	33521767	33521768	3.8
"chr8"	19892957	19892958	13.6
"chr14"	91921927	91921928	95.6
"chrX"	17376156	17376157	3.7
"chr3"	125288115	125288116	96.6
"chr11"	70603931	70603932	14.1
"chr5"	111780031	111780032	2.2
"chr2"	238734993	238734994	91.5
"chr15"	40701567	40701568	95.5
"chr10"	73684123	73684124	96.9
"chr18"	28838961	28838962	17.2
"chr18"	12943170	12943171	64.8
"chr5"	170316408	170316409	95.2
"chr8"	8164618	8164619	93.3
"chr9"	110650908	110650909	55.5
"chr21"	46202800	46202801	97
"chr6"	167814856	167814857	86.1
"chr7"	109442721	109442722	67.6
"chrX"	5646018	5646019	81
"chr11"	1903292	1903293	4.8
"chrX"	146620725	146620726	82.8
"chr1"	16535222	16535223	3.9
"chr10"	33253392	33253393	91.3
"chr2"	119932805	119932806	94.2
"chr5"	139710607	139710608	3.1
"chr13"	99458366	99458367	68.1
"chr16"	26766460	26766461	42.6
"chr11"	8707834	8707835	94
"chr1"	201668826	201668827	49.2
"chr22"	16378595	16378596	52.2
"chr20"	50310221	50310222	96.4
"chr3"	93840458	93840459	23.7
"chr20"	59022057	59022058	94.6
"chr21"	28894430	28894431	96.8
"chr2"	157441171	157441172	5.3
"chr19"	55482463	55482464	96
"chr3"	148582649	148582650	47
"chr8"	12160723	12160724	54.4
"chr7"	143511197	143511198	72.7
"chr1"	245540724	245540725	71.4
"chr13"	111518233	111518234	92.3
"chr3"	72655513	72655514	52.1
"chr14"	94058046	94058047	59.5
"chr8"	85642825	85642826	95.6
"chr6"	66556304	66556305	5.6
"chr4"	6242660	6242661	72.5
"chr17"	8049982	8049983	76.4
"chr1"	67848179	67848180	86
"chr5"	161047640	161047641	94.6
"chr6"	144165441	144165442	95.2
"chr12"	57598892	57598893	96.1
"chr9"	23705736	23705737	9
"chr6"	30147914	30147915	31
"chr5"	124928186	124928187	96.9
"chr12"	126648143	126648144	2.7
"chr16"	18406671	18406672	90
"chr6"	119717743	119717744	91.7
"chr12"	116500287	116500288	90.3
"chr20"	5051023	5051024	95.7
"chr2"	227865439	227865440	59
"chr6"	73065883	73065884	96.1
"chr5"	82885980	82885981	5.1
"chr11"	47813866	47813867	96.6
"chr20"	48488959	48488960	3.5
"chr1"	219008084	219008085	66.4
"chr8"	86175127	86175128	67
"chr22"	22539779	22539780	88.5
"chr3"	173577008	173577009	73.7
"chr5"	146878656	146878657	3.7
"chr7"	65509987	65509988	3
"chr2"	100283139	100283140	34.8
"chr9"	101318508	101318509	85.2
"chr1"	6365659	6365660	96.5
"chr7"	117229290	117229291	87.5
"chr22"	30643713	30643714	55.7
"chr19"	44846669	44846670	14.9
"chr16"	18565939	18565940	93.6
"chr19"	818047	818048	95.4
"chr6"	22203465	22203466	45.4
"chr4"	159315712	159315713	91.9
"chr1"	229540079	229540080	97
"chr7"	45075840	45075841	95.9
"chr17"	41699548	41699549	97.1
"chr1"	43147817	43147818	3.3
"chr14"	95242382	95242383	93
"chr1"	212718224	212718225	80.8
"chr3"	46057132	46057133	80.2
"chr17"	76507571	76507572	63.4
"chr2"	24320244	24320245	96.4
"chr2"	10277732	10277733	95.9
"chr19"	1790026	1790027	4.1
"chr11"	65538883	65538884	96.1
"chr7"	141612293	141612294	55.9
"chr10"	77584577	77584578	35.1
"chr20"	43464935	43464936	97.2
"chrX"	135263562	135263563	95.4
"chr22"	18004511	18004512	94.4
"chr16"	52909529	52909530	40.6
"chr7"	35482270	35482271	32.4
"chr1"	248183358	248183359	56.8
"chr10"	70176494	70176495	5.7
"chr4"	53466550	53466551	95.8
"chr22"	44657615	44657616	5.9
"chrX"	132316044	132316045	61.6
"chr11"	25349675	25349676	5.5
"chr1"	202309589	202309590	77.8
"chr2"	226788774	226788775	87.4
"chrX"	32022268	32022269	18.5
"chr14"	72472923	72472924	97.1
"chr8"	139444203	139444204	95.8
"chr2"	98583361	98583362	97.2
"chr8"	46751401	46751402	6.2
"chr17"	50736063	50736064	96.9
"chr6"	127518765	127518766	40.8
"chr6"	101873142	101873143	90.9
"chr16"	28651861	28651862	90.5
"chr11"	133632039	133632040	59.7
"chr10"	11992013	11992014	95.3
"chr5"	180168540	180168541	70.5
"chr18"	36602730	36602731	68.1
"chr15"	20185130	20185131	89.8
"chr2"	133904752	133904753	87.6
"chr17"	41728981	41728982	92.7
"chr3"	171244105	171244106	96.4
"chr13"	30171477	30171478	95
"chr2"	176366302	176366303	91.6
"chr9"	105933907	105933908	86.1
"chr5"	82597282	82597283	83.1
"chr22"	42338236	42338237	94.6
"chr15"	78618232	78618233	96.4
"chr15"	30610941	30610942	96.4
"chr17"	81867990	81867991	96
"chr8"	14516195	14516196	58.2
"chr19"	23788556	23788557	96
"chr7"	110925380	110925381	91.8
"chr8"	102234429	102234430	96.3
"chr10"	48524274	48524275	3.2
"chr2"	84856724	84856725	96.2
"chr15"	89016516	89016517	67.5
"chrX"	98029409	98029410	11.1
"chr16"	2054244	2054245	93.5
"chr4"	10626830	10626831	91.6
"chr1"	27499776	27499777	91.8
"chr8"	133320343	133320344	95.9
"chr22"	36532118	36532119	95.4
"chr2"	33880660	33880661	88.7
"chr1"	1895785	1895786	75.6
"chr1"	222056889	222056890	93.9
"chrX"	46792272	46792273	4.8
"chr2"	123617958	123617959	74.6
"chr6"	28469497	28469498	97.2
"chr10"	93246098	93246099	48.6
"chr17"	43545662	43545663	5
"chr13"	27585048	27585049	96.6
"chr22"	46738167	46738168	3.3
"chr3"	129030728	129030729	96.1
"chr11"	45286686	45286687	31.1
"chr7"	101165643	101165644	2.7
"chr12"	17794062	17794063	18.4
"chr5"	122476157	122476158	76.1
"chr16"	593115	593116	97.5
"chr9"	105939623	105939624	92.2
"chr11"	116457719	116457720	9
"chr9"	8402799	8402800	94.2
"chrY"	11545856	11545857	74.1
"chr14"	40767607	40767608	10.6
"chr6"	43040709	43040710	95.1
"chr18"	45413258	45413259	91
"chr7"	112320044	112320045	4.5
"chr12"	14769345	14769346	3.2
"chr10"	19231538	19231539	10.4
"chr13"	40567690	40567691	94
"chr6"	105031026	105031027	94.1
"chr1"	163713012	163713013	49.6
"chr10"	94870487	94870488	91
"chr10"	8521415	8521416	65.8
"chr3"	178424004	178424005	27.1
"chr9"	106787919	106787920	89.3
"chr8"	144050670	144050671	3
"chr16"	1895676	1895677	96.7
"chr5"	176946467	176946468	94
"chr9"	88471969	88471970	90.2
"chr7"	75835416	75835417	96.1
"chr22"	38838914	38838915	96.9
"chr2"	232608885	232608886	96.3
"chr14"	105209601	105209602	96.2
"chrX"	82075599	82075600	41.1
"chr4"	139288887	139288888	96.6
"chr6"	88217534	88217535	95.4
"chr6"	150771364	150771365	94.3
"chr10"	50379375	50379376	46.3
"chr21"	23807207	23807208	96.1
"chr7"	80277998	80277999	10.7
"chr2"	173147819	173147820	96.4
"chr17"	2054772	2054773	3.8
"chr1"	216293274	216293275	91.6
"chr5"	67268733	67268734	18.3
"chr17"	67474329	67474330	69.9
"chr14"	75211569	75211570	89.2
"chr19"	58061599	58061600	66.4
"chr4"	83535164	83535165	90.1
"chr9"	94815649	94815650	96
"chr16"	77319900	77319901	70.6
"chr3"	100951241	100951242	7.2
"chr5"	131857772	131857773	96.2
"chr22"	12168120	12168121	45.3
"chr12"	18216409	18216410	46.6
"chr8"	87033243	87033244	5.2
"chr12"	78578926	78578927	24.6
"chr1"	175563907	175563908	69.7
"chr1"	212615290	212615291	94.7
"chr2"	201515453	201515454	7.4
"chr19"	1635115	1635116	96.5
"chr1"	228141154	228141155	8.1
"chr2"	6991923	6991924	93.8
"chr18"	15000278	15000279	3
"chr1"	207817820	207817821	96.2
"chr8"	2098375	2098376	84.4
"chr1"	207663755	207663756	96.2
"chr1"	30965139	30965140	97.1
"chr3"	141073270	141073271	94.4
"chr16"	3219546	3219547	96.7
"chr17"	46022643	46022644	96.4
"chr13"	18665721	18665722	96.6
"chr21"	21070028	21070029	16.7
"chr7"	112021831	112021832	96.3
"chr11"	65258596	65258597	83.8
"chr6"	42007939	42007940	3.9
"chr4"	37299570	37299571	87.2
"chrX"	140429414	140429415	3
"chr13"	50912739	50912740	95.1
"chr10"	8550692	8550693	40.8
"chr13"	106447106	106447107	69.5
"chr16"	33505743	33505744	70.1
"chr13"	103468855	103468856	91.9
"chr16"	87832476	87832477	96.3
"chr7"	105335742	105335743	96.7
"chr2"	95067085	95067086	81.4
"chr16"	84867233	84867234	78.6
"chr10"	71832453	71832454	95.4
"chr1"	9560071	9560072	89.7
"chr17"	45431199	45431200	2.9
"chr16"	57382652	57382653	72.2
"chr10"	77569426	77569427	13.9
"chr3"	49685833	49685834	29.7
"chr8"	66728482	66728483	74.1
"chr1"	107809516	107809517	54.4
"chr17"	1146188	1146189	96.5
"chr4"	58867343	58867344	93.4
"chr7"	38084802	38084803	70.5
"chr2"	24829204	24829205	95.7
"chrX"	38001036	38001037	93.9
"chr12"	55190377	55190378	10.3
"chr10"	80702196	80702197	93
"chr3"	98213829	98213830	78.3
"chr1"	82142485	82142486	44.9
"chr7"	133243541	133243542	20.4
"chr22"	38223947	38223948	96.5
"chr10"	24778017	24778018	91.6
"chr7"	142074489	142074490	83.4
"chr18"	34494054	34494055	3.3
"chr10"	87504629	87504630	3.1
"chr5"	135014531	135014532	55.7
"chr8"	65818257	65818258	97.1
"chr4"	27213872	27213873	87.2
"chr7"	24779902	24779903	94.7
"chr5"	40633348	40633349	92.2
"chr15"	53064036	53064037	54.4
"chr12"	41099161	41099162	36
"chr10"	125034991	125034992	77.8
"chr1"	99527127	99527128	54.9
"chr16"	89753781	89753782	96.2
"chr13"	31230628	31230629	82.3
"chr5"	83333925	83333926	90.9
"chr20"	16218305	16218306	79.2
"chr7"	133444718	133444719	96.4
"chr6"	30689606	30689607	77.3
"chr7"	138980754	138980755	4.1
"chr1"	178169318	178169319	21.9
"chr16"	1369928	1369929	96.8
"chr13"	30548517	30548518	92.4
"chr15"	75427441	75427442	97
"chr17"	18045148	18045149	55.4
"chr4"	36288136	36288137	96.2
"chr13"	56761135	56761136	38.4
"chr15"	40125486	40125487	94.5
"chr4"	178333339	178333340	56.4
"chr14"	105487859	105487860	3.7
"chr1"	76568169	76568170	92.9
"chr1"	33195866	33195867	67.2
"chrX"	52903114	52903115	95.3
"chr7"	22598856	22598857	86.9
"chr21"	6012007	6012008	71.9
"chr12"	95746211	95746212	95.1
"chr6"	1453882	1453883	76.2
"chr20"	22119300	22119301	96.2
"chr12"	2670806	2670807	93.3
"chr22"	37670214	37670215	94.6
"chr1"	76429744	76429745	74.7
"chr9"	67758851	67758852	92
"chr14"	104175343	104175344	94.9
"chr12"	251816	251817	95.6
"chr12"	10348569	10348570	95.7
"chr2"	241851593	241851594	79.5
"chr7"	56375368	56375369	77.9
"chr19"	13881680	13881681	3.6
"chr5"	71470131	71470132	96.6
"chr10"	22321195	22321196	3.3
"chr5"	78602609	78602610	91.4
"chr18"	9012263	9012264	96.5
"chr1"	117647635	117647636	96.8
"chr1"	211340819	211340820	96.6
"chr16"	84184614	84184615	96.4
"chr21"	33030147	33030148	57
"chr20"	50265086	50265087	70.7
"chr2"	75928431	75928432	93
"chr1"	184795545	184795546	95.9
"chr6"	28034359	28034360	64.2
"chr17"	21099561	21099562	3.9
"chr3"	152120042	152120043	97
"chr11"	48393593	48393594	23.6
"chr2"	121431967	121431968	94.6
"chr14"	61322300	61322301	4.6
"chr6"	37054223	37054224	96.1
"chr18"	4682782	4682783	94.5
"chr10"	39442871	39442872	10.3
"chr19"	19231092	19231093	95.7
"chr2"	36449710	36449711	96.5
"chr18"	16009725	16009726	80.2
"chr12"	49378487	49378488	96.2
"chr4"	35102639	35102640	82.7
"chr3"	138000881	138000882	48.8
"chr3"	51828259	51828260	90.3
"chr9"	103109728	103109729	94.4
"chrX"	17221291	17221292	8.7
"chr18"	47090701	47090702	95.8
"chr9"	129413283	129413284	4
"chr1"	177098362	177098363	21.2
"chr7"	65698121	65698122	84
"chr5"	134753577	134753578	96.3
"chr4"	5042285	5042286	28.8
"chr10"	60818600	60818601	97.2
"chr7"	52100401	52100402	45.2
"chr14"	78950806	78950807	21.2
"chr4"	165554402	165554403	53.1
"chr14"	41471394	41471395	91.2
"chr1"	120680252	120680253	87.1
"chr10"	55418564	55418565	21.2
"chr17"	45170572	45170573	93.3
"chr3"	111599036	111599037	97.3
"chr21"	29561788	29561789	95.8
"chrX"	74925301	74925302	2.8
"chr6"	118221328	118221329	96.1
"chr15"	76092517	76092518	96.2
"chr7"	671175	671176	84.3
"chr8"	29105090	29105091	95.7
"chr3"	90650644	90650645	67
"chr11"	78353371	78353372	93.7
"chr1"	47688729	47688730	95.9
"chr5"	141415425	141415426	3.6
"chr14"	104316847	104316848	3.1
"chr7"	53616444	53616445	90.5
"chr1"	166291864	166291865	33.9
"chr8"	32502334	32502335	79.1
"chr16"	83106009	83106010	10.3
"chrX"	13938495	13938496	12.6
"chr3"	143410217	143410218	48.6
"chr4"	36792361	36792362	46.5
"chr6"	156256409	156256410	4.4
"chr10"	50350559	50350560	95.9
"chr1"	14671867	14671868	94.3
"chr6"	16868792	16868793	95.3
"chr12"	51067942	51067943	97
"chr12"	57646226	57646227	53.3
"chr20"	39139517	39139518	63
"chrY"	19548470	19548471	65.8
"chr12"	112407781	112407782	93.2
"chr7"	146968203	146968204	21.5
"chr17"	68827698	68827699	95.9
"chr9"	134541335	134541336	51.4
"chr1"	189230881	189230882	10.9
"chr2"	126135270	126135271	36.7
"chr14"	22785464	22785465	95.3
"chr5"	71365864	71365865	88.9
"chr8"	100076757	100076758	85.4
"chr15"	89687079	89687080	94.6
"chr17"	21581278	21581279	41.9
"chr20"	747120	747121	38.9
"chrX"	84658712	84658713	40.5
"chr22"	19735918	19735919	86.6
"chr16"	70604798	70604799	94.4
"chr5"	133361531	133361532	91.2
"chr1"	41662067	41662068	3.1
"chr7"	29999893	29999894	83.9
"chr15"	84197319	84197320	92.9
"chr17"	66252964	66252965	93.4
"chr18"	71938247	71938248	87.9
"chr17"	60804966	60804967	92.2
"chr12"	21508862	21508863	96.1
"chrX"	85450884	85450885	84.6
"chr3"	194788670	194788671	65.7
"chr8"	136372105	136372106	74.6
"chr13"	35556755	35556756	96.5
"chr20"	1899050	1899051	95
"chr11"	110805338	110805339	25.5
"chr13"	23616987	23616988	41
"chr13"	78606068	78606069	3.3
"chrX"	47110094	47110095	96.1
"chr5"	39890122	39890123	18.6
"chr9"	123496846	123496847	83.3
"chr14"	97337504	97337505	73.1
"chr10"	90427363	90427364	17
"chr8"	29500300	29500301	4.9
"chr5"	28927933	28927934	25.3
"chr10"	93500119	93500120	96.8
"chr1"	36330657	36330658	30.1
"chr20"	43190177	43190178	2.6
"chr7"	99888278	99888279	94.6
"chr4"	174663693	174663694	10
"chr12"	123617775	123617776	94.4
"chr18"	48988067	48988068	96.5
"chr8"	4454056	4454057	87.1
"chr7"	63710235	63710236	94.6
"chr4"	137079708	137079709	79.4
"chr14"	30471269	30471270	91.2
"chr3"	129332429	129332430	94.3
"chr2"	1284083	1284084	73.5
"chr13"	20774018	20774019	3.3
"chr2"	11852336	11852337	95.4
"chr5"	124952403	124952404	3.9
"chr21"	36699960	36699961	17.6
"chr6"	155082051	155082052	96.5
"chr10"	29731028	29731029	94.6
"chr2"	39959684	39959685	48.9
"chr7"	57500725	57500726	94.8
"chr4"	12709290	12709291	51.5
"chr1"	44407491	44407492	3.4
"chr9"	20598371	20598372	80.9
"chr2"	236346043	236346044	94.1
"chr12"	4573995	4573996	96.8
"chr11"	72630794	72630795	15.2
"chr21"	42458321	42458322	96.2
"chr3"	1915114	1915115	33.6
"chr14"	36507222	36507223	3.7
"chr5"	163438887	163438888	92.6
"chr2"	144332087	144332088	7.8
"chr15"	91908920	91908921	96.5
"chr2"	151815856	151815857	96.5
"chr6"	114013202	114013203	93.5
"chr12"	109085748	109085749	96.4
"chr5"	63715500	63715501	37.7
"chr1"	110260505	110260506	92.9
"chr11"	63394647	63394648	91.4
"chrX"	6970462	6970463	94.9
"chr7"	577106	577107	96.3
"chr8"	144670927	144670928	94.9
"chr2"	115368750	115368751	80.2
"chr20"	22529298	22529299	92.3
"chr13"	66740587	66740588	95.3
"chr8"	143253587	143253588	96.1
"chr4"	16393181	16393182	95.8
"chr5"	177836453	177836454	5.4
"chr1"	164458004	164458005	93.7
"chr1"	30139390	30139391	95.9
"chr5"	38118477	38118478	78
"chr5"	2819139	2819140	49.8
"chr18"	52106126	52106127	8.7
"chr3"	129894790	129894791	95.6
"chr13"	106269164	106269165	96.7
"chr1"	38047282	38047283	3.1
"chr2"	239139864	239139865	96.5
"chr18"	12961063	12961064	85.2
"chr14"	88347745	88347746	90.7
"chr1"	43495977	43495978	94.5
"chr3"	11512796	11512797	90.1
"chr10"	33601194	33601195	94
"chr6"	49203964	49203965	94.4
"chr15"	71762472	71762473	96.1
"chr13"	16718852	16718853	49.2
"chr14"	67456749	67456750	92.5
"chr15"	31905182	31905183	3.4
"chr18"	56880147	56880148	96.9
"chr21"	28751642	28751643	75.3
"chr20"	58958949	58958950	78.5
"chr1"	176406054	176406055	32.8
"chr2"	53971053	53971054	3.5
"chr3"	46166054	46166055	43.2
"chr10"	109004297	109004298	90.1
"chr2"	241670863	241670864	97.4
"chr14"	42372589	42372590	31.2
"chr15"	42252334	42252335	95.9
"chr8"	3318862	3318863	13.8
"chr1"	177143813	177143814	40.6
"chr9"	29515042	29515043	38.2
"chr15"	24907779	24907780	80.2
"chr19"	37115153	37115154	95.9
"chr16"	84228803	84228804	90.8
"chr13"	59243620	59243621	4.9
"chr20"	41180042	41180043	96.4
"chr4"	32272770	32272771	59
"chr7"	155290890	155290891	96.5
"chr20"	36745984	36745985	3.5
"chr2"	36095609	36095610	36
"chrX"	2600058	2600059	79.9
"chr2"	229092766	229092767	69.7
"chr14"	50830629	50830630	4.1
"chr19"	35250698	35250699	95.8
"chr8"	117476101	117476102	69.1
"chr12"	127955909	127955910	95.6
"chr8"	41201663	41201664	36.5
"chr7"	99551492	99551493	46.3
"chr19"	45384564	45384565	87.9
"chr7"	101372187	101372188	84.2
"chr18"	78869402	78869403	96.4
"chr2"	48615227	48615228	95.6
"chr22"	30812456	30812457	93.9
"chr2"	215721022	215721023	94.4
"chr3"	176199335	176199336	32
"chr3"	155137443	155137444	78.3
"chr3"	32681601	32681602	93.2
"chr22"	18192308	18192309	42.9
"chr1"	227868704	227868705	86.5
"chr16"	50327327	50327328	9.6
"chr22"	27785603	27785604	3.8
"chr9"	99368532	99368533	4
"chr12"	87414817	87414818	2.9
"chr2"	4643331	4643332	97
"chr18"	3998575	3998576	88.7
"chr6"	73749998	73749999	70.6
"chr17"	20093949	20093950	92.4
"chr9"	32384776	32384777	3.8
"chr7"	73847082	73847083	96.1
"chr15"	89399466	89399467	4.4
"chrY"	19276257	19276258	49.3
"chr12"	57495400	57495401	95.2
"chr11"	81169191	81169192	6.1
"chr12"	35366590	35366591	62.1
"chr12"	3647328	3647329	96.7
"chr2"	240368121	240368122	7.2
"chr17"	35823690	35823691	96.7
"chr3"	13085917	13085918	94.3
"chr5"	146250364	146250365	91.2
"chr8"	100516020	100516021	95.1
"chrX"	19974087	19974088	91
"chr2"	92553984	92553985	62.8
"chr7"	48570573	48570574	57.7
"chr12"	42393938	42393939	96.1
"chr2"	39053701	39053702	96.1
"chr14"	74835811	74835812	3.5
"chr6"	97332708	97332709	78.3
"chr9"	36561909	36561910	94.2
"chr18"	29732869	29732870	81.8
"chr13"	36175116	36175117	52.2
"chr7"	6754220	6754221	3.8
"chr12"	49893773	49893774	78.8
"chr13"	114208092	114208093	73.5
"chr6"	50726391	50726392	4.9
"chr7"	10529242	10529243	15.5
"chr22"	19143064	19143065	95.2
"chr11"	8120524	8120525	96
"chr2"	73664546	73664547	36.4
"chr10"	20249461	20249462	52.1
"chr5"	85967191	85967192	73.9
"chr3"	4702232	4702233	96.9
"chr19"	4784767	4784768	80.1
"chr19"	36231831	36231832	86.1
"chr10"	5240777	5240778	3.1
"chr14"	90405201	90405202	96.9
"chr6"	80029614	80029615	7.1
"chr14"	104317669	104317670	95.8
"chr12"	63923906	63923907	77
"chr13"	42879785	42879786	95.6
"chr4"	740995	740996	90.1
"chr20"	18078920	18078921	95.6
"chr2"	61178224	61178225	2.8
"chr3"	50498098	50498099	91.3
"chr7"	7720351	7720352	51
"chr3"	43181488	43181489	3.3
"chr2"	83872341	83872342	48.5
"chr20"	462319	462320	34.1
"chr19"	2737141	2737142	96.2
"chr17"	82869773	82869774	77.1
"chr5"	1004145	1004146	36
"chr1"	235584376	235584377	95.6
"chr14"	19099328	19099329	52
"chr6"	135180618	135180619	4.3
"chr2"	135341736	135341737	96.9
"chr2"	213239547	213239548	5.9
"chr7"	58086941	58086942	95.8
"chr10"	90274318	90274319	97
"chr6"	49540492	49540493	81.3
"chr17"	6022244	6022245	74
"chr8"	55663912	55663913	97.1
"chr7"	12815524	12815525	91.4
"chr1"	97202140	97202141	40.1
"chr9"	130119148	130119149	97
"chr15"	28480754	28480755	96.8
"chr6"	105199979	105199980	92.8
"chrX"	136887748	136887749	95.7
"chr17"	1129673	1129674	96.9
"chr15"	97903390	97903391	53
"chr1"	34590459	34590460	4.8
"chr1"	9129647	9129648	2.9
"chr18"	31039236	31039237	20.3
"chr3"	116429799	116429800	92.9
"chr10"	78803640	78803641	96.2
"chr3"	170133246	170133247	94.7
"chr18"	50006739	50006740	49.6
"chr17"	26313015	26313016	21.5
"chr6"	2246507	2246508	94.3
"chr6"	17149204	17149205	96
"chr9"	92143932	92143933	84.8
"chr4"	5616965	5616966	96.6
"chr19"	5103254	5103255	95.5
"chr2"	56832338	56832339	46.2
"chr10"	109552303	109552304	10.7
"chr9"	60584236	60584237	54.6
"chr22"	11959227	11959228	82.6
"chr9"	80462169	80462170	95.5
"chr5"	76905632	76905633	87.8
"chr12"	11638940	11638941	92.8
"chr11"	86074666	86074667	96.9
"chr5"	139355450	139355451	95.8
"chr4"	132112853	132112854	88.7
"chr19"	1423831	1423832	96.9
"chr9"	12503648	12503649	3.7
"chr10"	45616762	45616763	95.3
"chr5"	176416183	176416184	3.1
"chr6"	79583949	79583950	46.5
"chr10"	103407454	103407455	93.2
"chr16"	68908439	68908440	95.2
"chr19"	589069	589070	28.7
"chr4"	89527486	89527487	43.8
"chr11"	38921625	38921626	28.1
"chr8"	24100062	24100063	96.9
"chr4"	60921724	60921725	50.9
"chr5"	103276021	103276022	95.7
"chr5"	71587646	71587647	4.1
"chr20"	24017572	24017573	33.6
"chr6"	19578490	19578491	69.3
"chr6"	75140586	75140587	89.8
"chr13"	29156851	29156852	64.1
"chr2"	222781933	222781934	95.2
"chr4"	109537998	109537999	97.6
"chr17"	19153923	19153924	96.4
"chr9"	43814850	43814851	79.4
"chr13"	65065112	65065113	10.7
"chr3"	7481023	7481024	37.2
"chrX"	119382255	119382256	96.2
"chr14"	73138774	73138775	95.6
"chrX"	30810937	30810938	96.7
"chr13"	50010448	50010449	96
"chr1"	86258623	86258624	39.6
"chr1"	6295979	6295980	96
"chr11"	38321749	38321750	70
"chr8"	81051782	81051783	95.9
"chr18"	25571286	25571287	93.8
"chr4"	65650435	65650436	95.9
"chr18"	74097635	74097636	83.6
"chr7"	141735876	141735877	95.8
"chr1"	187255491	187255492	93.4
"chr14"	73490614	73490615	3.7
"chr1"	184473810	184473811	11.9
"chr1"	109154172	109154173	96.5
"chr10"	132977818	132977819	5.3
"chr8"	13669146	13669147	40.1
"chr11"	89227370	89227371	12.6
"chr5"	141463651	141463652	89.9
"chr2"	99475843	99475844	95.6
"chr13"	19875824	19875825	90.8
"chr4"	52375730	52375731	88.9
"chr7"	128409297	128409298	17.6
"chr17"	4143973	4143974	3.4
"chr16"	70463002	70463003	96.2
"chr12"	16746762	16746763	97
"chr9"	137709302	137709303	89.3
"chr10"	3909551	3909552	96
"chr20"	46460365	46460366	77.7
"chr12"	124326230	124326231	95.4
"chr9"	129445340	129445341	95.8
"chr5"	142087447	142087448	95.7
"chr1"	245848772	245848773	5.9
"chr9"	137510113	137510114	89.5
"chr3"	28051473	28051474	97.5
"chr18"	60143128	60143129	95.2
"chr11"	57467938	57467939	96.3
"chr16"	54374018	54374019	3.3
"chr3"	154067916	154067917	87
"chr7"	159131032	159131033	40.6
"chr15"	73802840	73802841	44.3
"chr19"	37925231	37925232	95.8
"chr12"	9064742	9064743	4.6
"chr1"	26392571	26392572	44.7
"chr1"	98487647	98487648	83
"chr2"	204151114	204151115	4
"chr12"	2776516	2776517	95.3
"chr6"	58095954	58095955	29.3
"chr9"	8689567	8689568	95.6
"chr1"	146918230	146918231	93.3
"chr2"	60508638	60508639	90.5
"chr4"	21843765	21843766	35.3
"chr12"	217353	217354	78.6
"chr1"	226753317	226753318	96.2
"chrX"	103857403	103857404	86.4
"chr22"	38317216	38317217	5.6
"chr2"	172100638	172100639	3.8
"chr3"	155670952	155670953	79
"chr22"	27446749	27446750	68.2
"chr3"	38003627	38003628	64.6
"chr13"	90495013	90495014	97.2
"chr6"	131560079	131560080	80.8
"chr12"	109475332	109475333	94.9
"chr7"	141065319	141065320	71
"chr3"	130155017	130155018	94.1
"chr4"	129202598	129202599	92.3
"chr18"	25476049	25476050	51.3
"chr7"	52271899	52271900	4
"chr16"	58401199	58401200	97.1
"chr1"	102583853	102583854	92.1
"chr2"	43980412	43980413	95.3
"chr19"	57186980	57186981	81.5
"chr9"	113911753	113911754	94.9
"chr5"	136301742	136301743	95.8
"chr5"	87531224	87531225	4
"chr16"	87771147	87771148	28
"chr10"	118567977	118567978	91.1
"chr12"	76191217	76191218	96.4
"chr6"	13694569	13694570	95
"chr20"	51129905	51129906	6.9
"chr20"	36434028	36434029	54.5
"chr1"	93072628	93072629	85.2
"chr20"	34272665	34272666	92.8
"chr15"	92768000	92768001	95.7
"chr10"	6231111	6231112	94.6
"chr4"	118089477	118089478	13.4
"chrX"	134391252	134391253	96.3
"chr17"	78817693	78817694	95.6
"chr2"	112933473	112933474	96.1
"chr8"	37899487	37899488	2.4
"chr14"	92662133	92662134	96.1
"chr12"	119871673	119871674	95.5
"chr19"	12163418	12163419	3.5
"chrX"	104523817	104523818	92.9
"chr3"	173396445	173396446	9.5
"chr15"	18436870	18436871	18.5
"chr6"	110038178	110038179	63.2
"chr18"	54477953	54477954	27.4
"chr1"	56477679	56477680	3.7
"chr20"	30816574	30816575	55
"chrX"	12145270	12145271	93.5
"chr1"	15069612	15069613	94.6
"chr15"	22763219	22763220	42.8
"chr6"	133837308	133837309	97
"chr4"	173171409	173171410	2.1
"chr6"	43073624	43073625	96.3
"chr6"	80137019	80137020	97
"chr6"	84290584	84290585	94.6
"chr10"	76398211	76398212	83.6
"chr20"	23603685	23603686	49
"chr2"	99188320	99188321	59
"chr12"	53381112	53381113	2.9
"chrX"	147708292	147708293	60.9
"chr2"	42500354	42500355	93.7
"chr13"	48230138	48230139	94.3
"chr11"	20158344	20158345	3.6
"chr4"	67380383	67380384	96.7
"chr2"	190477963	190477964	97.1
"chr6"	25999467	25999468	47.8
"chr21"	23056510	23056511	8.1
"chr5"	97565894	97565895	95.8
"chr1"	161014104	161014105	3.4
"chr8"	58509879	58509880	74.6
"chr19"	33374019	33374020	3.8
"chr17"	68040010	68040011	96.2
"chr20"	24445653	24445654	4.5
"chr4"	120625137	120625138	69.5
"chr12"	104998819	104998820	95.1
"chrX"	141348714	141348715	47.8
"chr6"	91133040	91133041	27.8
"chr12"	224077	224078	62.4
"chr8"	36297616	36297617	96.2
"chr16"	2237436	2237437	5.5
"chr7"	3300950	3300951	3.7
"chr16"	70778219	70778220	93.6
"chr3"	28127508	28127509	43.4
"chr8"	54103961	54103962	96.2
"chr11"	53321182	53321183	71
"chr11"	77144448	77144449	14.4
"chr3"	95459623	95459624	83.6
"chr1"	205796452	205796453	4
"chr3"	183428266	183428267	4.1
"chr18"	50464227	50464228	96.8
"chr13"	43166700	43166701	96.7
"chr3"	184547120	184547121	92.3
"chr22"	37231522	37231523	42.1
"chr4"	26703954	26703955	92.7
"chr9"	2622781	2622782	4.1
"chr2"	231539990	231539991	62.5
"chr16"	30806020	30806021	3.3
"chr19"	32619167	32619168	95.7
"chr22"	16064346	16064347	6
"chr1"	32785287	32785288	94.8
"chr5"	154685071	154685072	95.6
"chrX"	73223132	73223133	95.3
"chr11"	1935289	1935290	19.3
"chr7"	2693161	2693162	96.9
"chr9"	125324360	125324361	96.1
"chr7"	157280741	157280742	96
"chr4"	161013754	161013755	95.8
"chr4"	186292158	186292159	94
"chr9"	43858352	43858353	21.4
"chr14"	99538722	99538723	65
"chr14"	84803702	84803703	64.5
"chr17"	1566556	1566557	4.8
"chr8"	55767359	55767360	96.9
"chr11"	134888399	134888400	57.8
"chr12"	31718936	31718937	94.9
"chr6"	88767654	88767655	93.3
"chr6"	68472900	68472901	16.3
"chr10"	117359211	117359212	81.8
"chr12"	24353076	24353077	16
"chr8"	41759373	41759374	88.4
"chr6"	43171403	43171404	2.9
"chr8"	37682725	37682726	94.6
"chr1"	207970870	207970871	90.1
"chr22"	30822928	30822929	36
"chr5"	91100784	91100785	86.1
"chr11"	91460119	91460120	36.8
"chr3"	89532912	89532913	37.4
"chr8"	133438607	133438608	6.7
"chr14"	103521275	103521276	3.6
"chr5"	140428079	140428080	94.7
"chr1"	11576016	11576017	92.8
"chr19"	34335555	34335556	89.5
"chr3"	172609744	172609745	96.3
"chr16"	53712553	53712554	95.9
"chr19"	32427689	32427690	97
"chr2"	160270337	160270338	3.6
"chr1"	183748561	183748562	96
"chr15"	71329255	71329256	92.5
"chr7"	99370087	99370088	96.7
"chr1"	6644379	6644380	96.7
"chr8"	97952405	97952406	38.7
"chr21"	45161503	45161504	72.3
"chr4"	6457943	6457944	96.3
"chr7"	15806088	15806089	66.5
"chr13"	97487235	97487236	92.9
"chr7"	77832435	77832436	95.5
"chr20"	34269116	34269117	3.8
"chr15"	94918251	94918252	89.3
"chr2"	235890530	235890531	77.3
"chr18"	58834569	58834570	68.7
"chr17"	75713618	75713619	45.4
"chr7"	135247321	135247322	96
"chr11"	67738729	67738730	93.2
"chr12"	113662396	113662397	92.1
"chr11"	125374558	125374559	74.2
"chr1"	56717247	56717248	72.9
"chr2"	63970862	63970863	96.5
"chr5"	118609565	118609566	77.9
"chr3"	58954590	58954591	95.9
"chr10"	32610392	32610393	95
"chr2"	64609520	64609521	3.9
"chr10"	29691445	29691446	89.7
"chr10"	7666766	7666767	3.7
"chr17"	29552788	29552789	94.8
"chr5"	150299398	150299399	94.6
"chr4"	84717742	84717743	94
"chr12"	34938544	34938545	83.2
"chr10"	5422228	5422229	96.8
"chr3"	10096997	10096998	96.3
"chr3"	92514033	92514034	85.7
"chr10"	73786272	73786273	2.9
"chrX"	129932412	129932413	4
"chr5"	17097158	17097159	96.7
"chr3"	119376526	119376527	93.6
"chr18"	19295981	19295982	87.6
"chr5"	16122935	16122936	93.7
"chr4"	6080792	6080793	95.7
"chr22"	50549017	50549018	3.3
"chr15"	47132212	47132213	95.6
"chr11"	59864005	59864006	91.8
"chr12"	106688217	106688218	87.2
"chr18"	22568239	22568240	22.3
"chr13"	74500988	74500989	77.7
"chr19"	52312204	52312205	97.2
"chr5"	82521724	82521725	65.4
"chr10"	71080584	71080585	15.2
"chr4"	163438702	163438703	5.4
"chr6"	23019611	23019612	95.1
"chr1"	39509625	39509626	49.3
"chr6"	35512351	35512352	32.1
"chr11"	115285233	115285234	61
"chr8"	66748594	66748595	91.5
"chr11"	17229412	17229413	63.7
"chr12"	95710590	95710591	80.8
"chr3"	163725240	163725241	5.1
"chr5"	159787024	159787025	95.2
"chr2"	128452971	128452972	87.2
"chr12"	32006973	32006974	96
"chr9"	133847375	133847376	94.2
"chr14"	104319570	104319571	60
"chr1"	11658791	11658792	96.4
"chr9"	137571330	137571331	96.5
"chr5"	155116772	155116773	93.9
"chr19"	6604145	6604146	19.4
"chr17"	26641115	26641116	86.7
"chr3"	24575295	24575296	94.2
"chr11"	28739251	28739252	92.8
"chr19"	20953297	20953298	97
"chr10"	110754811	110754812	14.6
"chr18"	49603348	49603349	61.6
"chr17"	7329451	7329452	2.9
"chr19"	12840693	12840694	3.6
"chr2"	60901177	60901178	90.3
"chr2"	4318296	4318297	93.9
"chr1"	247993337	247993338	14.6
"chr8"	110734385	110734386	30.5
"chr9"	117415745	117415746	2.6
"chr4"	1208667	1208668	89
"chr11"	284053	284054	96.9
"chr10"	11918675	11918676	95.1
"chr7"	145165310	145165311	53.1
"chr7"	2509077	2509078	3.1
"chr10"	80725717	80725718	45.6
"chr1"	147376619	147376620	92.9
"chr16"	89286120	89286121	84.5
"chr21"	17818991	17818992	3.3
"chr17"	37811236	37811237	97.7
"chr3"	183091982	183091983	96.6
"chr6"	59561329	59561330	95
"chr1"	32864581	32864582	88
"chr19"	57935195	57935196	3.2
"chr2"	37053883	37053884	97.1
"chr16"	46762101	46762102	97.3
"chr12"	18067038	18067039	19.1
"chr7"	109019281	109019282	41.3
"chr7"	42690413	42690414	31.8
"chr8"	18888278	18888279	89
"chr5"	74634397	74634398	94.8
"chr19"	57855661	57855662	96.5
"chr7"	150073151	150073152	94
"chr2"	225115441	225115442	96.1
"chr14"	61864893	61864894	94.9
"chr11"	17228410	17228411	93.1
"chr8"	85604154	85604155	11.4
"chr16"	59012770	59012771	95.3
"chr6"	35765229	35765230	96.7
"chr9"	66114570	66114571	37.1
"chr7"	104108364	104108365	95.6
"chr9"	63917661	63917662	37.2
"chr13"	48421606	48421607	96.3
"chr8"	95781781	95781782	91
"chr5"	32038717	32038718	24.8
"chr13"	69368043	69368044	93.9
"chr7"	74527117	74527118	43.1
"chr1"	199468493	199468494	47
"chr2"	119266276	119266277	96.4
"chr7"	117830717	117830718	71.8
"chr4"	178784700	178784701	21.3
"chr16"	47065652	47065653	95.3
"chr15"	55741925	55741926	3.9
"chr10"	74523524	74523525	95.4
"chr1"	66759763	66759764	93.3
"chr6"	165525458	165525459	5
"chr4"	59482940	59482941	84.2
"chr12"	112348675	112348676	97.1
"chr9"	81921936	81921937	63.1
"chr16"	138387	138388	4.7
"chr9"	93722011	93722012	95.1
"chrX"	153322107	153322108	78.8
"chr4"	162733437	162733438	85.2
"chr14"	77458234	77458235	3.6
"chr19"	52011914	52011915	97.2
"chr7"	48969771	48969772	36.4
"chr10"	16994656	16994657	89.9
"chr1"	210636594	210636595	24
"chr9"	104235923	104235924	96.5
"chr15"	76337850	76337851	29.2
"chr16"	1858139	1858140	20.7
"chr2"	20012422	20012423	4
"chr18"	79695259	79695260	85.9
"chr3"	184604376	184604377	3
"chr13"	18026734	18026735	74.8
"chr2"	227065026	227065027	96.4
"chr2"	176080545	176080546	3.9
"chr1"	144288922	144288923	77.9
"chr10"	2298701	2298702	35.7
"chr5"	2866852	2866853	95.9
"chr4"	143938634	143938635	96.5
"chr5"	178518871	178518872	92.9
"chr2"	213017228	213017229	5.1
"chr8"	142329294	142329295	96.7
"chr6"	31257315	31257316	5.1
"chr2"	235585831	235585832	96.6
"chr8"	9141981	9141982	96.8
"chr2"	202219610	202219611	97.3
"chr1"	167616304	167616305	96.3
"chr17"	18136460	18136461	24.9
"chr11"	111129542	111129543	23.2
"chr6"	157928583	157928584	52.6
"chr2"	61035780	61035781	95.7
"chr3"	951027	951028	41.6
"chr1"	112499061	112499062	96.2
"chr17"	19413297	19413298	90.4
"chr1"	20685749	20685750	39
"chr8"	64258698	64258699	3
"chr6"	34771053	34771054	96.4
"chr8"	15633021	15633022	15.6
"chr12"	85205138	85205139	46.5
"chr4"	112831805	112831806	34
"chr5"	148831554	148831555	28.7
"chr7"	39410800	39410801	94.9
"chr2"	48725865	48725866	96.1
"chr9"	32935694	32935695	5.5
"chr1"	155765598	155765599	96.9
"chr14"	104642458	104642459	85.7
"chr16"	74252788	74252789	96.8
"chr4"	182372561	182372562	82.7
"chr5"	174533266	174533267	97
"chr7"	133487193	133487194	5.7
"chr10"	10393194	10393195	8.9
"chr1"	156714782	156714783	95.8
"chr9"	31380269	31380270	71.5
"chr5"	49984977	49984978	73.4
"chr6"	15254797	15254798	13
"chr18"	79283279	79283280	96.4
"chr1"	197738982	197738983	3.6
"chr3"	101607910	101607911	95.7
"chr10"	103430954	103430955	92.6
"chr13"	113392285	113392286	96
"chr3"	45344213	45344214	68.6
"chr2"	122762891	122762892	91.8
"chr3"	10330644	10330645	82.3
"chr20"	64084307	64084308	2.7
"chr3"	160565306	160565307	3.2
"chr11"	1453627	1453628	33.8
"chr7"	61249854	61249855	62.4
"chr9"	128155252	128155253	92.9
"chr7"	133495036	133495037	94.4
"chr11"	57668811	57668812	3.2
"chr4"	119511879	119511880	96.4
"chr7"	136066299	136066300	92.2
"chr1"	225008715	225008716	96.5
"chr19"	41219323	41219324	3
"chr14"	29643869	29643870	5
"chr5"	71581268	71581269	96.2
"chr1"	203327325	203327326	5.4
"chr3"	31498412	31498413	8.6
"chr21"	44964547	44964548	94.9
"chr15"	65400715	65400716	93.8
"chr11"	67067721	67067722	82
"chr8"	94110419	94110420	95
"chr7"	157001573	157001574	29.6
"chrX"	155216926	155216927	2.7
"chr16"	88204105	88204106	70.7
"chr1"	160613071	160613072	95.8
"chr2"	241991519	241991520	95.9
"chr9"	26009437	26009438	77.3
"chr16"	69744188	69744189	96.5
"chr11"	44829661	44829662	42.1
"chr3"	185611877	185611878	96.2
"chr21"	17719221	17719222	96.4
"chr11"	126607780	126607781	5.6
"chr16"	85147115	85147116	79.8
"chr6"	97467320	97467321	67.5
"chr22"	41206579	41206580	37.9
"chr3"	78583378	78583379	95
"chr5"	159207076	159207077	3.3
"chr17"	29553405	29553406	96.2
"chr13"	90528070	90528071	66.7
"chr2"	65102664	65102665	95.7
"chr6"	45936320	45936321	89.5
"chr17"	43026506	43026507	29.6
"chr17"	65507067	65507068	67.7
"chr7"	40907473	40907474	73.9
"chr17"	20458346	20458347	20.3
"chr4"	21365211	21365212	69.7
"chr7"	129036194	129036195	96.3
"chr11"	67475956	67475957	96.6
"chr20"	38018969	38018970	96.4
"chr15"	29811303	29811304	94.3
"chr1"	29948132	29948133	92
"chr13"	100762004	100762005	96.3
"chrX"	2697363	2697364	3.6
"chr2"	42839103	42839104	40.4
"chr17"	79587521	79587522	42.9
"chr7"	51026123	51026124	64.4
"chr1"	26993181	26993182	6.8
"chr18"	23039467	23039468	87.8
"chr11"	76282277	76282278	93.6
"chr15"	92668443	92668444	84.4
"chr14"	24575956	24575957	94.8
"chr1"	114206100	114206101	5.1
"chr1"	74552806	74552807	7.8
"chr20"	32754829	32754830	91
"chr8"	43491834	43491835	62.5
"chr5"	116574148	116574149	3.2
"chr2"	10029607	10029608	26.2
"chr20"	29739380	29739381	5.1
"chr4"	18363655	18363656	95.3
"chr12"	2691824	2691825	3.8
"chr1"	230092435	230092436	95.5
"chr5"	146568992	146568993	19.9
"chr19"	11918987	11918988	91.3
"chr20"	38538316	38538317	97.1
"chr13"	30393052	30393053	86.4
"chr1"	240647226	240647227	94.9
"chr16"	68701799	68701800	89
"chr1"	168289511	168289512	48.6
"chr8"	99270417	99270418	96.2
"chr1"	50576631	50576632	97.3
"chr19"	7193381	7193382	95.3
"chr11"	65693967	65693968	95.2
"chr4"	188231973	188231974	90.7
"chr22"	34685001	34685002	95.5
"chr3"	160341301	160341302	92.1
"chr1"	44607124	44607125	79
"chr17"	53832307	53832308	48.9
"chr1"	1937598	1937599	32.6
"chr3"	194802430	194802431	91.6
"chr14"	75316210	75316211	90.4
"chrX"	124581156	124581157	95.6
"chr12"	64644588	64644589	94.6
"chr7"	101539993	101539994	90.2
"chr19"	3826990	3826991	54.8
"chr5"	103322801	103322802	95.6
"chr15"	88187101	88187102	49.6
"chr2"	134295598	134295599	96
"chr12"	9814299	9814300	3.2
"chr9"	128209465	128209466	63.9
"chr1"	146337341	146337342	95.3
"chr10"	53191548	53191549	78.1
"chr1"	56713746	56713747	4.3
"chr1"	47254590	47254591	95.1
"chr12"	53299682	53299683	2.5
"chr10"	17607376	17607377	4.6
"chr12"	123368090	123368091	96.6
"chr6"	78050058	78050059	93.8
"chr5"	135493729	135493730	36.4
"chr8"	36792455	36792456	83.5
"chr21"	44987351	44987352	93.3
"chr2"	177232061	177232062	92.4
"chr3"	144505856	144505857	54.5
"chr5"	11504272	11504273	88.5
"chr12"	76116263	76116264	4.7
"chr5"	3332472	3332473	62.7
"chr16"	24044182	24044183	96.4
"chr5"	167271628	167271629	70.1
"chr7"	67532515	67532516	31.2
"chr9"	13765800	13765801	52.8
"chr16"	48240620	48240621	94.4
"chr2"	4282165	4282166	87.6
"chr9"	8754068	8754069	52
"chr2"	80495795	80495796	60.9
"chr2"	78598526	78598527	95.7
"chr16"	60604875	60604876	4
"chr5"	179638366	179638367	76.9
"chrX"	46777639	46777640	97.5
"chr4"	104867868	104867869	82.9
"chr1"	210780906	210780907	95.8
"chr18"	17307642	17307643	90
"chr10"	103539030	103539031	80
"chr2"	23757363	23757364	94.6
"chr7"	151603633	151603634	95.2
"chr8"	87728891	87728892	43.7
"chrX"	99027689	99027690	42.5
"chr3"	91716714	91716715	81.6
"chr19"	19525835	19525836	96.9
"chr19"	15495622	15495623	93.4
"chr17"	46919716	46919717	91.4
"chr21"	29861601	29861602	96.3
"chr4"	94731664	94731665	69.6
"chr7"	39324063	39324064	92.2
"chr2"	108817315	108817316	96.3
"chr2"	59876164	59876165	93.2
"chr9"	91836818	91836819	94.5
"chr16"	48724995	48724996	33.7
"chr19"	55368426	55368427	96.3
"chr22"	44577533	44577534	91.1
"chr17"	61354884	61354885	4
"chr14"	33861531	33861532	96.2
"chr8"	11908470	11908471	93.5
"chr11"	2517073	2517074	48.3
"chr3"	177630413	177630414	11.5
"chr22"	34692514	34692515	95.6
"chr6"	166626776	166626777	4
"chr7"	123735851	123735852	96.7
"chr11"	69374829	69374830	18.5
"chr17"	67948186	67948187	81.1
"chr17"	82984280	82984281	95.1
"chr8"	70263163	70263164	91.3
"chr17"	16422747	16422748	95.3
"chr2"	208800634	208800635	9.9
"chrX"	40401821	40401822	80.1
"chr19"	38507307	38507308	17.5
"chr20"	30921595	30921596	93.8
"chr19"	33245072	33245073	96.5
"chr9"	105690670	105690671	96.2
"chr10"	34998990	34998991	95.1
"chr6"	147393198	147393199	94.7
"chr4"	88158750	88158751	3.9
"chr2"	128268713	128268714	95.7
"chr4"	150854851	150854852	97.1
"chrX"	153068364	153068365	84.8
"chr1"	202680047	202680048	45.6
"chr6"	157247778	157247779	96.8
"chr6"	169185534	169185535	94.3
"chr9"	34908879	34908880	96.2
"chr10"	100412946	100412947	95.7
"chr11"	22646061	22646062	91.9
"chr5"	61915110	61915111	5.7
"chr19"	14382840	14382841	75.2
"chr7"	148837976	148837977	80.8
"chr16"	66061290	66061291	74.6
"chr1"	28914782	28914783	3.5
"chr1"	44688537	44688538	92.9
"chrX"	71337225	71337226	88
"chr19"	1491641	1491642	3.7
"chr19"	41323112	41323113	90.6
"chr16"	13555523	13555524	63.6
"chr3"	55700074	55700075	37
"chr4"	102893052	102893053	96.5
"chr2"	13479253	13479254	82.6
"chr8"	26043135	26043136	16.4
"chr10"	47227232	47227233	93.1
"chr18"	48817186	48817187	96.3
"chr1"	52483328	52483329	79.1
"chr9"	124887498	124887499	92.4
"chr8"	12378132	12378133	57.2
"chr1"	34559420	34559421	3.3
"chr8"	37613806	37613807	93.9
"chr1"	218393789	218393790	25
"chr16"	50301082	50301083	96.5
"chr1"	163546262	163546263	94.3
"chr14"	76137883	76137884	83.3
"chr4"	25189158	25189159	96.9
"chr1"	89130343	89130344	94.6
"chr4"	94618994	94618995	94.7
"chr7"	93939026	93939027	4.4
"chr5"	146658327	146658328	80.5
"chr7"	149455766	149455767	96.8
"chr21"	37143805	37143806	95.4
"chr8"	143215522	143215523	70.3
"chr9"	109270135	109270136	78.2
"chr1"	74857785	74857786	62.5
"chr5"	151489235	151489236	85.2
"chr1"	42830501	42830502	97.5
"chr8"	51822752	51822753	92.4
"chr5"	15088385	15088386	30.2
"chr3"	192327178	192327179	63.7
"chr14"	35560148	35560149	96.3
"chr1"	71433482	71433483	5.1
"chr8"	42196345	42196346	77.2
"chr2"	114105383	114105384	93.1
"chr17"	5232585	5232586	3.4
"chr14"	94474133	94474134	92.5
"chr12"	48040614	48040615	96.9
"chr11"	8320754	8320755	65.4
"chr20"	44688267	44688268	46.1
"chr7"	34663708	34663709	78.6
"chr19"	47118245	47118246	97
"chr3"	156063157	156063158	19.3
"chr10"	90250794	90250795	96.3
"chr1"	234782685	234782686	91.9
"chr4"	88004969	88004970	44
"chr11"	116700276	116700277	95.3
"chr22"	40700581	40700582	22.4
"chr21"	14073340	14073341	97
"chr17"	41771782	41771783	88.6
"chr19"	35737162	35737163	96.8
"chr12"	50529844	50529845	94.4
"chr8"	29376559	29376560	96
"chr20"	44416849	44416850	49.8
"chr5"	109691333	109691334	4
"chr6"	113678928	113678929	96.8
"chr1"	160408903	160408904	34.9
"chr4"	140118818	140118819	95.9
"chr14"	50110106	50110107	94.7
"chr6"	80568637	80568638	27
"chr11"	119615730	119615731	3.9
"chr15"	94503621	94503622	45.6
"chr1"	42894380	42894381	46.6
"chr17"	81616176	81616177	96.6
"chr22"	33875771	33875772	96.2
"chr7"	38314749	38314750	95.7
"chr22"	27087375	27087376	2.9
"chr1"	101740855	101740856	91.7
"chr18"	21859658	21859659	96.7
"chr6"	161181121	161181122	55.5
"chr15"	82648028	82648029	3.6
"chr3"	81077905	81077906	89.4
"chr17"	46688778	46688779	97.2
"chr5"	135492493	135492494	24.5
"chr5"	76263867	76263868	76.9
"chr2"	176333003	176333004	38.1
"chr22"	20287963	20287964	62.3
"chr14"	89215046	89215047	97.2
"chr8"	91412381	91412382	93.8
"chrX"	26919697	26919698	6.9
"chr5"	56568153	56568154	95
"chr12"	111921521	111921522	55.4
"chr1"	182635074	182635075	79.5
"chr2"	21519510	21519511	90.6
"chr14"	56412452	56412453	3.7
"chr5"	75052625	75052626	4
"chr2"	112044482	112044483	96.8
"chr20"	45100680	45100681	56.6
"chr17"	78030291	78030292	96
"chr1"	51312848	51312849	97.2
"chr2"	58882039	58882040	7.4
"chr9"	130688115	130688116	22.4
"chr4"	58257657	58257658	92.9
"chr5"	174156600	174156601	17.2
"chr15"	29740209	29740210	96
"chr8"	68938136	68938137	46
"chr5"	176360356	176360357	96.6
"chr5"	101776994	101776995	85
"chr9"	4662176	4662177	2.6
"chr6"	91987179	91987180	37.4
"chr14"	105911176	105911177	3.2
"chr20"	29149593	29149594	18.1
"chr12"	53975377	53975378	4.5
"chr1"	240092048	240092049	3.9
"chr2"	63959943	63959944	96.2
"chr13"	57469217	57469218	7.2
"chr1"	165074967	165074968	92.7
"chr8"	122930378	122930379	80.5
"chr3"	174199660	174199661	94
"chr3"	131635876	131635877	96.5
"chr4"	24371011	24371012	93.7
"chrX"	49952953	49952954	94
"chr6"	91772967	91772968	13.6
"chr3"	178115923	178115924	96.9
"chr12"	2057661	2057662	74
"chr9"	4627115	4627116	22.2
"chr13"	111509230	111509231	14.9
"chr8"	83182183	83182184	2.9
"chr3"	114516220	114516221	54.4
"chr3"	130815308	130815309	94.8
"chr17"	61740155	61740156	96.8
"chr6"	154056410	154056411	95.8
"chr19"	48479424	48479425	96.4
"chr17"	75204870	75204871	92.2
"chr12"	129081958	129081959	94.7
"chr19"	15233234	15233235	27.7
"chr2"	113003506	113003507	31.1
"chr9"	12949145	12949146	69.1
"chr19"	15587933	15587934	90.9
"chr15"	57428178	57428179	95.3
"chr20"	50609266	50609267	66.3
"chr9"	113313929	113313930	97
"chrX"	22587660	22587661	49.9
"chr12"	115876940	115876941	92.7
"chr7"	76259921	76259922	95.1
"chr1"	84440813	84440814	96.4
"chr13"	85575680	85575681	7.5
"chr5"	166346336	166346337	64.8
"chr1"	94848766	94848767	37
"chr9"	75095460	75095461	96.6
"chr10"	133664570	133664571	5
"chr7"	77508489	77508490	95.6
"chrX"	24093077	24093078	77.5
"chr13"	51734535	51734536	83.7
"chr11"	32893157	32893158	4.9
"chr12"	3166984	3166985	83.6
"chr2"	52785665	52785666	72.9
"chr3"	85465888	85465889	93
"chrY"	3795619	3795620	67.9
"chr20"	18963472	18963473	82.3
"chr3"	6337977	6337978	95.7
"chr22"	21459341	21459342	95.2
"chr3"	37460657	37460658	46.1
"chr7"	113352027	113352028	94.6
"chr12"	115571658	115571659	90.2
"chr10"	132308556	132308557	4.1
"chr10"	76429558	76429559	92.9
"chr5"	9719777	9719778	61.3
"chr8"	117873523	117873524	60.1
"chr13"	71280813	71280814	6.9
"chr10"	90806393	90806394	89.1
"chr21"	40056253	40056254	10
"chr8"	46417268	46417269	91.3
"chr10"	84127445	84127446	63.3
"chr10"	71329074	71329075	94.7
"chr9"	131270746	131270747	4.3
"chr10"	45419385	45419386	3.3
"chr7"	124100374	124100375	94.1
"chr5"	1648066	1648067	93.5
"chr17"	44934008	44934009	95.1
"chr18"	25514545	25514546	94
"chr18"	75657682	75657683	91.3
"chr3"	17710991	17710992	90.2
"chr7"	25912669	25912670	91.8
"chr16"	37996551	37996552	96.6
"chr3"	194027141	194027142	95
"chr6"	91577249	91577250	40.9
"chr3"	90932653	90932654	91.1
"chr10"	6867546	6867547	70.9
"chr2"	158457748	158457749	3.5
"chr22"	33803446	33803447	96.3
"chr16"	67625478	67625479	93.3
"chr16"	67705766	67705767	96.3
"chr7"	130590972	130590973	95.6
"chr5"	105033798	105033799	52.7
"chr5"	43087621	43087622	95.9
"chr7"	86671099	86671100	94.8
"chr11"	61546218	61546219	97.2
"chr12"	53115566	53115567	96.6
"chr14"	22785005	22785006	95.1
"chr13"	85342303	85342304	95.4
"chr15"	65265724	65265725	97.4
"chr9"	108585720	108585721	49.9
"chr1"	213734307	213734308	5.4
"chr18"	61618048	61618049	96.5
"chrX"	135915518	135915519	87.6
"chr17"	60135241	60135242	3.2
"chr10"	106883248	106883249	96.8
"chr15"	49387855	49387856	54.8
"chr20"	5980785	5980786	96.5
"chr18"	12664264	12664265	94.8
"chr10"	126009879	126009880	94.8
"chr12"	34970295	34970296	86.2
"chr14"	34588666	34588667	96.3
"chr9"	137590717	137590718	3
"chr1"	179439983	179439984	28.7
"chr17"	64130084	64130085	3.2
"chr7"	126357006	126357007	65.4
"chr16"	2079783	2079784	90
"chr2"	122706998	122706999	46
"chr7"	44200970	44200971	3.6
"chr1"	63394658	63394659	96.9
"chr5"	134371548	134371549	4
"chrX"	66838181	66838182	25.3
"chr1"	244827640	244827641	94
"chr13"	20008409	20008410	96.4
"chr1"	7579838	7579839	90.1
"chr7"	47393542	47393543	94.7
"chrY"	23770457	23770458	81
"chr2"	196339233	196339234	87.4
"chr2"	241564340	241564341	96
"chr2"	230688537	230688538	50.3
"chr1"	1140810	1140811	96.2
"chr4"	153499277	153499278	95.9
"chr11"	3007877	3007878	96.8
"chr18"	20750140	20750141	65.9
"chr9"	68371102	68371103	95.9
"chr4"	186959529	186959530	96.2
"chr14"	87404060	87404061	3.9
"chr16"	27968541	27968542	91.8
"chr22"	36951105	36951106	86.5
"chrX"	22031865	22031866	96.7
"chr12"	71353054	71353055	93.6
"chr1"	47324472	47324473	96.7
"chr5"	112850550	112850551	77.8
"chr17"	17352443	17352444	94.2
"chr18"	52087686	52087687	87.5
"chr22"	40677266	40677267	95.2
"chr8"	18972999	18973000	63
"chr3"	190274101	190274102	44.9
"chr14"	103628514	103628515	3.5
"chr6"	150640585	150640586	4.7
"chr2"	175205703	175205704	82.9
"chr1"	232414805	232414806	88.9
"chr1"	175376575	175376576	80.8
"chr20"	1011002	1011003	30.7
"chr6"	151405298	151405299	97.1
"chr16"	30942158	30942159	2.7
"chr11"	12776288	12776289	42.2
"chr5"	88189680	88189681	95.9
"chr14"	101035963	101035964	19.5
"chr13"	75241225	75241226	63.4
"chr19"	3347156	3347157	64.2
"chr4"	17554629	17554630	5.7
"chr10"	21541115	21541116	95.3
"chr5"	154480412	154480413	3.5
"chr10"	7762345	7762346	96.8
"chr11"	101453465	101453466	50.6
"chr4"	13315435	13315436	95.9
"chr4"	181466366	181466367	94
"chr1"	24926934	24926935	3.3
"chr3"	125396822	125396823	96.4
"chr16"	29860650	29860651	95.8
"chr18"	62413766	62413767	12.4
"chr5"	38411224	38411225	93.3
"chr6"	128056466	128056467	94.6
"chr13"	19182494	19182495	92.1
"chr4"	10242337	10242338	7.3
"chr3"	160100774	160100775	95.7
"chr14"	80689284	80689285	96.6
"chr9"	134068214	134068215	2.9
"chr8"	18690353	18690354	69.1
"chr16"	50502885	50502886	49.1
"chr7"	102081769	102081770	96.7
"chr17"	51152361	51152362	95.9
"chr17"	38346916	38346917	64.5
"chr13"	106354512	106354513	40.5
"chr21"	18106533	18106534	89.3
"chr11"	25628864	25628865	95.7
"chr20"	59885662	59885663	95.9
"chr16"	890717	890718	44.1
"chr1"	157767357	157767358	32.2
"chr6"	31621845	31621846	74.3
"chr5"	177467505	177467506	96.7
"chr10"	33744382	33744383	88.9
"chr16"	50108680	50108681	96
"chr19"	10063734	10063735	96.4
"chr22"	24646574	24646575	86.9
"chr15"	84919764	84919765	83.9
"chrX"	5957711	5957712	20.5
"chr7"	93149649	93149650	96.5
"chr3"	46912046	46912047	74.8
"chr9"	107491532	107491533	17.3
"chr1"	99028982	99028983	5.4
"chr3"	45172821	45172822	95.2
"chr1"	182616280	182616281	4.6
"chr1"	193501211	193501212	57
"chr15"	59722885	59722886	94.6
"chr14"	19372875	19372876	53.3
"chr7"	99079343	99079344	6.8
"chrX"	142866495	142866496	81
"chr15"	43642043	43642044	96.2
"chr3"	50401313	50401314	77.8
"chr15"	82474781	82474782	96.4
"chr10"	67316059	67316060	95.1
"chr3"	194137658	194137659	3.6
"chr1"	10032919	10032920	4.5
"chr19"	55494225	55494226	4.5
"chr6"	146753867	146753868	59.4
"chr14"	76360217	76360218	11.3
"chr14"	54933952	54933953	96.3
"chr8"	92561604	92561605	90.7
"chr1"	167113159	167113160	93.9
"chr1"	158732536	158732537	88.6
"chr5"	7419832	7419833	43.4
"chr19"	35112624	35112625	88.4
"chr8"	81923939	81923940	72.3
"chr15"	76665703	76665704	96.6
"chr5"	132276688	132276689	55.4
"chr19"	8297476	8297477	4.7
"chr13"	113137728	113137729	95.5
"chr4"	48901956	48901957	85
"chr7"	1736292	1736293	72.9
"chr1"	84079916	84079917	95.8
"chr7"	101583130	101583131	96.3
"chr8"	113513196	113513197	95.7
"chrX"	152005368	152005369	3.1
"chr19"	12617886	12617887	96.4
"chr10"	121423430	121423431	93.8
"chr7"	56693071	56693072	19
"chr6"	155660510	155660511	3.4
"chr3"	162190111	162190112	23.5
"chr15"	68395552	68395553	96.7
"chr10"	42637683	42637684	14.2
"chr1"	188378100	188378101	76.9
"chr8"	97908336	97908337	69.2
"chr7"	158260849	158260850	88.6
"chr10"	25657560	25657561	75
"chr1"	39905221	39905222	35.3
"chr6"	55587119	55587120	40.7
"chr2"	126527842	126527843	37
"chr3"	10222334	10222335	96.2
"chr14"	105855645	105855646	95.4
"chr15"	26389336	26389337	29.7
"chr1"	213705336	213705337	45.1
"chr15"	24983140	24983141	71.3
"chr6"	392623	392624	3.7
"chr9"	61660308	61660309	84
"chr16"	2497573	2497574	92.5
"chr1"	189026841	189026842	6.1
"chr6"	15372652	15372653	96.8
"chr18"	1683699	1683700	84.9
"chr3"	12990114	12990115	95.6
"chr11"	44499506	44499507	95
"chr8"	63843626	63843627	10.4
"chr3"	153112430	153112431	96.4
"chr6"	121832847	121832848	85.7
"chr13"	20283744	20283745	91.4
"chr6"	42344059	42344060	95.4
"chrX"	100669487	100669488	74.1
"chr20"	4295561	4295562	76
"chr5"	131653867	131653868	96.2
"chrX"	112755390	112755391	94.2
"chr7"	158654116	158654117	96.8
"chr16"	71966446	71966447	92.4
"chr19"	16038402	16038403	5.3
"chr20"	6767665	6767666	3.7
"chr16"	29177867	29177868	95.3
"chr14"	64004824	64004825	97
"chr3"	159988036	159988037	95.9
"chr3"	148207486	148207487	93.3
"chr4"	68938444	68938445	93.8
"chr11"	121469018	121469019	95.6
"chr22"	30582651	30582652	88.2
"chr8"	96638101	96638102	96.2
"chr4"	7708155	7708156	37.4
"chr21"	44300463	44300464	2.9
"chr12"	49809564	49809565	95.1
"chr8"	17461178	17461179	80.8
"chr17"	80190593	80190594	50.2
"chr5"	94665746	94665747	96.2
"chr8"	96344656	96344657	95.9
"chr1"	105035668	105035669	95.6
"chr22"	20976149	20976150	58.4
"chr1"	56906025	56906026	18.2
"chr7"	64374759	64374760	6.5
"chr5"	156874643	156874644	93.3
"chr1"	236932129	236932130	95
"chr17"	1915840	1915841	88
"chr2"	126233787	126233788	96.1
"chr8"	123940422	123940423	85.8
"chr16"	82532065	82532066	56.1
"chr19"	29468239	29468240	96.5
"chr9"	107726638	107726639	62.5
"chrY"	22256518	22256519	3.9
"chr5"	67533003	67533004	87.1
"chr15"	58216779	58216780	96.5
"chr12"	56618640	56618641	94.5
"chr7"	108358458	108358459	79.4
"chr15"	75258946	75258947	76.3
"chr5"	67363420	67363421	89.2
"chr11"	119323188	119323189	96
"chr3"	17740329	17740330	2.7
"chr20"	38017438	38017439	95.6
"chr8"	48806849	48806850	37.3
"chr12"	95229868	95229869	94.1
"chr4"	174117665	174117666	81
"chr1"	197204368	197204369	94.5
"chr17"	23749723	23749724	5.2
"chr15"	85512289	85512290	96.6
"chr1"	218855619	218855620	41.7
"chrX"	154514794	154514795	97.1
"chr13"	74269801	74269802	93.6
"chr11"	93661606	93661607	3.2
"chr8"	141308848	141308849	2.9
"chr8"	97829929	97829930	95.9
"chr22"	35697310	35697311	64.4
"chr1"	52304688	52304689	96.3
"chr4"	160709099	160709100	41
"chr4"	173277300	173277301	95.8
"chr1"	21629908	21629909	40.3
"chr17"	61688286	61688287	97.2
"chr5"	173816768	173816769	96.7
"chr7"	140832903	140832904	95.7
"chr13"	36332212	36332213	7.8
"chr11"	6722605	6722606	97.4
"chr14"	103214485	103214486	94
"chr20"	25052096	25052097	95.1
"chr3"	38909667	38909668	82.9
"chr11"	59860077	59860078	93.4
"chr3"	72497916	72497917	95.6
"chr15"	79091678	79091679	3.2
"chr1"	201481937	201481938	3.4
"chr18"	27511675	27511676	76.4
"chr3"	139908805	139908806	85.7
"chr6"	51019548	51019549	78.6
"chr10"	4340632	4340633	87.9
"chr5"	126445531	126445532	11.2
"chr8"	107565219	107565220	58
"chr13"	61785106	61785107	94
"chr14"	50290222	50290223	96
"chr5"	161421345	161421346	5.1
"chr17"	66196376	66196377	96.1
"chr21"	36069973	36069974	3.3
"chr2"	92355501	92355502	56.2
"chr4"	36652042	36652043	95.2
"chr22"	22195830	22195831	70.6
"chr2"	29282407	29282408	53.3
"chr2"	104617	104618	83.8
"chr11"	114932678	114932679	78.3
"chr6"	157225202	157225203	95.6
"chr5"	65267322	65267323	89.5
"chr11"	25831544	25831545	62.7
"chr9"	136887366	136887367	3.2
"chr13"	49283089	49283090	94.1
"chr13"	67088777	67088778	5.8
"chr12"	6183022	6183023	58.3
"chr17"	7042908	7042909	5.6
"chr1"	60760274	60760275	80.9
"chr1"	27322234	27322235	3.3
"chr2"	203695895	203695896	66.4
"chr13"	45496873	45496874	95
"chr4"	6280579	6280580	47.8
"chr1"	216279978	216279979	95.1
"chr5"	5140090	5140091	4.5
"chr8"	47932038	47932039	96.6
"chr4"	140177250	140177251	93.3
"chr20"	8136848	8136849	93.8
"chr13"	25299774	25299775	95.6
"chr5"	147271125	147271126	86.5
"chr17"	64561323	64561324	96.2
"chr1"	79320071	79320072	96.5
"chr1"	14867972	14867973	10.6
"chrX"	72780139	72780140	96.4
"chr19"	41457234	41457235	69.9
"chr12"	111450930	111450931	94.1
"chrX"	6434162	6434163	70.6
"chr15"	28160045	28160046	95.8
"chr3"	26745284	26745285	95.5
"chr6"	158378107	158378108	57.6
"chr11"	80349601	80349602	46.2
"chr12"	41862938	41862939	79.7
"chr1"	99867593	99867594	96.1
"chr13"	87055169	87055170	12.7
"chr1"	87325211	87325212	95.4
"chr5"	116873984	116873985	92.9
"chr1"	171396786	171396787	79.2
"chr21"	10337011	10337012	49.7
"chr12"	60880520	60880521	4.7
"chr20"	15185635	15185636	55.3
"chr1"	230436462	230436463	65
"chr2"	156704945	156704946	24.8
"chr2"	148600232	148600233	5.4
"chr6"	59469279	59469280	83.1
"chr20"	60117341	60117342	3.1
"chr17"	74384692	74384693	96.5
"chr7"	74090702	74090703	94.9
"chr4"	184629451	184629452	96.5
"chr19"	4328141	4328142	2.6
"chr13"	17008173	17008174	48.1
"chr4"	58928295	58928296	3.1
"chr1"	5098714	5098715	96.3
"chr5"	89217572	89217573	97.3
"chr9"	108692533	108692534	12
"chr7"	63105342	63105343	74.4
"chr3"	62101371	62101372	85.1
"chr12"	51750755	51750756	73.7
"chr7"	79803974	79803975	52
"chr5"	106101170	106101171	80
"chr7"	155803522	155803523	4.8
"chr14"	34373974	34373975	78.5
"chr20"	36496020	36496021	97.1
"chr12"	131162918	131162919	96.3
"chr22"	16261526	16261527	32.3
"chr5"	141407653	141407654	2.6
"chr13"	97570053	97570054	96.8
"chr6"	30041096	30041097	96.2
"chr19"	48739278	48739279	2.7
"chr9"	136727764	136727765	4
"chr12"	54213589	54213590	44.6
"chr16"	65123086	65123087	3.4
"chr6"	75386673	75386674	90.8
"chr3"	106897008	106897009	75.2
"chr6"	116628633	116628634	94.8
"chr19"	15469678	15469679	9
"chr12"	45266889	45266890	95.2
"chr9"	79666295	79666296	96
"chr3"	73015827	73015828	96.7
"chr8"	102744492	102744493	96.9
"chrX"	81590925	81590926	38.1
"chr16"	48443561	48443562	61.8
"chr20"	50648045	50648046	95.2
"chr7"	116338883	116338884	40.6
"chr6"	111997255	111997256	3.1
"chr15"	92655250	92655251	3.3
"chr18"	33487191	33487192	43.1
"chr6"	35063748	35063749	90.9
"chr7"	40788398	40788399	85.2
"chr19"	21457599	21457600	95.5
"chr2"	10080487	10080488	3.7
"chrX"	82150983	82150984	96.4
"chr11"	68423759	68423760	96.7
"chr17"	28218239	28218240	96.8
"chr15"	94852373	94852374	41
"chr5"	14957014	14957015	56.2
"chr16"	47855550	47855551	37.2
"chr13"	91024940	91024941	90.3
"chr17"	51179702	51179703	96.3
"chr11"	104782966	104782967	94.1
"chr4"	927272	927273	68.1
"chr17"	80261052	80261053	3.5
"chr3"	44675462	44675463	90
"chr20"	21522631	21522632	10.7
"chr5"	20998063	20998064	83
"chr19"	18107471	18107472	43.4
"chr1"	10088915	10088916	96.5
"chr4"	1763725	1763726	3.7
"chr3"	65169836	65169837	62.8
"chr9"	96616495	96616496	94.1
"chr15"	37760165	37760166	97.5
"chr5"	61070700	61070701	67.2
"chr18"	39568872	39568873	78.1
"chr12"	39128714	39128715	78.3
"chr17"	66983029	66983030	74.8
"chr15"	72557361	72557362	95
"chr5"	157994863	157994864	45.5
"chr17"	58209968	58209969	96.6
"chr11"	71454792	71454793	6.2
"chr22"	29825960	29825961	96.3
"chr1"	167074175	167074176	69.8
"chr3"	196671710	196671711	94.9
"chr7"	138429189	138429190	95.1
"chr2"	71502800	71502801	94.4
"chr16"	58464669	58464670	3.2
"chr12"	11869627	11869628	97
"chr16"	69915131	69915132	95.7
"chr8"	89834528	89834529	27.2
"chr20"	18005732	18005733	97
"chr2"	224474159	224474160	92.2
"chr3"	21390758	21390759	6
"chr7"	112091641	112091642	97.3
"chr2"	119372231	119372232	96.3
"chr11"	24854626	24854627	30.1
"chr6"	8116637	8116638	85
"chr19"	32269452	32269453	50.9
"chr10"	79700485	79700486	47.3
"chr1"	240494666	240494667	94.6
"chr4"	123321479	123321480	95.7
"chr3"	58653420	58653421	2.5
"chrX"	392346	392347	86.2
"chr8"	69728891	69728892	97.1
"chr4"	666604	666605	95.8
"chr2"	45973818	45973819	64.2
"chr1"	34034845	34034846	51.1
"chr3"	5217064	5217065	79.7
"chr10"	59446726	59446727	96.3
"chr19"	50236256	50236257	63.4
"chr13"	19561208	19561209	95.5
"chr14"	53112211	53112212	92.9
"chr11"	47449847	47449848	92.2
"chr7"	26339845	26339846	94.9
"chr8"	27350645	27350646	85.5
"chr18"	10698914	10698915	66.7
"chr2"	222289469	222289470	4.2
"chr11"	85823342	85823343	92.3
"chrX"	54015328	54015329	95.8
"chrX"	118466491	118466492	97.3
"chr1"	183436276	183436277	68.8
"chr1"	123970081	123970082	83.6
"chr8"	73922250	73922251	95.5
"chr22"	41833120	41833121	2.6
"chr19"	46722491	46722492	3.5
"chrX"	4665369	4665370	75.9
"chr9"	101107198	101107199	95.3
"chr17"	48581745	48581746	3.9
"chr6"	98831220	98831221	3.5
"chr12"	92407379	92407380	96.4
"chr12"	4649941	4649942	3.4
"chr1"	230709117	230709118	80.1
"chr3"	107755642	107755643	90.5
"chr15"	94232471	94232472	3.3
"chr2"	50896770	50896771	56.3
"chr7"	132615449	132615450	95.2
"chr16"	62970682	62970683	90.2
"chr6"	87267267	87267268	95.9
"chr14"	90429012	90429013	94
"chr6"	64107860	64107861	5.6
"chr10"	96834158	96834159	2.4
"chr2"	65278612	65278613	47.5
"chr11"	102078183	102078184	96.8
"chrX"	74461434	74461435	96.9
"chr18"	59345936	59345937	96.8
"chr19"	29847639	29847640	83.1
"chr1"	246945209	246945210	95.3
"chr3"	193194504	193194505	3.2
"chr18"	61858630	61858631	95.5
"chr2"	86592073	86592074	45.2
"chr4"	170677009	170677010	72.7
"chr20"	10843682	10843683	51.1
"chr13"	106208834	106208835	60.4
"chr1"	233006266	233006267	90.3
"chr12"	132762102	132762103	3.3
"chr6"	43076291	43076292	3.2
"chr1"	204119046	204119047	23.6
"chr1"	228513185	228513186	6.6
"chr8"	111137582	111137583	80.7
"chr10"	86863270	86863271	94.6
"chr16"	10932831	10932832	95.8
"chr7"	138160739	138160740	96.3
"chr11"	122141754	122141755	56.2
"chr10"	24533334	24533335	82.6
"chr1"	44801019	44801020	3
"chr17"	81300834	81300835	96.3
"chr10"	117543030	117543031	4.1
"chrY"	13435684	13435685	48.7
"chr15"	65740134	65740135	95.9
"chr11"	22270260	22270261	87.8
"chr4"	87145297	87145298	96.8
"chr1"	42419760	42419761	88.6
"chr13"	47315288	47315289	44.8
"chr5"	2297986	2297987	96.1
"chr1"	186999584	186999585	92.4
"chr7"	71222440	71222441	96.2
"chr13"	65784229	65784230	48.8
"chr1"	17638330	17638331	90
"chr17"	1421650	1421651	96
"chr9"	36962713	36962714	96.1
"chr1"	228315261	228315262	74.8
"chr12"	7456116	7456117	96.9
"chrX"	44546244	44546245	82.6
"chr5"	1633075	1633076	2.5
"chr1"	61324461	61324462	91.3
"chrX"	118557549	118557550	93.9
"chr20"	20536753	20536754	95.5
"chr9"	81250189	81250190	2.9
"chr14"	98906043	98906044	27.9
"chr3"	5723374	5723375	72.9
"chr9"	99480433	99480434	94.8
"chr16"	74858629	74858630	83.7
"chr4"	81549803	81549804	49.8
"chr4"	96668979	96668980	38.6
"chr22"	50023421	50023422	55.3
"chr1"	24385706	24385707	6.2
"chr3"	11928884	11928885	81.5
"chr8"	130197224	130197225	94.8
"chr2"	180855308	180855309	89.3
"chrX"	76583581	76583582	97.4
"chr20"	1992421	1992422	5.1
"chr4"	93263156	93263157	6.3
"chr1"	19870616	19870617	42.1
"chr20"	13539003	13539004	94
"chr1"	24767911	24767912	96.2
"chr16"	14143980	14143981	85.2
"chr5"	152395546	152395547	80.4
"chr5"	32446267	32446268	96
"chrX"	1262874	1262875	75.7
"chr9"	90449115	90449116	81.7
"chr4"	887174	887175	95.7
"chr17"	76620660	76620661	80.3
"chr20"	43607328	43607329	95.8
"chr8"	137325763	137325764	10.2
"chr4"	6813910	6813911	95.4
"chr4"	186612097	186612098	52.3
"chr2"	709043	709044	93.3
"chr10"	130938033	130938034	95
"chr20"	42783935	42783936	6.3
"chr10"	1842629	1842630	93.6
"chr12"	98646420	98646421	3.3
"chrX"	24109280	24109281	96.7
"chr17"	47725228	47725229	94
"chr4"	122652762	122652763	96.2
"chr2"	132549774	132549775	91.7
"chr2"	7431954	7431955	67.7
"chr4"	83617100	83617101	94.5
"chr10"	128543549	128543550	93.4
"chr18"	78150001	78150002	47.3
"chr17"	49556737	49556738	55.7
"chr12"	208603	208604	93.1
"chr5"	8518514	8518515	84.5
"chr16"	30096282	30096283	3.3
"chr15"	85482620	85482621	9.4
"chr15"	101029387	101029388	95.5
"chr9"	130319889	130319890	83.6
"chr10"	44192365	44192366	58.4
"chr3"	64805442	64805443	77.9
"chr9"	5238781	5238782	87.3
"chr3"	126340423	126340424	80.7
"chr3"	120743923	120743924	95.4
"chr2"	85772234	85772235	4.7
"chr12"	639108	639109	5.2
"chr6"	132051037	132051038	50.9
"chr6"	3138259	3138260	95.1
"chr4"	98191223	98191224	93.8
"chr12"	41675220	41675221	90.5
"chr1"	102808852	102808853	19.2
"chr22"	17108391	17108392	95.9
"chr8"	48986630	48986631	4.6
"chr16"	84976397	84976398	95.6
"chr19"	27462774	27462775	9.5
"chr22"	43064087	43064088	95.5
"chr5"	117749711	117749712	86.1
"chr2"	30705114	30705115	79.3
"chr12"	60238429	60238430	62.6
"chr16"	86309081	86309082	85
"chr2"	18376818	18376819	62.6
"chr3"	197654302	197654303	3.1
"chr16"	15096803	15096804	95.3
"chr11"	17013966	17013967	5.3
"chr20"	462436	462437	3.9
"chr2"	183761534	183761535	92.1
"chr3"	33883715	33883716	2.8
"chr1"	122741713	122741714	73.9
"chr6"	143580666	143580667	79.6
"chr14"	46028145	46028146	89.2
"chr20"	43271158	43271159	96.3
"chr3"	164655510	164655511	87.5
"chr1"	70151371	70151372	96.9
"chr7"	73761960	73761961	94
"chr16"	24340644	24340645	84.1
"chr1"	55476670	55476671	97
"chr10"	102152245	102152246	3.2
"chr2"	223837404	223837405	3.5
"chr21"	46408344	46408345	97.1
"chr11"	6523033	6523034	96.5
"chr11"	77242295	77242296	92.5
"chr16"	2460601	2460602	5.2
"chr7"	74218939	74218940	46.1
"chr4"	58125067	58125068	25.7
"chr2"	45307666	45307667	93.5
"chr12"	46312423	46312424	56.2
"chr22"	21952278	21952279	3.8
"chr3"	148120886	148120887	43.1
"chr7"	1084145	1084146	96.6
"chr7"	90849923	90849924	96
"chr2"	53391516	53391517	43.4
"chr13"	69435281	69435282	61.4
"chr2"	24919889	24919890	3.7
"chr14"	104836878	104836879	83
"chr2"	151825709	151825710	95.5
"chr10"	80540463	80540464	56.4
"chr17"	42212111	42212112	66.9
"chr11"	87582529	87582530	88.8
"chr17"	44968233	44968234	3.8
"chr1"	220825079	220825080	57.2
"chr20"	23360250	23360251	95.6
"chr8"	65849525	65849526	97.2
"chr3"	172348296	172348297	97.1
"chr10"	101740151	101740152	95.8
"chr9"	20914847	20914848	81.1
"chr5"	61022524	61022525	92.7
"chr5"	100354759	100354760	95.3
"chrX"	108846012	108846013	71.6
"chrY"	5284321	5284322	71.1
"chr19"	5339640	5339641	47.3
"chr17"	1276506	1276507	3.6
"chr5"	166013152	166013153	22.2
"chr20"	31066266	31066267	50
"chr7"	82940830	82940831	79.5
"chr13"	18608824	18608825	5.9
"chr7"	40953238	40953239	94.6
"chr21"	8008625	8008626	69.4
"chr12"	56640001	56640002	96.8
"chr5"	130194020	130194021	88.9
"chrX"	920410	920411	93.6
"chr8"	89487448	89487449	96.4
"chr2"	229007133	229007134	42.8
"chr7"	47733618	47733619	66.4
"chrX"	296057	296058	96.8
"chr12"	53053274	53053275	87.7
"chr5"	177782597	177782598	45.7
"chr4"	17275987	17275988	3.9
"chr12"	106282048	106282049	93
"chr2"	125387227	125387228	96
"chr4"	3293147	3293148	3.8
"chr15"	98563939	98563940	90.6
"chr4"	58742589	58742590	46.5
"chr15"	92282615	92282616	36
"chr2"	15078566	15078567	40.7
"chr1"	226264330	226264331	96.9
"chr1"	236506887	236506888	96.1
"chr17"	67949908	67949909	96.3
"chr7"	82805033	82805034	93.6
"chr3"	22222260	22222261	66
"chr7"	22611921	22611922	3
"chr14"	56908590	56908591	42.9
"chr16"	33928356	33928357	96.5
"chr11"	57874806	57874807	91.1
"chr17"	80910974	80910975	6.5
"chr17"	65643595	65643596	52.4
"chrX"	52318016	52318017	4.4
"chr10"	5359071	5359072	68.9
"chr1"	232956216	232956217	96.4
"chr1"	37646061	37646062	96.8
"chr16"	66059415	66059416	5.1
"chr7"	71185511	71185512	93.4
"chr7"	11310389	11310390	95.7
"chr14"	39739830	39739831	95.6
"chr7"	4807640	4807641	2.7
"chr4"	115979336	115979337	91.7
"chr11"	104436037	104436038	8.8
"chr17"	238304	238305	22.8
"chr16"	2435872	2435873	64.9
"chr5"	2193479	2193480	3.1
"chr3"	171574908	171574909	75.4
"chr15"	37870549	37870550	12.2
"chrX"	70772522	70772523	90.8
"chr7"	135878626	135878627	63
"chr2"	36039780	36039781	92.4
"chr3"	180959209	180959210	93.2
"chr3"	127728216	127728217	96.9
"chr12"	31725917	31725918	94.1
"chr13"	93092617	93092618	95.2
"chr2"	132618018	132618019	93.5
"chrX"	37810214	37810215	4.9
"chr1"	43549052	43549053	94.1
"chr12"	132212256	132212257	91.8
"chr10"	103065432	103065433	96.1
"chr9"	120342923	120342924	6
"chr3"	13480921	13480922	89.8
"chr16"	88184678	88184679	96.7
"chr1"	15087598	15087599	76
"chr8"	23543840	23543841	52.8
"chr13"	30840457	30840458	93.7
"chr20"	46010582	46010583	4.5
"chr19"	53833929	53833930	72.9
"chr2"	167905622	167905623	83.7
"chr16"	28426119	28426120	90.3
"chr12"	94661542	94661543	95.9
"chr20"	58850396	58850397	68.7
"chr9"	101535107	101535108	94.9
"chr18"	20831771	20831772	56.7
"chr1"	111920258	111920259	3
"chr4"	49246972	49246973	83.8
"chr14"	61615585	61615586	84.7
"chr20"	42732353	42732354	11
"chr19"	46689355	46689356	95.9
"chrY"	12530999	12531000	46.7
"chr8"	3539554	3539555	4.2
"chr9"	28137003	28137004	21.8
"chrX"	417517	417518	96.3
"chr13"	76748420	76748421	51.9
"chr4"	82645585	82645586	80.4
"chr18"	5920919	5920920	74.5
"chr16"	70503305	70503306	34.8
"chrX"	591225	591226	50.2
"chr11"	114767309	114767310	92.3
"chr1"	239954948	239954949	49.9
"chr21"	6131272	6131273	90.7
"chr1"	245154300	245154301	3.3
"chrX"	69495134	69495135	52.9
"chr5"	74392032	74392033	53.8
"chr8"	9472750	9472751	56.4
"chr18"	59943463	59943464	97
"chr10"	132306251	132306252	79.4
"chrX"	55924940	55924941	96.9
"chr7"	56795111	56795112	78.7
"chr10"	49090905	49090906	90.4
"chr22"	33877563	33877564	96.3
"chr8"	120071751	120071752	95.6
"chr8"	102864636	102864637	2.4
"chr10"	7440785	7440786	96.2
"chr12"	1049814	1049815	79.2
"chr19"	54274450	54274451	54.5
"chr2"	197302091	197302092	79
"chr2"	47288122	47288123	83.6
"chr2"	189732530	189732531	96.7
"chr20"	53595066	53595067	2.8
"chr2"	28220023	28220024	29.5
"chr15"	38574542	38574543	55.8
"chr1"	100172819	100172820	96.1
"chr1"	21952376	21952377	85.2
"chr2"	111029393	111029394	88.6
"chr4"	8407373	8407374	92.1
"chr13"	77870993	77870994	37.1
"chr19"	43967626	43967627	95.6
"chr18"	20471046	20471047	63.2
"chr15"	49169959	49169960	39.2
"chr5"	49954095	49954096	29.3
"chr7"	31161031	31161032	21.4
"chrX"	106634953	106634954	77.7
"chr4"	156840771	156840772	96.1
"chr22"	17410434	17410435	96
"chr5"	64662103	64662104	89.1
"chrX"	18186317	18186318	52
"chr19"	10288742	10288743	54.3
"chr3"	72730239	72730240	96.9
"chr21"	33690491	33690492	94.8
"chr1"	149115593	149115594	92.8
"chr6"	101139016	101139017	74.8
"chr17"	75632420	75632421	95.6
"chrX"	26974988	26974989	28.8
"chr17"	22325715	22325716	89
"chr3"	185959389	185959390	90.3
"chr5"	432766	432767	89.7
"chr8"	130011434	130011435	96.6
"chrX"	59542331	59542332	95
"chr12"	126554686	126554687	42.9
"chr17"	68248231	68248232	3.3
"chr22"	49554069	49554070	70.1
"chr10"	3706709	3706710	67.8
"chr1"	38618543	38618544	90
"chr6"	4404272	4404273	59.6
"chr9"	121525873	121525874	90.9
"chr16"	6688800	6688801	89.6
"chr12"	125228240	125228241	29.5
"chr12"	70086883	70086884	96
"chr14"	28079442	28079443	62.6
"chr19"	58044658	58044659	92
"chr19"	19407415	19407416	2.9
"chr1"	169005478	169005479	95.6
"chr2"	134059479	134059480	83.4
"chr8"	79768382	79768383	4.2
"chr11"	64357254	64357255	97
"chr11"	3497924	3497925	95.3
"chr12"	122969543	122969544	95.2
"chr10"	90159322	90159323	95.8
"chr10"	117167063	117167064	54.1
"chr13"	16432944	16432945	46.2
"chr17"	74995047	74995048	82.9
"chr2"	106477663	106477664	6.4
"chr14"	56702551	56702552	95.4
"chr1"	24901591	24901592	2.4
"chr18"	14450679	14450680	4.3
"chr2"	61887860	61887861	6.3
"chr5"	17699958	17699959	24.6
"chr12"	110094326	110094327	92.9
"chr1"	124661228	124661229	5.5
"chr8"	22732414	22732415	90.3
"chr1"	11742117	11742118	96.7
"chr7"	126597713	126597714	90.9
"chr4"	70172853	70172854	59.8
"chr5"	23317926	23317927	48.4
"chr6"	44388353	44388354	3.2
"chr1"	100041830	100041831	96.9
"chr8"	86934736	86934737	29.9
"chr3"	7481809	7481810	3.3
"chr11"	83627481	83627482	84.7
"chr16"	75053916	75053917	58
"chr2"	135055858	135055859	95.3
"chr13"	19731692	19731693	86.4
"chrX"	68681262	68681263	80.8
"chr6"	103648147	103648148	4.3
"chr4"	123915841	123915842	31.9
"chr1"	159092508	159092509	74.8
"chr19"	10242362	10242363	91.7
"chr6"	671656	671657	95.5
"chr15"	60078467	60078468	95
"chr9"	84177386	84177387	42.4
"chr6"	36976867	36976868	96.7
"chr8"	61733581	61733582	3
"chr12"	8596577	8596578	42
"chr7"	57879266	57879267	50.6
"chr10"	90855284	90855285	95
"chr5"	140807981	140807982	64.5
"chr17"	27544028	27544029	95.6
"chr1"	197780574	197780575	74.8
"chr3"	24145040	24145041	88
"chr16"	4491014	4491015	96.4
"chr4"	56965253	56965254	94.6
"chr10"	49610061	49610062	7.1
"chr2"	100704760	100704761	61.9
"chr15"	88583061	88583062	72.6
"chr1"	83117534	83117535	91.1
"chr6"	89433832	89433833	3.9
"chr18"	12449507	12449508	96
"chr19"	55516222	55516223	96.5
"chr22"	45491422	45491423	76.9
"chr5"	7623091	7623092	61.4
"chr12"	53678337	53678338	94
"chr1"	175204264	175204265	4
"chr8"	46404216	46404217	74.9
"chr14"	95338624	95338625	73.7
"chrX"	10185189	10185190	43.9
"chr4"	153933827	153933828	84.9
"chr4"	111484781	111484782	93.8
"chr16"	28903854	28903855	96.5
"chr7"	119133603	119133604	8.5
"chr6"	1316733	1316734	3.3
"chrX"	45847838	45847839	89.5
"chr15"	43550281	43550282	78.4
"chrX"	49736191	49736192	9.2
"chr8"	92138498	92138499	42.8
"chr11"	63875655	63875656	94
"chrX"	18285034	18285035	94.7
"chr8"	35827617	35827618	36.2
"chr1"	31000634	31000635	94.5
"chr2"	127334793	127334794	96.5
"chr1"	61654240	61654241	96.2
"chrX"	112663654	112663655	49.3
"chr6"	141149969	141149970	67
"chr20"	23850131	23850132	86.2
"chr16"	54936800	54936801	30.2
"chr3"	93719107	93719108	50.8
"chr3"	14701667	14701668	87.5
"chr15"	87005183	87005184	20.4
"chr6"	138657762	138657763	92.2
"chr5"	141955663	141955664	96.2
"chr11"	109827393	109827394	89.6
"chr11"	74600906	74600907	97.4
"chr20"	64064275	64064276	95.9
"chr19"	21416616	21416617	93.8
"chr4"	164904624	164904625	31.9
"chr12"	46160665	46160666	93.9
"chr6"	145354322	145354323	79
"chrY"	24555706	24555707	3.7
"chr2"	39375294	39375295	95.9
"chr12"	111685662	111685663	3.6
"chr12"	42554027	42554028	76.4
"chr3"	35133228	35133229	96.6
"chr12"	642042	642043	94.2
"chr5"	87253506	87253507	95.4
"chr11"	29105409	29105410	53.8
"chrX"	97016411	97016412	86.9
"chr5"	173546865	173546866	95.2
"chr3"	171646235	171646236	69.8
"chr5"	181208666	181208667	61
"chr10"	93213574	93213575	97.2
"chr10"	68681437	68681438	96.7
"chr7"	79451048	79451049	73.6
"chr12"	131433619	131433620	94.4
"chr3"	94154397	94154398	96.5
"chr9"	135524586	135524587	81.6
"chr1"	205327558	205327559	73
"chr1"	122669734	122669735	46.1
"chr17"	59755776	59755777	96.4
"chr7"	50205293	50205294	55.5
"chr12"	66161459	66161460	88
"chr6"	105858569	105858570	93
"chr15"	64446042	64446043	97
"chr7"	151074354	151074355	95.8
"chr1"	191520621	191520622	16.4
"chr1"	222513229	222513230	94.6
"chr14"	102076578	102076579	96.2
"chr12"	51571419	51571420	91.6
"chr9"	9164782	9164783	54.4
"chr7"	33109466	33109467	4.4
"chr7"	74782972	74782973	97.3
"chr1"	222643999	222644000	4.1
"chr5"	115116768	115116769	30.6
"chr1"	232993753	232993754	92.8
"chr11"	34418348	34418349	7.2
"chr2"	202449163	202449164	96
"chr21"	26978664	26978665	59.6
"chr15"	38575558	38575559	6.2
"chr11"	73795740	73795741	96.5
"chr2"	215141695	215141696	96.3
"chr11"	66278424	66278425	4.1
"chrY"	7467771	7467772	45.7
"chr2"	38812821	38812822	97
"chr20"	63189910	63189911	95.9
"chr17"	8326778	8326779	3
"chr19"	8161661	8161662	95.7
"chr4"	7648114	7648115	72
"chr5"	79256622	79256623	64.3
"chr3"	91924156	91924157	93.8
"chr5"	94099652	94099653	86.8
"chr2"	47265365	47265366	83.4
"chr15"	66373274	66373275	96.6
"chr6"	75367623	75367624	95
"chr4"	1186554	1186555	96.2
"chr20"	11605376	11605377	69.2
"chr2"	232851808	232851809	96.9
"chr6"	73761828	73761829	96.4
"chr10"	73945807	73945808	96
"chr2"	108779360	108779361	95.4
"chr8"	140388210	140388211	96.5
"chr12"	6944641	6944642	14.8
"chr14"	21454151	21454152	96.9
"chr9"	100422229	100422230	94.9
"chr18"	55280666	55280667	55.8
"chr4"	3448176	3448177	94.9
"chr8"	100440174	100440175	96.6
"chr7"	138997619	138997620	92.7
"chr3"	94231840	94231841	49.5
"chr1"	30876306	30876307	27.8
"chr16"	81303687	81303688	95.1
"chr12"	120671296	120671297	96.2
"chr7"	12928884	12928885	72
"chr10"	86457600	86457601	97.1
"chr16"	11829336	11829337	95.8
"chr6"	162916932	162916933	85
"chr16"	47812790	47812791	84.6
"chr5"	73758771	73758772	72.2
"chr16"	3243376	3243377	88.5
"chr15"	36376064	36376065	93
"chr6"	106156729	106156730	95.5
"chr1"	233537847	233537848	62.5
"chr12"	23570770	23570771	95.7
"chr12"	40785485	40785486	93.8
"chr9"	36004941	36004942	82
"chr2"	127893240	127893241	95.3
"chr6"	139535688	139535689	86.5
"chr6"	26779894	26779895	28.1
"chr6"	121533045	121533046	95.9
"chr4"	657466	657467	49.9
"chr2"	31041626	31041627	74.5
"chr12"	89608053	89608054	96.5
"chr2"	112637432	112637433	47.9
"chr7"	23695092	23695093	97.1
"chr8"	33045297	33045298	37.1
"chr18"	4937850	4937851	95.3
"chr10"	31237245	31237246	94.3
"chr17"	71151503	71151504	28.5
"chr3"	132386673	132386674	93.1
"chr14"	104269425	104269426	78.2
"chr12"	127537353	127537354	54.4
"chr14"	94539246	94539247	68.1
"chr4"	21563935	21563936	59
"chr6"	42904836	42904837	96.9
"chr4"	96657664	96657665	8.6
"chr8"	47261180	47261181	4
"chr10"	31981322	31981323	95.8
"chr6"	68905714	68905715	51.3
"chr15"	45129805	45129806	2.8
"chr10"	126905501	126905502	14
"chr5"	9271176	9271177	96.7
"chr1"	201826939	201826940	95.7
"chr15"	59486384	59486385	80.9
"chr12"	56882881	56882882	31.2
"chr6"	38188191	38188192	88.6
"chr17"	80355914	80355915	96.8
"chr4"	49023442	49023443	59.5
"chr1"	10642597	10642598	97.3
"chr5"	133481102	133481103	57.1
"chr10"	22004683	22004684	94.2
"chr21"	19951889	19951890	95.7
"chr17"	82236262	82236263	89
"chr1"	245687753	245687754	60.7
"chr22"	38608586	38608587	94.9
"chr16"	24890298	24890299	51.7
"chr2"	142565670	142565671	92.9
"chr14"	103598910	103598911	93.7
"chr5"	164934330	164934331	49.2
"chr11"	122402243	122402244	78.5
"chr19"	48314847	48314848	95.1
"chr2"	165953503	165953504	3
"chr1"	161768617	161768618	96.1
"chr4"	85744649	85744650	96
"chr18"	15897055	15897056	69.6
"chr10"	113126738	113126739	3.3
"chr17"	38240605	38240606	94.7
"chr9"	42280651	42280652	94
"chr1"	227431250	227431251	96.1
"chr1"	49638483	49638484	90.8
"chr2"	180706526	180706527	33
"chrX"	1113459	1113460	94.6
"chr7"	1667340	1667341	4.3
"chr2"	149392337	149392338	69.5
"chr7"	63444416	63444417	48.8
"chr1"	228743619	228743620	96.5
"chr5"	4492660	4492661	51.5
"chr5"	106800390	106800391	19.6
"chr12"	49925664	49925665	92.3
"chr21"	41645916	41645917	95.5
"chr20"	51800791	51800792	3.7
"chr1"	17004772	17004773	96.4
"chr5"	76997777	76997778	4.2
"chr5"	93341552	93341553	94.1
"chr21"	42381675	42381676	61.2
"chr14"	73519982	73519983	94
"chr6"	26028307	26028308	94.3
"chr6"	6003300	6003301	9.8
"chr17"	79063146	79063147	93.7
"chr5"	51330704	51330705	82.5
"chr4"	37878708	37878709	96.1
"chr2"	136817988	136817989	91.4
"chr12"	111406005	111406006	2.7
"chr16"	2753189	2753190	3
"chr2"	15508916	15508917	96.2
"chr13"	97525256	97525257	94.6
"chr16"	57868855	57868856	60.6
"chr2"	155360298	155360299	95.5
"chrY"	13280344	13280345	90.5
"chr15"	90170476	90170477	96.1
"chr3"	159005556	159005557	75.3
"chr8"	10981337	10981338	92.9
"chr9"	122093348	122093349	3.1
"chr21"	7121257	7121258	26.1
"chr16"	27313987	27313988	3.4
"chr10"	117641609	117641610	83.4
"chr6"	2970033	2970034	89.4
"chr6"	119326806	119326807	46.5
"chr2"	87235714	87235715	96.4
"chr16"	1983434	1983435	3.6
"chr2"	140678862	140678863	96.8
"chr11"	23099876	23099877	91.6
"chr2"	26574621	26574622	66.6
"chr22"	48481430	48481431	95
"chr17"	57941153	57941154	3.6
"chr20"	63006613	63006614	4
"chr8"	43563670	43563671	95
"chr3"	67289850	67289851	80.9
"chr13"	109747363	109747364	73.8
"chr15"	29206653	29206654	74.5
"chr21"	41305008	41305009	57.5
"chr6"	153453177	153453178	13.2
"chr12"	131579114	131579115	60.9
"chr9"	111483855	111483856	5
"chr19"	33906198	33906199	2.6
"chr6"	67480568	67480569	94.6
"chr22"	27221654	27221655	47.4
"chr8"	15144612	15144613	87.3
"chr4"	6803487	6803488	39.6
"chr16"	84896337	84896338	74
"chr3"	125413740	125413741	96
"chr12"	14305453	14305454	96.9
"chr2"	50273146	50273147	58
"chr12"	76017045	76017046	93.2
"chr10"	96061027	96061028	92.7
"chr1"	174782664	174782665	96.5
"chr5"	108690140	108690141	61.1
"chr7"	43331696	43331697	86.4
"chr2"	136914596	136914597	96.4
"chr21"	42613113	42613114	93.8
"chr20"	51492916	51492917	95.7
"chr15"	66692559	66692560	96.9
"chr5"	61548175	61548176	52.5
"chrX"	104586144	104586145	32.8
"chr21"	32412537	32412538	3.7
"chr1"	150010814	150010815	3.6
"chr5"	140850430	140850431	96.6
"chrX"	100928545	100928546	3
"chr11"	72416689	72416690	96.9
"chr13"	98939101	98939102	71.1
"chr1"	58369289	58369290	92.7
"chr20"	31511771	31511772	95.1
"chr9"	93119085	93119086	93.6
"chr2"	209486692	209486693	91.6
"chr6"	37124832	37124833	96.5
"chr12"	121134686	121134687	96.8
"chr11"	45501075	45501076	68
"chrX"	141446283	141446284	79
"chr15"	45018351	45018352	87.6
"chr5"	177063063	177063064	88
"chr20"	35182927	35182928	96.5
"chr10"	133670754	133670755	83.5
"chr15"	73077979	73077980	78.6
"chr1"	22031959	22031960	4.3
"chr8"	142415795	142415796	94.7
"chr8"	105806958	105806959	53.5
"chr11"	43913132	43913133	95
"chrX"	40942944	40942945	94
"chr15"	45651365	45651366	93.9
"chr3"	129314921	129314922	3.3
"chr8"	141477929	141477930	96.8
"chr17"	83085299	83085300	87.3
"chr22"	46001414	46001415	42.3
"chr12"	18851538	18851539	3.2
"chr9"	11633994	11633995	66.2
"chr5"	24947437	24947438	53.9
"chr15"	22962833	22962834	62
"chr7"	136983624	136983625	48.8
"chr4"	143529058	143529059	96.9
"chr2"	47521158	47521159	2.8
"chr6"	4516150	4516151	95.9
"chr16"	22206368	22206369	3.3
"chr2"	23884035	23884036	95.7
"chr1"	33681871	33681872	94.6
"chr20"	44210743	44210744	3.4
"chr9"	21309571	21309572	95.7
"chr6"	17560800	17560801	95.1
"chrX"	104059774	104059775	96.5
"chr7"	99498179	99498180	62.6
"chr13"	109889953	109889954	94.8
"chrX"	68584310	68584311	53
"chr22"	38315492	38315493	3
"chrX"	18921373	18921374	95.6
"chr1"	31131889	31131890	96.9
"chr17"	41215171	41215172	94.9
"chr10"	2376858	2376859	24.7
"chr12"	19161830	19161831	92.9
"chr8"	42996444	42996445	90.4
"chr21"	42218873	42218874	2.9
"chr12"	26111054	26111055	95.1
"chr10"	126972018	126972019	21.7
"chr9"	112841981	112841982	92
"chr3"	58084139	58084140	96.3
"chr2"	231000481	231000482	61.7
"chr2"	238563641	238563642	73.3
"chr12"	122954112	122954113	96.3
"chr8"	116766738	116766739	3
"chr10"	61085100	61085101	70.4
"chr9"	107487578	107487579	3.4
"chr19"	5904693	5904694	2.9
"chr10"	89830025	89830026	95.8
"chrX"	47883370	47883371	61.5
"chr4"	187395513	187395514	81.4
"chr1"	59044594	59044595	93.1
"chr5"	174788439	174788440	39.2
"chr4"	182330783	182330784	95.6
"chr3"	14124717	14124718	3.6
"chr9"	12779336	12779337	96.6
"chr2"	237127764	237127765	64.1
"chr5"	160185596	160185597	93.6
"chr6"	128422803	128422804	92.7
"chr11"	128966356	128966357	94.6
"chr5"	151791042	151791043	67.3
"chr7"	79568928	79568929	96.8
"chr11"	33077130	33077131	96.1
"chrX"	121938981	121938982	29
"chr1"	173757992	173757993	96.9
"chr4"	9489646	9489647	75.6
"chr10"	2498364	2498365	86.5
"chr5"	73870708	73870709	7.9
"chr4"	156284398	156284399	71
"chr10"	11312709	11312710	96.8
"chr1"	201854058	201854059	96.5
"chr12"	51668882	51668883	82.2
"chr12"	109278445	109278446	73.8
"chr1"	124408712	124408713	61.1
"chr9"	5907876	5907877	96
"chr13"	42985976	42985977	96.7
"chr4"	7232088	7232089	54.5
"chr11"	51552884	51552885	70.4
"chr5"	143306598	143306599	96
"chrX"	37729843	37729844	59.4
"chr1"	99744556	99744557	96
"chr1"	154394363	154394364	97.1
"chr13"	26742570	26742571	59.1
"chr1"	204062629	204062630	94.5
"chr3"	183060942	183060943	88.2
"chr4"	11793995	11793996	94.6
"chrX"	153986987	153986988	95.4
"chrX"	60588057	60588058	94.1
"chr14"	74922914	74922915	7.4
"chr3"	127745114	127745115	95.5
"chr17"	41163911	41163912	32.2
"chr12"	39723933	39723934	3.4
"chr21"	46441574	46441575	95.8
"chr12"	73882229	73882230	8
"chr9"	32427406	32427407	88.6
"chr8"	70357600	70357601	96.3
"chr17"	26461850	26461851	5.2
"chr8"	77670778	77670779	19.5
"chr14"	31625770	31625771	92.9
"chr19"	4126683	4126684	53.9
"chr7"	21367623	21367624	86.6
"chr4"	75671974	75671975	22.2
"chr2"	9294249	9294250	95.2
"chr5"	41004398	41004399	91.5
"chr19"	39277727	39277728	37
"chr13"	27044877	27044878	94.6
"chr3"	50267565	50267566	3.7
"chrX"	59276599	59276600	54.8
"chr2"	20109953	20109954	97.3
"chr22"	46695983	46695984	96
"chr8"	29611934	29611935	93.7
"chr19"	52747598	52747599	20
"chr18"	76349224	76349225	3.1
"chr17"	45783300	45783301	7.9
"chrX"	1115320	1115321	92.3
"chr10"	100663743	100663744	93.1
"chr1"	156207147	156207148	96.2
"chr7"	100659009	100659010	87.7
"chr9"	14428939	14428940	3.1
"chr5"	112875771	112875772	96.8
"chr3"	119932836	119932837	77.7
"chr16"	28242429	28242430	58.8
"chr15"	29120535	29120536	21.5
"chr1"	15831482	15831483	95.6
"chr1"	206578195	206578196	84.8
"chr6"	110194515	110194516	97.4
"chr9"	70423244	70423245	94.9
"chr2"	226773528	226773529	93.7
"chr6"	45357044	45357045	97.1
"chr17"	44810107	44810108	92.9
"chr11"	81274911	81274912	32.1
"chr5"	98439371	98439372	55.8
"chr8"	140457707	140457708	3.9
"chr5"	151421118	151421119	92
"chr4"	143949811	143949812	96.3
"chr18"	2820230	2820231	52.8
"chr6"	169125011	169125012	76.4
"chr2"	25341879	25341880	3
"chr12"	124693163	124693164	56.4
"chrX"	6956238	6956239	96
"chr6"	1228389	1228390	87.3
"chr14"	28789579	28789580	23.5
"chr7"	58579402	58579403	82.6
"chr16"	26667273	26667274	95.2
"chr20"	56486520	56486521	96.7
"chr4"	13547698	13547699	3
"chr15"	55822322	55822323	37.4
"chr3"	131521342	131521343	55.5
"chr5"	132484463	132484464	96.8
"chr2"	227919461	227919462	60.6
"chr22"	24568715	24568716	96.5
"chr10"	45672415	45672416	3.7
"chr2"	224491008	224491009	96.4
"chr15"	28176992	28176993	95.3
"chr19"	11439780	11439781	96.4
"chr17"	8396434	8396435	95.4
"chr2"	168932879	168932880	95.8
"chr22"	38468115	38468116	2.9
"chr22"	49161339	49161340	43.6
"chr8"	67744589	67744590	93.5
"chr22"	40645494	40645495	95.8
"chr17"	14425735	14425736	96.3
"chr8"	28118241	28118242	96.2
"chr17"	37847766	37847767	77
"chr6"	166919357	166919358	96.2
"chr21"	40567264	40567265	58
"chr19"	41871625	41871626	3.4
"chr13"	52408024	52408025	95
"chr2"	177933628	177933629	67.2
"chr4"	42232987	42232988	95.6
"chr7"	33460372	33460373	91.5
"chr12"	12995077	12995078	3.5
"chr22"	35027638	35027639	85.7
"chr15"	74894996	74894997	96.4
"chr3"	26845196	26845197	86.6
"chr1"	177656778	177656779	90.2
"chr2"	219043601	219043602	14.7
"chr19"	19670400	19670401	96.9
"chrX"	78139602	78139603	4.2
"chr10"	52385701	52385702	23
"chr6"	84642580	84642581	25.9
"chrX"	146527986	146527987	94.8
"chr2"	226853961	226853962	96.2
"chr13"	60524276	60524277	97
"chr4"	160593342	160593343	10.7
"chr18"	1440790	1440791	50.2
"chr3"	62166848	62166849	90
"chr2"	231052128	231052129	95.5
"chr3"	58005581	58005582	96.2
"chr21"	34641066	34641067	96.7
"chr6"	131342346	131342347	60.4
"chr7"	75574536	75574537	97
"chrY"	25041247	25041248	35.7
"chr22"	19727429	19727430	3.4
"chrX"	62486377	62486378	42
"chr11"	101756553	101756554	41
"chr15"	78783329	78783330	88.7
"chr2"	116456060	116456061	74.2
"chr7"	30980964	30980965	78.1
"chr4"	14495779	14495780	5
"chr14"	21003716	21003717	89.7
"chr4"	26861290	26861291	3.1
"chr7"	157241147	157241148	91.1
"chr3"	17733740	17733741	95.1
"chrX"	115055403	115055404	95.4
"chr6"	35535503	35535504	88.4
"chr1"	233905387	233905388	3.3
"chr3"	65143479	65143480	55.9
"chr11"	1128771	1128772	82.7
"chr12"	130109763	130109764	93.9
"chrX"	131747746	131747747	97.4
"chr10"	6324486	6324487	44.1
"chr8"	127656441	127656442	97.5
"chr10"	34106516	34106517	76.2
"chr9"	113120147	113120148	15.1
"chr13"	106901091	106901092	58.2
"chrX"	93413618	93413619	30.5
"chr1"	25129042	25129043	89.2
"chr2"	20481497	20481498	96.2
"chr14"	75428764	75428765	2.8
"chr21"	33283618	33283619	97.2
"chr13"	51703927	51703928	55.2
"chr8"	27112779	27112780	60.7
"chr8"	79431567	79431568	93.5
"chr12"	11234742	11234743	74.3
"chr13"	53161133	53161134	25.4
"chr4"	93830632	93830633	32.7
"chr11"	127900538	127900539	79.5
"chr19"	35612372	35612373	9.2
"chr19"	4250631	4250632	95.8
"chr1"	94055200	94055201	51.5
"chr20"	6153279	6153280	6
"chr7"	5420532	5420533	2.9
"chrX"	60436860	60436861	51.1
"chr4"	140365736	140365737	18.9
"chr1"	232397371	232397372	62.4
"chr12"	95434095	95434096	96.9
"chr14"	105212703	105212704	95.4
"chrX"	80730332	80730333	93.9
"chr17"	2594727	2594728	3.2
"chr1"	228012150	228012151	63.3
"chr11"	122508066	122508067	39.4
"chr11"	72821693	72821694	97.1
"chr3"	80130892	80130893	54
"chr1"	245416647	245416648	72.5
"chr22"	15604298	15604299	43.1
"chr10"	132105100	132105101	78.5
"chr6"	108741662	108741663	96.2
"chr14"	78832780	78832781	67.2
"chr5"	133333308	133333309	82.9
"chr3"	181635611	181635612	5.7
"chrX"	104113285	104113286	2.7
"chr7"	4001005	4001006	92.8
"chr17"	61387703	61387704	95.9
"chr19"	12367117	12367118	96.7
"chr3"	107853364	107853365	96.8
"chr7"	75871204	75871205	96.6
"chr4"	101099936	101099937	82.8
"chr3"	38948694	38948695	86.6
"chrX"	140766138	140766139	3.2
"chr2"	201588365	201588366	87
"chr9"	64636489	64636490	89.9
"chr22"	43056740	43056741	96.3
"chr6"	34261180	34261181	87.5
"chr1"	231539343	231539344	96.5
"chr1"	220101949	220101950	95.4
"chr6"	122815163	122815164	4.4
"chrX"	93633033	93633034	80
"chr2"	221575144	221575145	4
"chrX"	145770289	145770290	87.7
"chr11"	25015165	25015166	62.1
"chr9"	70211627	70211628	96.4
"chr17"	42108547	42108548	95.9
"chr1"	87184933	87184934	85.9
"chr4"	177477111	177477112	95.1
"chr13"	104450089	104450090	19.2
"chr11"	3997543	3997544	96
"chr12"	10284920	10284921	96.3
"chr6"	91428560	91428561	95.6
"chr22"	40178391	40178392	5.2
"chr6"	5553912	5553913	4.8
"chr2"	57322120	57322121	88.7
"chr14"	94568722	94568723	92.8
"chr3"	123053811	123053812	51.5
"chrX"	6802374	6802375	74.8
"chr2"	12809641	12809642	48.3
"chr16"	50225301	50225302	94.2
"chr10"	20114071	20114072	35.3
"chr8"	142739480	142739481	4.2
"chr7"	129771602	129771603	95.9
"chr16"	8975496	8975497	95.9
"chr5"	89499596	89499597	97.2
"chr3"	68334382	68334383	51.1
"chr5"	30705163	30705164	83.3
"chr17"	54640308	54640309	59.5
"chr5"	76403232	76403233	3.4
"chr19"	49433622	49433623	4.2
"chr12"	63320641	63320642	93
"chr10"	47940594	47940595	47
"chr8"	92571879	92571880	93.4
"chr11"	68992300	68992301	86.8
"chr9"	80611995	80611996	39
"chr16"	88823449	88823450	95.7
"chr6"	40720030	40720031	3.9
"chr9"	37036496	37036497	3.1
"chr5"	172706551	172706552	87.2
"chr1"	245841173	245841174	5.6
"chrX"	5004640	5004641	18.9
"chr14"	55129150	55129151	3.3
"chr2"	239567963	239567964	93.2
"chr8"	51514890	51514891	29.5
"chr16"	59566332	59566333	85.1
"chr18"	22542516	22542517	49.5
"chr10"	16675119	16675120	96.3
"chr16"	78007021	78007022	89
"chr2"	207662022	207662023	73.3
"chr15"	51814179	51814180	95.9
"chr14"	88331061	88331062	77.7
"chr16"	5001479	5001480	96.8
"chr8"	115213836	115213837	96.7
"chr4"	7992051	7992052	39.9
"chr12"	131681326	131681327	91.7
"chr8"	43192206	43192207	96.2
"chr2"	51981967	51981968	47.8
"chr10"	116595267	116595268	96.1
"chr5"	157826772	157826773	33.4
"chr20"	43608855	43608856	96.2
"chr17"	8799239	8799240	94.2
"chr6"	166383110	166383111	3.4
"chr9"	121656029	121656030	91.8
"chr1"	212979695	212979696	3.4
"chr2"	150034120	150034121	5.2
"chr13"	25223106	25223107	95.1
"chr1"	55215846	55215847	4.3
"chr11"	41954506	41954507	7.5
"chr5"	26085535	26085536	90.5
"chr19"	49689625	49689626	96.6
"chr8"	143423165	143423166	6
"chr4"	179469876	179469877	85.1
"chr16"	56877112	56877113	95.7
"chr11"	2552259	2552260	66.2
"chr7"	84951618	84951619	43.4
"chr11"	6347324	6347325	82.7
"chr1"	20635276	20635277	95.3
"chr10"	14793152	14793153	87.7
"chr6"	73657941	73657942	96.5
"chr11"	94543872	94543873	2.7
"chr4"	11047803	11047804	63.3
"chr2"	10776414	10776415	96.3
"chr6"	43326286	43326287	90.3
"chr4"	116672546	116672547	94.7
"chr14"	58715575	58715576	87.1
"chr7"	6771880	6771881	96.7
"chr11"	99201314	99201315	79
"chr7"	149147398	149147399	3.4
"chr18"	74260876	74260877	94.1
"chr3"	183101326	183101327	65.5
"chr4"	7697106	7697107	7.9
"chr10"	69655688	69655689	81.8
"chr10"	47256874	47256875	42.4
"chr12"	88035819	88035820	3.1
"chr16"	87160615	87160616	87.6
"chr7"	119537569	119537570	31.6
"chr6"	52910329	52910330	95.5
"chr13"	89558009	89558010	96.7
"chr17"	53587304	53587305	84
"chr7"	41829072	41829073	92.9
"chr19"	29845647	29845648	3.7
"chr19"	49273321	49273322	95.3
"chr7"	37610122	37610123	95.4
"chr7"	76000060	76000061	95.9
"chr1"	22786909	22786910	4.3
"chr22"	16202292	16202293	71.5
"chr11"	65857815	65857816	2.9
"chr5"	62305166	62305167	95.9
"chr11"	69371987	69371988	53.6
"chr1"	34549502	34549503	7.9
"chr4"	37544897	37544898	86.1
"chr7"	118871119	118871120	32.4
"chr2"	42494515	42494516	3.7
"chr7"	148261927	148261928	89
"chr11"	18701802	18701803	94.1
"chr12"	107500751	107500752	50.7
"chr12"	40413377	40413378	56
"chr8"	41294903	41294904	39.8
"chr7"	155359412	155359413	31
"chr4"	47325201	47325202	40.3
"chr18"	48874328	48874329	93.6
"chr18"	34920732	34920733	3.8
"chr2"	21106084	21106085	96.2
"chr9"	93699555	93699556	73.9
"chr22"	36821400	36821401	95
"chr4"	110414447	110414448	16.4
"chr1"	99659611	99659612	17.4
"chr8"	6272939	6272940	13.7
"chr5"	163143179	163143180	50.6
"chr8"	7568497	7568498	93.4
"chr5"	14375576	14375577	96.3
"chr19"	8862803	8862804	28.4
"chr20"	37937479	37937480	64
"chr12"	89353763	89353764	3.5
"chr22"	37762434	37762435	96.9
"chr20"	50192115	50192116	3
"chr13"	33630520	33630521	72
"chr2"	19877914	19877915	85.8
"chr8"	122817382	122817383	96.4
"chr20"	37598255	37598256	3
"chr18"	39868447	39868448	59.9
"chr10"	21183384	21183385	34.3
"chr3"	101247232	101247233	56.7
"chr6"	4123734	4123735	97.3
"chr16"	47123947	47123948	93.5
"chr12"	132770470	132770471	4.3
"chr19"	30321037	30321038	91.3
"chr3"	118269758	118269759	96.2
"chr16"	915939	915940	96.2
"chr8"	51056285	51056286	95.7
"chr6"	170317603	170317604	75.4
"chr10"	47211914	47211915	8
"chr19"	41543247	41543248	92.3
"chr7"	33095140	33095141	67.2
"chr18"	69225034	69225035	96.5
"chr3"	76153705	76153706	91.5
"chr1"	206107456	206107457	31.6
"chr1"	222762956	222762957	95.4
"chr3"	195013463	195013464	78.6
"chr7"	78350110	78350111	12.8
"chr2"	45663776	45663777	96.6
"chr7"	75144577	75144578	2.6
"chr1"	1122324	1122325	3
"chrX"	13288538	13288539	74.6
"chr2"	102037393	102037394	96.2
"chr6"	44021232	44021233	90.5
"chr19"	942414	942415	87.5
"chr14"	61108430	61108431	56.6
"chr2"	128758076	128758077	79.8
"chr11"	67315999	67316000	97.2
"chr12"	42350770	42350771	96.6
"chr9"	88369164	88369165	95.1
"chr9"	126499644	126499645	4.5
"chr6"	73454845	73454846	95.2
"chr18"	24566651	24566652	50.5
"chr9"	65858529	65858530	96.2
"chr4"	57528051	57528052	69
"chrY"	10658813	10658814	51.9
"chr13"	103704225	103704226	81.1
"chr1"	168862845	168862846	45.7
"chr8"	6657760	6657761	96.6
"chr16"	3606598	3606599	95.8
"chr15"	77907932	77907933	93
"chr13"	32310858	32310859	96.9
"chr16"	46401389	46401390	90.9
"chr9"	83032226	83032227	58.4
"chr7"	52948923	52948924	31.3
"chr8"	98245538	98245539	95.2
"chr15"	98678673	98678674	54.5
"chr11"	119334441	119334442	19.2
"chr8"	78101926	78101927	90.5
"chr10"	48506038	48506039	13
"chr10"	24370132	24370133	93.5
"chr1"	11279098	11279099	96.5
"chr1"	114388126	114388127	95.1
"chr9"	12588673	12588674	66.9
"chr15"	80956327	80956328	95.2
"chr5"	51733263	51733264	56.7
"chr1"	200820907	200820908	93.4
"chr2"	97659357	97659358	96.5
"chr7"	140830667	140830668	65.3
"chr12"	110050895	110050896	96.1
"chrX"	26918398	26918399	51.4
"chr11"	112600349	112600350	18.5
"chr2"	33411423	33411424	97.3
"chr5"	147480948	147480949	58.6
"chr9"	40161218	40161219	73.9
"chr9"	94742883	94742884	97.1
"chr18"	54821821	54821822	94.7
"chr4"	128062255	128062256	3.7
"chr4"	188706312	188706313	95.7
"chr4"	171942217	171942218	92.5
"chr18"	75054757	75054758	94.9
"chr14"	105062694	105062695	39.8
"chr4"	56501536	56501537	95.9
"chr6"	109403032	109403033	88.9
"chr3"	52478987	52478988	95.1
"chr4"	190173720	190173721	83.5
"chr4"	146963987	146963988	15.2
"chr4"	40382698	40382699	84.8
"chr12"	116728031	116728032	93.8
"chr19"	9955643	9955644	95
"chr12"	11859006	11859007	96.6
"chr12"	126485879	126485880	95.3
"chr10"	63291087	63291088	94
"chr1"	12316109	12316110	96.7
"chr1"	125119388	125119389	96.4
"chr8"	57612994	57612995	40.9
"chr19"	27258831	27258832	2.9
"chr11"	2924797	2924798	65.1
"chr10"	21910275	21910276	96.7
"chrX"	118330602	118330603	96.1
"chr11"	93444612	93444613	96.1
"chr9"	117582272	117582273	87.1
"chr2"	3188974	3188975	96.8
"chr6"	25975311	25975312	33.7
"chr8"	143139825	143139826	82.3
"chr8"	132416129	132416130	91
"chr5"	79206465	79206466	5.6
"chr18"	44141084	44141085	28.1
"chr1"	107817247	107817248	43.2
"chr2"	131456818	131456819	92.1
"chr16"	56964186	56964187	89.2
"chr10"	48690637	48690638	69.8
"chr17"	36638274	36638275	95.5
"chr1"	243628248	243628249	96.9
"chr2"	133320011	133320012	92.7
"chr14"	49791608	49791609	94.7
"chr18"	3071361	3071362	93.4
"chr12"	32755997	32755998	3.9
"chr18"	59268988	59268989	8.1
"chr8"	93212448	93212449	67.8
"chr1"	154410448	154410449	49
"chr15"	59389012	59389013	95.6
"chr18"	44600031	44600032	56.1
"chr10"	34804278	34804279	89.9
"chr18"	49459841	49459842	3.7
"chr7"	106134155	106134156	88.2
"chr6"	21248315	21248316	95.6
"chr9"	100283930	100283931	97.2
"chr11"	97528419	97528420	24.5
"chr8"	125641559	125641560	95.9
"chr10"	129868507	129868508	95.1
"chr11"	90333140	90333141	86.7
"chr14"	49136114	49136115	15.2
"chr2"	209605057	209605058	27.5
"chr1"	150737123	150737124	94.4
"chr9"	20169339	20169340	39.1
"chr12"	61314863	61314864	49
"chr6"	1916130	1916131	94.1
"chr10"	25880880	25880881	91.7
"chr4"	95527057	95527058	94
"chr22"	41779095	41779096	96.7
"chr22"	42123694	42123695	86.7
"chr4"	52530384	52530385	68.4
"chr10"	66324753	66324754	95.8
"chr9"	107884376	107884377	95.1
"chr21"	37994340	37994341	43.6
"chr4"	156704418	156704419	80.1
"chr4"	94656509	94656510	95.1
"chr1"	87617490	87617491	48.5
"chr2"	86229799	86229800	96.6
"chr19"	13271731	13271732	8.8
"chr1"	163077114	163077115	94
"chr11"	108096009	108096010	96.5
"chr7"	114922703	114922704	3.3
"chrX"	127930297	127930298	6.1
"chr4"	43546651	43546652	4.3
"chr2"	200129043	200129044	97
"chr8"	58147154	58147155	95.5
"chr15"	47952245	47952246	94.8
"chr18"	70539131	70539132	80.3
"chr20"	18184204	18184205	97.7
"chr13"	57438250	57438251	89.4
"chr9"	94528523	94528524	93.4
"chr11"	83062958	83062959	2.9
"chr20"	3192591	3192592	96.2
"chrY"	15445001	15445002	66.8
"chr16"	715130	715131	3.2
"chr3"	190284328	190284329	29.4
"chr20"	55955235	55955236	29.3
"chr15"	37963342	37963343	64.7
"chr6"	26167144	26167145	96.2
"chr11"	130829862	130829863	86.1
"chr15"	57714557	57714558	96.9
"chr15"	74571285	74571286	96
"chr2"	72772169	72772170	88.1
"chr15"	94860711	94860712	77.2
"chr8"	50925123	50925124	6
"chr14"	93618176	93618177	95.7
"chr7"	1986582	1986583	93
"chr12"	54475060	54475061	3.3
"chr2"	64264245	64264246	92.3
"chr12"	132687916	132687917	5.1
"chr20"	46781014	46781015	67.6
"chr5"	91858730	91858731	39.9
"chr19"	48999510	48999511	97.2
"chr8"	110927778	110927779	45.1
"chr10"	133301204	133301205	88.7
"chr5"	41061337	41061338	31
"chr1"	143205816	143205817	63.4
"chr10"	5962025	5962026	96.2
"chr2"	151574264	151574265	95.6
"chr12"	27587490	27587491	96.2
"chrX"	152553212	152553213	3
"chr15"	64901531	64901532	96.3
"chr10"	40190549	40190550	13.2
"chr9"	131812718	131812719	60.5
"chrX"	106736177	106736178	91.6
"chr1"	11625824	11625825	26
"chr16"	28392146	28392147	97.1
"chr12"	34365196	34365197	77.1
"chr12"	6749981	6749982	96.6
"chr1"	26631485	26631486	96.2
"chr15"	96800627	96800628	95.5
"chr12"	104221419	104221420	96.7
"chr14"	42288222	42288223	42.5
"chr1"	220790650	220790651	91.1
"chr5"	15129338	15129339	90.7
"chr9"	33442125	33442126	88.5
"chr8"	61167476	61167477	88.9
"chr19"	2546386	2546387	92
"chr8"	102179140	102179141	95.9
"chr9"	9223824	9223825	4.9
"chr2"	69561464	69561465	48
"chr2"	25834890	25834891	93.7
"chr18"	76383095	76383096	96.5
"chr16"	88571605	88571606	14.1
"chr17"	58513970	58513971	4.5
"chr7"	31877560	31877561	6.3
"chr13"	34198982	34198983	45.9
"chr14"	99623062	99623063	81.6
"chr9"	66901048	66901049	4.9
"chr6"	32666703	32666704	3.4
"chr5"	39229313	39229314	91.7
"chr10"	112135653	112135654	62.5
"chr16"	27134582	27134583	58.9
"chr2"	105732588	105732589	87
"chr14"	49587340	49587341	4.3
"chr3"	162713326	162713327	60.1
"chr3"	141877041	141877042	3.6
"chr1"	203639641	203639642	95.3
"chr16"	3474339	3474340	67.4
"chr8"	687638	687639	95.8
"chr19"	32225002	32225003	6.2
"chr17"	21908429	21908430	72.1
"chr2"	163733415	163733416	79.7
"chr15"	18609718	18609719	50.2
"chr5"	126608795	126608796	96.7
"chr13"	34300337	34300338	7.4
"chr19"	54341457	54341458	73.7
"chr7"	121681953	121681954	89
"chr13"	98257933	98257934	79.9
"chr17"	49677562	49677563	4
"chr4"	154238880	154238881	93.2
"chr2"	128246436	128246437	76.3
"chr3"	23065103	23065104	95.8
"chr12"	5962873	5962874	69.7
"chr1"	37973092	37973093	96
"chr19"	32782946	32782947	93.8
"chr2"	129794866	129794867	96
"chr11"	45805202	45805203	2.8
"chr5"	164402914	164402915	96.1
"chr3"	191316303	191316304	56.7
"chr9"	134367259	134367260	79.8
"chr7"	61052542	61052543	47.8
"chr9"	40581507	40581508	91.8
"chr18"	38003736	38003737	60
"chr16"	35753788	35753789	24.4
"chr1"	191344708	191344709	77
"chr2"	119545239	119545240	96.9
"chr15"	43024845	43024846	95.5
"chr7"	83555315	83555316	22.7
"chr1"	234598521	234598522	96.3
"chr20"	23421948	23421949	8.2
"chr3"	58540323	58540324	64.4
"chr3"	13046670	13046671	4.5
"chr12"	96243961	96243962	97
"chr5"	65977987	65977988	96.1
"chr6"	160536501	160536502	36.2
"chr3"	39059028	39059029	96.8
"chr11"	8368594	8368595	96.5
"chr10"	21595420	21595421	97.1
"chr5"	120696195	120696196	95
"chr10"	14945890	14945891	96.4
"chr3"	73105697	73105698	81.1
"chr20"	36903829	36903830	95.4
"chr2"	26177695	26177696	96.2
"chr6"	160131459	160131460	90.1
"chr4"	30165067	30165068	69.3
"chr6"	120465990	120465991	94.6
"chr14"	56812658	56812659	3.7
"chr11"	105702048	105702049	41.1
"chr12"	53196729	53196730	96.1
"chr17"	726399	726400	80
"chr10"	86756474	86756475	4
"chr7"	148192694	148192695	60.5
"chr3"	153184917	153184918	95.7
"chr17"	3717000	3717001	96.7
"chr15"	79896727	79896728	3.2
"chrY"	6178049	6178050	42.9
"chr8"	12541560	12541561	90.1
"chr4"	156138884	156138885	39.2
"chr6"	168178290	168178291	93.4
"chr14"	85559864	85559865	70.7
"chr4"	29005337	29005338	4.2
"chr19"	47294260	47294261	46.2
"chr2"	163706943	163706944	66.7
"chr11"	57668160	57668161	2.7
"chr11"	59566370	59566371	3.9
"chr17"	16696874	16696875	17.7
"chr1"	15028103	15028104	96
"chr16"	69657944	69657945	96.2
"chr15"	31999267	31999268	58.3
"chr12"	120668221	120668222	72.1
"chr3"	83089833	83089834	74.7
"chr8"	66243720	66243721	46.5
"chr13"	56792247	56792248	60.4
"chr1"	12373319	12373320	97.2
"chr12"	113860901	113860902	90.1
"chr7"	123947958	123947959	5.3
"chr10"	33490422	33490423	5.9
"chr8"	6954681	6954682	92.4
"chr6"	68680356	68680357	24.8
"chr6"	167277320	167277321	95.5
"chr22"	49626708	49626709	57.2
"chr20"	48632576	48632577	96.9
"chr5"	53110224	53110225	3.1
"chr18"	58445408	58445409	93.5
"chrX"	796749	796750	70.2
"chr1"	41009744	41009745	96.4
"chr17"	30872200	30872201	97.3
"chr8"	114758629	114758630	6.2
"chr9"	34242348	34242349	94.4
"chr2"	86252435	86252436	14.9
"chr13"	85167892	85167893	59.3
"chr16"	8590527	8590528	52.7
"chr4"	147753990	147753991	79.9
"chrX"	138306825	138306826	91.7
"chr3"	35318302	35318303	28.2
"chr4"	189600456	189600457	53.7
"chr10"	114043189	114043190	3.6
"chr6"	67177746	67177747	4.7
"chr4"	7240516	7240517	4.9
"chr14"	103956305	103956306	82.8
"chr9"	136192043	136192044	4.5
"chr19"	7807316	7807317	95.6
"chr2"	230790155	230790156	96.6
"chr5"	25603981	25603982	64
"chr5"	65634174	65634175	93.7
"chr17"	557961	557962	95.8
"chr22"	16315425	16315426	79.4
"chr17"	30920850	30920851	95.4
"chr19"	29443058	29443059	4.5
"chr2"	116801726	116801727	17.6
"chr4"	121481897	121481898	92.5
"chr2"	26482478	26482479	94.6
"chr10"	17739160	17739161	84.6
"chr16"	88935221	88935222	96.2
"chr7"	70015279	70015280	34.5
"chr1"	177032766	177032767	93
"chr19"	10259052	10259053	3.4
"chr22"	37392824	37392825	51.6
"chr5"	137754029	137754030	3.4
"chr3"	184481705	184481706	78.8
"chr7"	32879925	32879926	62
"chr14"	30562610	30562611	92.5
"chr4"	98606621	98606622	80.5
"chr21"	34162050	34162051	95.8
"chr6"	158064982	158064983	75.1
"chr9"	95601484	95601485	96.4
"chr4"	143210534	143210535	96.6
"chr2"	241035950	241035951	7.8
"chr11"	95494415	95494416	96.9
"chr16"	85436723	85436724	49.8
"chr18"	79359492	79359493	96.1
"chr9"	35690452	35690453	6.6
"chr6"	16281650	16281651	94.6
"chr8"	139588078	139588079	36.7
"chr3"	183665355	183665356	97.1
"chr2"	10653772	10653773	96.9
"chr11"	108665494	108665495	2.7
"chr15"	18534391	18534392	83.3
"chr1"	170210310	170210311	94.7
"chr16"	3703882	3703883	95.7
"chr19"	12009804	12009805	96.8
"chr7"	53705995	53705996	7.1
"chr11"	121625491	121625492	94.4
"chr6"	7117429	7117430	85.4
"chr9"	106852871	106852872	90.1
"chr14"	100734009	100734010	89.6
"chr11"	28519548	28519549	93.5
"chr3"	137932778	137932779	88.1
"chr14"	101908640	101908641	96.4
"chr13"	81397278	81397279	94.3
"chr13"	83824689	83824690	87.9
"chr11"	28793710	28793711	43.3
"chr10"	126941639	126941640	95.7
"chr6"	43028675	43028676	60.6
"chr3"	150869053	150869054	91.9
"chr5"	153536066	153536067	6.1
"chr17"	68842467	68842468	93.2
"chr3"	4253503	4253504	96.5
"chr13"	34962546	34962547	30.3
"chrX"	106852099	106852100	91.8
"chr5"	172533531	172533532	23.5
"chr16"	4804049	4804050	93.5
"chr7"	35826356	35826357	95.4
"chr5"	6633794	6633795	3.5
"chr15"	45780762	45780763	72.9
"chr16"	87391768	87391769	4.5
"chr14"	64471352	64471353	96
"chr3"	130048663	130048664	72.8
"chrX"	75186262	75186263	62
"chr7"	81076650	81076651	70.2
"chr19"	5612071	5612072	94.5
"chr14"	92459111	92459112	70.2
"chr16"	7798856	7798857	87.2
"chr6"	21915966	21915967	86.5
"chr1"	3219791	3219792	95.1
"chr16"	16315999	16316000	91.8
"chr4"	69730755	69730756	58.2
"chr4"	172390212	172390213	5.9
"chr8"	1182828	1182829	95.3
"chr12"	36185371	36185372	95.6
"chr8"	8162772	8162773	93.6
"chr15"	78269816	78269817	6
"chr4"	112515165	112515166	3.5
"chr5"	180129258	180129259	73.9
"chr6"	134726167	134726168	92.5
"chr11"	20863591	20863592	95.8
"chr12"	129183472	129183473	76.7
"chr7"	118132522	118132523	13.8
"chr12"	34396463	34396464	66.1
"chrY"	20639096	20639097	94.8
"chr12"	22046846	22046847	2.8
"chrX"	68534359	68534360	95.7
"chr1"	214945094	214945095	12.5
"chr10"	72317494	72317495	94.2
"chr1"	74497841	74497842	17.9
"chr1"	38227165	38227166	61.7
"chr5"	25121673	25121674	80.1
"chr17"	48154191	48154192	50.5
"chr11"	75264201	75264202	16.3
"chr4"	42340394	42340395	81.4
"chr17"	65201971	65201972	95.1
"chr3"	5426286	5426287	74.5
"chr6"	57336138	57336139	92.4
"chr12"	15660482	15660483	91.3
"chr2"	32011083	32011084	4.1
"chr11"	14540993	14540994	96.6
"chr18"	17645515	17645516	46.1
"chr13"	34875701	34875702	16
"chr4"	12816916	12816917	86.5
"chr4"	181001433	181001434	95.7
"chr20"	5723095	5723096	95.9
"chrY"	22803692	22803693	93.5
"chr7"	33847589	33847590	4
"chrX"	74314706	74314707	88.7
"chr11"	52846328	52846329	91.7
"chr11"	71252074	71252075	2.6
"chr1"	57066769	57066770	3.1
"chr2"	38815382	38815383	94.5
"chr19"	54811621	54811622	59.8
"chr4"	47356583	47356584	92.3
"chr19"	13052196	13052197	5.5
"chr19"	18947594	18947595	80.3
"chr21"	26224269	26224270	3
"chr2"	96990866	96990867	53.3
"chr12"	89795360	89795361	30
"chr9"	82775103	82775104	94.2
"chr1"	5895453	5895454	97
"chr19"	1427381	1427382	96
"chr11"	66526677	66526678	92.5
"chr4"	94917801	94917802	37.9
"chr8"	22404826	22404827	95.7
"chr3"	34508362	34508363	72.2
"chr20"	57373059	57373060	95.9
"chr20"	62501797	62501798	3.6
"chr13"	59655858	59655859	93
"chr1"	229522137	229522138	96.2
"chr8"	22621849	22621850	94.9
"chrX"	142878657	142878658	76.6
"chr8"	117316182	117316183	11.5
"chr3"	128212219	128212220	95.2
"chr22"	32531862	32531863	16
"chr4"	165125502	165125503	96.2
"chr6"	65244542	65244543	96.1
"chr1"	223385596	223385597	95.8
"chr3"	52543316	52543317	44
"chr1"	57944739	57944740	42
"chr5"	479095	479096	97.2
"chr4"	164889623	164889624	93.6
"chr11"	122025880	122025881	52.8
"chr3"	16327632	16327633	91.7
"chr2"	201139302	201139303	81.1
"chr18"	34213508	34213509	28.2
"chr5"	147229393	147229394	67
"chr5"	113220205	113220206	69.3
"chr15"	42985420	42985421	96.1
"chr9"	108223330	108223331	83.4
"chr19"	3880731	3880732	94.4
"chr18"	65386644	65386645	3.5
"chr6"	17077079	17077080	89
"chr13"	16978682	16978683	71.6
"chr7"	59826555	59826556	89.2
"chr11"	88972022	88972023	87.7
"chr19"	7051333	7051334	95.3
"chr1"	206909672	206909673	3.6
"chr6"	166731133	166731134	96.1
"chr13"	92851602	92851603	60
"chr2"	191015176	191015177	49.7
"chr2"	118504925	118504926	93.8
"chr5"	15821419	15821420	91.1
"chr17"	36435769	36435770	64.2
"chr17"	7071483	7071484	92.4
"chr16"	1383752	1383753	97.1
"chr10"	70528757	70528758	93
"chr19"	30599680	30599681	97.3
"chr3"	43650385	43650386	67.6
"chr17"	61089676	61089677	96.7
"chr16"	31061930	31061931	95.9
"chr20"	43929986	43929987	53.3
"chr14"	39767549	39767550	91
"chr13"	71939289	71939290	16.5
"chr20"	60938590	60938591	44.4
"chr16"	49407100	49407101	63.7
"chr5"	60215125	60215126	36.3
"chr4"	102773410	102773411	94.9
"chr7"	116178283	116178284	51.8
"chr3"	28138540	28138541	44.9
"chr16"	14149930	14149931	93.8
"chr4"	148273465	148273466	93.5
"chrX"	27616660	27616661	37.9
"chr8"	21774880	21774881	43.4
"chr10"	31623185	31623186	84.9
"chr3"	123396984	123396985	71.3
"chr22"	38554909	38554910	97.1
"chr5"	133345364	133345365	95.5
"chr7"	16950194	16950195	7
"chr15"	42755351	42755352	97
"chr2"	62175879	62175880	93.5
"chr8"	80075267	80075268	5.6
"chr1"	230424681	230424682	3.8
"chr2"	214653585	214653586	95.6
"chr2"	94737821	94737822	92.7
"chr1"	42759769	42759770	92.3
"chr7"	27160177	27160178	17.9
"chr11"	120740282	120740283	96.5
"chr12"	123002605	123002606	96
"chr11"	3378900	3378901	3.4
"chr19"	55613539	55613540	96.4
"chr17"	73474596	73474597	2.9
"chr17"	82211569	82211570	95.5
"chr20"	48769909	48769910	85.2
"chr18"	79476054	79476055	93.5
"chr7"	129413233	129413234	97.2
"chr11"	47605015	47605016	91.6
"chr17"	52158872	52158873	3.2
"chr1"	42682446	42682447	4.6
"chr1"	6192418	6192419	96.3
"chr7"	50493020	50493021	60.5
"chr7"	136805079	136805080	86.4
"chrX"	154492062	154492063	97.2
"chr8"	22554360	22554361	14
"chr14"	64410520	64410521	93.7
"chr11"	72595370	72595371	66.5
"chr19"	6718210	6718211	93
"chr1"	230428989	230428990	9.9
"chr1"	45012128	45012129	4.2
"chr18"	6242389	6242390	48.6
"chr4"	6057146	6057147	95
"chr5"	181223469	181223470	3.5
"chr7"	125623216	125623217	5.4
"chr5"	69172803	69172804	95.2
"chr7"	123137340	123137341	36
"chr6"	152343404	152343405	91.2
"chr19"	9002427	9002428	87
"chr1"	160185694	160185695	91
"chr3"	112000928	112000929	95.8
"chr19"	45785202	45785203	95.2
"chr22"	36013058	36013059	91.2
"chr3"	11456473	11456474	90.1
"chr12"	92768867	92768868	74.1
"chr5"	75320703	75320704	90.6
"chr6"	7520473	7520474	64.1
"chr4"	1235282	1235283	95
"chr6"	154366475	154366476	95.9
"chr3"	56311359	56311360	90.3
"chr16"	9762102	9762103	95.4
"chr18"	40327270	40327271	92.3
"chr7"	141138719	141138720	66.1
"chr7"	7573657	7573658	85.4
"chr2"	796511	796512	96.6
"chr13"	77775923	77775924	95
"chr1"	206882392	206882393	94.7
"chr9"	137002230	137002231	38.8
"chr7"	150800614	150800615	3.9
"chr9"	127852937	127852938	95.1
"chr14"	103772961	103772962	93.2
"chr9"	2987988	2987989	67.5
"chr2"	96838407	96838408	95.6
"chr2"	183090924	183090925	96.3
"chr10"	121721078	121721079	86.7
"chr10"	6188668	6188669	25.3
"chr21"	41404117	41404118	95.4
"chr2"	35143789	35143790	92.5
"chr20"	2786701	2786702	94.4
"chr19"	15779825	15779826	12.4
"chr2"	46011731	46011732	54.6
"chr8"	142947851	142947852	27.6
"chr12"	53677182	53677183	3.9
"chr10"	97599831	97599832	95.4
"chr18"	12395001	12395002	94.3
"chr2"	169559917	169559918	89.8
"chr12"	2533791	2533792	93.8
"chr21"	40878121	40878122	47.3
"chr8"	84592211	84592212	3.6
"chr1"	124398700	124398701	47.3
"chr17"	75573165	75573166	90.3
"chr5"	31420647	31420648	81.7
"chr3"	174930822	174930823	66
"chr8"	144439137	144439138	97
"chr7"	79836955	79836956	63
"chr3"	52952128	52952129	95.8
"chr1"	115056675	115056676	93.4
"chr1"	7871644	7871645	61.6
"chr4"	49913035	49913036	55.9
"chr9"	70418882	70418883	3.1
"chrX"	25836	25837	88.9
"chr13"	75865890	75865891	59.2
"chr2"	149624204	149624205	65.3
"chr7"	130462227	130462228	96.4
"chr2"	153854085	153854086	30.3
"chr4"	113352759	113352760	94.4
"chr17"	46790828	46790829	58.9
"chr7"	117819413	117819414	45.9
"chr10"	45983497	45983498	95.8
"chr1"	124644344	124644345	56.1
"chr16"	4185953	4185954	93.3
"chr10"	33478472	33478473	93.2
"chr3"	178323818	178323819	75.2
"chr4"	102800446	102800447	97.2
"chr10"	116609829	116609830	33.1
"chr2"	177394740	177394741	4.1
"chr4"	70275648	70275649	73.8
"chr22"	37489109	37489110	96.3
"chr6"	168538988	168538989	53.3
"chr1"	52986051	52986052	94.1
"chr19"	16384418	16384419	94.6
"chr3"	97208573	97208574	60.3
"chrX"	131941093	131941094	86.2
"chr7"	102345039	102345040	93.3
"chr2"	173248043	173248044	94.4
"chr10"	106969982	106969983	94.5
"chr4"	145397276	145397277	83.4
"chr13"	16589660	16589661	32.5
"chr3"	153852771	153852772	69.9
"chr13"	102541232	102541233	87.3
"chr1"	217420780	217420781	97.4
"chr9"	94298714	94298715	96.8
"chr2"	114299309	114299310	62.9
"chr20"	2978621	2978622	31.4
"chr8"	105393923	105393924	83.4
"chr16"	10690233	10690234	25.8
"chr11"	14682279	14682280	73.7
"chr1"	114892017	114892018	84.3
"chrX"	80745741	80745742	97.2
"chr2"	208071043	208071044	95.9
"chr18"	6311161	6311162	92.6
"chr15"	19946519	19946520	66.4
"chr1"	176904140	176904141	59.2
"chr1"	106891809	106891810	6.4
"chrX"	28709696	28709697	54.8
"chrY"	10037267	10037268	64
"chr3"	33009049	33009050	95.6
"chr6"	75207902	75207903	3.8
"chr3"	153362482	153362483	93.5
"chr10"	78923116	78923117	29.5
"chr13"	50632394	50632395	31.4
"chr17"	68082521	68082522	84.9
"chr17"	37203047	37203048	96.7
"chr19"	34839959	34839960	13.7
"chrX"	120025333	120025334	96.1
"chr21"	39518491	39518492	3.1
"chr15"	64188908	64188909	96.2
"chr20"	33485353	33485354	96.3
"chr2"	124882082	124882083	38.4
"chr8"	41530998	41530999	95.6
"chr6"	53891703	53891704	92
"chr12"	68020714	68020715	35.3
"chr3"	123115376	123115377	96.1
"chr3"	175463669	175463670	68.4
"chr12"	89523434	89523435	96.3
"chr3"	163700831	163700832	36.7
"chr9"	91915477	91915478	94.5
"chr4"	40945842	40945843	96
"chr9"	18064313	18064314	4.3
"chr4"	73991233	73991234	42.4
"chr5"	159659059	159659060	95.4
"chr18"	3497755	3497756	96.5
"chr1"	3280297	3280298	49.2
"chr1"	3392797	3392798	61.9
"chr17"	67829410	67829411	3.5
"chr3"	113428327	113428328	38.6
"chr2"	98323266	98323267	56.2
"chr7"	117869732	117869733	87.2
"chr9"	26213758	26213759	26.9
"chr12"	130662427	130662428	50
"chr15"	82734632	82734633	95.9
"chr9"	137660058	137660059	97.1
"chr8"	45639003	45639004	69
"chr17"	81068078	81068079	96.6
"chr19"	51617185	51617186	95.3
"chr16"	68016521	68016522	92.2
"chrX"	102044696	102044697	78.1
"chr1"	86246472	86246473	96.9
"chr12"	81852537	81852538	93.3
"chr7"	27819108	27819109	97.1
"chr8"	65840870	65840871	2.9
"chr2"	38777810	38777811	95.1
"chr12"	51941071	51941072	60.7
"chr1"	149815434	149815435	90
"chr1"	159900535	159900536	71.4
"chr13"	37656879	37656880	2
"chr17"	48037500	48037501	4.1
"chr17"	39221299	39221300	47.2
"chr22"	17143467	17143468	72.7
"chr1"	151083900	151083901	95.9
"chr7"	68212244	68212245	94.6
"chr5"	171380176	171380177	96.2
"chr2"	148052939	148052940	96.9
"chr1"	94247488	94247489	2.8
"chr4"	79662727	79662728	93.7
"chr15"	56638139	56638140	95.8
"chr15"	18932163	18932164	64.6
"chr1"	80160049	80160050	85.1
"chr11"	1445770	1445771	95.8
"chr1"	245223639	245223640	92.9
"chr7"	55898588	55898589	55.2
"chr5"	25297663	25297664	2.8
"chr11"	44956977	44956978	26.9
"chr16"	89835620	89835621	93.6
"chr16"	14393931	14393932	96
"chr7"	101482887	101482888	95.7
"chr8"	105319458	105319459	3.9
"chr11"	50402767	50402768	37.7
"chr8"	115336673	115336674	83.4
"chr5"	179700040	179700041	24.3
"chr6"	11417332	11417333	91.2
"chrX"	73999126	73999127	96.8
"chr12"	13309806	13309807	94
"chr5"	33137540	33137541	68.7
"chr22"	29030313	29030314	3.1
"chr18"	20993346	20993347	95.1
"chr17"	65704850	65704851	84.6
"chr2"	4094623	4094624	52.1
"chr5"	142558704	142558705	96.3
"chr3"	111625334	111625335	93.2
"chr7"	78809394	78809395	91.4
"chr12"	56460481	56460482	9.1
"chr9"	15562244	15562245	95.9
"chr3"	139284795	139284796	92.3
"chr7"	1662817	1662818	13.9
"chr20"	40924362	40924363	96.5
"chr3"	52686479	52686480	6.6
"chr2"	132693551	132693552	95.8
"chr7"	21555571	21555572	65.7
"chr15"	41325575	41325576	96.5
"chr1"	156141185	156141186	96.5
"chr2"	232423983	232423984	88.1
"chr3"	130712393	130712394	95.9
"chrX"	30876825	30876826	96.3
"chr4"	35339959	35339960	90.1
"chr16"	81828065	81828066	7.4
"chrX"	102829924	102829925	95.5
"chr4"	147114676	147114677	7.3
"chr8"	12134011	12134012	92.3
"chr1"	27171772	27171773	96.5
"chr16"	33112591	33112592	83.7
"chr16"	80668846	80668847	43.8
"chr5"	68815685	68815686	96
"chr2"	128143309	128143310	97
"chr6"	57925454	57925455	96.5
"chrX"	39930214	39930215	37.7
"chr4"	163166507	163166508	3.5
"chr16"	55376301	55376302	66.6
"chr16"	53681135	53681136	96.8
"chr6"	98344421	98344422	48.9
"chr3"	36319371	36319372	85.7
"chr11"	131820256	131820257	96
"chr7"	35389483	35389484	63
"chr2"	228507181	228507182	91.5
"chr1"	105524033	105524034	71.8
"chr9"	127504763	127504764	94.8
"chr9"	131125897	131125898	3.1
"chr16"	15687651	15687652	88.8
"chr6"	692561	692562	2.7
"chr13"	85560010	85560011	61.4
"chr4"	185291611	185291612	96.6
"chr1"	194840115	194840116	33.4
"chr1"	38198809	38198810	95.5
"chr1"	109346700	109346701	95.6
"chr1"	243850943	243850944	3.4
"chr8"	88745432	88745433	96.4
"chr3"	84998738	84998739	12.5
"chr12"	39040077	39040078	55.3
"chr2"	61763028	61763029	68.2
"chr6"	88109907	88109908	7.8
"chr4"	82552241	82552242	39.8
"chr13"	72294737	72294738	35.5
"chr11"	108685287	108685288	96.5
"chr13"	106348983	106348984	4.7
"chr3"	10327932	10327933	46.2
"chr4"	76646072	76646073	96.4
"chr5"	83563127	83563128	94.9
"chr14"	95174280	95174281	80.5
"chr14"	28711838	28711839	95.5
"chr4"	96080715	96080716	91.9
"chr15"	93724862	93724863	96.8
"chrX"	91231596	91231597	38.9
"chr20"	63538289	63538290	4.2
"chr17"	66328728	66328729	70.2
"chr11"	24764557	24764558	89.9
"chr17"	67968967	67968968	97
"chr15"	101020978	101020979	96.6
"chr11"	60887064	60887065	96.6
"chr1"	117696787	117696788	19.5
"chr7"	73624327	73624328	2.7
"chr17"	82350277	82350278	27.5
"chr13"	20727125	20727126	97
"chr8"	91637802	91637803	8.1
"chr3"	37491666	37491667	82.4
"chr10"	72036571	72036572	95.8
"chr5"	6727477	6727478	94.8
"chr20"	24114878	24114879	53.9
"chr7"	1856499	1856500	95.2
"chr7"	2385559	2385560	96.1
"chr11"	72751689	72751690	3.2
"chr9"	108570603	108570604	27.9
"chr12"	98402943	98402944	96.8
"chr1"	221976306	221976307	96.3
"chr7"	100789286	100789287	62
"chr6"	44173726	44173727	7
"chr12"	131282853	131282854	94.7
"chr2"	80438902	80438903	17.6
"chr14"	41317653	41317654	36.6
"chr17"	44252606	44252607	3.5
"chr2"	111164373	111164374	93.8
"chr1"	110311960	110311961	94.8
"chr4"	50067728	50067729	51
"chr11"	131680023	131680024	76.2
"chr1"	116593783	116593784	64
"chr22"	34563742	34563743	81
"chr14"	36563257	36563258	65.3
"chr12"	116518545	116518546	75.6
"chr7"	20237281	20237282	96.5
"chr12"	49588679	49588680	95.7
"chr15"	80943325	80943326	96.1
"chr20"	44606064	44606065	94.6
"chr17"	68220867	68220868	96.5
"chr13"	50475423	50475424	96.5
"chr10"	69793770	69793771	86
"chr11"	48077569	48077570	95.8
"chr2"	236652296	236652297	33.9
"chr14"	22465480	22465481	56.3
"chr7"	105600869	105600870	96.5
"chr8"	17061576	17061577	73.3
"chr18"	73456081	73456082	2.8
"chr20"	43437203	43437204	72.3
"chr7"	98210605	98210606	24
"chr4"	159729346	159729347	16.4
"chr2"	24361653	24361654	95.3
"chr1"	65134165	65134166	96.8
"chr16"	36581471	36581472	48
"chr11"	72638081	72638082	94.5
"chr11"	133925489	133925490	46.8
"chr11"	33773898	33773899	3.7
"chr5"	178280020	178280021	2.7
"chr14"	42362162	42362163	96.3
"chr8"	138153324	138153325	94.1
"chr6"	125625948	125625949	68.7
"chr2"	169091888	169091889	96
"chr13"	59733066	59733067	95.8
"chr18"	60184348	60184349	89.9
"chr12"	3491136	3491137	3.7
"chr12"	13551433	13551434	50.4
"chr16"	19451033	19451034	72
"chr9"	19636533	19636534	49.5
"chr1"	244378577	244378578	96
"chr12"	97024593	97024594	87.2
"chr1"	207144027	207144028	25
"chr22"	17055075	17055076	83.9
"chr15"	101743046	101743047	55.9
"chr1"	108660987	108660988	3.8
"chr3"	58364832	58364833	71.6
"chr4"	67361374	67361375	83.3
"chr3"	58492110	58492111	3.7
"chr13"	24687996	24687997	96.1
"chr16"	10804988	10804989	95.4
"chr7"	29403636	29403637	63
"chr6"	3313502	3313503	57.4
"chr20"	48813264	48813265	96.6
"chr22"	24547138	24547139	97.1
"chr11"	79334975	79334976	85.6
"chr2"	15677070	15677071	63.6
"chr15"	69140547	69140548	96.1
"chr11"	34745062	34745063	91.7
"chr11"	111107106	111107107	97.2
"chr1"	222332557	222332558	55.5
"chr19"	46777093	46777094	95.8
"chr14"	92366834	92366835	55.2
"chr1"	210565954	210565955	6.3
"chr3"	157342120	157342121	3.9
"chr13"	80858350	80858351	56.3
"chr19"	16630197	16630198	95.5
"chr20"	52551123	52551124	94.2
"chr2"	8437314	8437315	97
"chr5"	45011766	45011767	32.5
"chr2"	147428856	147428857	5
"chr12"	105107756	105107757	4.2
"chr3"	72828715	72828716	63.2
"chrX"	19456673	19456674	93.9
"chr4"	86805920	86805921	52.5
"chr6"	23105952	23105953	96.5
"chr13"	103693962	103693963	16.8
"chr2"	83348767	83348768	55.8
"chr18"	57669361	57669362	88.4
"chr10"	71863081	71863082	88.1
"chr4"	4862853	4862854	54.5
"chr1"	215214749	215214750	49.4
"chrX"	111611371	111611372	13.6
"chr19"	45309786	45309787	84
"chr11"	27995072	27995073	91.5
"chr15"	74806247	74806248	93.6
"chr12"	122992010	122992011	86
"chr14"	94708994	94708995	72.5
"chr3"	25713740	25713741	86.2
"chr19"	45604707	45604708	96.3
"chr3"	20200521	20200522	80.2
"chr3"	175209329	175209330	93.6
"chr16"	69608081	69608082	94
"chr3"	166610004	166610005	10.4
"chr8"	112729386	112729387	3.9
"chr16"	15753423	15753424	96
"chr11"	106460904	106460905	43.1
"chr5"	73085644	73085645	96.3
"chr6"	137983896	137983897	95.6
"chrX"	111460373	111460374	81.9
"chr7"	62917253	62917254	71
"chrY"	6291857	6291858	96.2
"chr9"	137189323	137189324	3.1
"chr22"	38847964	38847965	4.4
"chr18"	17694683	17694684	53.3
"chr5"	6541723	6541724	61.6
"chr7"	73063818	73063819	96.2
"chr12"	49430945	49430946	83.2
"chr11"	78543749	78543750	93.5
"chr4"	144554499	144554500	93.5
"chr9"	122928187	122928188	96.9
"chr18"	76084169	76084170	41.2
"chr11"	116514320	116514321	94.8
"chr6"	41172289	41172290	37.2
"chr19"	47100992	47100993	96.7
"chr4"	185596636	185596637	91.9
"chr13"	20426368	20426369	95.6
"chr1"	47416260	47416261	33.6
"chr11"	16577415	16577416	28.5
"chr1"	10672972	10672973	96.5
"chr19"	22853832	22853833	81.9
"chr6"	138019956	138019957	74.3
"chr1"	25241675	25241676	96.2
"chr13"	47475111	47475112	82
"chr11"	8312620	8312621	76.9
"chrX"	2474053	2474054	93.7
"chr21"	24523688	24523689	30.9
"chr1"	235094882	235094883	97
"chr3"	27557210	27557211	60.4
"chr6"	141514329	141514330	4.2
"chr21"	41367100	41367101	85.3
"chr20"	63801853	63801854	95.9
"chr17"	6350005	6350006	95
"chr12"	116185914	116185915	97.3
"chr16"	2839845	2839846	65.1
"chr21"	19452927	19452928	68
"chr20"	50685372	50685373	84.1
"chr2"	203008038	203008039	96.9
"chr6"	169048747	169048748	95.5
"chr2"	240166334	240166335	50.9
"chr6"	133471027	133471028	70.8
"chr21"	21270692	21270693	6.1
"chr16"	81426919	81426920	96.1
"chr10"	42145695	42145696	90.2
"chr6"	156755193	156755194	2.4
"chr6"	4190630	4190631	96.8
"chr3"	154907624	154907625	35.6
"chrY"	17985372	17985373	96.2
"chr16"	86528886	86528887	93.4
"chr2"	32990266	32990267	92.2
"chr16"	89057108	89057109	97
"chrY"	20570722	20570723	97.3
"chr15"	74426188	74426189	74.9
"chr2"	154732733	154732734	39.4
"chr15"	32125703	32125704	93.4
"chr10"	81227418	81227419	79
"chr1"	53006278	53006279	20.1
"chr8"	81169262	81169263	95.3
"chr5"	173243109	173243110	3
"chrX"	144294380	144294381	95.9
"chr1"	46084936	46084937	81.4
"chr7"	74354568	74354569	96.1
"chr9"	95078258	95078259	95.6
"chr10"	102237867	102237868	3.5
"chr20"	51633228	51633229	4.1
"chr18"	23312235	23312236	95.7
"chr14"	81045421	81045422	44.7
"chr12"	6240826	6240827	95.7
"chr11"	120315996	120315997	80.7
"chrX"	148855933	148855934	67.5
"chr1"	3125486	3125487	94.9
"chr9"	92649979	92649980	96.9
"chr10"	16463475	16463476	96.7
"chr4"	160540577	160540578	46.1
"chr8"	104223377	104223378	2.6
"chr6"	59546775	59546776	95.5
"chrX"	9896285	9896286	68.9
"chr2"	111526348	111526349	76.5
"chr18"	62074347	62074348	95.6
"chr2"	119161195	119161196	3.1
"chr6"	12996892	12996893	95.8
"chrX"	120488849	120488850	96.2
"chr9"	121067519	121067520	97.2
"chr2"	60918464	60918465	96.7
"chr16"	27056200	27056201	3.2
"chr11"	32594157	32594158	48.6
"chr16"	49746232	49746233	51.7
"chr13"	46968505	46968506	9.9
"chr4"	11221136	11221137	73.8
"chr1"	16167410	16167411	84.9
"chr9"	62376500	62376501	3.4
"chr7"	82515992	82515993	82.3
"chr8"	144373794	144373795	3.6
"chr12"	6957310	6957311	95.1
"chr16"	75042949	75042950	4.3
"chr6"	158666900	158666901	94.2
"chr22"	17315890	17315891	94.1
"chr5"	165454613	165454614	75.9
"chr16"	68949476	68949477	96
"chr2"	190792992	190792993	67.5
"chr20"	18031532	18031533	63.4
"chr16"	87691739	87691740	82.2
"chr21"	32584187	32584188	76.5
"chr1"	155642329	155642330	92.5
"chr12"	28004625	28004626	87.1
"chr10"	32898575	32898576	96.5
"chr7"	6243703	6243704	12.4
"chr11"	24025052	24025053	3.3
"chr7"	51899843	51899844	78.4
"chr22"	45070865	45070866	56.2
"chr5"	115047463	115047464	72.3
"chr14"	34873858	34873859	3.9
"chr16"	7282902	7282903	36.1
"chr2"	188915760	188915761	94.5
"chrX"	147653836	147653837	96
"chr4"	190069451	190069452	73.1
"chr2"	79874242	79874243	60.4
"chr11"	49768565	49768566	37.1
"chr5"	103984373	103984374	19.1
"chr2"	120004164	120004165	95.9
"chr15"	38102586	38102587	97.3
"chr8"	69938422	69938423	95.2
"chr22"	39656098	39656099	7.6
"chr21"	35659944	35659945	94.9
"chr17"	58775914	58775915	96.3
"chr2"	131442812	131442813	51.6
"chr3"	109647908	109647909	85.3
"chr13"	45962341	45962342	95.7
"chr9"	2622269	2622270	2.8
"chr16"	13589171	13589172	52.8
"chr7"	23266033	23266034	94.6
"chr16"	46571765	46571766	68.1
"chr19"	18162711	18162712	96.3
"chr3"	175833822	175833823	75.3
"chr4"	41883173	41883174	96.6
"chr8"	116957987	116957988	62.4
"chrY"	11103473	11103474	91.6
"chr1"	83259378	83259379	10.7
"chr19"	22010718	22010719	4
"chr2"	160991612	160991613	4.9
"chr7"	138718629	138718630	2.9
"chr2"	92019331	92019332	79.2
"chr13"	30145314	30145315	79.7
"chr7"	114328550	114328551	95
"chr7"	40974925	40974926	4.7
"chr13"	94322150	94322151	27.1
"chr6"	125223473	125223474	24.1
"chr1"	219926427	219926428	96.3
"chr12"	12832613	12832614	97.1
"chrX"	135344090	135344091	4.3
"chrX"	38521868	38521869	92.2
"chr1"	44605095	44605096	86
"chr1"	45115183	45115184	88.2
"chr4"	174265390	174265391	96.6
"chr19"	6860111	6860112	95.7
"chr5"	124951386	124951387	96.1
"chr6"	89696205	89696206	96.4
"chr18"	8935445	8935446	96
"chr1"	122566477	122566478	65
"chr5"	179274722	179274723	46.4
"chr12"	115077290	115077291	4.4
"chr2"	206443655	206443656	4
"chr14"	43924658	43924659	96.7
"chr21"	32611854	32611855	3.5
"chr19"	29578719	29578720	41.6
"chr5"	131974120	131974121	17.1
"chr20"	49562520	49562521	94
"chr5"	132684655	132684656	92.7
"chrX"	109074507	109074508	83.9
"chr18"	48020510	48020511	6
"chr4"	189788795	189788796	58.7
"chr4"	39700707	39700708	19.8
"chr5"	3329848	3329849	60.6
"chrX"	7107087	7107088	90.2
"chr2"	241673597	241673598	96.1
"chr3"	172321621	172321622	95
"chr1"	226565197	226565198	90.5
"chrX"	112434475	112434476	94.7
"chr1"	27814780	27814781	80.4
"chr7"	111097439	111097440	77.9
"chr10"	18361629	18361630	91.9
"chr4"	56848944	56848945	85.7
"chr16"	56635379	56635380	3.5
"chr18"	17351019	17351020	82.8
"chr10"	12762916	12762917	95.6
"chr1"	158314476	158314477	97
"chr4"	188635686	188635687	15.9
"chr8"	15930797	15930798	46.7
"chr20"	32667555	32667556	95.6
"chr3"	191748872	191748873	82.3
"chr22"	43256835	43256836	95.7
"chr1"	16896396	16896397	3.2
"chr4"	184453689	184453690	3.5
"chr20"	16635690	16635691	92.5
"chr12"	1908229	1908230	8.6
"chr11"	119204225	119204226	96.1
"chrX"	154457370	154457371	96.3
"chr5"	158425945	158425946	91.5
"chr5"	74178066	74178067	15.4
"chr8"	35257757	35257758	78.9
"chr7"	145201054	145201055	51.3
"chr4"	139807669	139807670	65.2
"chr1"	116418610	116418611	2.9
"chr10"	81035725	81035726	69.3
"chr4"	32578447	32578448	7.4
"chr3"	186837338	186837339	94.5
"chr9"	2235682	2235683	95.4
"chr8"	100290593	100290594	96.3
"chr19"	46022966	46022967	3.6
"chr9"	135383348	135383349	69.6
"chr17"	80309661	80309662	96.2
"chr2"	45984591	45984592	95.2
"chr14"	101343116	101343117	28.9
"chr3"	18668955	18668956	92.9
"chr10"	118816198	118816199	60.4
"chr2"	185095654	185095655	29.4
"chrX"	14108086	14108087	96.3
"chr9"	136827361	136827362	95.2
"chr9"	4448246	4448247	95.8
"chr8"	144257476	144257477	94.7
"chr13"	69195228	69195229	23.4
"chrX"	129978743	129978744	74.3
"chr8"	302944	302945	58.4
"chrX"	29594073	29594074	95.5
"chr18"	42097805	42097806	49.9
"chr18"	37395093	37395094	73.7
"chr8"	73715369	73715370	96.5
"chr9"	105100702	105100703	94.4
"chr12"	37134764	37134765	82.2
"chr9"	70259181	70259182	2.6
"chr10"	130560818	130560819	52.6
"chr17"	7337071	7337072	4.9
"chr17"	42567088	42567089	3.3
"chr9"	4299220	4299221	3.7
"chr12"	43153882	43153883	89.2
"chr4"	16394237	16394238	87.5
"chr8"	138715396	138715397	93.1
"chr9"	86637165	86637166	28.1
"chr1"	157045788	157045789	4
"chrX"	150780696	150780697	94.5
"chr2"	183010312	183010313	44.8
"chr8"	42940056	42940057	95.8
"chr6"	14406655	14406656	70.1
"chr1"	153901422	153901423	97.2
"chr3"	9840034	9840035	95.8
"chr12"	121963443	121963444	95.3
"chr17"	73867240	73867241	51
"chr5"	41547159	41547160	6.9
"chr6"	57222258	57222259	3.7
"chr20"	48271889	48271890	93
"chr15"	74595107	74595108	96.2
"chr17"	75289677	75289678	3.5
"chr3"	81297305	81297306	49.7
"chr5"	18152781	18152782	94.1
"chr15"	25570380	25570381	4.9
"chr7"	2213930	2213931	91.5
"chr1"	90382100	90382101	72
"chr5"	176184673	176184674	60.9
"chr10"	78543327	78543328	73.5
"chr10"	40064451	40064452	90
"chr5"	176977410	176977411	96.1
"chr7"	112298425	112298426	97.3
"chr15"	82737827	82737828	96.9
"chr9"	137931119	137931120	91.2
"chr6"	10571757	10571758	51.1
"chr20"	1193051	1193052	18
"chr7"	151858222	151858223	18.8
"chr17"	18924107	18924108	95.4
"chr7"	118335147	118335148	95.1
"chr7"	62352872	62352873	88.3
"chr11"	66706186	66706187	96.7
"chr14"	63351068	63351069	90.1
"chr17"	4501467	4501468	2.8
"chr4"	55249721	55249722	20.5
"chr3"	148110750	148110751	88.2
"chr3"	168222482	168222483	64.2
"chr18"	79895870	79895871	91.3
"chr9"	68896891	68896892	95.5
"chr2"	11723373	11723374	86.7
"chr9"	137374228	137374229	84.1
"chr10"	80599620	80599621	3.2
"chr17"	30477921	30477922	3.4
"chr4"	99367258	99367259	96.4
"chr6"	14761801	14761802	70.5
"chr10"	13292697	13292698	96.7
"chr1"	235269399	235269400	27.1
"chr12"	47775273	47775274	5.2
"chr22"	48838936	48838937	37
"chr6"	27312767	27312768	2.5
"chr7"	146558859	146558860	48.7
"chrX"	1336883	1336884	4.1
"chr7"	51330781	51330782	90
"chr12"	123494146	123494147	97.2
"chr3"	97379177	97379178	30.2
"chr2"	12939934	12939935	4
"chr7"	99953200	99953201	90.7
"chr19"	45789791	45789792	86.9
"chr18"	15574735	15574736	20
"chr10"	70521183	70521184	94.5
"chr10"	71723854	71723855	43.9
"chr8"	59420845	59420846	93.8
"chr3"	57193204	57193205	95.6
"chr17"	42639534	42639535	5.2
"chr13"	92818260	92818261	94.1
"chr7"	105720108	105720109	93.8
"chrY"	11712444	11712445	93.7
"chr21"	31659804	31659805	3.3
"chr8"	37349142	37349143	96.6
"chr3"	190445547	190445548	95.4
"chr14"	35392668	35392669	93.7
"chr4"	926453	926454	96.4
"chr6"	160065321	160065322	95.7
"chr7"	23755590	23755591	40.9
"chr4"	77783588	77783589	95.7
"chr13"	20682655	20682656	94.8
"chr11"	76485348	76485349	94.1
"chr12"	112576080	112576081	88.1
"chrX"	47632032	47632033	97
"chr10"	23909434	23909435	5.2
"chrX"	19913233	19913234	95.8
"chr8"	37412100	37412101	93.4
"chr1"	230180160	230180161	96.6
"chr3"	97417760	97417761	90.1
"chr8"	43930175	43930176	73.1
"chr19"	7926028	7926029	3.7
"chr6"	127229875	127229876	92.7
"chrY"	20432367	20432368	94.3
"chr21"	31644482	31644483	95.8
"chr3"	6247743	6247744	96.2
"chr19"	39480714	39480715	4
"chr12"	43918470	43918471	95.7
"chr18"	46435055	46435056	96.4
"chr19"	33132559	33132560	96.3
"chr1"	146034722	146034723	80.6
"chrX"	84385454	84385455	96.3
"chr9"	113221774	113221775	4.2
"chr3"	3614181	3614182	86.9
"chr6"	157813224	157813225	95.4
"chr8"	100287309	100287310	96.3
"chr7"	150878494	150878495	94.5
"chr12"	116451172	116451173	94.3
"chr15"	41277553	41277554	96.6
"chr12"	116506515	116506516	3.1
"chr18"	46304704	46304705	27.5
"chr4"	69654675	69654676	4.2
"chrX"	40930899	40930900	96
"chr10"	78100457	78100458	74.1
"chr8"	142934142	142934143	62.6
"chr3"	194531393	194531394	97
"chr14"	18645484	18645485	92.1
"chr11"	39958634	39958635	76.5
"chr20"	57870075	57870076	88.5
"chr7"	104328564	104328565	3.2
"chr5"	177037832	177037833	62.2
"chr2"	177264960	177264961	3.3
"chr4"	71375169	71375170	55
"chr2"	138501762	138501763	4
"chr6"	19992391	19992392	66.2
"chr17"	4901581	4901582	43.2
"chr10"	80223750	80223751	92.3
"chr2"	38945913	38945914	85.4
"chr15"	20175642	20175643	21
"chr8"	43269909	43269910	54.9
"chr1"	35031220	35031221	39.1
"chr22"	41358583	41358584	96.1
"chr11"	123047739	123047740	69.5
"chr11"	79307366	79307367	94.8
"chrY"	25884158	25884159	6.4
"chr2"	69306799	69306800	3.5
"chr17"	8436093	8436094	3.3
"chr6"	30803505	30803506	95.1
"chr1"	52142418	52142419	3.7
"chr1"	186675037	186675038	83.7
"chr10"	69167856	69167857	96
"chr1"	242681197	242681198	4.2
"chr9"	38563014	38563015	26.7
"chr7"	63959300	63959301	6.7
"chr18"	31295281	31295282	16.4
"chr1"	68773734	68773735	31.3
"chr14"	103315104	103315105	96.1
"chr19"	53209825	53209826	95.6
"chr13"	28270822	28270823	95.9
"chr2"	71840967	71840968	31.1
"chr7"	90472528	90472529	93.7
"chr4"	17728543	17728544	91.8
"chrX"	61111286	61111287	91
"chr11"	27779143	27779144	89.1
"chr16"	85036770	85036771	77.2
"chr13"	63208968	63208969	46.4
"chrX"	23101354	23101355	3.1
"chr17"	36886204	36886205	96.8
"chr1"	234608871	234608872	3.6
"chr1"	112907523	112907524	96.5
"chr9"	133450679	133450680	96.3
"chr6"	12332939	12332940	96.6
"chrX"	70792818	70792819	94.1
"chr5"	61278921	61278922	96.1
"chr3"	54035150	54035151	81.9
"chr8"	63582428	63582429	50.8
"chr17"	18394077	18394078	44.4
"chr12"	32451689	32451690	96.2
"chr17"	53013519	53013520	94.5
"chr18"	70304933	70304934	96.4
"chr5"	16971438	16971439	96.7
"chr11"	46391905	46391906	3.1
"chr6"	97222419	97222420	96.4
"chr19"	34289591	34289592	97.1
"chr7"	128671575	128671576	95.6
"chr2"	215208266	215208267	95.1
"chr4"	32267294	32267295	58.8
"chr1"	71855112	71855113	30.4
"chr2"	33422797	33422798	95.2
"chr2"	108773937	108773938	97
"chr4"	147989098	147989099	95.8
"chr3"	69486424	69486425	81.1
"chr3"	32817467	32817468	3.4
"chr6"	66145916	66145917	94.4
"chr12"	112861353	112861354	89.2
"chr5"	133099285	133099286	96.8
"chr20"	43961767	43961768	87.4
"chr1"	31714828	31714829	3.7
"chr5"	149122392	149122393	81.4
"chr17"	17867076	17867077	94.5
"chr2"	238380230	238380231	94.7
"chr19"	35557867	35557868	3.2
"chr9"	6387439	6387440	72.6
"chr11"	32380956	32380957	77.7
"chr1"	77992343	77992344	97
"chr16"	89060444	89060445	3.7
"chr10"	48642317	48642318	94
"chr12"	107586907	107586908	38.2
"chr3"	123990905	123990906	90.7
"chr1"	240718405	240718406	86.4
"chr10"	70675139	70675140	96.2
"chr19"	36141055	36141056	4.1
"chr4"	129965447	129965448	44.9
"chr13"	37870272	37870273	14.8
"chr11"	72362920	72362921	96.8
"chr20"	63316303	63316304	77
"chr17"	5627797	5627798	89
"chr5"	33936063	33936064	3
"chr8"	37667344	37667345	96.9
"chr17"	21969379	21969380	61.4
"chr20"	53032249	53032250	92
"chr12"	62904808	62904809	49.4
"chr11"	20895257	20895258	97.2
"chr13"	43765752	43765753	50.2
"chr15"	41386896	41386897	96.7
"chr7"	45624847	45624848	61.1
"chr18"	77028600	77028601	93.3
"chrX"	112662158	112662159	82.5
"chr11"	66466996	66466997	2.5
"chr17"	43639138	43639139	87.3
"chr10"	11763477	11763478	94.2
"chr8"	8591311	8591312	84.8
"chr3"	51685833	51685834	96.2
"chr1"	247842476	247842477	80.1
"chr2"	148549519	148549520	95.9
"chr13"	57157958	57157959	92.7
"chr1"	165600162	165600163	96.6
"chr15"	33886332	33886333	96.9
"chr17"	59324687	59324688	95.4
"chr17"	19237573	19237574	3.6
"chr15"	99891582	99891583	87
"chr6"	28923361	28923362	3.4
"chr8"	94210134	94210135	80.3
"chr9"	121144919	121144920	97.1
"chr13"	22796377	22796378	38.4
"chr20"	25866380	25866381	10.7
"chr19"	9254346	9254347	96.5
"chr15"	33523786	33523787	88.9
"chr6"	161765206	161765207	26.6
"chr5"	119846328	119846329	9.6
"chr5"	1131127	1131128	22.1
"chr11"	59670699	59670700	95.7
"chr15"	47453342	47453343	93.8
"chr12"	63626838	63626839	93.7
"chr8"	23553599	23553600	94.6
"chr19"	45530646	45530647	96.7
"chr8"	85749821	85749822	4.1
"chr2"	82647996	82647997	4.2
"chr6"	87472981	87472982	2.9
"chr4"	120712113	120712114	30
"chr15"	42755552	42755553	96.5
"chr12"	65488689	65488690	10.5
"chr5"	855863	855864	95.7
"chr7"	47536725	47536726	97
"chr10"	112549066	112549067	88
"chr18"	11259330	11259331	95
"chr9"	26166354	26166355	41.2
"chr1"	174791979	174791980	78.6
"chr2"	31047950	31047951	28.5
"chr17"	81995843	81995844	96.1
"chr8"	85754502	85754503	94.6
"chr1"	16452998	16452999	96.3
"chr1"	201590678	201590679	96
"chr19"	36838309	36838310	2.7
"chr2"	43364375	43364376	93.5
"chr10"	100839101	100839102	87.2
"chr2"	1092493	1092494	4.6
"chr6"	41546266	41546267	3.3
"chr17"	72119114	72119115	4.2
"chrX"	99398776	99398777	2.6
"chr11"	29518241	29518242	82.3
"chr14"	56866720	56866721	95.3
"chr10"	132255986	132255987	90.5
"chr6"	20465357	20465358	97.2
"chr4"	15495825	15495826	44.8
"chr19"	4359680	4359681	96.6
"chr15"	90526593	90526594	92.6
"chr5"	17974375	17974376	91.5
"chr16"	80931199	80931200	96.3
"chr16"	66166750	66166751	61.3
"chr13"	27171442	27171443	2.8
"chr13"	73103091	73103092	94.6
"chr7"	159124347	159124348	52.6
"chr8"	50261408	50261409	62.8
"chr19"	37537613	37537614	76.9
"chr6"	109944343	109944344	85.9
"chr5"	16556973	16556974	95.7
"chr5"	53538855	53538856	5.6
"chr11"	117930325	117930326	84.4
"chr6"	165664082	165664083	3.6
"chr12"	87076655	87076656	38.5
"chr9"	15422530	15422531	3.8
"chr20"	24954246	24954247	12
"chr22"	43733585	43733586	78.6
"chr14"	30963532	30963533	93.3
"chr3"	21458987	21458988	92.4
"chr6"	134173984	134173985	4.7
"chr4"	1044718	1044719	88
"chr15"	72342948	72342949	96.9
"chr7"	100256735	100256736	96.9
"chr8"	61163920	61163921	91.4
"chrX"	71659539	71659540	96.2
"chr13"	89858678	89858679	93.1
"chr7"	47887643	47887644	59.5
"chr8"	143933412	143933413	95.8
"chrX"	130959578	130959579	12.6
"chr5"	103636338	103636339	93.9
"chr6"	64311873	64311874	93.1
"chr1"	43003863	43003864	33.6
"chr15"	99716249	99716250	96.4
"chr8"	12490750	12490751	65.3
"chr4"	3391735	3391736	92.7
"chr5"	91419353	91419354	90.8
"chrX"	70452925	70452926	89
"chr1"	53602423	53602424	58.2
"chr8"	101987464	101987465	85.7
"chr9"	29554191	29554192	70.9
"chr9"	125545174	125545175	97.2
"chr2"	219218084	219218085	2.9
"chr7"	6262874	6262875	96
"chr20"	38218749	38218750	94.8
"chr8"	76216831	76216832	59.5
"chr11"	22338465	22338466	4.5
"chr17"	72285311	72285312	97.6
"chr19"	13078870	13078871	79.1
"chr12"	81004115	81004116	60.5
"chr20"	3075022	3075023	8
"chr7"	2014488	2014489	97.1
"chr6"	89737942	89737943	96.2
"chr18"	11896224	11896225	96.9
"chr12"	26683184	26683185	95.9
"chr9"	124001354	124001355	3.1
"chr20"	31535001	31535002	94.5
"chr4"	189696188	189696189	91.3
"chr15"	69840944	69840945	95.5
"chr5"	87233216	87233217	94
"chr4"	3592152	3592153	95.2
"chr15"	48018193	48018194	94.9
"chr22"	31097404	31097405	96.7
"chr2"	126082526	126082527	3.8
"chr3"	169338352	169338353	93.8
"chr15"	89869724	89869725	70.9
"chr5"	180676464	180676465	80.3
"chr16"	88006420	88006421	95.3
"chrX"	55818883	55818884	97.2
"chr10"	11967138	11967139	96.2
"chr2"	30284441	30284442	96.4
"chr6"	75204467	75204468	4.1
"chr20"	34113352	34113353	94.9
"chr10"	111594870	111594871	59.9
"chr13"	109370235	109370236	89.5
"chr20"	56161062	56161063	21.4
"chr10"	31929096	31929097	5.4
"chr7"	6867873	6867874	71.1
"chr8"	134034167	134034168	2.8
"chr1"	213903860	213903861	63.2
"chr5"	126594670	126594671	48.4
"chr3"	190742880	190742881	46.6
"chr14"	28137453	28137454	82.8
"chr5"	1705463	1705464	53.8
"chr1"	160327813	160327814	96
"chr5"	55354611	55354612	96.2
"chr20"	4333184	4333185	80.4
"chr9"	104504216	104504217	57.3
"chr5"	166887774	166887775	33.6
"chrX"	136057156	136057157	67.8
"chr17"	8481288	8481289	95.7
"chr18"	29920270	29920271	25.4
"chr7"	71811746	71811747	94.8
"chr7"	93523447	93523448	90.9
"chr1"	37004214	37004215	9.7
"chr18"	51897881	51897882	50.7
"chr1"	155189577	155189578	6.8
"chr21"	33886434	33886435	96.4
"chr5"	136901774	136901775	18.2
"chr15"	91997073	91997074	72.6
"chr16"	25775332	25775333	92.7
"chr1"	34794912	34794913	90.1
"chr12"	102401987	102401988	40.3
"chr1"	67617088	67617089	36.7
"chr15"	93398219	93398220	91.2
"chr9"	125480827	125480828	96.1
"chr15"	101614701	101614702	41.7
"chr11"	73376376	73376377	2.6
"chr11"	121270035	121270036	84.2
"chr1"	164797827	164797828	94.8
"chr2"	228647913	228647914	34.4
"chr12"	11606465	11606466	95.8
"chr20"	54162522	54162523	87
"chr11"	71751644	71751645	64.3
"chr3"	98087249	98087250	94.3
"chr19"	15193864	15193865	75.6
"chr12"	105464968	105464969	47.3
"chr7"	130846977	130846978	96.9
"chr20"	49085091	49085092	97
"chr8"	84285942	84285943	80.1
"chr15"	50921077	50921078	95.4
"chr10"	132643869	132643870	91.9
"chr5"	66101479	66101480	96.6
"chrX"	43557366	43557367	39.7
"chr8"	95732292	95732293	92.2
"chr1"	40434046	40434047	93.5
"chr11"	65443877	65443878	5.3
"chr9"	38069004	38069005	3.9
"chr3"	177617013	177617014	95.4
"chr8"	85438381	85438382	3.4
"chr1"	233622188	233622189	83.6
"chr21"	42779094	42779095	84.3
"chr17"	17935753	17935754	39.8
"chr9"	29748923	29748924	10
"chr5"	17656009	17656010	44.1
"chr15"	44173732	44173733	94.1
"chr19"	10479248	10479249	73.3
"chr2"	110799050	110799051	91.3
"chr1"	183580299	183580300	4
"chr11"	130427866	130427867	4
"chr6"	5084602	5084603	5.9
"chr2"	115615430	115615431	96
"chr2"	222624295	222624296	96.3
"chr3"	58926538	58926539	62.3
"chr9"	73164737	73164738	93.4
"chrX"	5171521	5171522	3.6
"chr5"	478332	478333	66.7
"chr14"	28115646	28115647	3.7
"chr6"	28171379	28171380	96.2
"chr13"	111973488	111973489	3.2
"chr4"	75386572	75386573	72
"chr18"	47351534	47351535	61.7
"chr12"	11389690	11389691	38.4
"chr8"	51660048	51660049	94.8
"chrX"	40773323	40773324	96.4
"chr11"	69818973	69818974	5.1
"chrX"	52079899	52079900	94.6
"chr21"	8208821	8208822	47
"chr2"	66459853	66459854	28.2
"chr14"	106365234	106365235	74.8
"chr9"	110144529	110144530	92.6
"chr6"	17335342	17335343	93.5
"chr3"	75734723	75734724	53.4
"chr12"	125085583	125085584	73.8
"chr3"	171769348	171769349	3.8
"chr19"	14467764	14467765	66.6
"chr16"	2903292	2903293	95.4
"chr6"	26571906	26571907	3.4
"chr2"	223414802	223414803	82.7
"chr7"	26535017	26535018	3.1
"chr16"	13434030	13434031	95.3
"chr1"	155271512	155271513	96.7
"chr2"	121763872	121763873	96.7
"chr1"	236739481	236739482	90.6
"chr5"	135783998	135783999	41.9
"chr5"	115076212	115076213	7.3
"chr11"	108562599	108562600	93.9
"chr12"	92158711	92158712	2.8
"chr11"	70660837	70660838	95.6
"chr1"	245604530	245604531	54.8
"chr9"	89366957	89366958	87.9
"chr3"	128857767	128857768	96.6
"chr1"	99504684	99504685	79.6
"chr7"	98750287	98750288	84.7
"chr3"	154825100	154825101	51.3
"chr11"	40602789	40602790	39
"chr20"	19320628	19320629	90.8
"chr2"	153837726	153837727	11.1
"chr15"	90163822	90163823	96.7
"chr17"	79730131	79730132	95.4
"chr21"	13294761	13294762	4.8
"chr9"	106774081	106774082	95.9
"chr17"	20903209	20903210	3.3
"chr2"	36545444	36545445	86.6
"chr18"	8221686	8221687	42.7
"chrX"	150750831	150750832	97.1
"chr2"	72148600	72148601	4.6
"chr12"	19513461	19513462	92.9
"chr4"	139302898	139302899	4.2
"chr16"	84312924	84312925	3.9
"chr4"	70306826	70306827	11.6
"chr9"	103340670	103340671	96.6
"chr5"	75086678	75086679	94.5
"chr19"	42601558	42601559	64.4
"chr10"	77853256	77853257	96.3
"chr17"	33932643	33932644	60
"chr18"	48029866	48029867	97
"chr6"	169751871	169751872	3.3
"chr7"	1442090	1442091	95.8
"chr7"	98892805	98892806	97.4
"chr3"	92460910	92460911	65.8
"chr12"	99003740	99003741	91
"chr1"	244440786	244440787	61.2
"chr12"	5442055	5442056	91.4
"chr1"	181250654	181250655	93.9
"chr8"	57168542	57168543	96.9
"chr6"	150805523	150805524	84
"chr19"	3080017	3080018	77.8
"chr6"	72231808	72231809	92.3
"chr10"	102169360	102169361	20.5
"chr4"	185812418	185812419	61.3
"chr3"	47872383	47872384	95.7
"chr22"	44330884	44330885	6.9
"chr4"	44447959	44447960	36.8
"chr9"	113564929	113564930	49.2
"chr10"	121982734	121982735	95.5
"chr22"	41533608	41533609	69.2
"chr16"	67464244	67464245	46.8
"chr3"	2428566	2428567	64.1
"chr16"	87999616	87999617	96.4
"chr19"	43573620	43573621	94.7
"chr4"	180056946	180056947	91.1
"chr22"	39524092	39524093	96.7
"chr1"	11068780	11068781	96.5
"chr12"	108977711	108977712	79.6
"chr14"	35355652	35355653	95.9
"chr16"	87045513	87045514	40.7
"chr16"	46402054	46402055	90.8
"chr11"	1101619	1101620	48.2
"chr10"	130521322	130521323	87.6
"chr4"	175215809	175215810	41.6
"chr5"	88420525	88420526	78
"chrY"	56677167	56677168	78.8
"chr7"	74118236	74118237	96.3
"chr5"	5571243	5571244	88.4
"chr12"	12841396	12841397	96.4
"chr7"	73927971	73927972	94
"chr16"	85466305	85466306	72.2
"chr17"	53690505	53690506	49.3
"chr8"	23415670	23415671	77.2
"chr2"	181452469	181452470	97.4
"chr8"	142555485	142555486	80.4
"chr1"	109288371	109288372	92
"chr7"	50061465	50061466	73.3
"chr5"	20755816	20755817	23
"chr17"	76516221	76516222	95.6
"chr5"	7793503	7793504	76
"chr10"	22686915	22686916	96.1
"chr5"	39619318	39619319	24.5
"chr19"	20360379	20360380	69.5
"chr10"	22864587	22864588	57
"chr3"	192315257	192315258	75.8
"chr2"	99199682	99199683	96.5
"chr11"	41893886	41893887	79.7
"chrX"	31768161	31768162	44.4
"chr6"	130452601	130452602	93.6
"chr12"	56774069	56774070	96.2
"chr20"	63517822	63517823	47.8
"chr1"	223846064	223846065	3.7
"chr2"	88160489	88160490	94.2
"chr9"	127425163	127425164	3.5
"chr1"	202811299	202811300	3.6
"chr8"	89892816	89892817	97.4
"chr2"	228000509	228000510	48.8
"chr10"	131770299	131770300	6.1
"chr6"	72459143	72459144	86.3
"chr7"	26521338	26521339	94.3
"chr6"	50094855	50094856	93.3
"chr10"	43409232	43409233	3.1
"chr2"	68527072	68527073	58.4
"chr22"	21476131	21476132	95.8
"chr5"	154106890	154106891	60.3
"chr11"	36377332	36377333	4.9
"chr4"	128775690	128775691	50.8
"chr4"	101380165	101380166	93.3
"chr5"	65959908	65959909	86.5
"chr12"	87066418	87066419	42.6
"chr15"	82948262	82948263	95.6
"chrX"	57059132	57059133	96.9
"chr9"	94880144	94880145	95.1
"chr18"	78432818	78432819	75.9
"chr2"	131218875	131218876	73.7
"chr17"	78057586	78057587	78.3
"chr2"	66642917	66642918	67.8
"chr1"	216957499	216957500	53.2
"chr8"	132421697	132421698	93.7
"chr8"	43289299	43289300	67.7
"chr12"	132178904	132178905	35.6
"chr5"	90359587	90359588	14.2
"chr4"	67836832	67836833	94.5
"chr5"	38189269	38189270	52.1
"chr17"	54109738	54109739	69
"chr4"	81657019	81657020	38.4
"chrX"	127770185	127770186	61.6
"chr7"	27251958	27251959	3.1
"chr8"	92550841	92550842	72.3
"chr3"	104227338	104227339	51.4
"chr7"	29021393	29021394	11.1
"chr11"	8761955	8761956	67.5
"chr10"	69572471	69572472	3.3
"chr9"	121881439	121881440	95.5
"chr3"	178714106	178714107	4.8
"chrX"	92701895	92701896	86.4
"chr2"	231049132	231049133	64
"chr12"	132474954	132474955	53.3
"chr22"	18160032	18160033	97.1
"chr11"	15686417	15686418	69.8
"chr14"	77683355	77683356	97.4
"chr14"	94234568	94234569	94.2
"chr20"	45971864	45971865	2.9
"chr2"	132259418	132259419	61.2
"chr7"	133620315	133620316	94.3
"chr7"	145193539	145193540	95.8
"chr20"	35770523	35770524	95.9
"chr18"	11972079	11972080	53.8
"chr3"	4891327	4891328	86.3
"chr19"	4654239	4654240	96.1
"chr20"	16548009	16548010	86.4
"chr6"	37197878	37197879	5.1
"chr18"	69979528	69979529	92.6
"chr3"	13294063	13294064	87.5
"chr5"	170419632	170419633	80.3
"chr13"	110360525	110360526	4.5
"chr8"	143751597	143751598	50.2
"chr1"	60079683	60079684	19.2
"chr21"	44433891	44433892	96.8
"chr12"	74753279	74753280	6.6
"chr5"	45064150	45064151	38.2
"chr2"	160644139	160644140	69
"chr12"	34316787	34316788	75.3
"chr2"	47446199	47446200	96.6
"chr20"	17876134	17876135	81.7
"chr20"	19809694	19809695	92
"chr4"	22979916	22979917	23.6
"chr1"	169072563	169072564	48.1
"chr2"	117123150	117123151	80.1
"chr2"	96638429	96638430	3.1
"chr17"	2338238	2338239	4.4
"chr6"	134187104	134187105	95.4
"chr13"	104282939	104282940	84.3
"chr17"	23097538	23097539	9.5
"chr11"	61996744	61996745	94.1
"chr12"	57192551	57192552	13.4
"chr17"	67254901	67254902	96.4
"chr17"	25893146	25893147	4
"chr15"	65451423	65451424	95.9
"chr17"	1187873	1187874	52.2
"chr3"	113274552	113274553	77.9
"chr12"	121234159	121234160	96.8
"chr5"	108431813	108431814	53.7
"chr5"	82471814	82471815	93.3
"chr1"	144959956	144959957	96.9
"chr1"	14551287	14551288	40.1
"chr10"	5533681	5533682	96.2
"chr15"	22741707	22741708	96.4
"chr1"	228403684	228403685	97.4
"chr18"	47592120	47592121	94.6
"chr18"	80153071	80153072	96
"chr3"	59809849	59809850	35.1
"chr12"	125115017	125115018	96.3
"chr5"	113818167	113818168	3.3
"chr10"	1478708	1478709	43
"chr1"	245324922	245324923	46.2
"chr15"	77861454	77861455	95.4
"chr1"	165360146	165360147	93.7
"chr19"	43802490	43802491	2.6
"chr7"	99060114	99060115	95.9
"chr15"	27797360	27797361	82.8
"chr19"	20880206	20880207	11.4
"chr9"	126612809	126612810	4.1
"chr18"	76562154	76562155	83.6
"chr3"	13153246	13153247	84.5
"chrX"	25449371	25449372	41.5
"chr3"	187042065	187042066	3.5
"chr1"	43991512	43991513	3.7
"chrX"	48835681	48835682	3.6
"chr8"	136299533	136299534	11
"chr20"	58929076	58929077	83.4
"chr1"	81863756	81863757	12.7
"chr17"	43940069	43940070	94.2
"chr17"	8496234	8496235	95.7
"chr2"	53749613	53749614	64.9
"chr10"	26216335	26216336	3.5
"chr4"	681326	681327	3.3
"chr8"	136732898	136732899	2.6
"chr12"	25384355	25384356	96
"chr18"	58941736	58941737	64.6
"chr11"	53170923	53170924	8.5
"chrX"	8984282	8984283	9.2
"chr10"	71253987	71253988	56
"chr10"	47095276	47095277	95.6
"chr15"	69320227	69320228	8
"chr16"	89912323	89912324	74.9
"chr4"	38522230	38522231	92.3
"chr7"	15206848	15206849	86.2
"chr5"	26704611	26704612	82.5
"chrX"	19100595	19100596	94
"chr17"	81442428	81442429	96.7
"chr19"	16365799	16365800	4
"chr3"	92027215	92027216	72.8
"chr10"	97272197	97272198	94.5
"chr1"	17040610	17040611	96.3
"chr18"	70390142	70390143	94.1
"chr10"	31560643	31560644	90.2
"chr20"	15699380	15699381	5.2
"chr12"	98994532	98994533	97.1
"chr6"	160026084	160026085	95.9
"chr9"	133960886	133960887	42.7
"chr20"	25777027	25777028	85.6
"chr16"	22008377	22008378	3.5
"chr3"	143288378	143288379	73.4
"chr5"	160104572	160104573	97.3
"chr12"	68493950	68493951	95.5
"chr10"	41193553	41193554	60.6
"chr20"	35583247	35583248	94.9
"chr3"	23081280	23081281	89.2
"chr8"	32540177	32540178	93
"chr1"	231858871	231858872	46.5
"chr4"	54739642	54739643	55.3
"chr10"	128107641	128107642	96.1
"chr3"	180542023	180542024	52.4
"chr16"	70767153	70767154	97.4
"chr7"	70102010	70102011	96.5
"chr2"	1064582	1064583	54.1
"chr13"	89158866	89158867	62.2
"chr21"	17364413	17364414	93.1
"chr7"	151354932	151354933	46.9
"chrX"	36705147	36705148	95.9
"chr9"	94777287	94777288	96.3
"chr2"	89777510	89777511	94.5
"chr1"	63601254	63601255	72
"chr3"	106931216	106931217	92.4
"chr6"	158681321	158681322	92.6
"chr5"	79222491	79222492	97.1
"chr2"	66158064	66158065	89.2
"chr17"	1830020	1830021	4
"chr8"	1591886	1591887	93.6
"chr10"	127271280	127271281	94.5
"chr6"	156544076	156544077	92.8
"chrX"	7973467	7973468	77.1
"chr1"	247373673	247373674	53.8
"chrX"	82464527	82464528	40.9
"chr21"	29732064	29732065	71.5
"chr16"	51275418	51275419	40.4
"chr16"	1061944	1061945	95.2
"chr1"	27063673	27063674	96.3
"chr21"	46010976	46010977	59.7
"chr12"	46240484	46240485	96.6
"chr10"	119648475	119648476	42.7
"chr10"	87665445	87665446	93.8
"chr11"	78411693	78411694	79.2
"chr8"	5765120	5765121	51.9
"chr19"	14567639	14567640	96.9
"chr5"	10290153	10290154	96.4
"chr3"	172528392	172528393	95.2
"chr13"	112621016	112621017	92.3
"chr12"	49131362	49131363	3.1
"chr2"	233184194	233184195	96.8
"chr17"	17073530	17073531	96.5
"chr16"	2342001	2342002	4.7
"chr8"	27406598	27406599	90.3
"chr17"	15786658	15786659	97.4
"chr1"	23231870	23231871	93
"chr8"	111166135	111166136	93.8
"chr4"	124844159	124844160	95.8
"chr18"	79901805	79901806	94.9
"chr15"	79912798	79912799	90.1
"chr1"	194117139	194117140	60.8
"chr4"	127511124	127511125	96.2
"chr16"	1363029	1363030	96.5
"chr3"	36380334	36380335	2.8
"chr2"	34678105	34678106	91
"chr18"	10029004	10029005	94.6
"chr21"	37029011	37029012	91.6
"chr1"	15060368	15060369	59.9
"chr17"	12714364	12714365	42.8
"chr17"	9579768	9579769	38.7
"chr3"	127558529	127558530	73
"chr8"	89729658	89729659	4.1
"chr13"	63623748	63623749	16.9
"chr4"	9108622	9108623	94.2
"chr16"	16232920	16232921	3
"chr11"	102701865	102701866	87.3
"chr8"	14217876	14217877	93.9
"chr14"	102384600	102384601	96.9
"chrX"	71645110	71645111	95.9
"chr4"	160609460	160609461	78.7
"chr12"	50060215	50060216	52.5
"chr4"	79964049	79964050	96.6
"chr16"	6619977	6619978	5.4
"chr10"	7036152	7036153	96.2
"chr21"	21712935	21712936	83.5
"chr12"	72647000	72647001	95.5
"chr10"	42077743	42077744	86.4
"chr20"	59473701	59473702	64
"chr1"	19779567	19779568	97
"chr15"	72649111	72649112	88.9
"chr7"	73452652	73452653	96.2
"chr11"	121473702	121473703	96.7
"chr21"	20932518	20932519	2.8
"chr21"	35179510	35179511	89.7
"chr10"	84122591	84122592	95.9
"chr1"	3170192	3170193	4
"chr20"	27354431	27354432	92.7
"chr15"	92472961	92472962	61.8
"chr3"	10326716	10326717	44.5
"chr8"	126489459	126489460	75
"chr13"	81671383	81671384	63.4
"chr10"	71029463	71029464	65.9
"chr17"	22714035	22714036	74.3
"chr16"	46844139	46844140	3.7
"chr3"	8134766	8134767	80.8
"chrX"	63203462	63203463	94.6
"chr15"	62351125	62351126	45.3
"chr4"	19001986	19001987	78.5
"chr12"	119364281	119364282	22.3
"chr5"	150222312	150222313	95
"chr1"	188850244	188850245	57.7
"chr10"	15124066	15124067	96.2
"chr3"	45653997	45653998	94.3
"chr9"	77043201	77043202	49.9
"chr9"	78362465	78362466	96.6
"chr7"	10745891	10745892	87.5
"chr21"	6110550	6110551	62.4
"chr5"	83464243	83464244	87.4
"chr22"	41976718	41976719	2.9
"chr14"	35015236	35015237	97.3
"chr3"	11902426	11902427	95.9
"chr7"	103715487	103715488	36.8
"chr12"	35300305	35300306	89
"chr18"	66469191	66469192	83.8
"chr4"	128153130	128153131	93.4
"chr8"	823886	823887	96.4
"chr4"	154868673	154868674	5.4
"chr17"	64238623	64238624	32.2
"chr8"	17185150	17185151	25.4
"chr8"	38600766	38600767	57
"chrX"	50929019	50929020	73.4
"chr10"	8563460	8563461	93.2
"chr2"	201451704	201451705	4.3
"chr16"	14916070	14916071	87
"chr10"	93063388	93063389	3.3
"chr5"	2645351	2645352	73
"chr19"	45457461	45457462	95.4
"chr5"	151832524	151832525	97
"chr19"	38819083	38819084	94.1
"chr3"	49211219	49211220	75.9
"chr4"	3955944	3955945	3.2
"chr9"	119809998	119809999	40.8
"chr5"	128413611	128413612	16.9
"chr2"	210002864	210002865	2.8
"chr2"	113671182	113671183	84.2
"chr7"	135185973	135185974	8.8
"chr2"	71243483	71243484	51.9
"chr10"	125771563	125771564	96
"chrY"	24383857	24383858	96
"chr1"	205786022	205786023	5.2
"chr5"	80078166	80078167	75.1
"chr3"	1083063	1083064	91.1
"chr22"	24213286	24213287	42.5
"chr7"	119497730	119497731	84.7
"chr2"	91413248	91413249	64.3
"chr20"	11217064	11217065	6
"chrX"	83309088	83309089	17.7
"chr4"	109070205	109070206	96.2
"chr9"	65306480	65306481	85.9
"chr10"	56919835	56919836	93.1
"chr6"	124986014	124986015	51.4
"chr8"	139495295	139495296	59.1
"chr20"	63642321	63642322	4.5
"chr17"	50011528	50011529	49.4
"chr15"	77599441	77599442	95.3
