"mp"	"count"	"chromosome"	"dinucleotide"	"id"
NA	5170398	"chr22"	"CpC"	"hg38"
NA	17046046	"chr4"	"CpC"	"hg38"
NA	14868142	"chrX"	"CpC"	"hg38"
NA	8877732	"chr13"	"CpC"	"hg38"
NA	19219576	"chr3"	"CpC"	"hg38"
NA	9957514	"chr16"	"CpC"	"hg38"
NA	8084486	"chr19"	"CpC"	"hg38"
NA	17262056	"chr5"	"CpC"	"hg38"
NA	2225354	"chrY"	"CpC"	"hg38"
NA	13675388	"chr12"	"CpC"	"hg38"
NA	9184832	"chr15"	"CpC"	"hg38"
NA	24933526	"chr1"	"CpC"	"hg38"
NA	14339644	"chr8"	"CpC"	"hg38"
NA	7544814	"chr18"	"CpC"	"hg38"
NA	7477620	"chr20"	"CpC"	"hg38"
NA	16481806	"chr6"	"CpC"	"hg38"
NA	14321682	"chr11"	"CpC"	"hg38"
NA	9227926	"chr14"	"CpC"	"hg38"
NA	24082628	"chr2"	"CpC"	"hg38"
NA	12835214	"chr9"	"CpC"	"hg38"
NA	10403252	"chr17"	"CpC"	"hg38"
NA	4003376	"chr21"	"CpC"	"hg38"
NA	16225312	"chr7"	"CpC"	"hg38"
NA	3542	"chrM"	"CpC"	"hg38"
NA	14171558	"chr10"	"CpC"	"hg38"
NA	4132496	"chr22"	"GpC"	"hg38"
NA	14304652	"chr4"	"GpC"	"hg38"
NA	12150336	"chrX"	"GpC"	"hg38"
NA	7518240	"chr13"	"GpC"	"hg38"
NA	15898626	"chr3"	"GpC"	"hg38"
NA	8148350	"chr16"	"GpC"	"hg38"
NA	6357276	"chr19"	"GpC"	"hg38"
NA	14311108	"chr5"	"GpC"	"hg38"
NA	1782368	"chrY"	"GpC"	"hg38"
NA	11222242	"chr12"	"GpC"	"hg38"
NA	7589954	"chr15"	"GpC"	"hg38"
NA	20290544	"chr1"	"GpC"	"hg38"
NA	11904230	"chr8"	"GpC"	"hg38"
NA	6455548	"chr18"	"GpC"	"hg38"
NA	6130966	"chr20"	"GpC"	"hg38"
NA	13621690	"chr6"	"GpC"	"hg38"
NA	11688478	"chr11"	"GpC"	"hg38"
NA	7557078	"chr14"	"GpC"	"hg38"
NA	19920070	"chr2"	"GpC"	"hg38"
NA	10549768	"chr9"	"GpC"	"hg38"
NA	8499620	"chr17"	"GpC"	"hg38"
NA	3274520	"chr21"	"GpC"	"hg38"
NA	13466892	"chr7"	"GpC"	"hg38"
NA	1422	"chrM"	"GpC"	"hg38"
NA	11679736	"chr10"	"GpC"	"hg38"
NA	5162272	"chr22"	"GpG"	"hg38"
NA	17142656	"chr4"	"GpG"	"hg38"
NA	15076984	"chrX"	"GpG"	"hg38"
NA	8953074	"chr13"	"GpG"	"hg38"
NA	19347238	"chr3"	"GpG"	"hg38"
NA	10048298	"chr16"	"GpG"	"hg38"
NA	8106160	"chr19"	"GpG"	"hg38"
NA	17297050	"chr5"	"GpG"	"hg38"
NA	2225878	"chrY"	"GpG"	"hg38"
NA	13728082	"chr12"	"GpG"	"hg38"
NA	9274046	"chr15"	"GpG"	"hg38"
NA	24982624	"chr1"	"GpG"	"hg38"
NA	14432028	"chr8"	"GpG"	"hg38"
NA	7817166	"chr18"	"GpG"	"hg38"
NA	7632914	"chr20"	"GpG"	"hg38"
NA	16526992	"chr6"	"GpG"	"hg38"
NA	14496912	"chr11"	"GpG"	"hg38"
NA	9239902	"chr14"	"GpG"	"hg38"
NA	24179474	"chr2"	"GpG"	"hg38"
NA	12918724	"chr9"	"GpG"	"hg38"
NA	10588932	"chr17"	"GpG"	"hg38"
NA	3957106	"chr21"	"GpG"	"hg38"
NA	16266896	"chr7"	"GpG"	"hg38"
NA	850	"chrM"	"GpG"	"hg38"
NA	14236434	"chr10"	"GpG"	"hg38"
1.5	4	"chr3"	"CpG"	"hg38"
1.6	4	"chr12"	"CpG"	"hg38"
1.6	2	"chr14"	"CpG"	"hg38"
1.6	2	"chr16"	"CpG"	"hg38"
1.6	2	"chr7"	"CpG"	"hg38"
1.6	2	"chr8"	"CpG"	"hg38"
1.7	6	"chr1"	"CpG"	"hg38"
1.7	2	"chr10"	"CpG"	"hg38"
1.7	2	"chr11"	"CpG"	"hg38"
1.7	2	"chr12"	"CpG"	"hg38"
1.7	4	"chr15"	"CpG"	"hg38"
1.7	6	"chr16"	"CpG"	"hg38"
1.7	4	"chr18"	"CpG"	"hg38"
1.7	6	"chr19"	"CpG"	"hg38"
1.7	10	"chr2"	"CpG"	"hg38"
1.7	4	"chr20"	"CpG"	"hg38"
1.7	2	"chr22"	"CpG"	"hg38"
1.7	8	"chr3"	"CpG"	"hg38"
1.7	6	"chr4"	"CpG"	"hg38"
1.7	8	"chr5"	"CpG"	"hg38"
1.7	2	"chr6"	"CpG"	"hg38"
1.7	2	"chr8"	"CpG"	"hg38"
1.7	4	"chr9"	"CpG"	"hg38"
1.7	10	"chrX"	"CpG"	"hg38"
1.7	2	"chrY"	"CpG"	"hg38"
1.8	18	"chr1"	"CpG"	"hg38"
1.8	10	"chr10"	"CpG"	"hg38"
1.8	22	"chr11"	"CpG"	"hg38"
1.8	24	"chr12"	"CpG"	"hg38"
1.8	6	"chr13"	"CpG"	"hg38"
1.8	8	"chr14"	"CpG"	"hg38"
1.8	2	"chr15"	"CpG"	"hg38"
1.8	8	"chr16"	"CpG"	"hg38"
1.8	10	"chr17"	"CpG"	"hg38"
1.8	4	"chr18"	"CpG"	"hg38"
1.8	12	"chr19"	"CpG"	"hg38"
1.8	22	"chr2"	"CpG"	"hg38"
1.8	6	"chr20"	"CpG"	"hg38"
1.8	10	"chr21"	"CpG"	"hg38"
1.8	8	"chr22"	"CpG"	"hg38"
1.8	24	"chr3"	"CpG"	"hg38"
1.8	22	"chr4"	"CpG"	"hg38"
1.8	16	"chr5"	"CpG"	"hg38"
1.8	10	"chr6"	"CpG"	"hg38"
1.8	10	"chr7"	"CpG"	"hg38"
1.8	8	"chr8"	"CpG"	"hg38"
1.8	14	"chr9"	"CpG"	"hg38"
1.8	38	"chrX"	"CpG"	"hg38"
1.8	8	"chrY"	"CpG"	"hg38"
1.9	88	"chr1"	"CpG"	"hg38"
1.9	42	"chr10"	"CpG"	"hg38"
1.9	54	"chr11"	"CpG"	"hg38"
1.9	38	"chr12"	"CpG"	"hg38"
1.9	30	"chr13"	"CpG"	"hg38"
1.9	38	"chr14"	"CpG"	"hg38"
1.9	36	"chr15"	"CpG"	"hg38"
1.9	44	"chr16"	"CpG"	"hg38"
1.9	32	"chr17"	"CpG"	"hg38"
1.9	30	"chr18"	"CpG"	"hg38"
1.9	38	"chr19"	"CpG"	"hg38"
1.9	102	"chr2"	"CpG"	"hg38"
1.9	30	"chr20"	"CpG"	"hg38"
1.9	10	"chr21"	"CpG"	"hg38"
1.9	28	"chr22"	"CpG"	"hg38"
1.9	64	"chr3"	"CpG"	"hg38"
1.9	68	"chr4"	"CpG"	"hg38"
1.9	50	"chr5"	"CpG"	"hg38"
1.9	40	"chr6"	"CpG"	"hg38"
1.9	50	"chr7"	"CpG"	"hg38"
1.9	80	"chr8"	"CpG"	"hg38"
1.9	44	"chr9"	"CpG"	"hg38"
1.9	60	"chrX"	"CpG"	"hg38"
1.9	16	"chrY"	"CpG"	"hg38"
2	248	"chr1"	"CpG"	"hg38"
2	138	"chr10"	"CpG"	"hg38"
2	124	"chr11"	"CpG"	"hg38"
2	128	"chr12"	"CpG"	"hg38"
2	84	"chr13"	"CpG"	"hg38"
2	106	"chr14"	"CpG"	"hg38"
2	106	"chr15"	"CpG"	"hg38"
2	92	"chr16"	"CpG"	"hg38"
2	112	"chr17"	"CpG"	"hg38"
2	58	"chr18"	"CpG"	"hg38"
2	84	"chr19"	"CpG"	"hg38"
2	194	"chr2"	"CpG"	"hg38"
2	86	"chr20"	"CpG"	"hg38"
2	36	"chr21"	"CpG"	"hg38"
2	64	"chr22"	"CpG"	"hg38"
2	144	"chr3"	"CpG"	"hg38"
2	136	"chr4"	"CpG"	"hg38"
2	154	"chr5"	"CpG"	"hg38"
2	144	"chr6"	"CpG"	"hg38"
2	110	"chr7"	"CpG"	"hg38"
2	122	"chr8"	"CpG"	"hg38"
2	100	"chr9"	"CpG"	"hg38"
2	156	"chrX"	"CpG"	"hg38"
2	34	"chrY"	"CpG"	"hg38"
2.1	548	"chr1"	"CpG"	"hg38"
2.1	306	"chr10"	"CpG"	"hg38"
2.1	380	"chr11"	"CpG"	"hg38"
2.1	332	"chr12"	"CpG"	"hg38"
2.1	204	"chr13"	"CpG"	"hg38"
2.1	234	"chr14"	"CpG"	"hg38"
2.1	256	"chr15"	"CpG"	"hg38"
2.1	230	"chr16"	"CpG"	"hg38"
2.1	262	"chr17"	"CpG"	"hg38"
2.1	188	"chr18"	"CpG"	"hg38"
2.1	256	"chr19"	"CpG"	"hg38"
2.1	542	"chr2"	"CpG"	"hg38"
2.1	216	"chr20"	"CpG"	"hg38"
2.1	104	"chr21"	"CpG"	"hg38"
2.1	164	"chr22"	"CpG"	"hg38"
2.1	368	"chr3"	"CpG"	"hg38"
2.1	394	"chr4"	"CpG"	"hg38"
2.1	374	"chr5"	"CpG"	"hg38"
2.1	330	"chr6"	"CpG"	"hg38"
2.1	330	"chr7"	"CpG"	"hg38"
2.1	346	"chr8"	"CpG"	"hg38"
2.1	258	"chr9"	"CpG"	"hg38"
2.1	336	"chrX"	"CpG"	"hg38"
2.1	62	"chrY"	"CpG"	"hg38"
2.2	1224	"chr1"	"CpG"	"hg38"
2.2	712	"chr10"	"CpG"	"hg38"
2.2	800	"chr11"	"CpG"	"hg38"
2.2	670	"chr12"	"CpG"	"hg38"
2.2	438	"chr13"	"CpG"	"hg38"
2.2	518	"chr14"	"CpG"	"hg38"
2.2	436	"chr15"	"CpG"	"hg38"
2.2	642	"chr16"	"CpG"	"hg38"
2.2	646	"chr17"	"CpG"	"hg38"
2.2	346	"chr18"	"CpG"	"hg38"
2.2	644	"chr19"	"CpG"	"hg38"
2.2	1108	"chr2"	"CpG"	"hg38"
2.2	492	"chr20"	"CpG"	"hg38"
2.2	238	"chr21"	"CpG"	"hg38"
2.2	382	"chr22"	"CpG"	"hg38"
2.2	786	"chr3"	"CpG"	"hg38"
2.2	710	"chr4"	"CpG"	"hg38"
2.2	774	"chr5"	"CpG"	"hg38"
2.2	772	"chr6"	"CpG"	"hg38"
2.2	806	"chr7"	"CpG"	"hg38"
2.2	692	"chr8"	"CpG"	"hg38"
2.2	634	"chr9"	"CpG"	"hg38"
2.2	660	"chrX"	"CpG"	"hg38"
2.2	100	"chrY"	"CpG"	"hg38"
2.3	2522	"chr1"	"CpG"	"hg38"
2.3	1384	"chr10"	"CpG"	"hg38"
2.3	1502	"chr11"	"CpG"	"hg38"
2.3	1298	"chr12"	"CpG"	"hg38"
2.3	744	"chr13"	"CpG"	"hg38"
2.3	950	"chr14"	"CpG"	"hg38"
2.3	1002	"chr15"	"CpG"	"hg38"
2.3	1240	"chr16"	"CpG"	"hg38"
2.3	1320	"chr17"	"CpG"	"hg38"
2.3	666	"chr18"	"CpG"	"hg38"
2.3	1342	"chr19"	"CpG"	"hg38"
2.3	2148	"chr2"	"CpG"	"hg38"
2.3	936	"chr20"	"CpG"	"hg38"
2.3	400	"chr21"	"CpG"	"hg38"
2.3	618	"chr22"	"CpG"	"hg38"
2.3	1464	"chr3"	"CpG"	"hg38"
2.3	1304	"chr4"	"CpG"	"hg38"
2.3	1454	"chr5"	"CpG"	"hg38"
2.3	1466	"chr6"	"CpG"	"hg38"
2.3	1496	"chr7"	"CpG"	"hg38"
2.3	1340	"chr8"	"CpG"	"hg38"
2.3	1216	"chr9"	"CpG"	"hg38"
2.3	1236	"chrX"	"CpG"	"hg38"
2.3	138	"chrY"	"CpG"	"hg38"
2.4	4436	"chr1"	"CpG"	"hg38"
2.4	2440	"chr10"	"CpG"	"hg38"
2.4	2532	"chr11"	"CpG"	"hg38"
2.4	2208	"chr12"	"CpG"	"hg38"
2.4	1286	"chr13"	"CpG"	"hg38"
2.4	1644	"chr14"	"CpG"	"hg38"
2.4	1600	"chr15"	"CpG"	"hg38"
2.4	2178	"chr16"	"CpG"	"hg38"
2.4	2510	"chr17"	"CpG"	"hg38"
2.4	1090	"chr18"	"CpG"	"hg38"
2.4	2430	"chr19"	"CpG"	"hg38"
2.4	3562	"chr2"	"CpG"	"hg38"
2.4	1588	"chr20"	"CpG"	"hg38"
2.4	708	"chr21"	"CpG"	"hg38"
2.4	1250	"chr22"	"CpG"	"hg38"
2.4	2548	"chr3"	"CpG"	"hg38"
2.4	2162	"chr4"	"CpG"	"hg38"
2.4	2536	"chr5"	"CpG"	"hg38"
2.4	2578	"chr6"	"CpG"	"hg38"
2.4	2570	"chr7"	"CpG"	"hg38"
2.4	2208	"chr8"	"CpG"	"hg38"
2.4	2180	"chr9"	"CpG"	"hg38"
2.4	1800	"chrX"	"CpG"	"hg38"
2.4	232	"chrY"	"CpG"	"hg38"
2.5	7008	"chr1"	"CpG"	"hg38"
2.5	3610	"chr10"	"CpG"	"hg38"
2.5	3930	"chr11"	"CpG"	"hg38"
2.5	3390	"chr12"	"CpG"	"hg38"
2.5	1808	"chr13"	"CpG"	"hg38"
2.5	2550	"chr14"	"CpG"	"hg38"
2.5	2680	"chr15"	"CpG"	"hg38"
2.5	3168	"chr16"	"CpG"	"hg38"
2.5	4128	"chr17"	"CpG"	"hg38"
2.5	1674	"chr18"	"CpG"	"hg38"
2.5	3892	"chr19"	"CpG"	"hg38"
2.5	5396	"chr2"	"CpG"	"hg38"
2.5	2478	"chr20"	"CpG"	"hg38"
2.5	1104	"chr21"	"CpG"	"hg38"
2.5	1858	"chr22"	"CpG"	"hg38"
2.5	3854	"chr3"	"CpG"	"hg38"
2.5	3330	"chr4"	"CpG"	"hg38"
2.5	3916	"chr5"	"CpG"	"hg38"
2.5	3894	"chr6"	"CpG"	"hg38"
2.5	4046	"chr7"	"CpG"	"hg38"
2.5	3538	"chr8"	"CpG"	"hg38"
2.5	3390	"chr9"	"CpG"	"hg38"
2.5	2656	"chrX"	"CpG"	"hg38"
2.5	346	"chrY"	"CpG"	"hg38"
2.6	10156	"chr1"	"CpG"	"hg38"
2.6	5408	"chr10"	"CpG"	"hg38"
2.6	5942	"chr11"	"CpG"	"hg38"
2.6	5070	"chr12"	"CpG"	"hg38"
2.6	2642	"chr13"	"CpG"	"hg38"
2.6	3594	"chr14"	"CpG"	"hg38"
2.6	3794	"chr15"	"CpG"	"hg38"
2.6	4792	"chr16"	"CpG"	"hg38"
2.6	5764	"chr17"	"CpG"	"hg38"
2.6	2416	"chr18"	"CpG"	"hg38"
2.6	5536	"chr19"	"CpG"	"hg38"
2.6	8246	"chr2"	"CpG"	"hg38"
2.6	3410	"chr20"	"CpG"	"hg38"
2.6	1602	"chr21"	"CpG"	"hg38"
2.6	2854	"chr22"	"CpG"	"hg38"
2.6	5806	"chr3"	"CpG"	"hg38"
2.6	4962	"chr4"	"CpG"	"hg38"
2.6	5580	"chr5"	"CpG"	"hg38"
2.6	5868	"chr6"	"CpG"	"hg38"
2.6	5600	"chr7"	"CpG"	"hg38"
2.6	4944	"chr8"	"CpG"	"hg38"
2.6	5000	"chr9"	"CpG"	"hg38"
2.6	3486	"chrX"	"CpG"	"hg38"
2.6	390	"chrY"	"CpG"	"hg38"
2.7	13776	"chr1"	"CpG"	"hg38"
2.7	7156	"chr10"	"CpG"	"hg38"
2.7	7544	"chr11"	"CpG"	"hg38"
2.7	6898	"chr12"	"CpG"	"hg38"
2.7	3612	"chr13"	"CpG"	"hg38"
2.7	5088	"chr14"	"CpG"	"hg38"
2.7	5164	"chr15"	"CpG"	"hg38"
2.7	6778	"chr16"	"CpG"	"hg38"
2.7	8248	"chr17"	"CpG"	"hg38"
2.7	3422	"chr18"	"CpG"	"hg38"
2.7	7998	"chr19"	"CpG"	"hg38"
2.7	11112	"chr2"	"CpG"	"hg38"
2.7	4728	"chr20"	"CpG"	"hg38"
2.7	2074	"chr21"	"CpG"	"hg38"
2.7	3818	"chr22"	"CpG"	"hg38"
2.7	7962	"chr3"	"CpG"	"hg38"
2.7	6670	"chr4"	"CpG"	"hg38"
2.7	7586	"chr5"	"CpG"	"hg38"
2.7	7906	"chr6"	"CpG"	"hg38"
2.7	8212	"chr7"	"CpG"	"hg38"
2.7	6736	"chr8"	"CpG"	"hg38"
2.7	6860	"chr9"	"CpG"	"hg38"
2.7	4484	"chrX"	"CpG"	"hg38"
2.7	468	"chrY"	"CpG"	"hg38"
2.8	18298	"chr1"	"CpG"	"hg38"
2.8	9668	"chr10"	"CpG"	"hg38"
2.8	10368	"chr11"	"CpG"	"hg38"
2.8	9336	"chr12"	"CpG"	"hg38"
2.8	4686	"chr13"	"CpG"	"hg38"
2.8	6600	"chr14"	"CpG"	"hg38"
2.8	7012	"chr15"	"CpG"	"hg38"
2.8	8604	"chr16"	"CpG"	"hg38"
2.8	11174	"chr17"	"CpG"	"hg38"
2.8	4268	"chr18"	"CpG"	"hg38"
2.8	10676	"chr19"	"CpG"	"hg38"
2.8	14738	"chr2"	"CpG"	"hg38"
2.8	6154	"chr20"	"CpG"	"hg38"
2.8	2784	"chr21"	"CpG"	"hg38"
2.8	4882	"chr22"	"CpG"	"hg38"
2.8	10332	"chr3"	"CpG"	"hg38"
2.8	8596	"chr4"	"CpG"	"hg38"
2.8	9884	"chr5"	"CpG"	"hg38"
2.8	10384	"chr6"	"CpG"	"hg38"
2.8	10122	"chr7"	"CpG"	"hg38"
2.8	8654	"chr8"	"CpG"	"hg38"
2.8	8902	"chr9"	"CpG"	"hg38"
2.8	5636	"chrX"	"CpG"	"hg38"
2.8	550	"chrY"	"CpG"	"hg38"
2.9	23148	"chr1"	"CpG"	"hg38"
2.9	11694	"chr10"	"CpG"	"hg38"
2.9	12814	"chr11"	"CpG"	"hg38"
2.9	11242	"chr12"	"CpG"	"hg38"
2.9	5578	"chr13"	"CpG"	"hg38"
2.9	8294	"chr14"	"CpG"	"hg38"
2.9	8588	"chr15"	"CpG"	"hg38"
2.9	10704	"chr16"	"CpG"	"hg38"
2.9	14134	"chr17"	"CpG"	"hg38"
2.9	5400	"chr18"	"CpG"	"hg38"
2.9	13528	"chr19"	"CpG"	"hg38"
2.9	17630	"chr2"	"CpG"	"hg38"
2.9	7680	"chr20"	"CpG"	"hg38"
2.9	3306	"chr21"	"CpG"	"hg38"
2.9	6280	"chr22"	"CpG"	"hg38"
2.9	13066	"chr3"	"CpG"	"hg38"
2.9	10420	"chr4"	"CpG"	"hg38"
2.9	12308	"chr5"	"CpG"	"hg38"
2.9	12840	"chr6"	"CpG"	"hg38"
2.9	12978	"chr7"	"CpG"	"hg38"
2.9	10604	"chr8"	"CpG"	"hg38"
2.9	11044	"chr9"	"CpG"	"hg38"
2.9	6792	"chrX"	"CpG"	"hg38"
2.9	644	"chrY"	"CpG"	"hg38"
3	27892	"chr1"	"CpG"	"hg38"
3	13476	"chr10"	"CpG"	"hg38"
3	15522	"chr11"	"CpG"	"hg38"
3	13658	"chr12"	"CpG"	"hg38"
3	6834	"chr13"	"CpG"	"hg38"
3	9808	"chr14"	"CpG"	"hg38"
3	10318	"chr15"	"CpG"	"hg38"
3	12690	"chr16"	"CpG"	"hg38"
3	16622	"chr17"	"CpG"	"hg38"
3	6290	"chr18"	"CpG"	"hg38"
3	16264	"chr19"	"CpG"	"hg38"
3	21558	"chr2"	"CpG"	"hg38"
3	9084	"chr20"	"CpG"	"hg38"
3	3820	"chr21"	"CpG"	"hg38"
3	7592	"chr22"	"CpG"	"hg38"
3	15234	"chr3"	"CpG"	"hg38"
3	12340	"chr4"	"CpG"	"hg38"
3	14632	"chr5"	"CpG"	"hg38"
3	15894	"chr6"	"CpG"	"hg38"
3	15298	"chr7"	"CpG"	"hg38"
3	12694	"chr8"	"CpG"	"hg38"
3	13424	"chr9"	"CpG"	"hg38"
3	7562	"chrX"	"CpG"	"hg38"
3	672	"chrY"	"CpG"	"hg38"
3.1	31734	"chr1"	"CpG"	"hg38"
3.1	15448	"chr10"	"CpG"	"hg38"
3.1	17810	"chr11"	"CpG"	"hg38"
3.1	15680	"chr12"	"CpG"	"hg38"
3.1	7818	"chr13"	"CpG"	"hg38"
3.1	10884	"chr14"	"CpG"	"hg38"
3.1	11790	"chr15"	"CpG"	"hg38"
3.1	15172	"chr16"	"CpG"	"hg38"
3.1	18958	"chr17"	"CpG"	"hg38"
3.1	7134	"chr18"	"CpG"	"hg38"
3.1	18972	"chr19"	"CpG"	"hg38"
3.1	24308	"chr2"	"CpG"	"hg38"
3.1	10012	"chr20"	"CpG"	"hg38"
3.1	4324	"chr21"	"CpG"	"hg38"
3.1	8404	"chr22"	"CpG"	"hg38"
3.1	17524	"chr3"	"CpG"	"hg38"
3.1	14206	"chr4"	"CpG"	"hg38"
3.1	16474	"chr5"	"CpG"	"hg38"
3.1	18036	"chr6"	"CpG"	"hg38"
3.1	17444	"chr7"	"CpG"	"hg38"
3.1	14160	"chr8"	"CpG"	"hg38"
3.1	15282	"chr9"	"CpG"	"hg38"
3.1	2	"chrM"	"CpG"	"hg38"
3.1	8324	"chrX"	"CpG"	"hg38"
3.1	818	"chrY"	"CpG"	"hg38"
3.2	34740	"chr1"	"CpG"	"hg38"
3.2	17180	"chr10"	"CpG"	"hg38"
3.2	18918	"chr11"	"CpG"	"hg38"
3.2	16842	"chr12"	"CpG"	"hg38"
3.2	8534	"chr13"	"CpG"	"hg38"
3.2	12038	"chr14"	"CpG"	"hg38"
3.2	12740	"chr15"	"CpG"	"hg38"
3.2	16042	"chr16"	"CpG"	"hg38"
3.2	21024	"chr17"	"CpG"	"hg38"
3.2	7762	"chr18"	"CpG"	"hg38"
3.2	20592	"chr19"	"CpG"	"hg38"
3.2	26460	"chr2"	"CpG"	"hg38"
3.2	10568	"chr20"	"CpG"	"hg38"
3.2	4638	"chr21"	"CpG"	"hg38"
3.2	9014	"chr22"	"CpG"	"hg38"
3.2	19216	"chr3"	"CpG"	"hg38"
3.2	15602	"chr4"	"CpG"	"hg38"
3.2	17812	"chr5"	"CpG"	"hg38"
3.2	19456	"chr6"	"CpG"	"hg38"
3.2	18898	"chr7"	"CpG"	"hg38"
3.2	15448	"chr8"	"CpG"	"hg38"
3.2	16746	"chr9"	"CpG"	"hg38"
3.2	2	"chrM"	"CpG"	"hg38"
3.2	8858	"chrX"	"CpG"	"hg38"
3.2	820	"chrY"	"CpG"	"hg38"
3.3	36298	"chr1"	"CpG"	"hg38"
3.3	17522	"chr10"	"CpG"	"hg38"
3.3	19900	"chr11"	"CpG"	"hg38"
3.3	17618	"chr12"	"CpG"	"hg38"
3.3	8750	"chr13"	"CpG"	"hg38"
3.3	12624	"chr14"	"CpG"	"hg38"
3.3	13328	"chr15"	"CpG"	"hg38"
3.3	16778	"chr16"	"CpG"	"hg38"
3.3	21686	"chr17"	"CpG"	"hg38"
3.3	7728	"chr18"	"CpG"	"hg38"
3.3	21278	"chr19"	"CpG"	"hg38"
3.3	27276	"chr2"	"CpG"	"hg38"
3.3	11004	"chr20"	"CpG"	"hg38"
3.3	4840	"chr21"	"CpG"	"hg38"
3.3	9140	"chr22"	"CpG"	"hg38"
3.3	19968	"chr3"	"CpG"	"hg38"
3.3	15990	"chr4"	"CpG"	"hg38"
3.3	18328	"chr5"	"CpG"	"hg38"
3.3	20512	"chr6"	"CpG"	"hg38"
3.3	19252	"chr7"	"CpG"	"hg38"
3.3	15946	"chr8"	"CpG"	"hg38"
3.3	17124	"chr9"	"CpG"	"hg38"
3.3	12	"chrM"	"CpG"	"hg38"
3.3	8982	"chrX"	"CpG"	"hg38"
3.3	804	"chrY"	"CpG"	"hg38"
3.4	36366	"chr1"	"CpG"	"hg38"
3.4	17426	"chr10"	"CpG"	"hg38"
3.4	19938	"chr11"	"CpG"	"hg38"
3.4	17720	"chr12"	"CpG"	"hg38"
3.4	8740	"chr13"	"CpG"	"hg38"
3.4	12240	"chr14"	"CpG"	"hg38"
3.4	12648	"chr15"	"CpG"	"hg38"
3.4	16700	"chr16"	"CpG"	"hg38"
3.4	21962	"chr17"	"CpG"	"hg38"
3.4	7852	"chr18"	"CpG"	"hg38"
3.4	22314	"chr19"	"CpG"	"hg38"
3.4	27530	"chr2"	"CpG"	"hg38"
3.4	11258	"chr20"	"CpG"	"hg38"
3.4	4980	"chr21"	"CpG"	"hg38"
3.4	9372	"chr22"	"CpG"	"hg38"
3.4	19970	"chr3"	"CpG"	"hg38"
3.4	15722	"chr4"	"CpG"	"hg38"
3.4	18426	"chr5"	"CpG"	"hg38"
3.4	20448	"chr6"	"CpG"	"hg38"
3.4	19760	"chr7"	"CpG"	"hg38"
3.4	15716	"chr8"	"CpG"	"hg38"
3.4	17288	"chr9"	"CpG"	"hg38"
3.4	22	"chrM"	"CpG"	"hg38"
3.4	9196	"chrX"	"CpG"	"hg38"
3.4	786	"chrY"	"CpG"	"hg38"
3.5	34806	"chr1"	"CpG"	"hg38"
3.5	16790	"chr10"	"CpG"	"hg38"
3.5	19114	"chr11"	"CpG"	"hg38"
3.5	17300	"chr12"	"CpG"	"hg38"
3.5	8488	"chr13"	"CpG"	"hg38"
3.5	11976	"chr14"	"CpG"	"hg38"
3.5	12250	"chr15"	"CpG"	"hg38"
3.5	15952	"chr16"	"CpG"	"hg38"
3.5	20994	"chr17"	"CpG"	"hg38"
3.5	7348	"chr18"	"CpG"	"hg38"
3.5	21820	"chr19"	"CpG"	"hg38"
3.5	25680	"chr2"	"CpG"	"hg38"
3.5	10574	"chr20"	"CpG"	"hg38"
3.5	4650	"chr21"	"CpG"	"hg38"
3.5	8754	"chr22"	"CpG"	"hg38"
3.5	19240	"chr3"	"CpG"	"hg38"
3.5	15414	"chr4"	"CpG"	"hg38"
3.5	17940	"chr5"	"CpG"	"hg38"
3.5	19806	"chr6"	"CpG"	"hg38"
3.5	18866	"chr7"	"CpG"	"hg38"
3.5	15528	"chr8"	"CpG"	"hg38"
3.5	16506	"chr9"	"CpG"	"hg38"
3.5	40	"chrM"	"CpG"	"hg38"
3.5	9016	"chrX"	"CpG"	"hg38"
3.5	862	"chrY"	"CpG"	"hg38"
3.6	33326	"chr1"	"CpG"	"hg38"
3.6	16036	"chr10"	"CpG"	"hg38"
3.6	18150	"chr11"	"CpG"	"hg38"
3.6	15942	"chr12"	"CpG"	"hg38"
3.6	7844	"chr13"	"CpG"	"hg38"
3.6	11380	"chr14"	"CpG"	"hg38"
3.6	11338	"chr15"	"CpG"	"hg38"
3.6	15184	"chr16"	"CpG"	"hg38"
3.6	19830	"chr17"	"CpG"	"hg38"
3.6	6876	"chr18"	"CpG"	"hg38"
3.6	20144	"chr19"	"CpG"	"hg38"
3.6	24164	"chr2"	"CpG"	"hg38"
3.6	9690	"chr20"	"CpG"	"hg38"
3.6	4508	"chr21"	"CpG"	"hg38"
3.6	8260	"chr22"	"CpG"	"hg38"
3.6	17966	"chr3"	"CpG"	"hg38"
3.6	14644	"chr4"	"CpG"	"hg38"
3.6	16900	"chr5"	"CpG"	"hg38"
3.6	18718	"chr6"	"CpG"	"hg38"
3.6	17940	"chr7"	"CpG"	"hg38"
3.6	14366	"chr8"	"CpG"	"hg38"
3.6	15150	"chr9"	"CpG"	"hg38"
3.6	46	"chrM"	"CpG"	"hg38"
3.6	8820	"chrX"	"CpG"	"hg38"
3.6	890	"chrY"	"CpG"	"hg38"
3.7	30038	"chr1"	"CpG"	"hg38"
3.7	14558	"chr10"	"CpG"	"hg38"
3.7	16330	"chr11"	"CpG"	"hg38"
3.7	15030	"chr12"	"CpG"	"hg38"
3.7	7492	"chr13"	"CpG"	"hg38"
3.7	9966	"chr14"	"CpG"	"hg38"
3.7	10262	"chr15"	"CpG"	"hg38"
3.7	13820	"chr16"	"CpG"	"hg38"
3.7	18374	"chr17"	"CpG"	"hg38"
3.7	6482	"chr18"	"CpG"	"hg38"
3.7	19186	"chr19"	"CpG"	"hg38"
3.7	22526	"chr2"	"CpG"	"hg38"
3.7	8956	"chr20"	"CpG"	"hg38"
3.7	4196	"chr21"	"CpG"	"hg38"
3.7	7632	"chr22"	"CpG"	"hg38"
3.7	16698	"chr3"	"CpG"	"hg38"
3.7	13494	"chr4"	"CpG"	"hg38"
3.7	15230	"chr5"	"CpG"	"hg38"
3.7	16890	"chr6"	"CpG"	"hg38"
3.7	16278	"chr7"	"CpG"	"hg38"
3.7	13228	"chr8"	"CpG"	"hg38"
3.7	14214	"chr9"	"CpG"	"hg38"
3.7	104	"chrM"	"CpG"	"hg38"
3.7	8502	"chrX"	"CpG"	"hg38"
3.7	796	"chrY"	"CpG"	"hg38"
3.8	27206	"chr1"	"CpG"	"hg38"
3.8	13438	"chr10"	"CpG"	"hg38"
3.8	14966	"chr11"	"CpG"	"hg38"
3.8	13656	"chr12"	"CpG"	"hg38"
3.8	7222	"chr13"	"CpG"	"hg38"
3.8	9306	"chr14"	"CpG"	"hg38"
3.8	9306	"chr15"	"CpG"	"hg38"
3.8	12662	"chr16"	"CpG"	"hg38"
3.8	16572	"chr17"	"CpG"	"hg38"
3.8	5818	"chr18"	"CpG"	"hg38"
3.8	16980	"chr19"	"CpG"	"hg38"
3.8	20432	"chr2"	"CpG"	"hg38"
3.8	8130	"chr20"	"CpG"	"hg38"
3.8	3830	"chr21"	"CpG"	"hg38"
3.8	6744	"chr22"	"CpG"	"hg38"
3.8	15138	"chr3"	"CpG"	"hg38"
3.8	12062	"chr4"	"CpG"	"hg38"
3.8	13902	"chr5"	"CpG"	"hg38"
3.8	15280	"chr6"	"CpG"	"hg38"
3.8	14942	"chr7"	"CpG"	"hg38"
3.8	12262	"chr8"	"CpG"	"hg38"
3.8	12458	"chr9"	"CpG"	"hg38"
3.8	152	"chrM"	"CpG"	"hg38"
3.8	8304	"chrX"	"CpG"	"hg38"
3.8	806	"chrY"	"CpG"	"hg38"
3.9	24192	"chr1"	"CpG"	"hg38"
3.9	11620	"chr10"	"CpG"	"hg38"
3.9	13348	"chr11"	"CpG"	"hg38"
3.9	12378	"chr12"	"CpG"	"hg38"
3.9	6306	"chr13"	"CpG"	"hg38"
3.9	8384	"chr14"	"CpG"	"hg38"
3.9	8260	"chr15"	"CpG"	"hg38"
3.9	11418	"chr16"	"CpG"	"hg38"
3.9	14760	"chr17"	"CpG"	"hg38"
3.9	5290	"chr18"	"CpG"	"hg38"
3.9	15140	"chr19"	"CpG"	"hg38"
3.9	18124	"chr2"	"CpG"	"hg38"
3.9	7246	"chr20"	"CpG"	"hg38"
3.9	3562	"chr21"	"CpG"	"hg38"
3.9	5908	"chr22"	"CpG"	"hg38"
3.9	13460	"chr3"	"CpG"	"hg38"
3.9	11422	"chr4"	"CpG"	"hg38"
3.9	12944	"chr5"	"CpG"	"hg38"
3.9	13888	"chr6"	"CpG"	"hg38"
3.9	13434	"chr7"	"CpG"	"hg38"
3.9	11008	"chr8"	"CpG"	"hg38"
3.9	11216	"chr9"	"CpG"	"hg38"
3.9	214	"chrM"	"CpG"	"hg38"
3.9	7916	"chrX"	"CpG"	"hg38"
3.9	814	"chrY"	"CpG"	"hg38"
4	21142	"chr1"	"CpG"	"hg38"
4	10306	"chr10"	"CpG"	"hg38"
4	11760	"chr11"	"CpG"	"hg38"
4	10732	"chr12"	"CpG"	"hg38"
4	5762	"chr13"	"CpG"	"hg38"
4	7496	"chr14"	"CpG"	"hg38"
4	7190	"chr15"	"CpG"	"hg38"
4	10114	"chr16"	"CpG"	"hg38"
4	13020	"chr17"	"CpG"	"hg38"
4	4860	"chr18"	"CpG"	"hg38"
4	13364	"chr19"	"CpG"	"hg38"
4	16354	"chr2"	"CpG"	"hg38"
4	6620	"chr20"	"CpG"	"hg38"
4	2948	"chr21"	"CpG"	"hg38"
4	5402	"chr22"	"CpG"	"hg38"
4	12240	"chr3"	"CpG"	"hg38"
4	10272	"chr4"	"CpG"	"hg38"
4	11306	"chr5"	"CpG"	"hg38"
4	12116	"chr6"	"CpG"	"hg38"
4	12126	"chr7"	"CpG"	"hg38"
4	9882	"chr8"	"CpG"	"hg38"
4	10124	"chr9"	"CpG"	"hg38"
4	142	"chrM"	"CpG"	"hg38"
4	7150	"chrX"	"CpG"	"hg38"
4	710	"chrY"	"CpG"	"hg38"
4.1	18814	"chr1"	"CpG"	"hg38"
4.1	9332	"chr10"	"CpG"	"hg38"
4.1	10636	"chr11"	"CpG"	"hg38"
4.1	9816	"chr12"	"CpG"	"hg38"
4.1	5068	"chr13"	"CpG"	"hg38"
4.1	6480	"chr14"	"CpG"	"hg38"
4.1	6304	"chr15"	"CpG"	"hg38"
4.1	9272	"chr16"	"CpG"	"hg38"
4.1	11638	"chr17"	"CpG"	"hg38"
4.1	4240	"chr18"	"CpG"	"hg38"
4.1	11906	"chr19"	"CpG"	"hg38"
4.1	14314	"chr2"	"CpG"	"hg38"
4.1	5646	"chr20"	"CpG"	"hg38"
4.1	2890	"chr21"	"CpG"	"hg38"
4.1	4636	"chr22"	"CpG"	"hg38"
4.1	10698	"chr3"	"CpG"	"hg38"
4.1	9202	"chr4"	"CpG"	"hg38"
4.1	10266	"chr5"	"CpG"	"hg38"
4.1	10864	"chr6"	"CpG"	"hg38"
4.1	10574	"chr7"	"CpG"	"hg38"
4.1	8884	"chr8"	"CpG"	"hg38"
4.1	8782	"chr9"	"CpG"	"hg38"
4.1	66	"chrM"	"CpG"	"hg38"
4.1	6826	"chrX"	"CpG"	"hg38"
4.1	712	"chrY"	"CpG"	"hg38"
4.2	16306	"chr1"	"CpG"	"hg38"
4.2	8196	"chr10"	"CpG"	"hg38"
4.2	9132	"chr11"	"CpG"	"hg38"
4.2	8388	"chr12"	"CpG"	"hg38"
4.2	4544	"chr13"	"CpG"	"hg38"
4.2	5806	"chr14"	"CpG"	"hg38"
4.2	5418	"chr15"	"CpG"	"hg38"
4.2	7728	"chr16"	"CpG"	"hg38"
4.2	9958	"chr17"	"CpG"	"hg38"
4.2	3698	"chr18"	"CpG"	"hg38"
4.2	10498	"chr19"	"CpG"	"hg38"
4.2	12748	"chr2"	"CpG"	"hg38"
4.2	4966	"chr20"	"CpG"	"hg38"
4.2	2422	"chr21"	"CpG"	"hg38"
4.2	4008	"chr22"	"CpG"	"hg38"
4.2	9490	"chr3"	"CpG"	"hg38"
4.2	8242	"chr4"	"CpG"	"hg38"
4.2	9272	"chr5"	"CpG"	"hg38"
4.2	9490	"chr6"	"CpG"	"hg38"
4.2	9164	"chr7"	"CpG"	"hg38"
4.2	7848	"chr8"	"CpG"	"hg38"
4.2	7506	"chr9"	"CpG"	"hg38"
4.2	34	"chrM"	"CpG"	"hg38"
4.2	6384	"chrX"	"CpG"	"hg38"
4.2	704	"chrY"	"CpG"	"hg38"
4.3	14628	"chr1"	"CpG"	"hg38"
4.3	7268	"chr10"	"CpG"	"hg38"
4.3	8406	"chr11"	"CpG"	"hg38"
4.3	7452	"chr12"	"CpG"	"hg38"
4.3	4210	"chr13"	"CpG"	"hg38"
4.3	5250	"chr14"	"CpG"	"hg38"
4.3	4984	"chr15"	"CpG"	"hg38"
4.3	6718	"chr16"	"CpG"	"hg38"
4.3	8588	"chr17"	"CpG"	"hg38"
4.3	3556	"chr18"	"CpG"	"hg38"
4.3	8914	"chr19"	"CpG"	"hg38"
4.3	11222	"chr2"	"CpG"	"hg38"
4.3	4560	"chr20"	"CpG"	"hg38"
4.3	2244	"chr21"	"CpG"	"hg38"
4.3	3734	"chr22"	"CpG"	"hg38"
4.3	8570	"chr3"	"CpG"	"hg38"
4.3	7704	"chr4"	"CpG"	"hg38"
4.3	8142	"chr5"	"CpG"	"hg38"
4.3	8436	"chr6"	"CpG"	"hg38"
4.3	8326	"chr7"	"CpG"	"hg38"
4.3	7142	"chr8"	"CpG"	"hg38"
4.3	6662	"chr9"	"CpG"	"hg38"
4.3	16	"chrM"	"CpG"	"hg38"
4.3	5920	"chrX"	"CpG"	"hg38"
4.3	672	"chrY"	"CpG"	"hg38"
4.4	12794	"chr1"	"CpG"	"hg38"
4.4	6630	"chr10"	"CpG"	"hg38"
4.4	7488	"chr11"	"CpG"	"hg38"
4.4	6610	"chr12"	"CpG"	"hg38"
4.4	3754	"chr13"	"CpG"	"hg38"
4.4	4528	"chr14"	"CpG"	"hg38"
4.4	4288	"chr15"	"CpG"	"hg38"
4.4	6072	"chr16"	"CpG"	"hg38"
4.4	7802	"chr17"	"CpG"	"hg38"
4.4	3018	"chr18"	"CpG"	"hg38"
4.4	7588	"chr19"	"CpG"	"hg38"
4.4	10176	"chr2"	"CpG"	"hg38"
4.4	3932	"chr20"	"CpG"	"hg38"
4.4	2090	"chr21"	"CpG"	"hg38"
4.4	3096	"chr22"	"CpG"	"hg38"
4.4	8122	"chr3"	"CpG"	"hg38"
4.4	7170	"chr4"	"CpG"	"hg38"
4.4	7396	"chr5"	"CpG"	"hg38"
4.4	7578	"chr6"	"CpG"	"hg38"
4.4	7570	"chr7"	"CpG"	"hg38"
4.4	6502	"chr8"	"CpG"	"hg38"
4.4	5934	"chr9"	"CpG"	"hg38"
4.4	10	"chrM"	"CpG"	"hg38"
4.4	5394	"chrX"	"CpG"	"hg38"
4.4	586	"chrY"	"CpG"	"hg38"
4.5	11030	"chr1"	"CpG"	"hg38"
4.5	6024	"chr10"	"CpG"	"hg38"
4.5	6632	"chr11"	"CpG"	"hg38"
4.5	5874	"chr12"	"CpG"	"hg38"
4.5	3542	"chr13"	"CpG"	"hg38"
4.5	4034	"chr14"	"CpG"	"hg38"
4.5	3848	"chr15"	"CpG"	"hg38"
4.5	5436	"chr16"	"CpG"	"hg38"
4.5	6778	"chr17"	"CpG"	"hg38"
4.5	2962	"chr18"	"CpG"	"hg38"
4.5	6762	"chr19"	"CpG"	"hg38"
4.5	9404	"chr2"	"CpG"	"hg38"
4.5	3468	"chr20"	"CpG"	"hg38"
4.5	1858	"chr21"	"CpG"	"hg38"
4.5	2890	"chr22"	"CpG"	"hg38"
4.5	6976	"chr3"	"CpG"	"hg38"
4.5	6512	"chr4"	"CpG"	"hg38"
4.5	6688	"chr5"	"CpG"	"hg38"
4.5	6694	"chr6"	"CpG"	"hg38"
4.5	6662	"chr7"	"CpG"	"hg38"
4.5	5876	"chr8"	"CpG"	"hg38"
4.5	5368	"chr9"	"CpG"	"hg38"
4.5	2	"chrM"	"CpG"	"hg38"
4.5	5210	"chrX"	"CpG"	"hg38"
4.5	606	"chrY"	"CpG"	"hg38"
4.6	9920	"chr1"	"CpG"	"hg38"
4.6	5490	"chr10"	"CpG"	"hg38"
4.6	5794	"chr11"	"CpG"	"hg38"
4.6	5218	"chr12"	"CpG"	"hg38"
4.6	3346	"chr13"	"CpG"	"hg38"
4.6	3630	"chr14"	"CpG"	"hg38"
4.6	3358	"chr15"	"CpG"	"hg38"
4.6	4588	"chr16"	"CpG"	"hg38"
4.6	5828	"chr17"	"CpG"	"hg38"
4.6	2814	"chr18"	"CpG"	"hg38"
4.6	5296	"chr19"	"CpG"	"hg38"
4.6	8022	"chr2"	"CpG"	"hg38"
4.6	3094	"chr20"	"CpG"	"hg38"
4.6	1794	"chr21"	"CpG"	"hg38"
4.6	2466	"chr22"	"CpG"	"hg38"
4.6	6132	"chr3"	"CpG"	"hg38"
4.6	5988	"chr4"	"CpG"	"hg38"
4.6	5922	"chr5"	"CpG"	"hg38"
4.6	6042	"chr6"	"CpG"	"hg38"
4.6	5742	"chr7"	"CpG"	"hg38"
4.6	5160	"chr8"	"CpG"	"hg38"
4.6	4532	"chr9"	"CpG"	"hg38"
4.6	4514	"chrX"	"CpG"	"hg38"
4.6	540	"chrY"	"CpG"	"hg38"
4.7	9340	"chr1"	"CpG"	"hg38"
4.7	5200	"chr10"	"CpG"	"hg38"
4.7	5602	"chr11"	"CpG"	"hg38"
4.7	4924	"chr12"	"CpG"	"hg38"
4.7	3316	"chr13"	"CpG"	"hg38"
4.7	3434	"chr14"	"CpG"	"hg38"
4.7	3394	"chr15"	"CpG"	"hg38"
4.7	4380	"chr16"	"CpG"	"hg38"
4.7	5410	"chr17"	"CpG"	"hg38"
4.7	2582	"chr18"	"CpG"	"hg38"
4.7	5320	"chr19"	"CpG"	"hg38"
4.7	7892	"chr2"	"CpG"	"hg38"
4.7	3042	"chr20"	"CpG"	"hg38"
4.7	1682	"chr21"	"CpG"	"hg38"
4.7	2340	"chr22"	"CpG"	"hg38"
4.7	6100	"chr3"	"CpG"	"hg38"
4.7	5638	"chr4"	"CpG"	"hg38"
4.7	5824	"chr5"	"CpG"	"hg38"
4.7	5794	"chr6"	"CpG"	"hg38"
4.7	5558	"chr7"	"CpG"	"hg38"
4.7	5156	"chr8"	"CpG"	"hg38"
4.7	4428	"chr9"	"CpG"	"hg38"
4.7	5032	"chrX"	"CpG"	"hg38"
4.7	622	"chrY"	"CpG"	"hg38"
4.8	7984	"chr1"	"CpG"	"hg38"
4.8	4800	"chr10"	"CpG"	"hg38"
4.8	4750	"chr11"	"CpG"	"hg38"
4.8	4244	"chr12"	"CpG"	"hg38"
4.8	2976	"chr13"	"CpG"	"hg38"
4.8	3140	"chr14"	"CpG"	"hg38"
4.8	2778	"chr15"	"CpG"	"hg38"
4.8	3466	"chr16"	"CpG"	"hg38"
4.8	4298	"chr17"	"CpG"	"hg38"
4.8	2416	"chr18"	"CpG"	"hg38"
4.8	3642	"chr19"	"CpG"	"hg38"
4.8	6892	"chr2"	"CpG"	"hg38"
4.8	2512	"chr20"	"CpG"	"hg38"
4.8	1386	"chr21"	"CpG"	"hg38"
4.8	1888	"chr22"	"CpG"	"hg38"
4.8	5490	"chr3"	"CpG"	"hg38"
4.8	5326	"chr4"	"CpG"	"hg38"
4.8	5172	"chr5"	"CpG"	"hg38"
4.8	5002	"chr6"	"CpG"	"hg38"
4.8	4914	"chr7"	"CpG"	"hg38"
4.8	4644	"chr8"	"CpG"	"hg38"
4.8	3922	"chr9"	"CpG"	"hg38"
4.8	3654	"chrX"	"CpG"	"hg38"
4.8	570	"chrY"	"CpG"	"hg38"
4.9	8248	"chr1"	"CpG"	"hg38"
4.9	4494	"chr10"	"CpG"	"hg38"
4.9	5126	"chr11"	"CpG"	"hg38"
4.9	4498	"chr12"	"CpG"	"hg38"
4.9	2952	"chr13"	"CpG"	"hg38"
4.9	3152	"chr14"	"CpG"	"hg38"
4.9	2642	"chr15"	"CpG"	"hg38"
4.9	3578	"chr16"	"CpG"	"hg38"
4.9	4748	"chr17"	"CpG"	"hg38"
4.9	2340	"chr18"	"CpG"	"hg38"
4.9	3870	"chr19"	"CpG"	"hg38"
4.9	7060	"chr2"	"CpG"	"hg38"
4.9	2746	"chr20"	"CpG"	"hg38"
4.9	1420	"chr21"	"CpG"	"hg38"
4.9	1766	"chr22"	"CpG"	"hg38"
4.9	5454	"chr3"	"CpG"	"hg38"
4.9	5208	"chr4"	"CpG"	"hg38"
4.9	5198	"chr5"	"CpG"	"hg38"
4.9	5164	"chr6"	"CpG"	"hg38"
4.9	5036	"chr7"	"CpG"	"hg38"
4.9	4656	"chr8"	"CpG"	"hg38"
4.9	3906	"chr9"	"CpG"	"hg38"
4.9	4	"chrM"	"CpG"	"hg38"
4.9	4526	"chrX"	"CpG"	"hg38"
4.9	596	"chrY"	"CpG"	"hg38"
5	7022	"chr1"	"CpG"	"hg38"
5	4242	"chr10"	"CpG"	"hg38"
5	4494	"chr11"	"CpG"	"hg38"
5	3896	"chr12"	"CpG"	"hg38"
5	2838	"chr13"	"CpG"	"hg38"
5	2602	"chr14"	"CpG"	"hg38"
5	2618	"chr15"	"CpG"	"hg38"
5	3048	"chr16"	"CpG"	"hg38"
5	3772	"chr17"	"CpG"	"hg38"
5	2438	"chr18"	"CpG"	"hg38"
5	2522	"chr19"	"CpG"	"hg38"
5	6704	"chr2"	"CpG"	"hg38"
5	2270	"chr20"	"CpG"	"hg38"
5	1266	"chr21"	"CpG"	"hg38"
5	1506	"chr22"	"CpG"	"hg38"
5	5214	"chr3"	"CpG"	"hg38"
5	5006	"chr4"	"CpG"	"hg38"
5	4860	"chr5"	"CpG"	"hg38"
5	4608	"chr6"	"CpG"	"hg38"
5	4312	"chr7"	"CpG"	"hg38"
5	4356	"chr8"	"CpG"	"hg38"
5	3656	"chr9"	"CpG"	"hg38"
5	3192	"chrX"	"CpG"	"hg38"
5	540	"chrY"	"CpG"	"hg38"
5.1	7234	"chr1"	"CpG"	"hg38"
5.1	4356	"chr10"	"CpG"	"hg38"
5.1	4302	"chr11"	"CpG"	"hg38"
5.1	3756	"chr12"	"CpG"	"hg38"
5.1	2880	"chr13"	"CpG"	"hg38"
5.1	2686	"chr14"	"CpG"	"hg38"
5.1	2634	"chr15"	"CpG"	"hg38"
5.1	2874	"chr16"	"CpG"	"hg38"
5.1	3494	"chr17"	"CpG"	"hg38"
5.1	2234	"chr18"	"CpG"	"hg38"
5.1	2572	"chr19"	"CpG"	"hg38"
5.1	6476	"chr2"	"CpG"	"hg38"
5.1	2170	"chr20"	"CpG"	"hg38"
5.1	1254	"chr21"	"CpG"	"hg38"
5.1	1460	"chr22"	"CpG"	"hg38"
5.1	5076	"chr3"	"CpG"	"hg38"
5.1	5190	"chr4"	"CpG"	"hg38"
5.1	4992	"chr5"	"CpG"	"hg38"
5.1	4812	"chr6"	"CpG"	"hg38"
5.1	4348	"chr7"	"CpG"	"hg38"
5.1	4352	"chr8"	"CpG"	"hg38"
5.1	3472	"chr9"	"CpG"	"hg38"
5.1	3190	"chrX"	"CpG"	"hg38"
5.1	492	"chrY"	"CpG"	"hg38"
5.2	6996	"chr1"	"CpG"	"hg38"
5.2	4358	"chr10"	"CpG"	"hg38"
5.2	4278	"chr11"	"CpG"	"hg38"
5.2	3930	"chr12"	"CpG"	"hg38"
5.2	2870	"chr13"	"CpG"	"hg38"
5.2	2720	"chr14"	"CpG"	"hg38"
5.2	2666	"chr15"	"CpG"	"hg38"
5.2	3022	"chr16"	"CpG"	"hg38"
5.2	3332	"chr17"	"CpG"	"hg38"
5.2	2332	"chr18"	"CpG"	"hg38"
5.2	2508	"chr19"	"CpG"	"hg38"
5.2	6680	"chr2"	"CpG"	"hg38"
5.2	2322	"chr20"	"CpG"	"hg38"
5.2	1342	"chr21"	"CpG"	"hg38"
5.2	1452	"chr22"	"CpG"	"hg38"
5.2	4978	"chr3"	"CpG"	"hg38"
5.2	5004	"chr4"	"CpG"	"hg38"
5.2	5106	"chr5"	"CpG"	"hg38"
5.2	4648	"chr6"	"CpG"	"hg38"
5.2	4492	"chr7"	"CpG"	"hg38"
5.2	4204	"chr8"	"CpG"	"hg38"
5.2	3596	"chr9"	"CpG"	"hg38"
5.2	3258	"chrX"	"CpG"	"hg38"
5.2	514	"chrY"	"CpG"	"hg38"
5.3	7476	"chr1"	"CpG"	"hg38"
5.3	4244	"chr10"	"CpG"	"hg38"
5.3	4548	"chr11"	"CpG"	"hg38"
5.3	3842	"chr12"	"CpG"	"hg38"
5.3	2808	"chr13"	"CpG"	"hg38"
5.3	2786	"chr14"	"CpG"	"hg38"
5.3	2708	"chr15"	"CpG"	"hg38"
5.3	2900	"chr16"	"CpG"	"hg38"
5.3	3222	"chr17"	"CpG"	"hg38"
5.3	2348	"chr18"	"CpG"	"hg38"
5.3	2404	"chr19"	"CpG"	"hg38"
5.3	6770	"chr2"	"CpG"	"hg38"
5.3	2256	"chr20"	"CpG"	"hg38"
5.3	1288	"chr21"	"CpG"	"hg38"
5.3	1460	"chr22"	"CpG"	"hg38"
5.3	5260	"chr3"	"CpG"	"hg38"
5.3	5202	"chr4"	"CpG"	"hg38"
5.3	5050	"chr5"	"CpG"	"hg38"
5.3	4848	"chr6"	"CpG"	"hg38"
5.3	4664	"chr7"	"CpG"	"hg38"
5.3	4152	"chr8"	"CpG"	"hg38"
5.3	3582	"chr9"	"CpG"	"hg38"
5.3	3460	"chrX"	"CpG"	"hg38"
5.3	530	"chrY"	"CpG"	"hg38"
5.4	7254	"chr1"	"CpG"	"hg38"
5.4	4346	"chr10"	"CpG"	"hg38"
5.4	4384	"chr11"	"CpG"	"hg38"
5.4	3906	"chr12"	"CpG"	"hg38"
5.4	2954	"chr13"	"CpG"	"hg38"
5.4	2860	"chr14"	"CpG"	"hg38"
5.4	2774	"chr15"	"CpG"	"hg38"
5.4	2880	"chr16"	"CpG"	"hg38"
5.4	3302	"chr17"	"CpG"	"hg38"
5.4	2466	"chr18"	"CpG"	"hg38"
5.4	2502	"chr19"	"CpG"	"hg38"
5.4	6684	"chr2"	"CpG"	"hg38"
5.4	2308	"chr20"	"CpG"	"hg38"
5.4	1300	"chr21"	"CpG"	"hg38"
5.4	1484	"chr22"	"CpG"	"hg38"
5.4	5526	"chr3"	"CpG"	"hg38"
5.4	5290	"chr4"	"CpG"	"hg38"
5.4	5026	"chr5"	"CpG"	"hg38"
5.4	5010	"chr6"	"CpG"	"hg38"
5.4	4716	"chr7"	"CpG"	"hg38"
5.4	4468	"chr8"	"CpG"	"hg38"
5.4	3568	"chr9"	"CpG"	"hg38"
5.4	3468	"chrX"	"CpG"	"hg38"
5.4	506	"chrY"	"CpG"	"hg38"
5.5	6852	"chr1"	"CpG"	"hg38"
5.5	4416	"chr10"	"CpG"	"hg38"
5.5	4400	"chr11"	"CpG"	"hg38"
5.5	4026	"chr12"	"CpG"	"hg38"
5.5	2960	"chr13"	"CpG"	"hg38"
5.5	2860	"chr14"	"CpG"	"hg38"
5.5	2750	"chr15"	"CpG"	"hg38"
5.5	3082	"chr16"	"CpG"	"hg38"
5.5	3258	"chr17"	"CpG"	"hg38"
5.5	2526	"chr18"	"CpG"	"hg38"
5.5	2606	"chr19"	"CpG"	"hg38"
5.5	6750	"chr2"	"CpG"	"hg38"
5.5	2356	"chr20"	"CpG"	"hg38"
5.5	1228	"chr21"	"CpG"	"hg38"
5.5	1508	"chr22"	"CpG"	"hg38"
5.5	5474	"chr3"	"CpG"	"hg38"
5.5	5230	"chr4"	"CpG"	"hg38"
5.5	5124	"chr5"	"CpG"	"hg38"
5.5	4978	"chr6"	"CpG"	"hg38"
5.5	4632	"chr7"	"CpG"	"hg38"
5.5	4080	"chr8"	"CpG"	"hg38"
5.5	3530	"chr9"	"CpG"	"hg38"
5.5	3498	"chrX"	"CpG"	"hg38"
5.5	482	"chrY"	"CpG"	"hg38"
5.6	7028	"chr1"	"CpG"	"hg38"
5.6	4526	"chr10"	"CpG"	"hg38"
5.6	4448	"chr11"	"CpG"	"hg38"
5.6	4042	"chr12"	"CpG"	"hg38"
5.6	3034	"chr13"	"CpG"	"hg38"
5.6	2706	"chr14"	"CpG"	"hg38"
5.6	2644	"chr15"	"CpG"	"hg38"
5.6	2896	"chr16"	"CpG"	"hg38"
5.6	3308	"chr17"	"CpG"	"hg38"
5.6	2384	"chr18"	"CpG"	"hg38"
5.6	2340	"chr19"	"CpG"	"hg38"
5.6	6668	"chr2"	"CpG"	"hg38"
5.6	2098	"chr20"	"CpG"	"hg38"
5.6	1338	"chr21"	"CpG"	"hg38"
5.6	1446	"chr22"	"CpG"	"hg38"
5.6	5268	"chr3"	"CpG"	"hg38"
5.6	5312	"chr4"	"CpG"	"hg38"
5.6	5028	"chr5"	"CpG"	"hg38"
5.6	4814	"chr6"	"CpG"	"hg38"
5.6	4478	"chr7"	"CpG"	"hg38"
5.6	4240	"chr8"	"CpG"	"hg38"
5.6	3530	"chr9"	"CpG"	"hg38"
5.6	3456	"chrX"	"CpG"	"hg38"
5.6	454	"chrY"	"CpG"	"hg38"
5.7	6562	"chr1"	"CpG"	"hg38"
5.7	4062	"chr10"	"CpG"	"hg38"
5.7	4200	"chr11"	"CpG"	"hg38"
5.7	4000	"chr12"	"CpG"	"hg38"
5.7	2934	"chr13"	"CpG"	"hg38"
5.7	2614	"chr14"	"CpG"	"hg38"
5.7	2568	"chr15"	"CpG"	"hg38"
5.7	2668	"chr16"	"CpG"	"hg38"
5.7	3186	"chr17"	"CpG"	"hg38"
5.7	2210	"chr18"	"CpG"	"hg38"
5.7	2276	"chr19"	"CpG"	"hg38"
5.7	6478	"chr2"	"CpG"	"hg38"
5.7	2226	"chr20"	"CpG"	"hg38"
5.7	1168	"chr21"	"CpG"	"hg38"
5.7	1312	"chr22"	"CpG"	"hg38"
5.7	5112	"chr3"	"CpG"	"hg38"
5.7	5224	"chr4"	"CpG"	"hg38"
5.7	4742	"chr5"	"CpG"	"hg38"
5.7	4770	"chr6"	"CpG"	"hg38"
5.7	4308	"chr7"	"CpG"	"hg38"
5.7	4084	"chr8"	"CpG"	"hg38"
5.7	3322	"chr9"	"CpG"	"hg38"
5.7	3492	"chrX"	"CpG"	"hg38"
5.7	458	"chrY"	"CpG"	"hg38"
5.8	6302	"chr1"	"CpG"	"hg38"
5.8	3852	"chr10"	"CpG"	"hg38"
5.8	3960	"chr11"	"CpG"	"hg38"
5.8	3588	"chr12"	"CpG"	"hg38"
5.8	2894	"chr13"	"CpG"	"hg38"
5.8	2486	"chr14"	"CpG"	"hg38"
5.8	2402	"chr15"	"CpG"	"hg38"
5.8	2584	"chr16"	"CpG"	"hg38"
5.8	2924	"chr17"	"CpG"	"hg38"
5.8	2308	"chr18"	"CpG"	"hg38"
5.8	2080	"chr19"	"CpG"	"hg38"
5.8	6102	"chr2"	"CpG"	"hg38"
5.8	1946	"chr20"	"CpG"	"hg38"
5.8	1236	"chr21"	"CpG"	"hg38"
5.8	1248	"chr22"	"CpG"	"hg38"
5.8	5018	"chr3"	"CpG"	"hg38"
5.8	4988	"chr4"	"CpG"	"hg38"
5.8	4516	"chr5"	"CpG"	"hg38"
5.8	4488	"chr6"	"CpG"	"hg38"
5.8	4172	"chr7"	"CpG"	"hg38"
5.8	4036	"chr8"	"CpG"	"hg38"
5.8	3396	"chr9"	"CpG"	"hg38"
5.8	3370	"chrX"	"CpG"	"hg38"
5.8	502	"chrY"	"CpG"	"hg38"
5.9	6004	"chr1"	"CpG"	"hg38"
5.9	3502	"chr10"	"CpG"	"hg38"
5.9	3694	"chr11"	"CpG"	"hg38"
5.9	3262	"chr12"	"CpG"	"hg38"
5.9	2522	"chr13"	"CpG"	"hg38"
5.9	2306	"chr14"	"CpG"	"hg38"
5.9	2248	"chr15"	"CpG"	"hg38"
5.9	2340	"chr16"	"CpG"	"hg38"
5.9	2494	"chr17"	"CpG"	"hg38"
5.9	2130	"chr18"	"CpG"	"hg38"
5.9	1910	"chr19"	"CpG"	"hg38"
5.9	5646	"chr2"	"CpG"	"hg38"
5.9	1832	"chr20"	"CpG"	"hg38"
5.9	1112	"chr21"	"CpG"	"hg38"
5.9	1240	"chr22"	"CpG"	"hg38"
5.9	4652	"chr3"	"CpG"	"hg38"
5.9	4578	"chr4"	"CpG"	"hg38"
5.9	4224	"chr5"	"CpG"	"hg38"
5.9	4084	"chr6"	"CpG"	"hg38"
5.9	3736	"chr7"	"CpG"	"hg38"
5.9	3778	"chr8"	"CpG"	"hg38"
5.9	3192	"chr9"	"CpG"	"hg38"
5.9	3136	"chrX"	"CpG"	"hg38"
5.9	434	"chrY"	"CpG"	"hg38"
6	5544	"chr1"	"CpG"	"hg38"
6	3406	"chr10"	"CpG"	"hg38"
6	3360	"chr11"	"CpG"	"hg38"
6	3252	"chr12"	"CpG"	"hg38"
6	2352	"chr13"	"CpG"	"hg38"
6	2096	"chr14"	"CpG"	"hg38"
6	2106	"chr15"	"CpG"	"hg38"
6	2098	"chr16"	"CpG"	"hg38"
6	2484	"chr17"	"CpG"	"hg38"
6	1960	"chr18"	"CpG"	"hg38"
6	1626	"chr19"	"CpG"	"hg38"
6	5444	"chr2"	"CpG"	"hg38"
6	1788	"chr20"	"CpG"	"hg38"
6	968	"chr21"	"CpG"	"hg38"
6	1032	"chr22"	"CpG"	"hg38"
6	4352	"chr3"	"CpG"	"hg38"
6	4402	"chr4"	"CpG"	"hg38"
6	3968	"chr5"	"CpG"	"hg38"
6	3914	"chr6"	"CpG"	"hg38"
6	3606	"chr7"	"CpG"	"hg38"
6	3452	"chr8"	"CpG"	"hg38"
6	2838	"chr9"	"CpG"	"hg38"
6	2978	"chrX"	"CpG"	"hg38"
6	426	"chrY"	"CpG"	"hg38"
6.1	5020	"chr1"	"CpG"	"hg38"
6.1	3216	"chr10"	"CpG"	"hg38"
6.1	3056	"chr11"	"CpG"	"hg38"
6.1	2920	"chr12"	"CpG"	"hg38"
6.1	2168	"chr13"	"CpG"	"hg38"
6.1	1970	"chr14"	"CpG"	"hg38"
6.1	2028	"chr15"	"CpG"	"hg38"
6.1	1920	"chr16"	"CpG"	"hg38"
6.1	2130	"chr17"	"CpG"	"hg38"
6.1	1856	"chr18"	"CpG"	"hg38"
6.1	1554	"chr19"	"CpG"	"hg38"
6.1	4998	"chr2"	"CpG"	"hg38"
6.1	1724	"chr20"	"CpG"	"hg38"
6.1	982	"chr21"	"CpG"	"hg38"
6.1	884	"chr22"	"CpG"	"hg38"
6.1	3854	"chr3"	"CpG"	"hg38"
6.1	4116	"chr4"	"CpG"	"hg38"
6.1	3974	"chr5"	"CpG"	"hg38"
6.1	3666	"chr6"	"CpG"	"hg38"
6.1	3374	"chr7"	"CpG"	"hg38"
6.1	3264	"chr8"	"CpG"	"hg38"
6.1	2778	"chr9"	"CpG"	"hg38"
6.1	2782	"chrX"	"CpG"	"hg38"
6.1	414	"chrY"	"CpG"	"hg38"
6.2	4954	"chr1"	"CpG"	"hg38"
6.2	3012	"chr10"	"CpG"	"hg38"
6.2	2892	"chr11"	"CpG"	"hg38"
6.2	2724	"chr12"	"CpG"	"hg38"
6.2	2064	"chr13"	"CpG"	"hg38"
6.2	1956	"chr14"	"CpG"	"hg38"
6.2	1714	"chr15"	"CpG"	"hg38"
6.2	1960	"chr16"	"CpG"	"hg38"
6.2	1948	"chr17"	"CpG"	"hg38"
6.2	1696	"chr18"	"CpG"	"hg38"
6.2	1470	"chr19"	"CpG"	"hg38"
6.2	4884	"chr2"	"CpG"	"hg38"
6.2	1480	"chr20"	"CpG"	"hg38"
6.2	854	"chr21"	"CpG"	"hg38"
6.2	882	"chr22"	"CpG"	"hg38"
6.2	3734	"chr3"	"CpG"	"hg38"
6.2	3826	"chr4"	"CpG"	"hg38"
6.2	3650	"chr5"	"CpG"	"hg38"
6.2	3380	"chr6"	"CpG"	"hg38"
6.2	3212	"chr7"	"CpG"	"hg38"
6.2	3018	"chr8"	"CpG"	"hg38"
6.2	2436	"chr9"	"CpG"	"hg38"
6.2	2644	"chrX"	"CpG"	"hg38"
6.2	404	"chrY"	"CpG"	"hg38"
6.3	4528	"chr1"	"CpG"	"hg38"
6.3	2732	"chr10"	"CpG"	"hg38"
6.3	2874	"chr11"	"CpG"	"hg38"
6.3	2482	"chr12"	"CpG"	"hg38"
6.3	2030	"chr13"	"CpG"	"hg38"
6.3	1706	"chr14"	"CpG"	"hg38"
6.3	1684	"chr15"	"CpG"	"hg38"
6.3	1778	"chr16"	"CpG"	"hg38"
6.3	1830	"chr17"	"CpG"	"hg38"
6.3	1584	"chr18"	"CpG"	"hg38"
6.3	1382	"chr19"	"CpG"	"hg38"
6.3	4430	"chr2"	"CpG"	"hg38"
6.3	1412	"chr20"	"CpG"	"hg38"
6.3	844	"chr21"	"CpG"	"hg38"
6.3	888	"chr22"	"CpG"	"hg38"
6.3	3664	"chr3"	"CpG"	"hg38"
6.3	3716	"chr4"	"CpG"	"hg38"
6.3	3446	"chr5"	"CpG"	"hg38"
6.3	3108	"chr6"	"CpG"	"hg38"
6.3	3030	"chr7"	"CpG"	"hg38"
6.3	3020	"chr8"	"CpG"	"hg38"
6.3	2298	"chr9"	"CpG"	"hg38"
6.3	2574	"chrX"	"CpG"	"hg38"
6.3	428	"chrY"	"CpG"	"hg38"
6.4	4216	"chr1"	"CpG"	"hg38"
6.4	2680	"chr10"	"CpG"	"hg38"
6.4	2688	"chr11"	"CpG"	"hg38"
6.4	2450	"chr12"	"CpG"	"hg38"
6.4	1904	"chr13"	"CpG"	"hg38"
6.4	1688	"chr14"	"CpG"	"hg38"
6.4	1574	"chr15"	"CpG"	"hg38"
6.4	1808	"chr16"	"CpG"	"hg38"
6.4	1824	"chr17"	"CpG"	"hg38"
6.4	1516	"chr18"	"CpG"	"hg38"
6.4	1336	"chr19"	"CpG"	"hg38"
6.4	4320	"chr2"	"CpG"	"hg38"
6.4	1446	"chr20"	"CpG"	"hg38"
6.4	788	"chr21"	"CpG"	"hg38"
6.4	900	"chr22"	"CpG"	"hg38"
6.4	3326	"chr3"	"CpG"	"hg38"
6.4	3632	"chr4"	"CpG"	"hg38"
6.4	3350	"chr5"	"CpG"	"hg38"
6.4	3136	"chr6"	"CpG"	"hg38"
6.4	2852	"chr7"	"CpG"	"hg38"
6.4	2988	"chr8"	"CpG"	"hg38"
6.4	2254	"chr9"	"CpG"	"hg38"
6.4	2432	"chrX"	"CpG"	"hg38"
6.4	382	"chrY"	"CpG"	"hg38"
6.5	4262	"chr1"	"CpG"	"hg38"
6.5	2456	"chr10"	"CpG"	"hg38"
6.5	2696	"chr11"	"CpG"	"hg38"
6.5	2402	"chr12"	"CpG"	"hg38"
6.5	1748	"chr13"	"CpG"	"hg38"
6.5	1610	"chr14"	"CpG"	"hg38"
6.5	1514	"chr15"	"CpG"	"hg38"
6.5	1592	"chr16"	"CpG"	"hg38"
6.5	1796	"chr17"	"CpG"	"hg38"
6.5	1522	"chr18"	"CpG"	"hg38"
6.5	1300	"chr19"	"CpG"	"hg38"
6.5	4132	"chr2"	"CpG"	"hg38"
6.5	1244	"chr20"	"CpG"	"hg38"
6.5	764	"chr21"	"CpG"	"hg38"
6.5	724	"chr22"	"CpG"	"hg38"
6.5	3282	"chr3"	"CpG"	"hg38"
6.5	3410	"chr4"	"CpG"	"hg38"
6.5	3228	"chr5"	"CpG"	"hg38"
6.5	2820	"chr6"	"CpG"	"hg38"
6.5	2672	"chr7"	"CpG"	"hg38"
6.5	2634	"chr8"	"CpG"	"hg38"
6.5	2146	"chr9"	"CpG"	"hg38"
6.5	2322	"chrX"	"CpG"	"hg38"
6.5	414	"chrY"	"CpG"	"hg38"
6.6	4038	"chr1"	"CpG"	"hg38"
6.6	2508	"chr10"	"CpG"	"hg38"
6.6	2564	"chr11"	"CpG"	"hg38"
6.6	2354	"chr12"	"CpG"	"hg38"
6.6	1712	"chr13"	"CpG"	"hg38"
6.6	1640	"chr14"	"CpG"	"hg38"
6.6	1456	"chr15"	"CpG"	"hg38"
6.6	1554	"chr16"	"CpG"	"hg38"
6.6	1684	"chr17"	"CpG"	"hg38"
6.6	1422	"chr18"	"CpG"	"hg38"
6.6	1266	"chr19"	"CpG"	"hg38"
6.6	3924	"chr2"	"CpG"	"hg38"
6.6	1252	"chr20"	"CpG"	"hg38"
6.6	840	"chr21"	"CpG"	"hg38"
6.6	782	"chr22"	"CpG"	"hg38"
6.6	3084	"chr3"	"CpG"	"hg38"
6.6	3282	"chr4"	"CpG"	"hg38"
6.6	3076	"chr5"	"CpG"	"hg38"
6.6	2782	"chr6"	"CpG"	"hg38"
6.6	2518	"chr7"	"CpG"	"hg38"
6.6	2512	"chr8"	"CpG"	"hg38"
6.6	2032	"chr9"	"CpG"	"hg38"
6.6	2136	"chrX"	"CpG"	"hg38"
6.6	366	"chrY"	"CpG"	"hg38"
6.7	3872	"chr1"	"CpG"	"hg38"
6.7	2170	"chr10"	"CpG"	"hg38"
6.7	2364	"chr11"	"CpG"	"hg38"
6.7	2134	"chr12"	"CpG"	"hg38"
6.7	1646	"chr13"	"CpG"	"hg38"
6.7	1512	"chr14"	"CpG"	"hg38"
6.7	1462	"chr15"	"CpG"	"hg38"
6.7	1588	"chr16"	"CpG"	"hg38"
6.7	1540	"chr17"	"CpG"	"hg38"
6.7	1386	"chr18"	"CpG"	"hg38"
6.7	1114	"chr19"	"CpG"	"hg38"
6.7	3870	"chr2"	"CpG"	"hg38"
6.7	1268	"chr20"	"CpG"	"hg38"
6.7	752	"chr21"	"CpG"	"hg38"
6.7	768	"chr22"	"CpG"	"hg38"
6.7	3178	"chr3"	"CpG"	"hg38"
6.7	3092	"chr4"	"CpG"	"hg38"
6.7	3004	"chr5"	"CpG"	"hg38"
6.7	2724	"chr6"	"CpG"	"hg38"
6.7	2600	"chr7"	"CpG"	"hg38"
6.7	2670	"chr8"	"CpG"	"hg38"
6.7	2018	"chr9"	"CpG"	"hg38"
6.7	2220	"chrX"	"CpG"	"hg38"
6.7	390	"chrY"	"CpG"	"hg38"
6.8	3812	"chr1"	"CpG"	"hg38"
6.8	2212	"chr10"	"CpG"	"hg38"
6.8	2294	"chr11"	"CpG"	"hg38"
6.8	2024	"chr12"	"CpG"	"hg38"
6.8	1652	"chr13"	"CpG"	"hg38"
6.8	1516	"chr14"	"CpG"	"hg38"
6.8	1432	"chr15"	"CpG"	"hg38"
6.8	1526	"chr16"	"CpG"	"hg38"
6.8	1538	"chr17"	"CpG"	"hg38"
6.8	1362	"chr18"	"CpG"	"hg38"
6.8	1160	"chr19"	"CpG"	"hg38"
6.8	3664	"chr2"	"CpG"	"hg38"
6.8	1228	"chr20"	"CpG"	"hg38"
6.8	640	"chr21"	"CpG"	"hg38"
6.8	714	"chr22"	"CpG"	"hg38"
6.8	3074	"chr3"	"CpG"	"hg38"
6.8	3060	"chr4"	"CpG"	"hg38"
6.8	2946	"chr5"	"CpG"	"hg38"
6.8	2598	"chr6"	"CpG"	"hg38"
6.8	2504	"chr7"	"CpG"	"hg38"
6.8	2446	"chr8"	"CpG"	"hg38"
6.8	1916	"chr9"	"CpG"	"hg38"
6.8	2146	"chrX"	"CpG"	"hg38"
6.8	362	"chrY"	"CpG"	"hg38"
6.9	3710	"chr1"	"CpG"	"hg38"
6.9	2150	"chr10"	"CpG"	"hg38"
6.9	2102	"chr11"	"CpG"	"hg38"
6.9	1944	"chr12"	"CpG"	"hg38"
6.9	1520	"chr13"	"CpG"	"hg38"
6.9	1370	"chr14"	"CpG"	"hg38"
6.9	1248	"chr15"	"CpG"	"hg38"
6.9	1426	"chr16"	"CpG"	"hg38"
6.9	1532	"chr17"	"CpG"	"hg38"
6.9	1240	"chr18"	"CpG"	"hg38"
6.9	1038	"chr19"	"CpG"	"hg38"
6.9	3614	"chr2"	"CpG"	"hg38"
6.9	1132	"chr20"	"CpG"	"hg38"
6.9	620	"chr21"	"CpG"	"hg38"
6.9	690	"chr22"	"CpG"	"hg38"
6.9	2932	"chr3"	"CpG"	"hg38"
6.9	2910	"chr4"	"CpG"	"hg38"
6.9	2876	"chr5"	"CpG"	"hg38"
6.9	2490	"chr6"	"CpG"	"hg38"
6.9	2440	"chr7"	"CpG"	"hg38"
6.9	2440	"chr8"	"CpG"	"hg38"
6.9	1896	"chr9"	"CpG"	"hg38"
6.9	2058	"chrX"	"CpG"	"hg38"
6.9	332	"chrY"	"CpG"	"hg38"
7	3582	"chr1"	"CpG"	"hg38"
7	2006	"chr10"	"CpG"	"hg38"
7	2284	"chr11"	"CpG"	"hg38"
7	1988	"chr12"	"CpG"	"hg38"
7	1496	"chr13"	"CpG"	"hg38"
7	1444	"chr14"	"CpG"	"hg38"
7	1268	"chr15"	"CpG"	"hg38"
7	1302	"chr16"	"CpG"	"hg38"
7	1382	"chr17"	"CpG"	"hg38"
7	1240	"chr18"	"CpG"	"hg38"
7	1140	"chr19"	"CpG"	"hg38"
7	3462	"chr2"	"CpG"	"hg38"
7	1198	"chr20"	"CpG"	"hg38"
7	608	"chr21"	"CpG"	"hg38"
7	640	"chr22"	"CpG"	"hg38"
7	2938	"chr3"	"CpG"	"hg38"
7	2868	"chr4"	"CpG"	"hg38"
7	2826	"chr5"	"CpG"	"hg38"
7	2472	"chr6"	"CpG"	"hg38"
7	2206	"chr7"	"CpG"	"hg38"
7	2212	"chr8"	"CpG"	"hg38"
7	1902	"chr9"	"CpG"	"hg38"
7	1930	"chrX"	"CpG"	"hg38"
7	366	"chrY"	"CpG"	"hg38"
7.1	3370	"chr1"	"CpG"	"hg38"
7.1	1956	"chr10"	"CpG"	"hg38"
7.1	2196	"chr11"	"CpG"	"hg38"
7.1	1856	"chr12"	"CpG"	"hg38"
7.1	1450	"chr13"	"CpG"	"hg38"
7.1	1356	"chr14"	"CpG"	"hg38"
7.1	1174	"chr15"	"CpG"	"hg38"
7.1	1374	"chr16"	"CpG"	"hg38"
7.1	1420	"chr17"	"CpG"	"hg38"
7.1	1314	"chr18"	"CpG"	"hg38"
7.1	1028	"chr19"	"CpG"	"hg38"
7.1	3292	"chr2"	"CpG"	"hg38"
7.1	1106	"chr20"	"CpG"	"hg38"
7.1	640	"chr21"	"CpG"	"hg38"
7.1	700	"chr22"	"CpG"	"hg38"
7.1	2702	"chr3"	"CpG"	"hg38"
7.1	2908	"chr4"	"CpG"	"hg38"
7.1	2542	"chr5"	"CpG"	"hg38"
7.1	2398	"chr6"	"CpG"	"hg38"
7.1	2196	"chr7"	"CpG"	"hg38"
7.1	2202	"chr8"	"CpG"	"hg38"
7.1	1676	"chr9"	"CpG"	"hg38"
7.1	1948	"chrX"	"CpG"	"hg38"
7.1	362	"chrY"	"CpG"	"hg38"
7.2	3286	"chr1"	"CpG"	"hg38"
7.2	1900	"chr10"	"CpG"	"hg38"
7.2	2082	"chr11"	"CpG"	"hg38"
7.2	1782	"chr12"	"CpG"	"hg38"
7.2	1398	"chr13"	"CpG"	"hg38"
7.2	1294	"chr14"	"CpG"	"hg38"
7.2	1240	"chr15"	"CpG"	"hg38"
7.2	1324	"chr16"	"CpG"	"hg38"
7.2	1406	"chr17"	"CpG"	"hg38"
7.2	1058	"chr18"	"CpG"	"hg38"
7.2	970	"chr19"	"CpG"	"hg38"
7.2	3230	"chr2"	"CpG"	"hg38"
7.2	1066	"chr20"	"CpG"	"hg38"
7.2	560	"chr21"	"CpG"	"hg38"
7.2	612	"chr22"	"CpG"	"hg38"
7.2	2760	"chr3"	"CpG"	"hg38"
7.2	2798	"chr4"	"CpG"	"hg38"
7.2	2546	"chr5"	"CpG"	"hg38"
7.2	2222	"chr6"	"CpG"	"hg38"
7.2	2188	"chr7"	"CpG"	"hg38"
7.2	2200	"chr8"	"CpG"	"hg38"
7.2	1714	"chr9"	"CpG"	"hg38"
7.2	1830	"chrX"	"CpG"	"hg38"
7.2	334	"chrY"	"CpG"	"hg38"
7.3	3104	"chr1"	"CpG"	"hg38"
7.3	1990	"chr10"	"CpG"	"hg38"
7.3	1990	"chr11"	"CpG"	"hg38"
7.3	1678	"chr12"	"CpG"	"hg38"
7.3	1242	"chr13"	"CpG"	"hg38"
7.3	1274	"chr14"	"CpG"	"hg38"
7.3	1198	"chr15"	"CpG"	"hg38"
7.3	1288	"chr16"	"CpG"	"hg38"
7.3	1362	"chr17"	"CpG"	"hg38"
7.3	1148	"chr18"	"CpG"	"hg38"
7.3	940	"chr19"	"CpG"	"hg38"
7.3	3230	"chr2"	"CpG"	"hg38"
7.3	1132	"chr20"	"CpG"	"hg38"
7.3	590	"chr21"	"CpG"	"hg38"
7.3	626	"chr22"	"CpG"	"hg38"
7.3	2634	"chr3"	"CpG"	"hg38"
7.3	2630	"chr4"	"CpG"	"hg38"
7.3	2498	"chr5"	"CpG"	"hg38"
7.3	2220	"chr6"	"CpG"	"hg38"
7.3	2142	"chr7"	"CpG"	"hg38"
7.3	2168	"chr8"	"CpG"	"hg38"
7.3	1642	"chr9"	"CpG"	"hg38"
7.3	1658	"chrX"	"CpG"	"hg38"
7.3	282	"chrY"	"CpG"	"hg38"
7.4	2994	"chr1"	"CpG"	"hg38"
7.4	1976	"chr10"	"CpG"	"hg38"
7.4	1968	"chr11"	"CpG"	"hg38"
7.4	1646	"chr12"	"CpG"	"hg38"
7.4	1406	"chr13"	"CpG"	"hg38"
7.4	1188	"chr14"	"CpG"	"hg38"
7.4	1146	"chr15"	"CpG"	"hg38"
7.4	1200	"chr16"	"CpG"	"hg38"
7.4	1220	"chr17"	"CpG"	"hg38"
7.4	1046	"chr18"	"CpG"	"hg38"
7.4	858	"chr19"	"CpG"	"hg38"
7.4	3088	"chr2"	"CpG"	"hg38"
7.4	1038	"chr20"	"CpG"	"hg38"
7.4	600	"chr21"	"CpG"	"hg38"
7.4	564	"chr22"	"CpG"	"hg38"
7.4	2372	"chr3"	"CpG"	"hg38"
7.4	2490	"chr4"	"CpG"	"hg38"
7.4	2358	"chr5"	"CpG"	"hg38"
7.4	2278	"chr6"	"CpG"	"hg38"
7.4	2074	"chr7"	"CpG"	"hg38"
7.4	1986	"chr8"	"CpG"	"hg38"
7.4	1642	"chr9"	"CpG"	"hg38"
7.4	1798	"chrX"	"CpG"	"hg38"
7.4	264	"chrY"	"CpG"	"hg38"
7.5	3062	"chr1"	"CpG"	"hg38"
7.5	1868	"chr10"	"CpG"	"hg38"
7.5	1860	"chr11"	"CpG"	"hg38"
7.5	1752	"chr12"	"CpG"	"hg38"
7.5	1380	"chr13"	"CpG"	"hg38"
7.5	1172	"chr14"	"CpG"	"hg38"
7.5	1102	"chr15"	"CpG"	"hg38"
7.5	1204	"chr16"	"CpG"	"hg38"
7.5	1122	"chr17"	"CpG"	"hg38"
7.5	1108	"chr18"	"CpG"	"hg38"
7.5	984	"chr19"	"CpG"	"hg38"
7.5	3060	"chr2"	"CpG"	"hg38"
7.5	904	"chr20"	"CpG"	"hg38"
7.5	614	"chr21"	"CpG"	"hg38"
7.5	558	"chr22"	"CpG"	"hg38"
7.5	2392	"chr3"	"CpG"	"hg38"
7.5	2388	"chr4"	"CpG"	"hg38"
7.5	2328	"chr5"	"CpG"	"hg38"
7.5	2132	"chr6"	"CpG"	"hg38"
7.5	2024	"chr7"	"CpG"	"hg38"
7.5	1988	"chr8"	"CpG"	"hg38"
7.5	1588	"chr9"	"CpG"	"hg38"
7.5	1710	"chrX"	"CpG"	"hg38"
7.5	294	"chrY"	"CpG"	"hg38"
7.6	2972	"chr1"	"CpG"	"hg38"
7.6	1656	"chr10"	"CpG"	"hg38"
7.6	1766	"chr11"	"CpG"	"hg38"
7.6	1706	"chr12"	"CpG"	"hg38"
7.6	1214	"chr13"	"CpG"	"hg38"
7.6	1134	"chr14"	"CpG"	"hg38"
7.6	1126	"chr15"	"CpG"	"hg38"
7.6	1256	"chr16"	"CpG"	"hg38"
7.6	1184	"chr17"	"CpG"	"hg38"
7.6	1036	"chr18"	"CpG"	"hg38"
7.6	792	"chr19"	"CpG"	"hg38"
7.6	2928	"chr2"	"CpG"	"hg38"
7.6	904	"chr20"	"CpG"	"hg38"
7.6	510	"chr21"	"CpG"	"hg38"
7.6	616	"chr22"	"CpG"	"hg38"
7.6	2328	"chr3"	"CpG"	"hg38"
7.6	2388	"chr4"	"CpG"	"hg38"
7.6	2160	"chr5"	"CpG"	"hg38"
7.6	2016	"chr6"	"CpG"	"hg38"
7.6	1848	"chr7"	"CpG"	"hg38"
7.6	1898	"chr8"	"CpG"	"hg38"
7.6	1446	"chr9"	"CpG"	"hg38"
7.6	1582	"chrX"	"CpG"	"hg38"
7.6	278	"chrY"	"CpG"	"hg38"
7.7	2830	"chr1"	"CpG"	"hg38"
7.7	1640	"chr10"	"CpG"	"hg38"
7.7	1808	"chr11"	"CpG"	"hg38"
7.7	1512	"chr12"	"CpG"	"hg38"
7.7	1260	"chr13"	"CpG"	"hg38"
7.7	1134	"chr14"	"CpG"	"hg38"
7.7	1094	"chr15"	"CpG"	"hg38"
7.7	1146	"chr16"	"CpG"	"hg38"
7.7	1194	"chr17"	"CpG"	"hg38"
7.7	1014	"chr18"	"CpG"	"hg38"
7.7	856	"chr19"	"CpG"	"hg38"
7.7	2900	"chr2"	"CpG"	"hg38"
7.7	878	"chr20"	"CpG"	"hg38"
7.7	542	"chr21"	"CpG"	"hg38"
7.7	520	"chr22"	"CpG"	"hg38"
7.7	2322	"chr3"	"CpG"	"hg38"
7.7	2344	"chr4"	"CpG"	"hg38"
7.7	2196	"chr5"	"CpG"	"hg38"
7.7	2010	"chr6"	"CpG"	"hg38"
7.7	1890	"chr7"	"CpG"	"hg38"
7.7	1818	"chr8"	"CpG"	"hg38"
7.7	1392	"chr9"	"CpG"	"hg38"
7.7	1618	"chrX"	"CpG"	"hg38"
7.7	306	"chrY"	"CpG"	"hg38"
7.8	2742	"chr1"	"CpG"	"hg38"
7.8	1648	"chr10"	"CpG"	"hg38"
7.8	1692	"chr11"	"CpG"	"hg38"
7.8	1502	"chr12"	"CpG"	"hg38"
7.8	1270	"chr13"	"CpG"	"hg38"
7.8	1006	"chr14"	"CpG"	"hg38"
7.8	1116	"chr15"	"CpG"	"hg38"
7.8	1116	"chr16"	"CpG"	"hg38"
7.8	1156	"chr17"	"CpG"	"hg38"
7.8	1038	"chr18"	"CpG"	"hg38"
7.8	816	"chr19"	"CpG"	"hg38"
7.8	2788	"chr2"	"CpG"	"hg38"
7.8	878	"chr20"	"CpG"	"hg38"
7.8	514	"chr21"	"CpG"	"hg38"
7.8	476	"chr22"	"CpG"	"hg38"
7.8	2352	"chr3"	"CpG"	"hg38"
7.8	2400	"chr4"	"CpG"	"hg38"
7.8	2222	"chr5"	"CpG"	"hg38"
7.8	1844	"chr6"	"CpG"	"hg38"
7.8	1894	"chr7"	"CpG"	"hg38"
7.8	1816	"chr8"	"CpG"	"hg38"
7.8	1408	"chr9"	"CpG"	"hg38"
7.8	1444	"chrX"	"CpG"	"hg38"
7.8	282	"chrY"	"CpG"	"hg38"
7.9	2680	"chr1"	"CpG"	"hg38"
7.9	1668	"chr10"	"CpG"	"hg38"
7.9	1730	"chr11"	"CpG"	"hg38"
7.9	1516	"chr12"	"CpG"	"hg38"
7.9	1216	"chr13"	"CpG"	"hg38"
7.9	1012	"chr14"	"CpG"	"hg38"
7.9	1012	"chr15"	"CpG"	"hg38"
7.9	1100	"chr16"	"CpG"	"hg38"
7.9	994	"chr17"	"CpG"	"hg38"
7.9	924	"chr18"	"CpG"	"hg38"
7.9	798	"chr19"	"CpG"	"hg38"
7.9	2732	"chr2"	"CpG"	"hg38"
7.9	936	"chr20"	"CpG"	"hg38"
7.9	474	"chr21"	"CpG"	"hg38"
7.9	554	"chr22"	"CpG"	"hg38"
7.9	2190	"chr3"	"CpG"	"hg38"
7.9	2338	"chr4"	"CpG"	"hg38"
7.9	2188	"chr5"	"CpG"	"hg38"
7.9	1930	"chr6"	"CpG"	"hg38"
7.9	1762	"chr7"	"CpG"	"hg38"
7.9	1796	"chr8"	"CpG"	"hg38"
7.9	1482	"chr9"	"CpG"	"hg38"
7.9	1528	"chrX"	"CpG"	"hg38"
7.9	216	"chrY"	"CpG"	"hg38"
8	2676	"chr1"	"CpG"	"hg38"
8	1600	"chr10"	"CpG"	"hg38"
8	1670	"chr11"	"CpG"	"hg38"
8	1488	"chr12"	"CpG"	"hg38"
8	1144	"chr13"	"CpG"	"hg38"
8	940	"chr14"	"CpG"	"hg38"
8	950	"chr15"	"CpG"	"hg38"
8	1056	"chr16"	"CpG"	"hg38"
8	1006	"chr17"	"CpG"	"hg38"
8	946	"chr18"	"CpG"	"hg38"
8	778	"chr19"	"CpG"	"hg38"
8	2742	"chr2"	"CpG"	"hg38"
8	878	"chr20"	"CpG"	"hg38"
8	484	"chr21"	"CpG"	"hg38"
8	536	"chr22"	"CpG"	"hg38"
8	2068	"chr3"	"CpG"	"hg38"
8	2168	"chr4"	"CpG"	"hg38"
8	2196	"chr5"	"CpG"	"hg38"
8	1854	"chr6"	"CpG"	"hg38"
8	1880	"chr7"	"CpG"	"hg38"
8	1716	"chr8"	"CpG"	"hg38"
8	1390	"chr9"	"CpG"	"hg38"
8	1436	"chrX"	"CpG"	"hg38"
8	236	"chrY"	"CpG"	"hg38"
8.1	2478	"chr1"	"CpG"	"hg38"
8.1	1554	"chr10"	"CpG"	"hg38"
8.1	1708	"chr11"	"CpG"	"hg38"
8.1	1466	"chr12"	"CpG"	"hg38"
8.1	1158	"chr13"	"CpG"	"hg38"
8.1	1002	"chr14"	"CpG"	"hg38"
8.1	874	"chr15"	"CpG"	"hg38"
8.1	1060	"chr16"	"CpG"	"hg38"
8.1	1042	"chr17"	"CpG"	"hg38"
8.1	866	"chr18"	"CpG"	"hg38"
8.1	732	"chr19"	"CpG"	"hg38"
8.1	2592	"chr2"	"CpG"	"hg38"
8.1	824	"chr20"	"CpG"	"hg38"
8.1	506	"chr21"	"CpG"	"hg38"
8.1	502	"chr22"	"CpG"	"hg38"
8.1	2134	"chr3"	"CpG"	"hg38"
8.1	2008	"chr4"	"CpG"	"hg38"
8.1	2004	"chr5"	"CpG"	"hg38"
8.1	1770	"chr6"	"CpG"	"hg38"
8.1	1678	"chr7"	"CpG"	"hg38"
8.1	1722	"chr8"	"CpG"	"hg38"
8.1	1328	"chr9"	"CpG"	"hg38"
8.1	1396	"chrX"	"CpG"	"hg38"
8.1	232	"chrY"	"CpG"	"hg38"
8.2	2656	"chr1"	"CpG"	"hg38"
8.2	1486	"chr10"	"CpG"	"hg38"
8.2	1484	"chr11"	"CpG"	"hg38"
8.2	1468	"chr12"	"CpG"	"hg38"
8.2	1074	"chr13"	"CpG"	"hg38"
8.2	972	"chr14"	"CpG"	"hg38"
8.2	966	"chr15"	"CpG"	"hg38"
8.2	964	"chr16"	"CpG"	"hg38"
8.2	1000	"chr17"	"CpG"	"hg38"
8.2	914	"chr18"	"CpG"	"hg38"
8.2	640	"chr19"	"CpG"	"hg38"
8.2	2502	"chr2"	"CpG"	"hg38"
8.2	790	"chr20"	"CpG"	"hg38"
8.2	452	"chr21"	"CpG"	"hg38"
8.2	494	"chr22"	"CpG"	"hg38"
8.2	2006	"chr3"	"CpG"	"hg38"
8.2	2062	"chr4"	"CpG"	"hg38"
8.2	1968	"chr5"	"CpG"	"hg38"
8.2	1780	"chr6"	"CpG"	"hg38"
8.2	1662	"chr7"	"CpG"	"hg38"
8.2	1718	"chr8"	"CpG"	"hg38"
8.2	1280	"chr9"	"CpG"	"hg38"
8.2	1440	"chrX"	"CpG"	"hg38"
8.2	296	"chrY"	"CpG"	"hg38"
8.3	2400	"chr1"	"CpG"	"hg38"
8.3	1480	"chr10"	"CpG"	"hg38"
8.3	1448	"chr11"	"CpG"	"hg38"
8.3	1364	"chr12"	"CpG"	"hg38"
8.3	1028	"chr13"	"CpG"	"hg38"
8.3	980	"chr14"	"CpG"	"hg38"
8.3	896	"chr15"	"CpG"	"hg38"
8.3	952	"chr16"	"CpG"	"hg38"
8.3	958	"chr17"	"CpG"	"hg38"
8.3	846	"chr18"	"CpG"	"hg38"
8.3	564	"chr19"	"CpG"	"hg38"
8.3	2438	"chr2"	"CpG"	"hg38"
8.3	796	"chr20"	"CpG"	"hg38"
8.3	494	"chr21"	"CpG"	"hg38"
8.3	464	"chr22"	"CpG"	"hg38"
8.3	1930	"chr3"	"CpG"	"hg38"
8.3	1954	"chr4"	"CpG"	"hg38"
8.3	1938	"chr5"	"CpG"	"hg38"
8.3	1708	"chr6"	"CpG"	"hg38"
8.3	1640	"chr7"	"CpG"	"hg38"
8.3	1654	"chr8"	"CpG"	"hg38"
8.3	1302	"chr9"	"CpG"	"hg38"
8.3	1448	"chrX"	"CpG"	"hg38"
8.3	254	"chrY"	"CpG"	"hg38"
8.4	2388	"chr1"	"CpG"	"hg38"
8.4	1394	"chr10"	"CpG"	"hg38"
8.4	1566	"chr11"	"CpG"	"hg38"
8.4	1256	"chr12"	"CpG"	"hg38"
8.4	1112	"chr13"	"CpG"	"hg38"
8.4	948	"chr14"	"CpG"	"hg38"
8.4	890	"chr15"	"CpG"	"hg38"
8.4	978	"chr16"	"CpG"	"hg38"
8.4	958	"chr17"	"CpG"	"hg38"
8.4	832	"chr18"	"CpG"	"hg38"
8.4	754	"chr19"	"CpG"	"hg38"
8.4	2400	"chr2"	"CpG"	"hg38"
8.4	746	"chr20"	"CpG"	"hg38"
8.4	440	"chr21"	"CpG"	"hg38"
8.4	440	"chr22"	"CpG"	"hg38"
8.4	2046	"chr3"	"CpG"	"hg38"
8.4	2004	"chr4"	"CpG"	"hg38"
8.4	1896	"chr5"	"CpG"	"hg38"
8.4	1748	"chr6"	"CpG"	"hg38"
8.4	1676	"chr7"	"CpG"	"hg38"
8.4	1636	"chr8"	"CpG"	"hg38"
8.4	1168	"chr9"	"CpG"	"hg38"
8.4	1256	"chrX"	"CpG"	"hg38"
8.4	244	"chrY"	"CpG"	"hg38"
8.5	2306	"chr1"	"CpG"	"hg38"
8.5	1424	"chr10"	"CpG"	"hg38"
8.5	1440	"chr11"	"CpG"	"hg38"
8.5	1346	"chr12"	"CpG"	"hg38"
8.5	950	"chr13"	"CpG"	"hg38"
8.5	962	"chr14"	"CpG"	"hg38"
8.5	860	"chr15"	"CpG"	"hg38"
8.5	972	"chr16"	"CpG"	"hg38"
8.5	944	"chr17"	"CpG"	"hg38"
8.5	874	"chr18"	"CpG"	"hg38"
8.5	720	"chr19"	"CpG"	"hg38"
8.5	2372	"chr2"	"CpG"	"hg38"
8.5	858	"chr20"	"CpG"	"hg38"
8.5	442	"chr21"	"CpG"	"hg38"
8.5	460	"chr22"	"CpG"	"hg38"
8.5	1972	"chr3"	"CpG"	"hg38"
8.5	1972	"chr4"	"CpG"	"hg38"
8.5	1818	"chr5"	"CpG"	"hg38"
8.5	1564	"chr6"	"CpG"	"hg38"
8.5	1620	"chr7"	"CpG"	"hg38"
8.5	1630	"chr8"	"CpG"	"hg38"
8.5	1246	"chr9"	"CpG"	"hg38"
8.5	1336	"chrX"	"CpG"	"hg38"
8.5	230	"chrY"	"CpG"	"hg38"
8.6	2402	"chr1"	"CpG"	"hg38"
8.6	1358	"chr10"	"CpG"	"hg38"
8.6	1390	"chr11"	"CpG"	"hg38"
8.6	1218	"chr12"	"CpG"	"hg38"
8.6	1056	"chr13"	"CpG"	"hg38"
8.6	980	"chr14"	"CpG"	"hg38"
8.6	922	"chr15"	"CpG"	"hg38"
8.6	910	"chr16"	"CpG"	"hg38"
8.6	882	"chr17"	"CpG"	"hg38"
8.6	802	"chr18"	"CpG"	"hg38"
8.6	670	"chr19"	"CpG"	"hg38"
8.6	2344	"chr2"	"CpG"	"hg38"
8.6	768	"chr20"	"CpG"	"hg38"
8.6	474	"chr21"	"CpG"	"hg38"
8.6	458	"chr22"	"CpG"	"hg38"
8.6	1878	"chr3"	"CpG"	"hg38"
8.6	1970	"chr4"	"CpG"	"hg38"
8.6	1894	"chr5"	"CpG"	"hg38"
8.6	1746	"chr6"	"CpG"	"hg38"
8.6	1666	"chr7"	"CpG"	"hg38"
8.6	1578	"chr8"	"CpG"	"hg38"
8.6	1266	"chr9"	"CpG"	"hg38"
8.6	1310	"chrX"	"CpG"	"hg38"
8.6	218	"chrY"	"CpG"	"hg38"
8.7	2148	"chr1"	"CpG"	"hg38"
8.7	1370	"chr10"	"CpG"	"hg38"
8.7	1448	"chr11"	"CpG"	"hg38"
8.7	1194	"chr12"	"CpG"	"hg38"
8.7	902	"chr13"	"CpG"	"hg38"
8.7	936	"chr14"	"CpG"	"hg38"
8.7	814	"chr15"	"CpG"	"hg38"
8.7	976	"chr16"	"CpG"	"hg38"
8.7	986	"chr17"	"CpG"	"hg38"
8.7	792	"chr18"	"CpG"	"hg38"
8.7	680	"chr19"	"CpG"	"hg38"
8.7	2288	"chr2"	"CpG"	"hg38"
8.7	700	"chr20"	"CpG"	"hg38"
8.7	472	"chr21"	"CpG"	"hg38"
8.7	422	"chr22"	"CpG"	"hg38"
8.7	1870	"chr3"	"CpG"	"hg38"
8.7	1924	"chr4"	"CpG"	"hg38"
8.7	1760	"chr5"	"CpG"	"hg38"
8.7	1656	"chr6"	"CpG"	"hg38"
8.7	1618	"chr7"	"CpG"	"hg38"
8.7	1486	"chr8"	"CpG"	"hg38"
8.7	1198	"chr9"	"CpG"	"hg38"
8.7	1176	"chrX"	"CpG"	"hg38"
8.7	230	"chrY"	"CpG"	"hg38"
8.8	2274	"chr1"	"CpG"	"hg38"
8.8	1310	"chr10"	"CpG"	"hg38"
8.8	1442	"chr11"	"CpG"	"hg38"
8.8	1288	"chr12"	"CpG"	"hg38"
8.8	1010	"chr13"	"CpG"	"hg38"
8.8	850	"chr14"	"CpG"	"hg38"
8.8	808	"chr15"	"CpG"	"hg38"
8.8	880	"chr16"	"CpG"	"hg38"
8.8	928	"chr17"	"CpG"	"hg38"
8.8	756	"chr18"	"CpG"	"hg38"
8.8	688	"chr19"	"CpG"	"hg38"
8.8	2272	"chr2"	"CpG"	"hg38"
8.8	760	"chr20"	"CpG"	"hg38"
8.8	444	"chr21"	"CpG"	"hg38"
8.8	428	"chr22"	"CpG"	"hg38"
8.8	1818	"chr3"	"CpG"	"hg38"
8.8	1890	"chr4"	"CpG"	"hg38"
8.8	1764	"chr5"	"CpG"	"hg38"
8.8	1646	"chr6"	"CpG"	"hg38"
8.8	1560	"chr7"	"CpG"	"hg38"
8.8	1336	"chr8"	"CpG"	"hg38"
8.8	1072	"chr9"	"CpG"	"hg38"
8.8	1222	"chrX"	"CpG"	"hg38"
8.8	240	"chrY"	"CpG"	"hg38"
8.9	2236	"chr1"	"CpG"	"hg38"
8.9	1420	"chr10"	"CpG"	"hg38"
8.9	1336	"chr11"	"CpG"	"hg38"
8.9	1142	"chr12"	"CpG"	"hg38"
8.9	902	"chr13"	"CpG"	"hg38"
8.9	896	"chr14"	"CpG"	"hg38"
8.9	812	"chr15"	"CpG"	"hg38"
8.9	832	"chr16"	"CpG"	"hg38"
8.9	838	"chr17"	"CpG"	"hg38"
8.9	738	"chr18"	"CpG"	"hg38"
8.9	540	"chr19"	"CpG"	"hg38"
8.9	2136	"chr2"	"CpG"	"hg38"
8.9	764	"chr20"	"CpG"	"hg38"
8.9	362	"chr21"	"CpG"	"hg38"
8.9	384	"chr22"	"CpG"	"hg38"
8.9	1792	"chr3"	"CpG"	"hg38"
8.9	1872	"chr4"	"CpG"	"hg38"
8.9	1716	"chr5"	"CpG"	"hg38"
8.9	1576	"chr6"	"CpG"	"hg38"
8.9	1514	"chr7"	"CpG"	"hg38"
8.9	1412	"chr8"	"CpG"	"hg38"
8.9	1124	"chr9"	"CpG"	"hg38"
8.9	1292	"chrX"	"CpG"	"hg38"
8.9	242	"chrY"	"CpG"	"hg38"
9	2248	"chr1"	"CpG"	"hg38"
9	1184	"chr10"	"CpG"	"hg38"
9	1444	"chr11"	"CpG"	"hg38"
9	1202	"chr12"	"CpG"	"hg38"
9	926	"chr13"	"CpG"	"hg38"
9	882	"chr14"	"CpG"	"hg38"
9	812	"chr15"	"CpG"	"hg38"
9	870	"chr16"	"CpG"	"hg38"
9	886	"chr17"	"CpG"	"hg38"
9	806	"chr18"	"CpG"	"hg38"
9	616	"chr19"	"CpG"	"hg38"
9	2070	"chr2"	"CpG"	"hg38"
9	680	"chr20"	"CpG"	"hg38"
9	420	"chr21"	"CpG"	"hg38"
9	430	"chr22"	"CpG"	"hg38"
9	1802	"chr3"	"CpG"	"hg38"
9	1694	"chr4"	"CpG"	"hg38"
9	1622	"chr5"	"CpG"	"hg38"
9	1580	"chr6"	"CpG"	"hg38"
9	1486	"chr7"	"CpG"	"hg38"
9	1362	"chr8"	"CpG"	"hg38"
9	1172	"chr9"	"CpG"	"hg38"
9	1230	"chrX"	"CpG"	"hg38"
9	178	"chrY"	"CpG"	"hg38"
9.1	2110	"chr1"	"CpG"	"hg38"
9.1	1212	"chr10"	"CpG"	"hg38"
9.1	1226	"chr11"	"CpG"	"hg38"
9.1	1124	"chr12"	"CpG"	"hg38"
9.1	926	"chr13"	"CpG"	"hg38"
9.1	804	"chr14"	"CpG"	"hg38"
9.1	756	"chr15"	"CpG"	"hg38"
9.1	906	"chr16"	"CpG"	"hg38"
9.1	806	"chr17"	"CpG"	"hg38"
9.1	678	"chr18"	"CpG"	"hg38"
9.1	616	"chr19"	"CpG"	"hg38"
9.1	2264	"chr2"	"CpG"	"hg38"
9.1	690	"chr20"	"CpG"	"hg38"
9.1	372	"chr21"	"CpG"	"hg38"
9.1	418	"chr22"	"CpG"	"hg38"
9.1	1688	"chr3"	"CpG"	"hg38"
9.1	1756	"chr4"	"CpG"	"hg38"
9.1	1588	"chr5"	"CpG"	"hg38"
9.1	1432	"chr6"	"CpG"	"hg38"
9.1	1390	"chr7"	"CpG"	"hg38"
9.1	1462	"chr8"	"CpG"	"hg38"
9.1	1154	"chr9"	"CpG"	"hg38"
9.1	1206	"chrX"	"CpG"	"hg38"
9.1	230	"chrY"	"CpG"	"hg38"
9.2	2016	"chr1"	"CpG"	"hg38"
9.2	1242	"chr10"	"CpG"	"hg38"
9.2	1310	"chr11"	"CpG"	"hg38"
9.2	1148	"chr12"	"CpG"	"hg38"
9.2	942	"chr13"	"CpG"	"hg38"
9.2	914	"chr14"	"CpG"	"hg38"
9.2	894	"chr15"	"CpG"	"hg38"
9.2	772	"chr16"	"CpG"	"hg38"
9.2	790	"chr17"	"CpG"	"hg38"
9.2	744	"chr18"	"CpG"	"hg38"
9.2	624	"chr19"	"CpG"	"hg38"
9.2	2032	"chr2"	"CpG"	"hg38"
9.2	654	"chr20"	"CpG"	"hg38"
9.2	364	"chr21"	"CpG"	"hg38"
9.2	402	"chr22"	"CpG"	"hg38"
9.2	1640	"chr3"	"CpG"	"hg38"
9.2	1706	"chr4"	"CpG"	"hg38"
9.2	1580	"chr5"	"CpG"	"hg38"
9.2	1454	"chr6"	"CpG"	"hg38"
9.2	1342	"chr7"	"CpG"	"hg38"
9.2	1474	"chr8"	"CpG"	"hg38"
9.2	1122	"chr9"	"CpG"	"hg38"
9.2	1130	"chrX"	"CpG"	"hg38"
9.2	230	"chrY"	"CpG"	"hg38"
9.3	1906	"chr1"	"CpG"	"hg38"
9.3	1180	"chr10"	"CpG"	"hg38"
9.3	1334	"chr11"	"CpG"	"hg38"
9.3	1178	"chr12"	"CpG"	"hg38"
9.3	866	"chr13"	"CpG"	"hg38"
9.3	830	"chr14"	"CpG"	"hg38"
9.3	744	"chr15"	"CpG"	"hg38"
9.3	882	"chr16"	"CpG"	"hg38"
9.3	742	"chr17"	"CpG"	"hg38"
9.3	738	"chr18"	"CpG"	"hg38"
9.3	604	"chr19"	"CpG"	"hg38"
9.3	1946	"chr2"	"CpG"	"hg38"
9.3	610	"chr20"	"CpG"	"hg38"
9.3	354	"chr21"	"CpG"	"hg38"
9.3	406	"chr22"	"CpG"	"hg38"
9.3	1618	"chr3"	"CpG"	"hg38"
9.3	1578	"chr4"	"CpG"	"hg38"
9.3	1534	"chr5"	"CpG"	"hg38"
9.3	1508	"chr6"	"CpG"	"hg38"
9.3	1318	"chr7"	"CpG"	"hg38"
9.3	1288	"chr8"	"CpG"	"hg38"
9.3	988	"chr9"	"CpG"	"hg38"
9.3	1196	"chrX"	"CpG"	"hg38"
9.3	182	"chrY"	"CpG"	"hg38"
9.4	1936	"chr1"	"CpG"	"hg38"
9.4	1260	"chr10"	"CpG"	"hg38"
9.4	1180	"chr11"	"CpG"	"hg38"
9.4	1078	"chr12"	"CpG"	"hg38"
9.4	838	"chr13"	"CpG"	"hg38"
9.4	816	"chr14"	"CpG"	"hg38"
9.4	754	"chr15"	"CpG"	"hg38"
9.4	790	"chr16"	"CpG"	"hg38"
9.4	826	"chr17"	"CpG"	"hg38"
9.4	704	"chr18"	"CpG"	"hg38"
9.4	520	"chr19"	"CpG"	"hg38"
9.4	1886	"chr2"	"CpG"	"hg38"
9.4	692	"chr20"	"CpG"	"hg38"
9.4	392	"chr21"	"CpG"	"hg38"
9.4	428	"chr22"	"CpG"	"hg38"
9.4	1600	"chr3"	"CpG"	"hg38"
9.4	1684	"chr4"	"CpG"	"hg38"
9.4	1564	"chr5"	"CpG"	"hg38"
9.4	1370	"chr6"	"CpG"	"hg38"
9.4	1380	"chr7"	"CpG"	"hg38"
9.4	1390	"chr8"	"CpG"	"hg38"
9.4	1122	"chr9"	"CpG"	"hg38"
9.4	1152	"chrX"	"CpG"	"hg38"
9.4	196	"chrY"	"CpG"	"hg38"
9.5	1920	"chr1"	"CpG"	"hg38"
9.5	1038	"chr10"	"CpG"	"hg38"
9.5	1246	"chr11"	"CpG"	"hg38"
9.5	988	"chr12"	"CpG"	"hg38"
9.5	930	"chr13"	"CpG"	"hg38"
9.5	786	"chr14"	"CpG"	"hg38"
9.5	726	"chr15"	"CpG"	"hg38"
9.5	790	"chr16"	"CpG"	"hg38"
9.5	820	"chr17"	"CpG"	"hg38"
9.5	698	"chr18"	"CpG"	"hg38"
9.5	580	"chr19"	"CpG"	"hg38"
9.5	1894	"chr2"	"CpG"	"hg38"
9.5	614	"chr20"	"CpG"	"hg38"
9.5	384	"chr21"	"CpG"	"hg38"
9.5	412	"chr22"	"CpG"	"hg38"
9.5	1550	"chr3"	"CpG"	"hg38"
9.5	1686	"chr4"	"CpG"	"hg38"
9.5	1538	"chr5"	"CpG"	"hg38"
9.5	1394	"chr6"	"CpG"	"hg38"
9.5	1310	"chr7"	"CpG"	"hg38"
9.5	1296	"chr8"	"CpG"	"hg38"
9.5	1096	"chr9"	"CpG"	"hg38"
9.5	1056	"chrX"	"CpG"	"hg38"
9.5	172	"chrY"	"CpG"	"hg38"
9.6	1860	"chr1"	"CpG"	"hg38"
9.6	1164	"chr10"	"CpG"	"hg38"
9.6	1230	"chr11"	"CpG"	"hg38"
9.6	1140	"chr12"	"CpG"	"hg38"
9.6	836	"chr13"	"CpG"	"hg38"
9.6	786	"chr14"	"CpG"	"hg38"
9.6	720	"chr15"	"CpG"	"hg38"
9.6	824	"chr16"	"CpG"	"hg38"
9.6	780	"chr17"	"CpG"	"hg38"
9.6	736	"chr18"	"CpG"	"hg38"
9.6	620	"chr19"	"CpG"	"hg38"
9.6	1910	"chr2"	"CpG"	"hg38"
9.6	694	"chr20"	"CpG"	"hg38"
9.6	402	"chr21"	"CpG"	"hg38"
9.6	418	"chr22"	"CpG"	"hg38"
9.6	1590	"chr3"	"CpG"	"hg38"
9.6	1510	"chr4"	"CpG"	"hg38"
9.6	1598	"chr5"	"CpG"	"hg38"
9.6	1304	"chr6"	"CpG"	"hg38"
9.6	1326	"chr7"	"CpG"	"hg38"
9.6	1360	"chr8"	"CpG"	"hg38"
9.6	1006	"chr9"	"CpG"	"hg38"
9.6	1070	"chrX"	"CpG"	"hg38"
9.6	188	"chrY"	"CpG"	"hg38"
9.7	1986	"chr1"	"CpG"	"hg38"
9.7	1164	"chr10"	"CpG"	"hg38"
9.7	1172	"chr11"	"CpG"	"hg38"
9.7	958	"chr12"	"CpG"	"hg38"
9.7	892	"chr13"	"CpG"	"hg38"
9.7	794	"chr14"	"CpG"	"hg38"
9.7	694	"chr15"	"CpG"	"hg38"
9.7	750	"chr16"	"CpG"	"hg38"
9.7	748	"chr17"	"CpG"	"hg38"
9.7	736	"chr18"	"CpG"	"hg38"
9.7	636	"chr19"	"CpG"	"hg38"
9.7	1922	"chr2"	"CpG"	"hg38"
9.7	654	"chr20"	"CpG"	"hg38"
9.7	346	"chr21"	"CpG"	"hg38"
9.7	420	"chr22"	"CpG"	"hg38"
9.7	1662	"chr3"	"CpG"	"hg38"
9.7	1600	"chr4"	"CpG"	"hg38"
9.7	1530	"chr5"	"CpG"	"hg38"
9.7	1410	"chr6"	"CpG"	"hg38"
9.7	1308	"chr7"	"CpG"	"hg38"
9.7	1196	"chr8"	"CpG"	"hg38"
9.7	982	"chr9"	"CpG"	"hg38"
9.7	1056	"chrX"	"CpG"	"hg38"
9.7	178	"chrY"	"CpG"	"hg38"
9.8	1848	"chr1"	"CpG"	"hg38"
9.8	1086	"chr10"	"CpG"	"hg38"
9.8	1184	"chr11"	"CpG"	"hg38"
9.8	1018	"chr12"	"CpG"	"hg38"
9.8	844	"chr13"	"CpG"	"hg38"
9.8	772	"chr14"	"CpG"	"hg38"
9.8	680	"chr15"	"CpG"	"hg38"
9.8	812	"chr16"	"CpG"	"hg38"
9.8	784	"chr17"	"CpG"	"hg38"
9.8	694	"chr18"	"CpG"	"hg38"
9.8	590	"chr19"	"CpG"	"hg38"
9.8	1870	"chr2"	"CpG"	"hg38"
9.8	626	"chr20"	"CpG"	"hg38"
9.8	340	"chr21"	"CpG"	"hg38"
9.8	352	"chr22"	"CpG"	"hg38"
9.8	1550	"chr3"	"CpG"	"hg38"
9.8	1534	"chr4"	"CpG"	"hg38"
9.8	1488	"chr5"	"CpG"	"hg38"
9.8	1256	"chr6"	"CpG"	"hg38"
9.8	1208	"chr7"	"CpG"	"hg38"
9.8	1198	"chr8"	"CpG"	"hg38"
9.8	990	"chr9"	"CpG"	"hg38"
9.8	1000	"chrX"	"CpG"	"hg38"
9.8	168	"chrY"	"CpG"	"hg38"
9.9	1824	"chr1"	"CpG"	"hg38"
9.9	1142	"chr10"	"CpG"	"hg38"
9.9	1162	"chr11"	"CpG"	"hg38"
9.9	990	"chr12"	"CpG"	"hg38"
9.9	840	"chr13"	"CpG"	"hg38"
9.9	654	"chr14"	"CpG"	"hg38"
9.9	704	"chr15"	"CpG"	"hg38"
9.9	668	"chr16"	"CpG"	"hg38"
9.9	688	"chr17"	"CpG"	"hg38"
9.9	632	"chr18"	"CpG"	"hg38"
9.9	516	"chr19"	"CpG"	"hg38"
9.9	1888	"chr2"	"CpG"	"hg38"
9.9	676	"chr20"	"CpG"	"hg38"
9.9	340	"chr21"	"CpG"	"hg38"
9.9	340	"chr22"	"CpG"	"hg38"
9.9	1464	"chr3"	"CpG"	"hg38"
9.9	1480	"chr4"	"CpG"	"hg38"
9.9	1478	"chr5"	"CpG"	"hg38"
9.9	1296	"chr6"	"CpG"	"hg38"
9.9	1262	"chr7"	"CpG"	"hg38"
9.9	1162	"chr8"	"CpG"	"hg38"
9.9	1082	"chr9"	"CpG"	"hg38"
9.9	1022	"chrX"	"CpG"	"hg38"
9.9	194	"chrY"	"CpG"	"hg38"
10	1936	"chr1"	"CpG"	"hg38"
10	1060	"chr10"	"CpG"	"hg38"
10	1124	"chr11"	"CpG"	"hg38"
10	994	"chr12"	"CpG"	"hg38"
10	786	"chr13"	"CpG"	"hg38"
10	792	"chr14"	"CpG"	"hg38"
10	618	"chr15"	"CpG"	"hg38"
10	724	"chr16"	"CpG"	"hg38"
10	696	"chr17"	"CpG"	"hg38"
10	632	"chr18"	"CpG"	"hg38"
10	420	"chr19"	"CpG"	"hg38"
10	1908	"chr2"	"CpG"	"hg38"
10	618	"chr20"	"CpG"	"hg38"
10	330	"chr21"	"CpG"	"hg38"
10	370	"chr22"	"CpG"	"hg38"
10	1548	"chr3"	"CpG"	"hg38"
10	1468	"chr4"	"CpG"	"hg38"
10	1400	"chr5"	"CpG"	"hg38"
10	1292	"chr6"	"CpG"	"hg38"
10	1292	"chr7"	"CpG"	"hg38"
10	1226	"chr8"	"CpG"	"hg38"
10	940	"chr9"	"CpG"	"hg38"
10	960	"chrX"	"CpG"	"hg38"
10	188	"chrY"	"CpG"	"hg38"
10.1	1792	"chr1"	"CpG"	"hg38"
10.1	1046	"chr10"	"CpG"	"hg38"
10.1	1144	"chr11"	"CpG"	"hg38"
10.1	1028	"chr12"	"CpG"	"hg38"
10.1	744	"chr13"	"CpG"	"hg38"
10.1	794	"chr14"	"CpG"	"hg38"
10.1	610	"chr15"	"CpG"	"hg38"
10.1	696	"chr16"	"CpG"	"hg38"
10.1	704	"chr17"	"CpG"	"hg38"
10.1	634	"chr18"	"CpG"	"hg38"
10.1	482	"chr19"	"CpG"	"hg38"
10.1	1820	"chr2"	"CpG"	"hg38"
10.1	608	"chr20"	"CpG"	"hg38"
10.1	340	"chr21"	"CpG"	"hg38"
10.1	352	"chr22"	"CpG"	"hg38"
10.1	1454	"chr3"	"CpG"	"hg38"
10.1	1506	"chr4"	"CpG"	"hg38"
10.1	1386	"chr5"	"CpG"	"hg38"
10.1	1334	"chr6"	"CpG"	"hg38"
10.1	1150	"chr7"	"CpG"	"hg38"
10.1	1144	"chr8"	"CpG"	"hg38"
10.1	982	"chr9"	"CpG"	"hg38"
10.1	986	"chrX"	"CpG"	"hg38"
10.1	180	"chrY"	"CpG"	"hg38"
10.2	1686	"chr1"	"CpG"	"hg38"
10.2	1058	"chr10"	"CpG"	"hg38"
10.2	1094	"chr11"	"CpG"	"hg38"
10.2	972	"chr12"	"CpG"	"hg38"
10.2	798	"chr13"	"CpG"	"hg38"
10.2	706	"chr14"	"CpG"	"hg38"
10.2	678	"chr15"	"CpG"	"hg38"
10.2	788	"chr16"	"CpG"	"hg38"
10.2	718	"chr17"	"CpG"	"hg38"
10.2	616	"chr18"	"CpG"	"hg38"
10.2	498	"chr19"	"CpG"	"hg38"
10.2	1808	"chr2"	"CpG"	"hg38"
10.2	580	"chr20"	"CpG"	"hg38"
10.2	302	"chr21"	"CpG"	"hg38"
10.2	332	"chr22"	"CpG"	"hg38"
10.2	1388	"chr3"	"CpG"	"hg38"
10.2	1412	"chr4"	"CpG"	"hg38"
10.2	1306	"chr5"	"CpG"	"hg38"
10.2	1200	"chr6"	"CpG"	"hg38"
10.2	1124	"chr7"	"CpG"	"hg38"
10.2	1194	"chr8"	"CpG"	"hg38"
10.2	906	"chr9"	"CpG"	"hg38"
10.2	1002	"chrX"	"CpG"	"hg38"
10.2	154	"chrY"	"CpG"	"hg38"
10.3	1666	"chr1"	"CpG"	"hg38"
10.3	1006	"chr10"	"CpG"	"hg38"
10.3	1046	"chr11"	"CpG"	"hg38"
10.3	926	"chr12"	"CpG"	"hg38"
10.3	778	"chr13"	"CpG"	"hg38"
10.3	646	"chr14"	"CpG"	"hg38"
10.3	666	"chr15"	"CpG"	"hg38"
10.3	766	"chr16"	"CpG"	"hg38"
10.3	662	"chr17"	"CpG"	"hg38"
10.3	658	"chr18"	"CpG"	"hg38"
10.3	482	"chr19"	"CpG"	"hg38"
10.3	1806	"chr2"	"CpG"	"hg38"
10.3	570	"chr20"	"CpG"	"hg38"
10.3	326	"chr21"	"CpG"	"hg38"
10.3	318	"chr22"	"CpG"	"hg38"
10.3	1470	"chr3"	"CpG"	"hg38"
10.3	1472	"chr4"	"CpG"	"hg38"
10.3	1364	"chr5"	"CpG"	"hg38"
10.3	1256	"chr6"	"CpG"	"hg38"
10.3	1166	"chr7"	"CpG"	"hg38"
10.3	1238	"chr8"	"CpG"	"hg38"
10.3	968	"chr9"	"CpG"	"hg38"
10.3	978	"chrX"	"CpG"	"hg38"
10.3	150	"chrY"	"CpG"	"hg38"
10.4	1764	"chr1"	"CpG"	"hg38"
10.4	1028	"chr10"	"CpG"	"hg38"
10.4	1074	"chr11"	"CpG"	"hg38"
10.4	1006	"chr12"	"CpG"	"hg38"
10.4	722	"chr13"	"CpG"	"hg38"
10.4	700	"chr14"	"CpG"	"hg38"
10.4	666	"chr15"	"CpG"	"hg38"
10.4	704	"chr16"	"CpG"	"hg38"
10.4	716	"chr17"	"CpG"	"hg38"
10.4	676	"chr18"	"CpG"	"hg38"
10.4	580	"chr19"	"CpG"	"hg38"
10.4	1764	"chr2"	"CpG"	"hg38"
10.4	548	"chr20"	"CpG"	"hg38"
10.4	312	"chr21"	"CpG"	"hg38"
10.4	342	"chr22"	"CpG"	"hg38"
10.4	1390	"chr3"	"CpG"	"hg38"
10.4	1406	"chr4"	"CpG"	"hg38"
10.4	1348	"chr5"	"CpG"	"hg38"
10.4	1250	"chr6"	"CpG"	"hg38"
10.4	1280	"chr7"	"CpG"	"hg38"
10.4	1206	"chr8"	"CpG"	"hg38"
10.4	952	"chr9"	"CpG"	"hg38"
10.4	920	"chrX"	"CpG"	"hg38"
10.4	172	"chrY"	"CpG"	"hg38"
10.5	1702	"chr1"	"CpG"	"hg38"
10.5	1114	"chr10"	"CpG"	"hg38"
10.5	1056	"chr11"	"CpG"	"hg38"
10.5	900	"chr12"	"CpG"	"hg38"
10.5	754	"chr13"	"CpG"	"hg38"
10.5	642	"chr14"	"CpG"	"hg38"
10.5	604	"chr15"	"CpG"	"hg38"
10.5	712	"chr16"	"CpG"	"hg38"
10.5	708	"chr17"	"CpG"	"hg38"
10.5	648	"chr18"	"CpG"	"hg38"
10.5	452	"chr19"	"CpG"	"hg38"
10.5	1794	"chr2"	"CpG"	"hg38"
10.5	584	"chr20"	"CpG"	"hg38"
10.5	334	"chr21"	"CpG"	"hg38"
10.5	348	"chr22"	"CpG"	"hg38"
10.5	1366	"chr3"	"CpG"	"hg38"
10.5	1396	"chr4"	"CpG"	"hg38"
10.5	1314	"chr5"	"CpG"	"hg38"
10.5	1242	"chr6"	"CpG"	"hg38"
10.5	1198	"chr7"	"CpG"	"hg38"
10.5	1170	"chr8"	"CpG"	"hg38"
10.5	942	"chr9"	"CpG"	"hg38"
10.5	870	"chrX"	"CpG"	"hg38"
10.5	148	"chrY"	"CpG"	"hg38"
10.6	1614	"chr1"	"CpG"	"hg38"
10.6	1016	"chr10"	"CpG"	"hg38"
10.6	1184	"chr11"	"CpG"	"hg38"
10.6	932	"chr12"	"CpG"	"hg38"
10.6	780	"chr13"	"CpG"	"hg38"
10.6	604	"chr14"	"CpG"	"hg38"
10.6	580	"chr15"	"CpG"	"hg38"
10.6	706	"chr16"	"CpG"	"hg38"
10.6	664	"chr17"	"CpG"	"hg38"
10.6	638	"chr18"	"CpG"	"hg38"
10.6	520	"chr19"	"CpG"	"hg38"
10.6	1666	"chr2"	"CpG"	"hg38"
10.6	586	"chr20"	"CpG"	"hg38"
10.6	348	"chr21"	"CpG"	"hg38"
10.6	280	"chr22"	"CpG"	"hg38"
10.6	1352	"chr3"	"CpG"	"hg38"
10.6	1242	"chr4"	"CpG"	"hg38"
10.6	1334	"chr5"	"CpG"	"hg38"
10.6	1184	"chr6"	"CpG"	"hg38"
10.6	1080	"chr7"	"CpG"	"hg38"
10.6	1078	"chr8"	"CpG"	"hg38"
10.6	846	"chr9"	"CpG"	"hg38"
10.6	966	"chrX"	"CpG"	"hg38"
10.6	150	"chrY"	"CpG"	"hg38"
10.7	1606	"chr1"	"CpG"	"hg38"
10.7	992	"chr10"	"CpG"	"hg38"
10.7	1042	"chr11"	"CpG"	"hg38"
10.7	938	"chr12"	"CpG"	"hg38"
10.7	790	"chr13"	"CpG"	"hg38"
10.7	754	"chr14"	"CpG"	"hg38"
10.7	628	"chr15"	"CpG"	"hg38"
10.7	736	"chr16"	"CpG"	"hg38"
10.7	658	"chr17"	"CpG"	"hg38"
10.7	596	"chr18"	"CpG"	"hg38"
10.7	454	"chr19"	"CpG"	"hg38"
10.7	1598	"chr2"	"CpG"	"hg38"
10.7	520	"chr20"	"CpG"	"hg38"
10.7	310	"chr21"	"CpG"	"hg38"
10.7	364	"chr22"	"CpG"	"hg38"
10.7	1442	"chr3"	"CpG"	"hg38"
10.7	1448	"chr4"	"CpG"	"hg38"
10.7	1366	"chr5"	"CpG"	"hg38"
10.7	1142	"chr6"	"CpG"	"hg38"
10.7	1028	"chr7"	"CpG"	"hg38"
10.7	1132	"chr8"	"CpG"	"hg38"
10.7	930	"chr9"	"CpG"	"hg38"
10.7	846	"chrX"	"CpG"	"hg38"
10.7	184	"chrY"	"CpG"	"hg38"
10.8	1714	"chr1"	"CpG"	"hg38"
10.8	994	"chr10"	"CpG"	"hg38"
10.8	1012	"chr11"	"CpG"	"hg38"
10.8	914	"chr12"	"CpG"	"hg38"
10.8	760	"chr13"	"CpG"	"hg38"
10.8	604	"chr14"	"CpG"	"hg38"
10.8	588	"chr15"	"CpG"	"hg38"
10.8	672	"chr16"	"CpG"	"hg38"
10.8	684	"chr17"	"CpG"	"hg38"
10.8	556	"chr18"	"CpG"	"hg38"
10.8	540	"chr19"	"CpG"	"hg38"
10.8	1700	"chr2"	"CpG"	"hg38"
10.8	570	"chr20"	"CpG"	"hg38"
10.8	328	"chr21"	"CpG"	"hg38"
10.8	338	"chr22"	"CpG"	"hg38"
10.8	1354	"chr3"	"CpG"	"hg38"
10.8	1294	"chr4"	"CpG"	"hg38"
10.8	1262	"chr5"	"CpG"	"hg38"
10.8	1096	"chr6"	"CpG"	"hg38"
10.8	1014	"chr7"	"CpG"	"hg38"
10.8	1146	"chr8"	"CpG"	"hg38"
10.8	870	"chr9"	"CpG"	"hg38"
10.8	910	"chrX"	"CpG"	"hg38"
10.8	144	"chrY"	"CpG"	"hg38"
10.9	1584	"chr1"	"CpG"	"hg38"
10.9	978	"chr10"	"CpG"	"hg38"
10.9	1088	"chr11"	"CpG"	"hg38"
10.9	934	"chr12"	"CpG"	"hg38"
10.9	708	"chr13"	"CpG"	"hg38"
10.9	668	"chr14"	"CpG"	"hg38"
10.9	598	"chr15"	"CpG"	"hg38"
10.9	638	"chr16"	"CpG"	"hg38"
10.9	628	"chr17"	"CpG"	"hg38"
10.9	550	"chr18"	"CpG"	"hg38"
10.9	472	"chr19"	"CpG"	"hg38"
10.9	1684	"chr2"	"CpG"	"hg38"
10.9	576	"chr20"	"CpG"	"hg38"
10.9	308	"chr21"	"CpG"	"hg38"
10.9	324	"chr22"	"CpG"	"hg38"
10.9	1298	"chr3"	"CpG"	"hg38"
10.9	1352	"chr4"	"CpG"	"hg38"
10.9	1284	"chr5"	"CpG"	"hg38"
10.9	1132	"chr6"	"CpG"	"hg38"
10.9	1158	"chr7"	"CpG"	"hg38"
10.9	1048	"chr8"	"CpG"	"hg38"
10.9	868	"chr9"	"CpG"	"hg38"
10.9	870	"chrX"	"CpG"	"hg38"
10.9	202	"chrY"	"CpG"	"hg38"
11	1678	"chr1"	"CpG"	"hg38"
11	928	"chr10"	"CpG"	"hg38"
11	958	"chr11"	"CpG"	"hg38"
11	850	"chr12"	"CpG"	"hg38"
11	670	"chr13"	"CpG"	"hg38"
11	670	"chr14"	"CpG"	"hg38"
11	564	"chr15"	"CpG"	"hg38"
11	754	"chr16"	"CpG"	"hg38"
11	654	"chr17"	"CpG"	"hg38"
11	654	"chr18"	"CpG"	"hg38"
11	522	"chr19"	"CpG"	"hg38"
11	1614	"chr2"	"CpG"	"hg38"
11	498	"chr20"	"CpG"	"hg38"
11	358	"chr21"	"CpG"	"hg38"
11	350	"chr22"	"CpG"	"hg38"
11	1246	"chr3"	"CpG"	"hg38"
11	1360	"chr4"	"CpG"	"hg38"
11	1256	"chr5"	"CpG"	"hg38"
11	1048	"chr6"	"CpG"	"hg38"
11	1102	"chr7"	"CpG"	"hg38"
11	1180	"chr8"	"CpG"	"hg38"
11	856	"chr9"	"CpG"	"hg38"
11	944	"chrX"	"CpG"	"hg38"
11	164	"chrY"	"CpG"	"hg38"
11.1	1516	"chr1"	"CpG"	"hg38"
11.1	884	"chr10"	"CpG"	"hg38"
11.1	928	"chr11"	"CpG"	"hg38"
11.1	860	"chr12"	"CpG"	"hg38"
11.1	738	"chr13"	"CpG"	"hg38"
11.1	588	"chr14"	"CpG"	"hg38"
11.1	642	"chr15"	"CpG"	"hg38"
11.1	708	"chr16"	"CpG"	"hg38"
11.1	570	"chr17"	"CpG"	"hg38"
11.1	586	"chr18"	"CpG"	"hg38"
11.1	468	"chr19"	"CpG"	"hg38"
11.1	1728	"chr2"	"CpG"	"hg38"
11.1	498	"chr20"	"CpG"	"hg38"
11.1	306	"chr21"	"CpG"	"hg38"
11.1	356	"chr22"	"CpG"	"hg38"
11.1	1372	"chr3"	"CpG"	"hg38"
11.1	1312	"chr4"	"CpG"	"hg38"
11.1	1202	"chr5"	"CpG"	"hg38"
11.1	1106	"chr6"	"CpG"	"hg38"
11.1	1056	"chr7"	"CpG"	"hg38"
11.1	1062	"chr8"	"CpG"	"hg38"
11.1	810	"chr9"	"CpG"	"hg38"
11.1	874	"chrX"	"CpG"	"hg38"
11.1	122	"chrY"	"CpG"	"hg38"
11.2	1648	"chr1"	"CpG"	"hg38"
11.2	1014	"chr10"	"CpG"	"hg38"
11.2	1004	"chr11"	"CpG"	"hg38"
11.2	874	"chr12"	"CpG"	"hg38"
11.2	680	"chr13"	"CpG"	"hg38"
11.2	644	"chr14"	"CpG"	"hg38"
11.2	640	"chr15"	"CpG"	"hg38"
11.2	594	"chr16"	"CpG"	"hg38"
11.2	592	"chr17"	"CpG"	"hg38"
11.2	514	"chr18"	"CpG"	"hg38"
11.2	460	"chr19"	"CpG"	"hg38"
11.2	1554	"chr2"	"CpG"	"hg38"
11.2	508	"chr20"	"CpG"	"hg38"
11.2	326	"chr21"	"CpG"	"hg38"
11.2	328	"chr22"	"CpG"	"hg38"
11.2	1282	"chr3"	"CpG"	"hg38"
11.2	1278	"chr4"	"CpG"	"hg38"
11.2	1290	"chr5"	"CpG"	"hg38"
11.2	1108	"chr6"	"CpG"	"hg38"
11.2	1030	"chr7"	"CpG"	"hg38"
11.2	1060	"chr8"	"CpG"	"hg38"
11.2	734	"chr9"	"CpG"	"hg38"
11.2	810	"chrX"	"CpG"	"hg38"
11.2	142	"chrY"	"CpG"	"hg38"
11.3	1540	"chr1"	"CpG"	"hg38"
11.3	972	"chr10"	"CpG"	"hg38"
11.3	934	"chr11"	"CpG"	"hg38"
11.3	886	"chr12"	"CpG"	"hg38"
11.3	734	"chr13"	"CpG"	"hg38"
11.3	646	"chr14"	"CpG"	"hg38"
11.3	594	"chr15"	"CpG"	"hg38"
11.3	596	"chr16"	"CpG"	"hg38"
11.3	664	"chr17"	"CpG"	"hg38"
11.3	518	"chr18"	"CpG"	"hg38"
11.3	418	"chr19"	"CpG"	"hg38"
11.3	1490	"chr2"	"CpG"	"hg38"
11.3	558	"chr20"	"CpG"	"hg38"
11.3	300	"chr21"	"CpG"	"hg38"
11.3	338	"chr22"	"CpG"	"hg38"
11.3	1234	"chr3"	"CpG"	"hg38"
11.3	1320	"chr4"	"CpG"	"hg38"
11.3	1160	"chr5"	"CpG"	"hg38"
11.3	1110	"chr6"	"CpG"	"hg38"
11.3	988	"chr7"	"CpG"	"hg38"
11.3	1040	"chr8"	"CpG"	"hg38"
11.3	866	"chr9"	"CpG"	"hg38"
11.3	768	"chrX"	"CpG"	"hg38"
11.3	144	"chrY"	"CpG"	"hg38"
11.4	1578	"chr1"	"CpG"	"hg38"
11.4	960	"chr10"	"CpG"	"hg38"
11.4	942	"chr11"	"CpG"	"hg38"
11.4	868	"chr12"	"CpG"	"hg38"
11.4	672	"chr13"	"CpG"	"hg38"
11.4	630	"chr14"	"CpG"	"hg38"
11.4	516	"chr15"	"CpG"	"hg38"
11.4	666	"chr16"	"CpG"	"hg38"
11.4	582	"chr17"	"CpG"	"hg38"
11.4	550	"chr18"	"CpG"	"hg38"
11.4	450	"chr19"	"CpG"	"hg38"
11.4	1626	"chr2"	"CpG"	"hg38"
11.4	516	"chr20"	"CpG"	"hg38"
11.4	338	"chr21"	"CpG"	"hg38"
11.4	292	"chr22"	"CpG"	"hg38"
11.4	1322	"chr3"	"CpG"	"hg38"
11.4	1284	"chr4"	"CpG"	"hg38"
11.4	1244	"chr5"	"CpG"	"hg38"
11.4	1124	"chr6"	"CpG"	"hg38"
11.4	1028	"chr7"	"CpG"	"hg38"
11.4	1058	"chr8"	"CpG"	"hg38"
11.4	776	"chr9"	"CpG"	"hg38"
11.4	792	"chrX"	"CpG"	"hg38"
11.4	144	"chrY"	"CpG"	"hg38"
11.5	1432	"chr1"	"CpG"	"hg38"
11.5	880	"chr10"	"CpG"	"hg38"
11.5	912	"chr11"	"CpG"	"hg38"
11.5	854	"chr12"	"CpG"	"hg38"
11.5	658	"chr13"	"CpG"	"hg38"
11.5	584	"chr14"	"CpG"	"hg38"
11.5	568	"chr15"	"CpG"	"hg38"
11.5	640	"chr16"	"CpG"	"hg38"
11.5	598	"chr17"	"CpG"	"hg38"
11.5	516	"chr18"	"CpG"	"hg38"
11.5	492	"chr19"	"CpG"	"hg38"
11.5	1504	"chr2"	"CpG"	"hg38"
11.5	514	"chr20"	"CpG"	"hg38"
11.5	290	"chr21"	"CpG"	"hg38"
11.5	346	"chr22"	"CpG"	"hg38"
11.5	1252	"chr3"	"CpG"	"hg38"
11.5	1182	"chr4"	"CpG"	"hg38"
11.5	1174	"chr5"	"CpG"	"hg38"
11.5	1068	"chr6"	"CpG"	"hg38"
11.5	1030	"chr7"	"CpG"	"hg38"
11.5	1006	"chr8"	"CpG"	"hg38"
11.5	826	"chr9"	"CpG"	"hg38"
11.5	800	"chrX"	"CpG"	"hg38"
11.5	164	"chrY"	"CpG"	"hg38"
11.6	1456	"chr1"	"CpG"	"hg38"
11.6	894	"chr10"	"CpG"	"hg38"
11.6	868	"chr11"	"CpG"	"hg38"
11.6	852	"chr12"	"CpG"	"hg38"
11.6	688	"chr13"	"CpG"	"hg38"
11.6	622	"chr14"	"CpG"	"hg38"
11.6	604	"chr15"	"CpG"	"hg38"
11.6	602	"chr16"	"CpG"	"hg38"
11.6	598	"chr17"	"CpG"	"hg38"
11.6	566	"chr18"	"CpG"	"hg38"
11.6	418	"chr19"	"CpG"	"hg38"
11.6	1536	"chr2"	"CpG"	"hg38"
11.6	488	"chr20"	"CpG"	"hg38"
11.6	268	"chr21"	"CpG"	"hg38"
11.6	296	"chr22"	"CpG"	"hg38"
11.6	1370	"chr3"	"CpG"	"hg38"
11.6	1232	"chr4"	"CpG"	"hg38"
11.6	1258	"chr5"	"CpG"	"hg38"
11.6	1048	"chr6"	"CpG"	"hg38"
11.6	1028	"chr7"	"CpG"	"hg38"
11.6	972	"chr8"	"CpG"	"hg38"
11.6	800	"chr9"	"CpG"	"hg38"
11.6	782	"chrX"	"CpG"	"hg38"
11.6	166	"chrY"	"CpG"	"hg38"
11.7	1574	"chr1"	"CpG"	"hg38"
11.7	948	"chr10"	"CpG"	"hg38"
11.7	882	"chr11"	"CpG"	"hg38"
11.7	770	"chr12"	"CpG"	"hg38"
11.7	672	"chr13"	"CpG"	"hg38"
11.7	604	"chr14"	"CpG"	"hg38"
11.7	600	"chr15"	"CpG"	"hg38"
11.7	658	"chr16"	"CpG"	"hg38"
11.7	636	"chr17"	"CpG"	"hg38"
11.7	564	"chr18"	"CpG"	"hg38"
11.7	448	"chr19"	"CpG"	"hg38"
11.7	1542	"chr2"	"CpG"	"hg38"
11.7	494	"chr20"	"CpG"	"hg38"
11.7	348	"chr21"	"CpG"	"hg38"
11.7	304	"chr22"	"CpG"	"hg38"
11.7	1228	"chr3"	"CpG"	"hg38"
11.7	1316	"chr4"	"CpG"	"hg38"
11.7	1218	"chr5"	"CpG"	"hg38"
11.7	1046	"chr6"	"CpG"	"hg38"
11.7	1024	"chr7"	"CpG"	"hg38"
11.7	1030	"chr8"	"CpG"	"hg38"
11.7	774	"chr9"	"CpG"	"hg38"
11.7	808	"chrX"	"CpG"	"hg38"
11.7	134	"chrY"	"CpG"	"hg38"
11.8	1458	"chr1"	"CpG"	"hg38"
11.8	774	"chr10"	"CpG"	"hg38"
11.8	912	"chr11"	"CpG"	"hg38"
11.8	854	"chr12"	"CpG"	"hg38"
11.8	644	"chr13"	"CpG"	"hg38"
11.8	554	"chr14"	"CpG"	"hg38"
11.8	572	"chr15"	"CpG"	"hg38"
11.8	626	"chr16"	"CpG"	"hg38"
11.8	550	"chr17"	"CpG"	"hg38"
11.8	578	"chr18"	"CpG"	"hg38"
11.8	434	"chr19"	"CpG"	"hg38"
11.8	1486	"chr2"	"CpG"	"hg38"
11.8	506	"chr20"	"CpG"	"hg38"
11.8	320	"chr21"	"CpG"	"hg38"
11.8	290	"chr22"	"CpG"	"hg38"
11.8	1174	"chr3"	"CpG"	"hg38"
11.8	1204	"chr4"	"CpG"	"hg38"
11.8	1190	"chr5"	"CpG"	"hg38"
11.8	1110	"chr6"	"CpG"	"hg38"
11.8	982	"chr7"	"CpG"	"hg38"
11.8	1018	"chr8"	"CpG"	"hg38"
11.8	776	"chr9"	"CpG"	"hg38"
11.8	790	"chrX"	"CpG"	"hg38"
11.8	144	"chrY"	"CpG"	"hg38"
11.9	1464	"chr1"	"CpG"	"hg38"
11.9	882	"chr10"	"CpG"	"hg38"
11.9	896	"chr11"	"CpG"	"hg38"
11.9	814	"chr12"	"CpG"	"hg38"
11.9	620	"chr13"	"CpG"	"hg38"
11.9	566	"chr14"	"CpG"	"hg38"
11.9	532	"chr15"	"CpG"	"hg38"
11.9	562	"chr16"	"CpG"	"hg38"
11.9	602	"chr17"	"CpG"	"hg38"
11.9	520	"chr18"	"CpG"	"hg38"
11.9	392	"chr19"	"CpG"	"hg38"
11.9	1588	"chr2"	"CpG"	"hg38"
11.9	470	"chr20"	"CpG"	"hg38"
11.9	288	"chr21"	"CpG"	"hg38"
11.9	312	"chr22"	"CpG"	"hg38"
11.9	1124	"chr3"	"CpG"	"hg38"
11.9	1206	"chr4"	"CpG"	"hg38"
11.9	1160	"chr5"	"CpG"	"hg38"
11.9	1062	"chr6"	"CpG"	"hg38"
11.9	982	"chr7"	"CpG"	"hg38"
11.9	1060	"chr8"	"CpG"	"hg38"
11.9	778	"chr9"	"CpG"	"hg38"
11.9	790	"chrX"	"CpG"	"hg38"
11.9	108	"chrY"	"CpG"	"hg38"
12	1440	"chr1"	"CpG"	"hg38"
12	916	"chr10"	"CpG"	"hg38"
12	976	"chr11"	"CpG"	"hg38"
12	800	"chr12"	"CpG"	"hg38"
12	612	"chr13"	"CpG"	"hg38"
12	512	"chr14"	"CpG"	"hg38"
12	582	"chr15"	"CpG"	"hg38"
12	598	"chr16"	"CpG"	"hg38"
12	582	"chr17"	"CpG"	"hg38"
12	518	"chr18"	"CpG"	"hg38"
12	400	"chr19"	"CpG"	"hg38"
12	1440	"chr2"	"CpG"	"hg38"
12	526	"chr20"	"CpG"	"hg38"
12	290	"chr21"	"CpG"	"hg38"
12	290	"chr22"	"CpG"	"hg38"
12	1214	"chr3"	"CpG"	"hg38"
12	1186	"chr4"	"CpG"	"hg38"
12	1096	"chr5"	"CpG"	"hg38"
12	1034	"chr6"	"CpG"	"hg38"
12	956	"chr7"	"CpG"	"hg38"
12	962	"chr8"	"CpG"	"hg38"
12	788	"chr9"	"CpG"	"hg38"
12	672	"chrX"	"CpG"	"hg38"
12	130	"chrY"	"CpG"	"hg38"
12.1	1466	"chr1"	"CpG"	"hg38"
12.1	794	"chr10"	"CpG"	"hg38"
12.1	952	"chr11"	"CpG"	"hg38"
12.1	770	"chr12"	"CpG"	"hg38"
12.1	642	"chr13"	"CpG"	"hg38"
12.1	532	"chr14"	"CpG"	"hg38"
12.1	576	"chr15"	"CpG"	"hg38"
12.1	618	"chr16"	"CpG"	"hg38"
12.1	534	"chr17"	"CpG"	"hg38"
12.1	516	"chr18"	"CpG"	"hg38"
12.1	416	"chr19"	"CpG"	"hg38"
12.1	1452	"chr2"	"CpG"	"hg38"
12.1	458	"chr20"	"CpG"	"hg38"
12.1	324	"chr21"	"CpG"	"hg38"
12.1	282	"chr22"	"CpG"	"hg38"
12.1	1178	"chr3"	"CpG"	"hg38"
12.1	1132	"chr4"	"CpG"	"hg38"
12.1	1186	"chr5"	"CpG"	"hg38"
12.1	1000	"chr6"	"CpG"	"hg38"
12.1	1002	"chr7"	"CpG"	"hg38"
12.1	934	"chr8"	"CpG"	"hg38"
12.1	856	"chr9"	"CpG"	"hg38"
12.1	826	"chrX"	"CpG"	"hg38"
12.1	152	"chrY"	"CpG"	"hg38"
12.2	1460	"chr1"	"CpG"	"hg38"
12.2	884	"chr10"	"CpG"	"hg38"
12.2	874	"chr11"	"CpG"	"hg38"
12.2	754	"chr12"	"CpG"	"hg38"
12.2	660	"chr13"	"CpG"	"hg38"
12.2	560	"chr14"	"CpG"	"hg38"
12.2	552	"chr15"	"CpG"	"hg38"
12.2	584	"chr16"	"CpG"	"hg38"
12.2	552	"chr17"	"CpG"	"hg38"
12.2	562	"chr18"	"CpG"	"hg38"
12.2	456	"chr19"	"CpG"	"hg38"
12.2	1448	"chr2"	"CpG"	"hg38"
12.2	496	"chr20"	"CpG"	"hg38"
12.2	278	"chr21"	"CpG"	"hg38"
12.2	280	"chr22"	"CpG"	"hg38"
12.2	1122	"chr3"	"CpG"	"hg38"
12.2	1154	"chr4"	"CpG"	"hg38"
12.2	1156	"chr5"	"CpG"	"hg38"
12.2	978	"chr6"	"CpG"	"hg38"
12.2	910	"chr7"	"CpG"	"hg38"
12.2	1006	"chr8"	"CpG"	"hg38"
12.2	812	"chr9"	"CpG"	"hg38"
12.2	702	"chrX"	"CpG"	"hg38"
12.2	148	"chrY"	"CpG"	"hg38"
12.3	1382	"chr1"	"CpG"	"hg38"
12.3	866	"chr10"	"CpG"	"hg38"
12.3	916	"chr11"	"CpG"	"hg38"
12.3	774	"chr12"	"CpG"	"hg38"
12.3	608	"chr13"	"CpG"	"hg38"
12.3	556	"chr14"	"CpG"	"hg38"
12.3	556	"chr15"	"CpG"	"hg38"
12.3	556	"chr16"	"CpG"	"hg38"
12.3	548	"chr17"	"CpG"	"hg38"
12.3	540	"chr18"	"CpG"	"hg38"
12.3	362	"chr19"	"CpG"	"hg38"
12.3	1422	"chr2"	"CpG"	"hg38"
12.3	436	"chr20"	"CpG"	"hg38"
12.3	278	"chr21"	"CpG"	"hg38"
12.3	282	"chr22"	"CpG"	"hg38"
12.3	1242	"chr3"	"CpG"	"hg38"
12.3	1062	"chr4"	"CpG"	"hg38"
12.3	1180	"chr5"	"CpG"	"hg38"
12.3	1034	"chr6"	"CpG"	"hg38"
12.3	972	"chr7"	"CpG"	"hg38"
12.3	1030	"chr8"	"CpG"	"hg38"
12.3	748	"chr9"	"CpG"	"hg38"
12.3	796	"chrX"	"CpG"	"hg38"
12.3	130	"chrY"	"CpG"	"hg38"
12.4	1370	"chr1"	"CpG"	"hg38"
12.4	838	"chr10"	"CpG"	"hg38"
12.4	878	"chr11"	"CpG"	"hg38"
12.4	856	"chr12"	"CpG"	"hg38"
12.4	620	"chr13"	"CpG"	"hg38"
12.4	582	"chr14"	"CpG"	"hg38"
12.4	552	"chr15"	"CpG"	"hg38"
12.4	576	"chr16"	"CpG"	"hg38"
12.4	504	"chr17"	"CpG"	"hg38"
12.4	544	"chr18"	"CpG"	"hg38"
12.4	412	"chr19"	"CpG"	"hg38"
12.4	1488	"chr2"	"CpG"	"hg38"
12.4	450	"chr20"	"CpG"	"hg38"
12.4	268	"chr21"	"CpG"	"hg38"
12.4	284	"chr22"	"CpG"	"hg38"
12.4	1168	"chr3"	"CpG"	"hg38"
12.4	1102	"chr4"	"CpG"	"hg38"
12.4	1064	"chr5"	"CpG"	"hg38"
12.4	942	"chr6"	"CpG"	"hg38"
12.4	906	"chr7"	"CpG"	"hg38"
12.4	948	"chr8"	"CpG"	"hg38"
12.4	740	"chr9"	"CpG"	"hg38"
12.4	726	"chrX"	"CpG"	"hg38"
12.4	154	"chrY"	"CpG"	"hg38"
12.5	1454	"chr1"	"CpG"	"hg38"
12.5	884	"chr10"	"CpG"	"hg38"
12.5	782	"chr11"	"CpG"	"hg38"
12.5	746	"chr12"	"CpG"	"hg38"
12.5	642	"chr13"	"CpG"	"hg38"
12.5	586	"chr14"	"CpG"	"hg38"
12.5	482	"chr15"	"CpG"	"hg38"
12.5	568	"chr16"	"CpG"	"hg38"
12.5	596	"chr17"	"CpG"	"hg38"
12.5	544	"chr18"	"CpG"	"hg38"
12.5	428	"chr19"	"CpG"	"hg38"
12.5	1322	"chr2"	"CpG"	"hg38"
12.5	456	"chr20"	"CpG"	"hg38"
12.5	292	"chr21"	"CpG"	"hg38"
12.5	278	"chr22"	"CpG"	"hg38"
12.5	1174	"chr3"	"CpG"	"hg38"
12.5	1128	"chr4"	"CpG"	"hg38"
12.5	1160	"chr5"	"CpG"	"hg38"
12.5	942	"chr6"	"CpG"	"hg38"
12.5	1022	"chr7"	"CpG"	"hg38"
12.5	908	"chr8"	"CpG"	"hg38"
12.5	718	"chr9"	"CpG"	"hg38"
12.5	848	"chrX"	"CpG"	"hg38"
12.5	112	"chrY"	"CpG"	"hg38"
12.6	1366	"chr1"	"CpG"	"hg38"
12.6	794	"chr10"	"CpG"	"hg38"
12.6	752	"chr11"	"CpG"	"hg38"
12.6	726	"chr12"	"CpG"	"hg38"
12.6	626	"chr13"	"CpG"	"hg38"
12.6	536	"chr14"	"CpG"	"hg38"
12.6	534	"chr15"	"CpG"	"hg38"
12.6	600	"chr16"	"CpG"	"hg38"
12.6	570	"chr17"	"CpG"	"hg38"
12.6	538	"chr18"	"CpG"	"hg38"
12.6	404	"chr19"	"CpG"	"hg38"
12.6	1366	"chr2"	"CpG"	"hg38"
12.6	480	"chr20"	"CpG"	"hg38"
12.6	264	"chr21"	"CpG"	"hg38"
12.6	258	"chr22"	"CpG"	"hg38"
12.6	1044	"chr3"	"CpG"	"hg38"
12.6	1146	"chr4"	"CpG"	"hg38"
12.6	1102	"chr5"	"CpG"	"hg38"
12.6	942	"chr6"	"CpG"	"hg38"
12.6	856	"chr7"	"CpG"	"hg38"
12.6	954	"chr8"	"CpG"	"hg38"
12.6	728	"chr9"	"CpG"	"hg38"
12.6	676	"chrX"	"CpG"	"hg38"
12.6	144	"chrY"	"CpG"	"hg38"
12.7	1344	"chr1"	"CpG"	"hg38"
12.7	812	"chr10"	"CpG"	"hg38"
12.7	878	"chr11"	"CpG"	"hg38"
12.7	838	"chr12"	"CpG"	"hg38"
12.7	594	"chr13"	"CpG"	"hg38"
12.7	580	"chr14"	"CpG"	"hg38"
12.7	522	"chr15"	"CpG"	"hg38"
12.7	572	"chr16"	"CpG"	"hg38"
12.7	512	"chr17"	"CpG"	"hg38"
12.7	476	"chr18"	"CpG"	"hg38"
12.7	380	"chr19"	"CpG"	"hg38"
12.7	1286	"chr2"	"CpG"	"hg38"
12.7	450	"chr20"	"CpG"	"hg38"
12.7	284	"chr21"	"CpG"	"hg38"
12.7	270	"chr22"	"CpG"	"hg38"
12.7	1198	"chr3"	"CpG"	"hg38"
12.7	1118	"chr4"	"CpG"	"hg38"
12.7	1068	"chr5"	"CpG"	"hg38"
12.7	926	"chr6"	"CpG"	"hg38"
12.7	992	"chr7"	"CpG"	"hg38"
12.7	1054	"chr8"	"CpG"	"hg38"
12.7	694	"chr9"	"CpG"	"hg38"
12.7	698	"chrX"	"CpG"	"hg38"
12.7	122	"chrY"	"CpG"	"hg38"
12.8	1312	"chr1"	"CpG"	"hg38"
12.8	858	"chr10"	"CpG"	"hg38"
12.8	922	"chr11"	"CpG"	"hg38"
12.8	746	"chr12"	"CpG"	"hg38"
12.8	598	"chr13"	"CpG"	"hg38"
12.8	512	"chr14"	"CpG"	"hg38"
12.8	542	"chr15"	"CpG"	"hg38"
12.8	602	"chr16"	"CpG"	"hg38"
12.8	566	"chr17"	"CpG"	"hg38"
12.8	474	"chr18"	"CpG"	"hg38"
12.8	408	"chr19"	"CpG"	"hg38"
12.8	1402	"chr2"	"CpG"	"hg38"
12.8	440	"chr20"	"CpG"	"hg38"
12.8	306	"chr21"	"CpG"	"hg38"
12.8	276	"chr22"	"CpG"	"hg38"
12.8	1142	"chr3"	"CpG"	"hg38"
12.8	1158	"chr4"	"CpG"	"hg38"
12.8	1060	"chr5"	"CpG"	"hg38"
12.8	902	"chr6"	"CpG"	"hg38"
12.8	908	"chr7"	"CpG"	"hg38"
12.8	926	"chr8"	"CpG"	"hg38"
12.8	664	"chr9"	"CpG"	"hg38"
12.8	660	"chrX"	"CpG"	"hg38"
12.8	112	"chrY"	"CpG"	"hg38"
12.9	1338	"chr1"	"CpG"	"hg38"
12.9	770	"chr10"	"CpG"	"hg38"
12.9	862	"chr11"	"CpG"	"hg38"
12.9	898	"chr12"	"CpG"	"hg38"
12.9	628	"chr13"	"CpG"	"hg38"
12.9	564	"chr14"	"CpG"	"hg38"
12.9	546	"chr15"	"CpG"	"hg38"
12.9	526	"chr16"	"CpG"	"hg38"
12.9	550	"chr17"	"CpG"	"hg38"
12.9	536	"chr18"	"CpG"	"hg38"
12.9	370	"chr19"	"CpG"	"hg38"
12.9	1498	"chr2"	"CpG"	"hg38"
12.9	450	"chr20"	"CpG"	"hg38"
12.9	252	"chr21"	"CpG"	"hg38"
12.9	258	"chr22"	"CpG"	"hg38"
12.9	1000	"chr3"	"CpG"	"hg38"
12.9	1098	"chr4"	"CpG"	"hg38"
12.9	1048	"chr5"	"CpG"	"hg38"
12.9	928	"chr6"	"CpG"	"hg38"
12.9	928	"chr7"	"CpG"	"hg38"
12.9	914	"chr8"	"CpG"	"hg38"
12.9	666	"chr9"	"CpG"	"hg38"
12.9	654	"chrX"	"CpG"	"hg38"
12.9	160	"chrY"	"CpG"	"hg38"
13	1380	"chr1"	"CpG"	"hg38"
13	862	"chr10"	"CpG"	"hg38"
13	798	"chr11"	"CpG"	"hg38"
13	726	"chr12"	"CpG"	"hg38"
13	648	"chr13"	"CpG"	"hg38"
13	548	"chr14"	"CpG"	"hg38"
13	560	"chr15"	"CpG"	"hg38"
13	548	"chr16"	"CpG"	"hg38"
13	492	"chr17"	"CpG"	"hg38"
13	444	"chr18"	"CpG"	"hg38"
13	444	"chr19"	"CpG"	"hg38"
13	1358	"chr2"	"CpG"	"hg38"
13	472	"chr20"	"CpG"	"hg38"
13	266	"chr21"	"CpG"	"hg38"
13	252	"chr22"	"CpG"	"hg38"
13	1114	"chr3"	"CpG"	"hg38"
13	1088	"chr4"	"CpG"	"hg38"
13	1064	"chr5"	"CpG"	"hg38"
13	932	"chr6"	"CpG"	"hg38"
13	928	"chr7"	"CpG"	"hg38"
13	926	"chr8"	"CpG"	"hg38"
13	770	"chr9"	"CpG"	"hg38"
13	750	"chrX"	"CpG"	"hg38"
13	128	"chrY"	"CpG"	"hg38"
13.1	1326	"chr1"	"CpG"	"hg38"
13.1	820	"chr10"	"CpG"	"hg38"
13.1	808	"chr11"	"CpG"	"hg38"
13.1	708	"chr12"	"CpG"	"hg38"
13.1	600	"chr13"	"CpG"	"hg38"
13.1	566	"chr14"	"CpG"	"hg38"
13.1	494	"chr15"	"CpG"	"hg38"
13.1	546	"chr16"	"CpG"	"hg38"
13.1	484	"chr17"	"CpG"	"hg38"
13.1	496	"chr18"	"CpG"	"hg38"
13.1	362	"chr19"	"CpG"	"hg38"
13.1	1350	"chr2"	"CpG"	"hg38"
13.1	434	"chr20"	"CpG"	"hg38"
13.1	268	"chr21"	"CpG"	"hg38"
13.1	256	"chr22"	"CpG"	"hg38"
13.1	1174	"chr3"	"CpG"	"hg38"
13.1	1146	"chr4"	"CpG"	"hg38"
13.1	998	"chr5"	"CpG"	"hg38"
13.1	972	"chr6"	"CpG"	"hg38"
13.1	952	"chr7"	"CpG"	"hg38"
13.1	844	"chr8"	"CpG"	"hg38"
13.1	750	"chr9"	"CpG"	"hg38"
13.1	776	"chrX"	"CpG"	"hg38"
13.1	98	"chrY"	"CpG"	"hg38"
13.2	1282	"chr1"	"CpG"	"hg38"
13.2	772	"chr10"	"CpG"	"hg38"
13.2	868	"chr11"	"CpG"	"hg38"
13.2	722	"chr12"	"CpG"	"hg38"
13.2	550	"chr13"	"CpG"	"hg38"
13.2	488	"chr14"	"CpG"	"hg38"
13.2	512	"chr15"	"CpG"	"hg38"
13.2	532	"chr16"	"CpG"	"hg38"
13.2	468	"chr17"	"CpG"	"hg38"
13.2	514	"chr18"	"CpG"	"hg38"
13.2	362	"chr19"	"CpG"	"hg38"
13.2	1316	"chr2"	"CpG"	"hg38"
13.2	452	"chr20"	"CpG"	"hg38"
13.2	246	"chr21"	"CpG"	"hg38"
13.2	274	"chr22"	"CpG"	"hg38"
13.2	1060	"chr3"	"CpG"	"hg38"
13.2	1102	"chr4"	"CpG"	"hg38"
13.2	1048	"chr5"	"CpG"	"hg38"
13.2	948	"chr6"	"CpG"	"hg38"
13.2	854	"chr7"	"CpG"	"hg38"
13.2	920	"chr8"	"CpG"	"hg38"
13.2	674	"chr9"	"CpG"	"hg38"
13.2	650	"chrX"	"CpG"	"hg38"
13.2	120	"chrY"	"CpG"	"hg38"
13.3	1324	"chr1"	"CpG"	"hg38"
13.3	690	"chr10"	"CpG"	"hg38"
13.3	816	"chr11"	"CpG"	"hg38"
13.3	648	"chr12"	"CpG"	"hg38"
13.3	556	"chr13"	"CpG"	"hg38"
13.3	526	"chr14"	"CpG"	"hg38"
13.3	522	"chr15"	"CpG"	"hg38"
13.3	580	"chr16"	"CpG"	"hg38"
13.3	486	"chr17"	"CpG"	"hg38"
13.3	536	"chr18"	"CpG"	"hg38"
13.3	324	"chr19"	"CpG"	"hg38"
13.3	1438	"chr2"	"CpG"	"hg38"
13.3	494	"chr20"	"CpG"	"hg38"
13.3	280	"chr21"	"CpG"	"hg38"
13.3	290	"chr22"	"CpG"	"hg38"
13.3	1118	"chr3"	"CpG"	"hg38"
13.3	1166	"chr4"	"CpG"	"hg38"
13.3	1016	"chr5"	"CpG"	"hg38"
13.3	954	"chr6"	"CpG"	"hg38"
13.3	900	"chr7"	"CpG"	"hg38"
13.3	850	"chr8"	"CpG"	"hg38"
13.3	750	"chr9"	"CpG"	"hg38"
13.3	714	"chrX"	"CpG"	"hg38"
13.3	122	"chrY"	"CpG"	"hg38"
13.4	1370	"chr1"	"CpG"	"hg38"
13.4	734	"chr10"	"CpG"	"hg38"
13.4	814	"chr11"	"CpG"	"hg38"
13.4	770	"chr12"	"CpG"	"hg38"
13.4	574	"chr13"	"CpG"	"hg38"
13.4	472	"chr14"	"CpG"	"hg38"
13.4	460	"chr15"	"CpG"	"hg38"
13.4	568	"chr16"	"CpG"	"hg38"
13.4	490	"chr17"	"CpG"	"hg38"
13.4	512	"chr18"	"CpG"	"hg38"
13.4	372	"chr19"	"CpG"	"hg38"
13.4	1428	"chr2"	"CpG"	"hg38"
13.4	456	"chr20"	"CpG"	"hg38"
13.4	256	"chr21"	"CpG"	"hg38"
13.4	264	"chr22"	"CpG"	"hg38"
13.4	1110	"chr3"	"CpG"	"hg38"
13.4	1094	"chr4"	"CpG"	"hg38"
13.4	1054	"chr5"	"CpG"	"hg38"
13.4	882	"chr6"	"CpG"	"hg38"
13.4	920	"chr7"	"CpG"	"hg38"
13.4	858	"chr8"	"CpG"	"hg38"
13.4	696	"chr9"	"CpG"	"hg38"
13.4	666	"chrX"	"CpG"	"hg38"
13.4	94	"chrY"	"CpG"	"hg38"
13.5	1332	"chr1"	"CpG"	"hg38"
13.5	776	"chr10"	"CpG"	"hg38"
13.5	820	"chr11"	"CpG"	"hg38"
13.5	676	"chr12"	"CpG"	"hg38"
13.5	592	"chr13"	"CpG"	"hg38"
13.5	478	"chr14"	"CpG"	"hg38"
13.5	492	"chr15"	"CpG"	"hg38"
13.5	584	"chr16"	"CpG"	"hg38"
13.5	502	"chr17"	"CpG"	"hg38"
13.5	500	"chr18"	"CpG"	"hg38"
13.5	364	"chr19"	"CpG"	"hg38"
13.5	1300	"chr2"	"CpG"	"hg38"
13.5	440	"chr20"	"CpG"	"hg38"
13.5	212	"chr21"	"CpG"	"hg38"
13.5	272	"chr22"	"CpG"	"hg38"
13.5	1116	"chr3"	"CpG"	"hg38"
13.5	1074	"chr4"	"CpG"	"hg38"
13.5	1064	"chr5"	"CpG"	"hg38"
13.5	980	"chr6"	"CpG"	"hg38"
13.5	828	"chr7"	"CpG"	"hg38"
13.5	918	"chr8"	"CpG"	"hg38"
13.5	638	"chr9"	"CpG"	"hg38"
13.5	740	"chrX"	"CpG"	"hg38"
13.5	96	"chrY"	"CpG"	"hg38"
13.6	1404	"chr1"	"CpG"	"hg38"
13.6	744	"chr10"	"CpG"	"hg38"
13.6	782	"chr11"	"CpG"	"hg38"
13.6	678	"chr12"	"CpG"	"hg38"
13.6	612	"chr13"	"CpG"	"hg38"
13.6	510	"chr14"	"CpG"	"hg38"
13.6	538	"chr15"	"CpG"	"hg38"
13.6	568	"chr16"	"CpG"	"hg38"
13.6	546	"chr17"	"CpG"	"hg38"
13.6	450	"chr18"	"CpG"	"hg38"
13.6	380	"chr19"	"CpG"	"hg38"
13.6	1268	"chr2"	"CpG"	"hg38"
13.6	478	"chr20"	"CpG"	"hg38"
13.6	240	"chr21"	"CpG"	"hg38"
13.6	306	"chr22"	"CpG"	"hg38"
13.6	1102	"chr3"	"CpG"	"hg38"
13.6	1040	"chr4"	"CpG"	"hg38"
13.6	942	"chr5"	"CpG"	"hg38"
13.6	930	"chr6"	"CpG"	"hg38"
13.6	934	"chr7"	"CpG"	"hg38"
13.6	834	"chr8"	"CpG"	"hg38"
13.6	642	"chr9"	"CpG"	"hg38"
13.6	664	"chrX"	"CpG"	"hg38"
13.6	104	"chrY"	"CpG"	"hg38"
13.7	1340	"chr1"	"CpG"	"hg38"
13.7	788	"chr10"	"CpG"	"hg38"
13.7	850	"chr11"	"CpG"	"hg38"
13.7	720	"chr12"	"CpG"	"hg38"
13.7	532	"chr13"	"CpG"	"hg38"
13.7	468	"chr14"	"CpG"	"hg38"
13.7	482	"chr15"	"CpG"	"hg38"
13.7	602	"chr16"	"CpG"	"hg38"
13.7	478	"chr17"	"CpG"	"hg38"
13.7	498	"chr18"	"CpG"	"hg38"
13.7	326	"chr19"	"CpG"	"hg38"
13.7	1368	"chr2"	"CpG"	"hg38"
13.7	468	"chr20"	"CpG"	"hg38"
13.7	236	"chr21"	"CpG"	"hg38"
13.7	240	"chr22"	"CpG"	"hg38"
13.7	1062	"chr3"	"CpG"	"hg38"
13.7	1080	"chr4"	"CpG"	"hg38"
13.7	1038	"chr5"	"CpG"	"hg38"
13.7	918	"chr6"	"CpG"	"hg38"
13.7	890	"chr7"	"CpG"	"hg38"
13.7	854	"chr8"	"CpG"	"hg38"
13.7	628	"chr9"	"CpG"	"hg38"
13.7	660	"chrX"	"CpG"	"hg38"
13.7	114	"chrY"	"CpG"	"hg38"
13.8	1214	"chr1"	"CpG"	"hg38"
13.8	780	"chr10"	"CpG"	"hg38"
13.8	810	"chr11"	"CpG"	"hg38"
13.8	702	"chr12"	"CpG"	"hg38"
13.8	582	"chr13"	"CpG"	"hg38"
13.8	524	"chr14"	"CpG"	"hg38"
13.8	502	"chr15"	"CpG"	"hg38"
13.8	544	"chr16"	"CpG"	"hg38"
13.8	520	"chr17"	"CpG"	"hg38"
13.8	422	"chr18"	"CpG"	"hg38"
13.8	374	"chr19"	"CpG"	"hg38"
13.8	1248	"chr2"	"CpG"	"hg38"
13.8	414	"chr20"	"CpG"	"hg38"
13.8	270	"chr21"	"CpG"	"hg38"
13.8	268	"chr22"	"CpG"	"hg38"
13.8	972	"chr3"	"CpG"	"hg38"
13.8	1068	"chr4"	"CpG"	"hg38"
13.8	974	"chr5"	"CpG"	"hg38"
13.8	862	"chr6"	"CpG"	"hg38"
13.8	856	"chr7"	"CpG"	"hg38"
13.8	862	"chr8"	"CpG"	"hg38"
13.8	646	"chr9"	"CpG"	"hg38"
13.8	634	"chrX"	"CpG"	"hg38"
13.8	108	"chrY"	"CpG"	"hg38"
13.9	1228	"chr1"	"CpG"	"hg38"
13.9	764	"chr10"	"CpG"	"hg38"
13.9	752	"chr11"	"CpG"	"hg38"
13.9	688	"chr12"	"CpG"	"hg38"
13.9	596	"chr13"	"CpG"	"hg38"
13.9	500	"chr14"	"CpG"	"hg38"
13.9	468	"chr15"	"CpG"	"hg38"
13.9	574	"chr16"	"CpG"	"hg38"
13.9	492	"chr17"	"CpG"	"hg38"
13.9	460	"chr18"	"CpG"	"hg38"
13.9	376	"chr19"	"CpG"	"hg38"
13.9	1318	"chr2"	"CpG"	"hg38"
13.9	442	"chr20"	"CpG"	"hg38"
13.9	284	"chr21"	"CpG"	"hg38"
13.9	268	"chr22"	"CpG"	"hg38"
13.9	1002	"chr3"	"CpG"	"hg38"
13.9	1054	"chr4"	"CpG"	"hg38"
13.9	1004	"chr5"	"CpG"	"hg38"
13.9	872	"chr6"	"CpG"	"hg38"
13.9	890	"chr7"	"CpG"	"hg38"
13.9	778	"chr8"	"CpG"	"hg38"
13.9	660	"chr9"	"CpG"	"hg38"
13.9	622	"chrX"	"CpG"	"hg38"
13.9	92	"chrY"	"CpG"	"hg38"
14	1222	"chr1"	"CpG"	"hg38"
14	804	"chr10"	"CpG"	"hg38"
14	774	"chr11"	"CpG"	"hg38"
14	736	"chr12"	"CpG"	"hg38"
14	576	"chr13"	"CpG"	"hg38"
14	432	"chr14"	"CpG"	"hg38"
14	520	"chr15"	"CpG"	"hg38"
14	594	"chr16"	"CpG"	"hg38"
14	482	"chr17"	"CpG"	"hg38"
14	450	"chr18"	"CpG"	"hg38"
14	350	"chr19"	"CpG"	"hg38"
14	1304	"chr2"	"CpG"	"hg38"
14	428	"chr20"	"CpG"	"hg38"
14	218	"chr21"	"CpG"	"hg38"
14	246	"chr22"	"CpG"	"hg38"
14	1040	"chr3"	"CpG"	"hg38"
14	1032	"chr4"	"CpG"	"hg38"
14	1002	"chr5"	"CpG"	"hg38"
14	874	"chr6"	"CpG"	"hg38"
14	850	"chr7"	"CpG"	"hg38"
14	858	"chr8"	"CpG"	"hg38"
14	638	"chr9"	"CpG"	"hg38"
14	654	"chrX"	"CpG"	"hg38"
14	108	"chrY"	"CpG"	"hg38"
14.1	1266	"chr1"	"CpG"	"hg38"
14.1	768	"chr10"	"CpG"	"hg38"
14.1	728	"chr11"	"CpG"	"hg38"
14.1	742	"chr12"	"CpG"	"hg38"
14.1	574	"chr13"	"CpG"	"hg38"
14.1	490	"chr14"	"CpG"	"hg38"
14.1	474	"chr15"	"CpG"	"hg38"
14.1	518	"chr16"	"CpG"	"hg38"
14.1	476	"chr17"	"CpG"	"hg38"
14.1	430	"chr18"	"CpG"	"hg38"
14.1	354	"chr19"	"CpG"	"hg38"
14.1	1214	"chr2"	"CpG"	"hg38"
14.1	446	"chr20"	"CpG"	"hg38"
14.1	254	"chr21"	"CpG"	"hg38"
14.1	242	"chr22"	"CpG"	"hg38"
14.1	1046	"chr3"	"CpG"	"hg38"
14.1	990	"chr4"	"CpG"	"hg38"
14.1	1044	"chr5"	"CpG"	"hg38"
14.1	858	"chr6"	"CpG"	"hg38"
14.1	804	"chr7"	"CpG"	"hg38"
14.1	782	"chr8"	"CpG"	"hg38"
14.1	682	"chr9"	"CpG"	"hg38"
14.1	680	"chrX"	"CpG"	"hg38"
14.1	124	"chrY"	"CpG"	"hg38"
14.2	1252	"chr1"	"CpG"	"hg38"
14.2	708	"chr10"	"CpG"	"hg38"
14.2	806	"chr11"	"CpG"	"hg38"
14.2	596	"chr12"	"CpG"	"hg38"
14.2	592	"chr13"	"CpG"	"hg38"
14.2	478	"chr14"	"CpG"	"hg38"
14.2	428	"chr15"	"CpG"	"hg38"
14.2	472	"chr16"	"CpG"	"hg38"
14.2	472	"chr17"	"CpG"	"hg38"
14.2	474	"chr18"	"CpG"	"hg38"
14.2	384	"chr19"	"CpG"	"hg38"
14.2	1198	"chr2"	"CpG"	"hg38"
14.2	400	"chr20"	"CpG"	"hg38"
14.2	206	"chr21"	"CpG"	"hg38"
14.2	268	"chr22"	"CpG"	"hg38"
14.2	1040	"chr3"	"CpG"	"hg38"
14.2	974	"chr4"	"CpG"	"hg38"
14.2	960	"chr5"	"CpG"	"hg38"
14.2	788	"chr6"	"CpG"	"hg38"
14.2	890	"chr7"	"CpG"	"hg38"
14.2	896	"chr8"	"CpG"	"hg38"
14.2	668	"chr9"	"CpG"	"hg38"
14.2	660	"chrX"	"CpG"	"hg38"
14.2	96	"chrY"	"CpG"	"hg38"
14.3	1240	"chr1"	"CpG"	"hg38"
14.3	742	"chr10"	"CpG"	"hg38"
14.3	874	"chr11"	"CpG"	"hg38"
14.3	728	"chr12"	"CpG"	"hg38"
14.3	594	"chr13"	"CpG"	"hg38"
14.3	432	"chr14"	"CpG"	"hg38"
14.3	486	"chr15"	"CpG"	"hg38"
14.3	470	"chr16"	"CpG"	"hg38"
14.3	510	"chr17"	"CpG"	"hg38"
14.3	480	"chr18"	"CpG"	"hg38"
14.3	360	"chr19"	"CpG"	"hg38"
14.3	1262	"chr2"	"CpG"	"hg38"
14.3	424	"chr20"	"CpG"	"hg38"
14.3	236	"chr21"	"CpG"	"hg38"
14.3	288	"chr22"	"CpG"	"hg38"
14.3	1018	"chr3"	"CpG"	"hg38"
14.3	1030	"chr4"	"CpG"	"hg38"
14.3	992	"chr5"	"CpG"	"hg38"
14.3	808	"chr6"	"CpG"	"hg38"
14.3	886	"chr7"	"CpG"	"hg38"
14.3	710	"chr8"	"CpG"	"hg38"
14.3	700	"chr9"	"CpG"	"hg38"
14.3	630	"chrX"	"CpG"	"hg38"
14.3	116	"chrY"	"CpG"	"hg38"
14.4	1322	"chr1"	"CpG"	"hg38"
14.4	692	"chr10"	"CpG"	"hg38"
14.4	810	"chr11"	"CpG"	"hg38"
14.4	670	"chr12"	"CpG"	"hg38"
14.4	558	"chr13"	"CpG"	"hg38"
14.4	480	"chr14"	"CpG"	"hg38"
14.4	476	"chr15"	"CpG"	"hg38"
14.4	536	"chr16"	"CpG"	"hg38"
14.4	464	"chr17"	"CpG"	"hg38"
14.4	418	"chr18"	"CpG"	"hg38"
14.4	350	"chr19"	"CpG"	"hg38"
14.4	1240	"chr2"	"CpG"	"hg38"
14.4	382	"chr20"	"CpG"	"hg38"
14.4	248	"chr21"	"CpG"	"hg38"
14.4	258	"chr22"	"CpG"	"hg38"
14.4	912	"chr3"	"CpG"	"hg38"
14.4	962	"chr4"	"CpG"	"hg38"
14.4	1016	"chr5"	"CpG"	"hg38"
14.4	812	"chr6"	"CpG"	"hg38"
14.4	760	"chr7"	"CpG"	"hg38"
14.4	866	"chr8"	"CpG"	"hg38"
14.4	614	"chr9"	"CpG"	"hg38"
14.4	644	"chrX"	"CpG"	"hg38"
14.4	148	"chrY"	"CpG"	"hg38"
14.5	1226	"chr1"	"CpG"	"hg38"
14.5	800	"chr10"	"CpG"	"hg38"
14.5	826	"chr11"	"CpG"	"hg38"
14.5	650	"chr12"	"CpG"	"hg38"
14.5	538	"chr13"	"CpG"	"hg38"
14.5	498	"chr14"	"CpG"	"hg38"
14.5	444	"chr15"	"CpG"	"hg38"
14.5	508	"chr16"	"CpG"	"hg38"
14.5	476	"chr17"	"CpG"	"hg38"
14.5	444	"chr18"	"CpG"	"hg38"
14.5	378	"chr19"	"CpG"	"hg38"
14.5	1216	"chr2"	"CpG"	"hg38"
14.5	400	"chr20"	"CpG"	"hg38"
14.5	250	"chr21"	"CpG"	"hg38"
14.5	244	"chr22"	"CpG"	"hg38"
14.5	1016	"chr3"	"CpG"	"hg38"
14.5	976	"chr4"	"CpG"	"hg38"
14.5	1030	"chr5"	"CpG"	"hg38"
14.5	866	"chr6"	"CpG"	"hg38"
14.5	806	"chr7"	"CpG"	"hg38"
14.5	788	"chr8"	"CpG"	"hg38"
14.5	658	"chr9"	"CpG"	"hg38"
14.5	602	"chrX"	"CpG"	"hg38"
14.5	118	"chrY"	"CpG"	"hg38"
14.6	1196	"chr1"	"CpG"	"hg38"
14.6	812	"chr10"	"CpG"	"hg38"
14.6	814	"chr11"	"CpG"	"hg38"
14.6	712	"chr12"	"CpG"	"hg38"
14.6	552	"chr13"	"CpG"	"hg38"
14.6	502	"chr14"	"CpG"	"hg38"
14.6	486	"chr15"	"CpG"	"hg38"
14.6	552	"chr16"	"CpG"	"hg38"
14.6	488	"chr17"	"CpG"	"hg38"
14.6	484	"chr18"	"CpG"	"hg38"
14.6	334	"chr19"	"CpG"	"hg38"
14.6	1290	"chr2"	"CpG"	"hg38"
14.6	418	"chr20"	"CpG"	"hg38"
14.6	270	"chr21"	"CpG"	"hg38"
14.6	262	"chr22"	"CpG"	"hg38"
14.6	972	"chr3"	"CpG"	"hg38"
14.6	956	"chr4"	"CpG"	"hg38"
14.6	994	"chr5"	"CpG"	"hg38"
14.6	866	"chr6"	"CpG"	"hg38"
14.6	842	"chr7"	"CpG"	"hg38"
14.6	840	"chr8"	"CpG"	"hg38"
14.6	662	"chr9"	"CpG"	"hg38"
14.6	570	"chrX"	"CpG"	"hg38"
14.6	110	"chrY"	"CpG"	"hg38"
14.7	1192	"chr1"	"CpG"	"hg38"
14.7	742	"chr10"	"CpG"	"hg38"
14.7	842	"chr11"	"CpG"	"hg38"
14.7	684	"chr12"	"CpG"	"hg38"
14.7	530	"chr13"	"CpG"	"hg38"
14.7	486	"chr14"	"CpG"	"hg38"
14.7	460	"chr15"	"CpG"	"hg38"
14.7	496	"chr16"	"CpG"	"hg38"
14.7	480	"chr17"	"CpG"	"hg38"
14.7	434	"chr18"	"CpG"	"hg38"
14.7	368	"chr19"	"CpG"	"hg38"
14.7	1198	"chr2"	"CpG"	"hg38"
14.7	426	"chr20"	"CpG"	"hg38"
14.7	226	"chr21"	"CpG"	"hg38"
14.7	260	"chr22"	"CpG"	"hg38"
14.7	962	"chr3"	"CpG"	"hg38"
14.7	1060	"chr4"	"CpG"	"hg38"
14.7	922	"chr5"	"CpG"	"hg38"
14.7	800	"chr6"	"CpG"	"hg38"
14.7	840	"chr7"	"CpG"	"hg38"
14.7	916	"chr8"	"CpG"	"hg38"
14.7	648	"chr9"	"CpG"	"hg38"
14.7	666	"chrX"	"CpG"	"hg38"
14.7	106	"chrY"	"CpG"	"hg38"
14.8	1214	"chr1"	"CpG"	"hg38"
14.8	768	"chr10"	"CpG"	"hg38"
14.8	810	"chr11"	"CpG"	"hg38"
14.8	634	"chr12"	"CpG"	"hg38"
14.8	524	"chr13"	"CpG"	"hg38"
14.8	408	"chr14"	"CpG"	"hg38"
14.8	490	"chr15"	"CpG"	"hg38"
14.8	460	"chr16"	"CpG"	"hg38"
14.8	514	"chr17"	"CpG"	"hg38"
14.8	506	"chr18"	"CpG"	"hg38"
14.8	362	"chr19"	"CpG"	"hg38"
14.8	1200	"chr2"	"CpG"	"hg38"
14.8	434	"chr20"	"CpG"	"hg38"
14.8	226	"chr21"	"CpG"	"hg38"
14.8	262	"chr22"	"CpG"	"hg38"
14.8	1038	"chr3"	"CpG"	"hg38"
14.8	970	"chr4"	"CpG"	"hg38"
14.8	902	"chr5"	"CpG"	"hg38"
14.8	850	"chr6"	"CpG"	"hg38"
14.8	866	"chr7"	"CpG"	"hg38"
14.8	782	"chr8"	"CpG"	"hg38"
14.8	662	"chr9"	"CpG"	"hg38"
14.8	652	"chrX"	"CpG"	"hg38"
14.8	94	"chrY"	"CpG"	"hg38"
14.9	1250	"chr1"	"CpG"	"hg38"
14.9	666	"chr10"	"CpG"	"hg38"
14.9	738	"chr11"	"CpG"	"hg38"
14.9	676	"chr12"	"CpG"	"hg38"
14.9	470	"chr13"	"CpG"	"hg38"
14.9	456	"chr14"	"CpG"	"hg38"
14.9	448	"chr15"	"CpG"	"hg38"
14.9	496	"chr16"	"CpG"	"hg38"
14.9	456	"chr17"	"CpG"	"hg38"
14.9	500	"chr18"	"CpG"	"hg38"
14.9	398	"chr19"	"CpG"	"hg38"
14.9	1242	"chr2"	"CpG"	"hg38"
14.9	350	"chr20"	"CpG"	"hg38"
14.9	226	"chr21"	"CpG"	"hg38"
14.9	246	"chr22"	"CpG"	"hg38"
14.9	1030	"chr3"	"CpG"	"hg38"
14.9	952	"chr4"	"CpG"	"hg38"
14.9	952	"chr5"	"CpG"	"hg38"
14.9	808	"chr6"	"CpG"	"hg38"
14.9	810	"chr7"	"CpG"	"hg38"
14.9	792	"chr8"	"CpG"	"hg38"
14.9	622	"chr9"	"CpG"	"hg38"
14.9	588	"chrX"	"CpG"	"hg38"
14.9	106	"chrY"	"CpG"	"hg38"
15	1196	"chr1"	"CpG"	"hg38"
15	772	"chr10"	"CpG"	"hg38"
15	784	"chr11"	"CpG"	"hg38"
15	664	"chr12"	"CpG"	"hg38"
15	598	"chr13"	"CpG"	"hg38"
15	514	"chr14"	"CpG"	"hg38"
15	450	"chr15"	"CpG"	"hg38"
15	480	"chr16"	"CpG"	"hg38"
15	444	"chr17"	"CpG"	"hg38"
15	456	"chr18"	"CpG"	"hg38"
15	370	"chr19"	"CpG"	"hg38"
15	1198	"chr2"	"CpG"	"hg38"
15	420	"chr20"	"CpG"	"hg38"
15	234	"chr21"	"CpG"	"hg38"
15	266	"chr22"	"CpG"	"hg38"
15	960	"chr3"	"CpG"	"hg38"
15	982	"chr4"	"CpG"	"hg38"
15	946	"chr5"	"CpG"	"hg38"
15	854	"chr6"	"CpG"	"hg38"
15	792	"chr7"	"CpG"	"hg38"
15	724	"chr8"	"CpG"	"hg38"
15	708	"chr9"	"CpG"	"hg38"
15	622	"chrX"	"CpG"	"hg38"
15	90	"chrY"	"CpG"	"hg38"
15.1	1122	"chr1"	"CpG"	"hg38"
15.1	700	"chr10"	"CpG"	"hg38"
15.1	722	"chr11"	"CpG"	"hg38"
15.1	680	"chr12"	"CpG"	"hg38"
15.1	484	"chr13"	"CpG"	"hg38"
15.1	446	"chr14"	"CpG"	"hg38"
15.1	404	"chr15"	"CpG"	"hg38"
15.1	530	"chr16"	"CpG"	"hg38"
15.1	444	"chr17"	"CpG"	"hg38"
15.1	438	"chr18"	"CpG"	"hg38"
15.1	330	"chr19"	"CpG"	"hg38"
15.1	1264	"chr2"	"CpG"	"hg38"
15.1	426	"chr20"	"CpG"	"hg38"
15.1	232	"chr21"	"CpG"	"hg38"
15.1	256	"chr22"	"CpG"	"hg38"
15.1	968	"chr3"	"CpG"	"hg38"
15.1	926	"chr4"	"CpG"	"hg38"
15.1	952	"chr5"	"CpG"	"hg38"
15.1	806	"chr6"	"CpG"	"hg38"
15.1	820	"chr7"	"CpG"	"hg38"
15.1	800	"chr8"	"CpG"	"hg38"
15.1	616	"chr9"	"CpG"	"hg38"
15.1	632	"chrX"	"CpG"	"hg38"
15.1	114	"chrY"	"CpG"	"hg38"
15.2	1220	"chr1"	"CpG"	"hg38"
15.2	698	"chr10"	"CpG"	"hg38"
15.2	690	"chr11"	"CpG"	"hg38"
15.2	700	"chr12"	"CpG"	"hg38"
15.2	520	"chr13"	"CpG"	"hg38"
15.2	510	"chr14"	"CpG"	"hg38"
15.2	440	"chr15"	"CpG"	"hg38"
15.2	510	"chr16"	"CpG"	"hg38"
15.2	432	"chr17"	"CpG"	"hg38"
15.2	390	"chr18"	"CpG"	"hg38"
15.2	356	"chr19"	"CpG"	"hg38"
15.2	1172	"chr2"	"CpG"	"hg38"
15.2	430	"chr20"	"CpG"	"hg38"
15.2	258	"chr21"	"CpG"	"hg38"
15.2	240	"chr22"	"CpG"	"hg38"
15.2	976	"chr3"	"CpG"	"hg38"
15.2	960	"chr4"	"CpG"	"hg38"
15.2	868	"chr5"	"CpG"	"hg38"
15.2	824	"chr6"	"CpG"	"hg38"
15.2	838	"chr7"	"CpG"	"hg38"
15.2	740	"chr8"	"CpG"	"hg38"
15.2	598	"chr9"	"CpG"	"hg38"
15.2	670	"chrX"	"CpG"	"hg38"
15.2	126	"chrY"	"CpG"	"hg38"
15.3	1140	"chr1"	"CpG"	"hg38"
15.3	740	"chr10"	"CpG"	"hg38"
15.3	772	"chr11"	"CpG"	"hg38"
15.3	690	"chr12"	"CpG"	"hg38"
15.3	570	"chr13"	"CpG"	"hg38"
15.3	492	"chr14"	"CpG"	"hg38"
15.3	448	"chr15"	"CpG"	"hg38"
15.3	484	"chr16"	"CpG"	"hg38"
15.3	460	"chr17"	"CpG"	"hg38"
15.3	398	"chr18"	"CpG"	"hg38"
15.3	378	"chr19"	"CpG"	"hg38"
15.3	1202	"chr2"	"CpG"	"hg38"
15.3	392	"chr20"	"CpG"	"hg38"
15.3	184	"chr21"	"CpG"	"hg38"
15.3	264	"chr22"	"CpG"	"hg38"
15.3	920	"chr3"	"CpG"	"hg38"
15.3	1052	"chr4"	"CpG"	"hg38"
15.3	888	"chr5"	"CpG"	"hg38"
15.3	812	"chr6"	"CpG"	"hg38"
15.3	760	"chr7"	"CpG"	"hg38"
15.3	778	"chr8"	"CpG"	"hg38"
15.3	592	"chr9"	"CpG"	"hg38"
15.3	600	"chrX"	"CpG"	"hg38"
15.3	94	"chrY"	"CpG"	"hg38"
15.4	1190	"chr1"	"CpG"	"hg38"
15.4	774	"chr10"	"CpG"	"hg38"
15.4	724	"chr11"	"CpG"	"hg38"
15.4	636	"chr12"	"CpG"	"hg38"
15.4	532	"chr13"	"CpG"	"hg38"
15.4	460	"chr14"	"CpG"	"hg38"
15.4	410	"chr15"	"CpG"	"hg38"
15.4	472	"chr16"	"CpG"	"hg38"
15.4	456	"chr17"	"CpG"	"hg38"
15.4	406	"chr18"	"CpG"	"hg38"
15.4	332	"chr19"	"CpG"	"hg38"
15.4	1184	"chr2"	"CpG"	"hg38"
15.4	362	"chr20"	"CpG"	"hg38"
15.4	208	"chr21"	"CpG"	"hg38"
15.4	258	"chr22"	"CpG"	"hg38"
15.4	854	"chr3"	"CpG"	"hg38"
15.4	908	"chr4"	"CpG"	"hg38"
15.4	964	"chr5"	"CpG"	"hg38"
15.4	796	"chr6"	"CpG"	"hg38"
15.4	790	"chr7"	"CpG"	"hg38"
15.4	766	"chr8"	"CpG"	"hg38"
15.4	622	"chr9"	"CpG"	"hg38"
15.4	588	"chrX"	"CpG"	"hg38"
15.4	96	"chrY"	"CpG"	"hg38"
15.5	1178	"chr1"	"CpG"	"hg38"
15.5	730	"chr10"	"CpG"	"hg38"
15.5	744	"chr11"	"CpG"	"hg38"
15.5	608	"chr12"	"CpG"	"hg38"
15.5	530	"chr13"	"CpG"	"hg38"
15.5	524	"chr14"	"CpG"	"hg38"
15.5	446	"chr15"	"CpG"	"hg38"
15.5	526	"chr16"	"CpG"	"hg38"
15.5	448	"chr17"	"CpG"	"hg38"
15.5	450	"chr18"	"CpG"	"hg38"
15.5	328	"chr19"	"CpG"	"hg38"
15.5	1140	"chr2"	"CpG"	"hg38"
15.5	398	"chr20"	"CpG"	"hg38"
15.5	234	"chr21"	"CpG"	"hg38"
15.5	250	"chr22"	"CpG"	"hg38"
15.5	906	"chr3"	"CpG"	"hg38"
15.5	980	"chr4"	"CpG"	"hg38"
15.5	906	"chr5"	"CpG"	"hg38"
15.5	750	"chr6"	"CpG"	"hg38"
15.5	824	"chr7"	"CpG"	"hg38"
15.5	792	"chr8"	"CpG"	"hg38"
15.5	614	"chr9"	"CpG"	"hg38"
15.5	638	"chrX"	"CpG"	"hg38"
15.5	102	"chrY"	"CpG"	"hg38"
15.6	1168	"chr1"	"CpG"	"hg38"
15.6	688	"chr10"	"CpG"	"hg38"
15.6	772	"chr11"	"CpG"	"hg38"
15.6	674	"chr12"	"CpG"	"hg38"
15.6	546	"chr13"	"CpG"	"hg38"
15.6	442	"chr14"	"CpG"	"hg38"
15.6	422	"chr15"	"CpG"	"hg38"
15.6	442	"chr16"	"CpG"	"hg38"
15.6	484	"chr17"	"CpG"	"hg38"
15.6	380	"chr18"	"CpG"	"hg38"
15.6	320	"chr19"	"CpG"	"hg38"
15.6	1108	"chr2"	"CpG"	"hg38"
15.6	356	"chr20"	"CpG"	"hg38"
15.6	262	"chr21"	"CpG"	"hg38"
15.6	248	"chr22"	"CpG"	"hg38"
15.6	938	"chr3"	"CpG"	"hg38"
15.6	952	"chr4"	"CpG"	"hg38"
15.6	862	"chr5"	"CpG"	"hg38"
15.6	776	"chr6"	"CpG"	"hg38"
15.6	778	"chr7"	"CpG"	"hg38"
15.6	802	"chr8"	"CpG"	"hg38"
15.6	672	"chr9"	"CpG"	"hg38"
15.6	568	"chrX"	"CpG"	"hg38"
15.6	116	"chrY"	"CpG"	"hg38"
15.7	1128	"chr1"	"CpG"	"hg38"
15.7	724	"chr10"	"CpG"	"hg38"
15.7	754	"chr11"	"CpG"	"hg38"
15.7	606	"chr12"	"CpG"	"hg38"
15.7	566	"chr13"	"CpG"	"hg38"
15.7	514	"chr14"	"CpG"	"hg38"
15.7	398	"chr15"	"CpG"	"hg38"
15.7	458	"chr16"	"CpG"	"hg38"
15.7	396	"chr17"	"CpG"	"hg38"
15.7	432	"chr18"	"CpG"	"hg38"
15.7	314	"chr19"	"CpG"	"hg38"
15.7	1194	"chr2"	"CpG"	"hg38"
15.7	376	"chr20"	"CpG"	"hg38"
15.7	238	"chr21"	"CpG"	"hg38"
15.7	238	"chr22"	"CpG"	"hg38"
15.7	1002	"chr3"	"CpG"	"hg38"
15.7	1042	"chr4"	"CpG"	"hg38"
15.7	876	"chr5"	"CpG"	"hg38"
15.7	786	"chr6"	"CpG"	"hg38"
15.7	812	"chr7"	"CpG"	"hg38"
15.7	832	"chr8"	"CpG"	"hg38"
15.7	570	"chr9"	"CpG"	"hg38"
15.7	580	"chrX"	"CpG"	"hg38"
15.7	110	"chrY"	"CpG"	"hg38"
15.8	1210	"chr1"	"CpG"	"hg38"
15.8	742	"chr10"	"CpG"	"hg38"
15.8	688	"chr11"	"CpG"	"hg38"
15.8	604	"chr12"	"CpG"	"hg38"
15.8	454	"chr13"	"CpG"	"hg38"
15.8	438	"chr14"	"CpG"	"hg38"
15.8	438	"chr15"	"CpG"	"hg38"
15.8	490	"chr16"	"CpG"	"hg38"
15.8	428	"chr17"	"CpG"	"hg38"
15.8	404	"chr18"	"CpG"	"hg38"
15.8	348	"chr19"	"CpG"	"hg38"
15.8	1098	"chr2"	"CpG"	"hg38"
15.8	376	"chr20"	"CpG"	"hg38"
15.8	190	"chr21"	"CpG"	"hg38"
15.8	248	"chr22"	"CpG"	"hg38"
15.8	958	"chr3"	"CpG"	"hg38"
15.8	982	"chr4"	"CpG"	"hg38"
15.8	938	"chr5"	"CpG"	"hg38"
15.8	832	"chr6"	"CpG"	"hg38"
15.8	804	"chr7"	"CpG"	"hg38"
15.8	814	"chr8"	"CpG"	"hg38"
15.8	612	"chr9"	"CpG"	"hg38"
15.8	640	"chrX"	"CpG"	"hg38"
15.8	118	"chrY"	"CpG"	"hg38"
15.9	1176	"chr1"	"CpG"	"hg38"
15.9	728	"chr10"	"CpG"	"hg38"
15.9	714	"chr11"	"CpG"	"hg38"
15.9	668	"chr12"	"CpG"	"hg38"
15.9	468	"chr13"	"CpG"	"hg38"
15.9	492	"chr14"	"CpG"	"hg38"
15.9	460	"chr15"	"CpG"	"hg38"
15.9	456	"chr16"	"CpG"	"hg38"
15.9	446	"chr17"	"CpG"	"hg38"
15.9	416	"chr18"	"CpG"	"hg38"
15.9	314	"chr19"	"CpG"	"hg38"
15.9	1152	"chr2"	"CpG"	"hg38"
15.9	412	"chr20"	"CpG"	"hg38"
15.9	274	"chr21"	"CpG"	"hg38"
15.9	246	"chr22"	"CpG"	"hg38"
15.9	970	"chr3"	"CpG"	"hg38"
15.9	908	"chr4"	"CpG"	"hg38"
15.9	956	"chr5"	"CpG"	"hg38"
15.9	754	"chr6"	"CpG"	"hg38"
15.9	772	"chr7"	"CpG"	"hg38"
15.9	744	"chr8"	"CpG"	"hg38"
15.9	610	"chr9"	"CpG"	"hg38"
15.9	588	"chrX"	"CpG"	"hg38"
15.9	112	"chrY"	"CpG"	"hg38"
16	1058	"chr1"	"CpG"	"hg38"
16	702	"chr10"	"CpG"	"hg38"
16	710	"chr11"	"CpG"	"hg38"
16	578	"chr12"	"CpG"	"hg38"
16	516	"chr13"	"CpG"	"hg38"
16	488	"chr14"	"CpG"	"hg38"
16	406	"chr15"	"CpG"	"hg38"
16	504	"chr16"	"CpG"	"hg38"
16	472	"chr17"	"CpG"	"hg38"
16	460	"chr18"	"CpG"	"hg38"
16	292	"chr19"	"CpG"	"hg38"
16	1152	"chr2"	"CpG"	"hg38"
16	384	"chr20"	"CpG"	"hg38"
16	244	"chr21"	"CpG"	"hg38"
16	238	"chr22"	"CpG"	"hg38"
16	950	"chr3"	"CpG"	"hg38"
16	936	"chr4"	"CpG"	"hg38"
16	910	"chr5"	"CpG"	"hg38"
16	746	"chr6"	"CpG"	"hg38"
16	778	"chr7"	"CpG"	"hg38"
16	812	"chr8"	"CpG"	"hg38"
16	614	"chr9"	"CpG"	"hg38"
16	562	"chrX"	"CpG"	"hg38"
16	126	"chrY"	"CpG"	"hg38"
16.1	1170	"chr1"	"CpG"	"hg38"
16.1	688	"chr10"	"CpG"	"hg38"
16.1	752	"chr11"	"CpG"	"hg38"
16.1	630	"chr12"	"CpG"	"hg38"
16.1	504	"chr13"	"CpG"	"hg38"
16.1	468	"chr14"	"CpG"	"hg38"
16.1	446	"chr15"	"CpG"	"hg38"
16.1	496	"chr16"	"CpG"	"hg38"
16.1	434	"chr17"	"CpG"	"hg38"
16.1	414	"chr18"	"CpG"	"hg38"
16.1	324	"chr19"	"CpG"	"hg38"
16.1	1116	"chr2"	"CpG"	"hg38"
16.1	424	"chr20"	"CpG"	"hg38"
16.1	236	"chr21"	"CpG"	"hg38"
16.1	252	"chr22"	"CpG"	"hg38"
16.1	968	"chr3"	"CpG"	"hg38"
16.1	920	"chr4"	"CpG"	"hg38"
16.1	940	"chr5"	"CpG"	"hg38"
16.1	770	"chr6"	"CpG"	"hg38"
16.1	756	"chr7"	"CpG"	"hg38"
16.1	776	"chr8"	"CpG"	"hg38"
16.1	584	"chr9"	"CpG"	"hg38"
16.1	594	"chrX"	"CpG"	"hg38"
16.1	84	"chrY"	"CpG"	"hg38"
16.2	1188	"chr1"	"CpG"	"hg38"
16.2	726	"chr10"	"CpG"	"hg38"
16.2	780	"chr11"	"CpG"	"hg38"
16.2	596	"chr12"	"CpG"	"hg38"
16.2	508	"chr13"	"CpG"	"hg38"
16.2	448	"chr14"	"CpG"	"hg38"
16.2	442	"chr15"	"CpG"	"hg38"
16.2	486	"chr16"	"CpG"	"hg38"
16.2	394	"chr17"	"CpG"	"hg38"
16.2	398	"chr18"	"CpG"	"hg38"
16.2	344	"chr19"	"CpG"	"hg38"
16.2	1100	"chr2"	"CpG"	"hg38"
16.2	364	"chr20"	"CpG"	"hg38"
16.2	250	"chr21"	"CpG"	"hg38"
16.2	256	"chr22"	"CpG"	"hg38"
16.2	868	"chr3"	"CpG"	"hg38"
16.2	904	"chr4"	"CpG"	"hg38"
16.2	930	"chr5"	"CpG"	"hg38"
16.2	798	"chr6"	"CpG"	"hg38"
16.2	738	"chr7"	"CpG"	"hg38"
16.2	704	"chr8"	"CpG"	"hg38"
16.2	570	"chr9"	"CpG"	"hg38"
16.2	570	"chrX"	"CpG"	"hg38"
16.2	108	"chrY"	"CpG"	"hg38"
16.3	1190	"chr1"	"CpG"	"hg38"
16.3	696	"chr10"	"CpG"	"hg38"
16.3	696	"chr11"	"CpG"	"hg38"
16.3	604	"chr12"	"CpG"	"hg38"
16.3	566	"chr13"	"CpG"	"hg38"
16.3	464	"chr14"	"CpG"	"hg38"
16.3	418	"chr15"	"CpG"	"hg38"
16.3	486	"chr16"	"CpG"	"hg38"
16.3	452	"chr17"	"CpG"	"hg38"
16.3	412	"chr18"	"CpG"	"hg38"
16.3	316	"chr19"	"CpG"	"hg38"
16.3	1134	"chr2"	"CpG"	"hg38"
16.3	378	"chr20"	"CpG"	"hg38"
16.3	214	"chr21"	"CpG"	"hg38"
16.3	246	"chr22"	"CpG"	"hg38"
16.3	852	"chr3"	"CpG"	"hg38"
16.3	914	"chr4"	"CpG"	"hg38"
16.3	926	"chr5"	"CpG"	"hg38"
16.3	778	"chr6"	"CpG"	"hg38"
16.3	780	"chr7"	"CpG"	"hg38"
16.3	820	"chr8"	"CpG"	"hg38"
16.3	630	"chr9"	"CpG"	"hg38"
16.3	558	"chrX"	"CpG"	"hg38"
16.3	86	"chrY"	"CpG"	"hg38"
16.4	1080	"chr1"	"CpG"	"hg38"
16.4	670	"chr10"	"CpG"	"hg38"
16.4	724	"chr11"	"CpG"	"hg38"
16.4	676	"chr12"	"CpG"	"hg38"
16.4	500	"chr13"	"CpG"	"hg38"
16.4	492	"chr14"	"CpG"	"hg38"
16.4	432	"chr15"	"CpG"	"hg38"
16.4	478	"chr16"	"CpG"	"hg38"
16.4	388	"chr17"	"CpG"	"hg38"
16.4	412	"chr18"	"CpG"	"hg38"
16.4	312	"chr19"	"CpG"	"hg38"
16.4	1084	"chr2"	"CpG"	"hg38"
16.4	374	"chr20"	"CpG"	"hg38"
16.4	260	"chr21"	"CpG"	"hg38"
16.4	200	"chr22"	"CpG"	"hg38"
16.4	918	"chr3"	"CpG"	"hg38"
16.4	1006	"chr4"	"CpG"	"hg38"
16.4	854	"chr5"	"CpG"	"hg38"
16.4	784	"chr6"	"CpG"	"hg38"
16.4	860	"chr7"	"CpG"	"hg38"
16.4	744	"chr8"	"CpG"	"hg38"
16.4	570	"chr9"	"CpG"	"hg38"
16.4	568	"chrX"	"CpG"	"hg38"
16.4	108	"chrY"	"CpG"	"hg38"
16.5	1168	"chr1"	"CpG"	"hg38"
16.5	630	"chr10"	"CpG"	"hg38"
16.5	780	"chr11"	"CpG"	"hg38"
16.5	626	"chr12"	"CpG"	"hg38"
16.5	504	"chr13"	"CpG"	"hg38"
16.5	468	"chr14"	"CpG"	"hg38"
16.5	476	"chr15"	"CpG"	"hg38"
16.5	540	"chr16"	"CpG"	"hg38"
16.5	436	"chr17"	"CpG"	"hg38"
16.5	404	"chr18"	"CpG"	"hg38"
16.5	356	"chr19"	"CpG"	"hg38"
16.5	1172	"chr2"	"CpG"	"hg38"
16.5	348	"chr20"	"CpG"	"hg38"
16.5	226	"chr21"	"CpG"	"hg38"
16.5	224	"chr22"	"CpG"	"hg38"
16.5	864	"chr3"	"CpG"	"hg38"
16.5	932	"chr4"	"CpG"	"hg38"
16.5	792	"chr5"	"CpG"	"hg38"
16.5	798	"chr6"	"CpG"	"hg38"
16.5	810	"chr7"	"CpG"	"hg38"
16.5	712	"chr8"	"CpG"	"hg38"
16.5	578	"chr9"	"CpG"	"hg38"
16.5	546	"chrX"	"CpG"	"hg38"
16.5	82	"chrY"	"CpG"	"hg38"
16.6	1134	"chr1"	"CpG"	"hg38"
16.6	714	"chr10"	"CpG"	"hg38"
16.6	736	"chr11"	"CpG"	"hg38"
16.6	574	"chr12"	"CpG"	"hg38"
16.6	538	"chr13"	"CpG"	"hg38"
16.6	530	"chr14"	"CpG"	"hg38"
16.6	436	"chr15"	"CpG"	"hg38"
16.6	472	"chr16"	"CpG"	"hg38"
16.6	408	"chr17"	"CpG"	"hg38"
16.6	434	"chr18"	"CpG"	"hg38"
16.6	330	"chr19"	"CpG"	"hg38"
16.6	1170	"chr2"	"CpG"	"hg38"
16.6	364	"chr20"	"CpG"	"hg38"
16.6	242	"chr21"	"CpG"	"hg38"
16.6	248	"chr22"	"CpG"	"hg38"
16.6	860	"chr3"	"CpG"	"hg38"
16.6	838	"chr4"	"CpG"	"hg38"
16.6	874	"chr5"	"CpG"	"hg38"
16.6	742	"chr6"	"CpG"	"hg38"
16.6	768	"chr7"	"CpG"	"hg38"
16.6	696	"chr8"	"CpG"	"hg38"
16.6	544	"chr9"	"CpG"	"hg38"
16.6	560	"chrX"	"CpG"	"hg38"
16.6	106	"chrY"	"CpG"	"hg38"
16.7	1184	"chr1"	"CpG"	"hg38"
16.7	702	"chr10"	"CpG"	"hg38"
16.7	690	"chr11"	"CpG"	"hg38"
16.7	626	"chr12"	"CpG"	"hg38"
16.7	534	"chr13"	"CpG"	"hg38"
16.7	448	"chr14"	"CpG"	"hg38"
16.7	378	"chr15"	"CpG"	"hg38"
16.7	466	"chr16"	"CpG"	"hg38"
16.7	464	"chr17"	"CpG"	"hg38"
16.7	428	"chr18"	"CpG"	"hg38"
16.7	334	"chr19"	"CpG"	"hg38"
16.7	1114	"chr2"	"CpG"	"hg38"
16.7	402	"chr20"	"CpG"	"hg38"
16.7	240	"chr21"	"CpG"	"hg38"
16.7	216	"chr22"	"CpG"	"hg38"
16.7	964	"chr3"	"CpG"	"hg38"
16.7	934	"chr4"	"CpG"	"hg38"
16.7	872	"chr5"	"CpG"	"hg38"
16.7	804	"chr6"	"CpG"	"hg38"
16.7	708	"chr7"	"CpG"	"hg38"
16.7	820	"chr8"	"CpG"	"hg38"
16.7	572	"chr9"	"CpG"	"hg38"
16.7	600	"chrX"	"CpG"	"hg38"
16.7	100	"chrY"	"CpG"	"hg38"
16.8	1178	"chr1"	"CpG"	"hg38"
16.8	672	"chr10"	"CpG"	"hg38"
16.8	730	"chr11"	"CpG"	"hg38"
16.8	584	"chr12"	"CpG"	"hg38"
16.8	488	"chr13"	"CpG"	"hg38"
16.8	472	"chr14"	"CpG"	"hg38"
16.8	442	"chr15"	"CpG"	"hg38"
16.8	512	"chr16"	"CpG"	"hg38"
16.8	416	"chr17"	"CpG"	"hg38"
16.8	412	"chr18"	"CpG"	"hg38"
16.8	338	"chr19"	"CpG"	"hg38"
16.8	1150	"chr2"	"CpG"	"hg38"
16.8	420	"chr20"	"CpG"	"hg38"
16.8	228	"chr21"	"CpG"	"hg38"
16.8	234	"chr22"	"CpG"	"hg38"
16.8	842	"chr3"	"CpG"	"hg38"
16.8	942	"chr4"	"CpG"	"hg38"
16.8	874	"chr5"	"CpG"	"hg38"
16.8	732	"chr6"	"CpG"	"hg38"
16.8	804	"chr7"	"CpG"	"hg38"
16.8	778	"chr8"	"CpG"	"hg38"
16.8	602	"chr9"	"CpG"	"hg38"
16.8	592	"chrX"	"CpG"	"hg38"
16.8	86	"chrY"	"CpG"	"hg38"
16.9	1122	"chr1"	"CpG"	"hg38"
16.9	700	"chr10"	"CpG"	"hg38"
16.9	678	"chr11"	"CpG"	"hg38"
16.9	562	"chr12"	"CpG"	"hg38"
16.9	458	"chr13"	"CpG"	"hg38"
16.9	438	"chr14"	"CpG"	"hg38"
16.9	428	"chr15"	"CpG"	"hg38"
16.9	464	"chr16"	"CpG"	"hg38"
16.9	440	"chr17"	"CpG"	"hg38"
16.9	448	"chr18"	"CpG"	"hg38"
16.9	314	"chr19"	"CpG"	"hg38"
16.9	1086	"chr2"	"CpG"	"hg38"
16.9	394	"chr20"	"CpG"	"hg38"
16.9	210	"chr21"	"CpG"	"hg38"
16.9	178	"chr22"	"CpG"	"hg38"
16.9	926	"chr3"	"CpG"	"hg38"
16.9	1008	"chr4"	"CpG"	"hg38"
16.9	892	"chr5"	"CpG"	"hg38"
16.9	722	"chr6"	"CpG"	"hg38"
16.9	740	"chr7"	"CpG"	"hg38"
16.9	700	"chr8"	"CpG"	"hg38"
16.9	602	"chr9"	"CpG"	"hg38"
16.9	600	"chrX"	"CpG"	"hg38"
16.9	94	"chrY"	"CpG"	"hg38"
17	1088	"chr1"	"CpG"	"hg38"
17	642	"chr10"	"CpG"	"hg38"
17	694	"chr11"	"CpG"	"hg38"
17	606	"chr12"	"CpG"	"hg38"
17	530	"chr13"	"CpG"	"hg38"
17	430	"chr14"	"CpG"	"hg38"
17	400	"chr15"	"CpG"	"hg38"
17	388	"chr16"	"CpG"	"hg38"
17	366	"chr17"	"CpG"	"hg38"
17	408	"chr18"	"CpG"	"hg38"
17	344	"chr19"	"CpG"	"hg38"
17	1074	"chr2"	"CpG"	"hg38"
17	404	"chr20"	"CpG"	"hg38"
17	218	"chr21"	"CpG"	"hg38"
17	228	"chr22"	"CpG"	"hg38"
17	868	"chr3"	"CpG"	"hg38"
17	956	"chr4"	"CpG"	"hg38"
17	880	"chr5"	"CpG"	"hg38"
17	754	"chr6"	"CpG"	"hg38"
17	770	"chr7"	"CpG"	"hg38"
17	748	"chr8"	"CpG"	"hg38"
17	622	"chr9"	"CpG"	"hg38"
17	576	"chrX"	"CpG"	"hg38"
17	84	"chrY"	"CpG"	"hg38"
17.1	1158	"chr1"	"CpG"	"hg38"
17.1	718	"chr10"	"CpG"	"hg38"
17.1	608	"chr11"	"CpG"	"hg38"
17.1	640	"chr12"	"CpG"	"hg38"
17.1	458	"chr13"	"CpG"	"hg38"
17.1	430	"chr14"	"CpG"	"hg38"
17.1	408	"chr15"	"CpG"	"hg38"
17.1	478	"chr16"	"CpG"	"hg38"
17.1	438	"chr17"	"CpG"	"hg38"
17.1	346	"chr18"	"CpG"	"hg38"
17.1	330	"chr19"	"CpG"	"hg38"
17.1	1080	"chr2"	"CpG"	"hg38"
17.1	376	"chr20"	"CpG"	"hg38"
17.1	228	"chr21"	"CpG"	"hg38"
17.1	236	"chr22"	"CpG"	"hg38"
17.1	884	"chr3"	"CpG"	"hg38"
17.1	872	"chr4"	"CpG"	"hg38"
17.1	916	"chr5"	"CpG"	"hg38"
17.1	736	"chr6"	"CpG"	"hg38"
17.1	730	"chr7"	"CpG"	"hg38"
17.1	714	"chr8"	"CpG"	"hg38"
17.1	560	"chr9"	"CpG"	"hg38"
17.1	566	"chrX"	"CpG"	"hg38"
17.1	94	"chrY"	"CpG"	"hg38"
17.2	1142	"chr1"	"CpG"	"hg38"
17.2	648	"chr10"	"CpG"	"hg38"
17.2	598	"chr11"	"CpG"	"hg38"
17.2	594	"chr12"	"CpG"	"hg38"
17.2	486	"chr13"	"CpG"	"hg38"
17.2	406	"chr14"	"CpG"	"hg38"
17.2	476	"chr15"	"CpG"	"hg38"
17.2	460	"chr16"	"CpG"	"hg38"
17.2	432	"chr17"	"CpG"	"hg38"
17.2	430	"chr18"	"CpG"	"hg38"
17.2	326	"chr19"	"CpG"	"hg38"
17.2	1128	"chr2"	"CpG"	"hg38"
17.2	420	"chr20"	"CpG"	"hg38"
17.2	248	"chr21"	"CpG"	"hg38"
17.2	228	"chr22"	"CpG"	"hg38"
17.2	812	"chr3"	"CpG"	"hg38"
17.2	870	"chr4"	"CpG"	"hg38"
17.2	964	"chr5"	"CpG"	"hg38"
17.2	742	"chr6"	"CpG"	"hg38"
17.2	774	"chr7"	"CpG"	"hg38"
17.2	642	"chr8"	"CpG"	"hg38"
17.2	582	"chr9"	"CpG"	"hg38"
17.2	526	"chrX"	"CpG"	"hg38"
17.2	118	"chrY"	"CpG"	"hg38"
17.3	1064	"chr1"	"CpG"	"hg38"
17.3	684	"chr10"	"CpG"	"hg38"
17.3	682	"chr11"	"CpG"	"hg38"
17.3	612	"chr12"	"CpG"	"hg38"
17.3	536	"chr13"	"CpG"	"hg38"
17.3	388	"chr14"	"CpG"	"hg38"
17.3	370	"chr15"	"CpG"	"hg38"
17.3	464	"chr16"	"CpG"	"hg38"
17.3	452	"chr17"	"CpG"	"hg38"
17.3	428	"chr18"	"CpG"	"hg38"
17.3	314	"chr19"	"CpG"	"hg38"
17.3	1130	"chr2"	"CpG"	"hg38"
17.3	374	"chr20"	"CpG"	"hg38"
17.3	236	"chr21"	"CpG"	"hg38"
17.3	196	"chr22"	"CpG"	"hg38"
17.3	864	"chr3"	"CpG"	"hg38"
17.3	942	"chr4"	"CpG"	"hg38"
17.3	948	"chr5"	"CpG"	"hg38"
17.3	774	"chr6"	"CpG"	"hg38"
17.3	784	"chr7"	"CpG"	"hg38"
17.3	728	"chr8"	"CpG"	"hg38"
17.3	598	"chr9"	"CpG"	"hg38"
17.3	572	"chrX"	"CpG"	"hg38"
17.3	90	"chrY"	"CpG"	"hg38"
17.4	1072	"chr1"	"CpG"	"hg38"
17.4	710	"chr10"	"CpG"	"hg38"
17.4	678	"chr11"	"CpG"	"hg38"
17.4	596	"chr12"	"CpG"	"hg38"
17.4	506	"chr13"	"CpG"	"hg38"
17.4	432	"chr14"	"CpG"	"hg38"
17.4	398	"chr15"	"CpG"	"hg38"
17.4	474	"chr16"	"CpG"	"hg38"
17.4	388	"chr17"	"CpG"	"hg38"
17.4	406	"chr18"	"CpG"	"hg38"
17.4	330	"chr19"	"CpG"	"hg38"
17.4	1078	"chr2"	"CpG"	"hg38"
17.4	344	"chr20"	"CpG"	"hg38"
17.4	206	"chr21"	"CpG"	"hg38"
17.4	194	"chr22"	"CpG"	"hg38"
17.4	878	"chr3"	"CpG"	"hg38"
17.4	878	"chr4"	"CpG"	"hg38"
17.4	866	"chr5"	"CpG"	"hg38"
17.4	766	"chr6"	"CpG"	"hg38"
17.4	780	"chr7"	"CpG"	"hg38"
17.4	780	"chr8"	"CpG"	"hg38"
17.4	532	"chr9"	"CpG"	"hg38"
17.4	598	"chrX"	"CpG"	"hg38"
17.4	110	"chrY"	"CpG"	"hg38"
17.5	1120	"chr1"	"CpG"	"hg38"
17.5	714	"chr10"	"CpG"	"hg38"
17.5	686	"chr11"	"CpG"	"hg38"
17.5	538	"chr12"	"CpG"	"hg38"
17.5	482	"chr13"	"CpG"	"hg38"
17.5	418	"chr14"	"CpG"	"hg38"
17.5	420	"chr15"	"CpG"	"hg38"
17.5	452	"chr16"	"CpG"	"hg38"
17.5	418	"chr17"	"CpG"	"hg38"
17.5	380	"chr18"	"CpG"	"hg38"
17.5	316	"chr19"	"CpG"	"hg38"
17.5	1156	"chr2"	"CpG"	"hg38"
17.5	374	"chr20"	"CpG"	"hg38"
17.5	236	"chr21"	"CpG"	"hg38"
17.5	268	"chr22"	"CpG"	"hg38"
17.5	908	"chr3"	"CpG"	"hg38"
17.5	836	"chr4"	"CpG"	"hg38"
17.5	872	"chr5"	"CpG"	"hg38"
17.5	764	"chr6"	"CpG"	"hg38"
17.5	756	"chr7"	"CpG"	"hg38"
17.5	732	"chr8"	"CpG"	"hg38"
17.5	600	"chr9"	"CpG"	"hg38"
17.5	546	"chrX"	"CpG"	"hg38"
17.5	138	"chrY"	"CpG"	"hg38"
17.6	1078	"chr1"	"CpG"	"hg38"
17.6	642	"chr10"	"CpG"	"hg38"
17.6	654	"chr11"	"CpG"	"hg38"
17.6	598	"chr12"	"CpG"	"hg38"
17.6	448	"chr13"	"CpG"	"hg38"
17.6	510	"chr14"	"CpG"	"hg38"
17.6	408	"chr15"	"CpG"	"hg38"
17.6	482	"chr16"	"CpG"	"hg38"
17.6	466	"chr17"	"CpG"	"hg38"
17.6	376	"chr18"	"CpG"	"hg38"
17.6	316	"chr19"	"CpG"	"hg38"
17.6	1048	"chr2"	"CpG"	"hg38"
17.6	408	"chr20"	"CpG"	"hg38"
17.6	230	"chr21"	"CpG"	"hg38"
17.6	236	"chr22"	"CpG"	"hg38"
17.6	862	"chr3"	"CpG"	"hg38"
17.6	952	"chr4"	"CpG"	"hg38"
17.6	780	"chr5"	"CpG"	"hg38"
17.6	694	"chr6"	"CpG"	"hg38"
17.6	766	"chr7"	"CpG"	"hg38"
17.6	782	"chr8"	"CpG"	"hg38"
17.6	634	"chr9"	"CpG"	"hg38"
17.6	522	"chrX"	"CpG"	"hg38"
17.6	104	"chrY"	"CpG"	"hg38"
17.7	1104	"chr1"	"CpG"	"hg38"
17.7	672	"chr10"	"CpG"	"hg38"
17.7	644	"chr11"	"CpG"	"hg38"
17.7	604	"chr12"	"CpG"	"hg38"
17.7	526	"chr13"	"CpG"	"hg38"
17.7	394	"chr14"	"CpG"	"hg38"
17.7	414	"chr15"	"CpG"	"hg38"
17.7	492	"chr16"	"CpG"	"hg38"
17.7	414	"chr17"	"CpG"	"hg38"
17.7	390	"chr18"	"CpG"	"hg38"
17.7	318	"chr19"	"CpG"	"hg38"
17.7	1114	"chr2"	"CpG"	"hg38"
17.7	328	"chr20"	"CpG"	"hg38"
17.7	232	"chr21"	"CpG"	"hg38"
17.7	246	"chr22"	"CpG"	"hg38"
17.7	856	"chr3"	"CpG"	"hg38"
17.7	906	"chr4"	"CpG"	"hg38"
17.7	898	"chr5"	"CpG"	"hg38"
17.7	712	"chr6"	"CpG"	"hg38"
17.7	740	"chr7"	"CpG"	"hg38"
17.7	802	"chr8"	"CpG"	"hg38"
17.7	558	"chr9"	"CpG"	"hg38"
17.7	554	"chrX"	"CpG"	"hg38"
17.7	90	"chrY"	"CpG"	"hg38"
17.8	1014	"chr1"	"CpG"	"hg38"
17.8	602	"chr10"	"CpG"	"hg38"
17.8	650	"chr11"	"CpG"	"hg38"
17.8	588	"chr12"	"CpG"	"hg38"
17.8	556	"chr13"	"CpG"	"hg38"
17.8	488	"chr14"	"CpG"	"hg38"
17.8	474	"chr15"	"CpG"	"hg38"
17.8	540	"chr16"	"CpG"	"hg38"
17.8	440	"chr17"	"CpG"	"hg38"
17.8	408	"chr18"	"CpG"	"hg38"
17.8	306	"chr19"	"CpG"	"hg38"
17.8	1140	"chr2"	"CpG"	"hg38"
17.8	358	"chr20"	"CpG"	"hg38"
17.8	228	"chr21"	"CpG"	"hg38"
17.8	236	"chr22"	"CpG"	"hg38"
17.8	892	"chr3"	"CpG"	"hg38"
17.8	854	"chr4"	"CpG"	"hg38"
17.8	848	"chr5"	"CpG"	"hg38"
17.8	746	"chr6"	"CpG"	"hg38"
17.8	784	"chr7"	"CpG"	"hg38"
17.8	716	"chr8"	"CpG"	"hg38"
17.8	552	"chr9"	"CpG"	"hg38"
17.8	580	"chrX"	"CpG"	"hg38"
17.8	80	"chrY"	"CpG"	"hg38"
17.9	1032	"chr1"	"CpG"	"hg38"
17.9	690	"chr10"	"CpG"	"hg38"
17.9	690	"chr11"	"CpG"	"hg38"
17.9	616	"chr12"	"CpG"	"hg38"
17.9	538	"chr13"	"CpG"	"hg38"
17.9	434	"chr14"	"CpG"	"hg38"
17.9	386	"chr15"	"CpG"	"hg38"
17.9	426	"chr16"	"CpG"	"hg38"
17.9	432	"chr17"	"CpG"	"hg38"
17.9	378	"chr18"	"CpG"	"hg38"
17.9	308	"chr19"	"CpG"	"hg38"
17.9	1054	"chr2"	"CpG"	"hg38"
17.9	406	"chr20"	"CpG"	"hg38"
17.9	192	"chr21"	"CpG"	"hg38"
17.9	208	"chr22"	"CpG"	"hg38"
17.9	812	"chr3"	"CpG"	"hg38"
17.9	906	"chr4"	"CpG"	"hg38"
17.9	816	"chr5"	"CpG"	"hg38"
17.9	770	"chr6"	"CpG"	"hg38"
17.9	770	"chr7"	"CpG"	"hg38"
17.9	708	"chr8"	"CpG"	"hg38"
17.9	606	"chr9"	"CpG"	"hg38"
17.9	516	"chrX"	"CpG"	"hg38"
17.9	106	"chrY"	"CpG"	"hg38"
18	1034	"chr1"	"CpG"	"hg38"
18	630	"chr10"	"CpG"	"hg38"
18	666	"chr11"	"CpG"	"hg38"
18	568	"chr12"	"CpG"	"hg38"
18	420	"chr13"	"CpG"	"hg38"
18	450	"chr14"	"CpG"	"hg38"
18	454	"chr15"	"CpG"	"hg38"
18	438	"chr16"	"CpG"	"hg38"
18	408	"chr17"	"CpG"	"hg38"
18	398	"chr18"	"CpG"	"hg38"
18	328	"chr19"	"CpG"	"hg38"
18	1156	"chr2"	"CpG"	"hg38"
18	388	"chr20"	"CpG"	"hg38"
18	232	"chr21"	"CpG"	"hg38"
18	212	"chr22"	"CpG"	"hg38"
18	820	"chr3"	"CpG"	"hg38"
18	864	"chr4"	"CpG"	"hg38"
18	818	"chr5"	"CpG"	"hg38"
18	664	"chr6"	"CpG"	"hg38"
18	732	"chr7"	"CpG"	"hg38"
18	738	"chr8"	"CpG"	"hg38"
18	576	"chr9"	"CpG"	"hg38"
18	550	"chrX"	"CpG"	"hg38"
18	104	"chrY"	"CpG"	"hg38"
18.1	1052	"chr1"	"CpG"	"hg38"
18.1	622	"chr10"	"CpG"	"hg38"
18.1	682	"chr11"	"CpG"	"hg38"
18.1	630	"chr12"	"CpG"	"hg38"
18.1	496	"chr13"	"CpG"	"hg38"
18.1	420	"chr14"	"CpG"	"hg38"
18.1	456	"chr15"	"CpG"	"hg38"
18.1	474	"chr16"	"CpG"	"hg38"
18.1	366	"chr17"	"CpG"	"hg38"
18.1	386	"chr18"	"CpG"	"hg38"
18.1	344	"chr19"	"CpG"	"hg38"
18.1	1064	"chr2"	"CpG"	"hg38"
18.1	378	"chr20"	"CpG"	"hg38"
18.1	246	"chr21"	"CpG"	"hg38"
18.1	218	"chr22"	"CpG"	"hg38"
18.1	892	"chr3"	"CpG"	"hg38"
18.1	898	"chr4"	"CpG"	"hg38"
18.1	812	"chr5"	"CpG"	"hg38"
18.1	698	"chr6"	"CpG"	"hg38"
18.1	696	"chr7"	"CpG"	"hg38"
18.1	708	"chr8"	"CpG"	"hg38"
18.1	558	"chr9"	"CpG"	"hg38"
18.1	626	"chrX"	"CpG"	"hg38"
18.1	96	"chrY"	"CpG"	"hg38"
18.2	1100	"chr1"	"CpG"	"hg38"
18.2	640	"chr10"	"CpG"	"hg38"
18.2	746	"chr11"	"CpG"	"hg38"
18.2	664	"chr12"	"CpG"	"hg38"
18.2	454	"chr13"	"CpG"	"hg38"
18.2	488	"chr14"	"CpG"	"hg38"
18.2	380	"chr15"	"CpG"	"hg38"
18.2	458	"chr16"	"CpG"	"hg38"
18.2	426	"chr17"	"CpG"	"hg38"
18.2	350	"chr18"	"CpG"	"hg38"
18.2	330	"chr19"	"CpG"	"hg38"
18.2	1092	"chr2"	"CpG"	"hg38"
18.2	378	"chr20"	"CpG"	"hg38"
18.2	200	"chr21"	"CpG"	"hg38"
18.2	244	"chr22"	"CpG"	"hg38"
18.2	994	"chr3"	"CpG"	"hg38"
18.2	932	"chr4"	"CpG"	"hg38"
18.2	770	"chr5"	"CpG"	"hg38"
18.2	708	"chr6"	"CpG"	"hg38"
18.2	730	"chr7"	"CpG"	"hg38"
18.2	732	"chr8"	"CpG"	"hg38"
18.2	500	"chr9"	"CpG"	"hg38"
18.2	538	"chrX"	"CpG"	"hg38"
18.2	92	"chrY"	"CpG"	"hg38"
18.3	990	"chr1"	"CpG"	"hg38"
18.3	706	"chr10"	"CpG"	"hg38"
18.3	712	"chr11"	"CpG"	"hg38"
18.3	588	"chr12"	"CpG"	"hg38"
18.3	498	"chr13"	"CpG"	"hg38"
18.3	396	"chr14"	"CpG"	"hg38"
18.3	406	"chr15"	"CpG"	"hg38"
18.3	400	"chr16"	"CpG"	"hg38"
18.3	444	"chr17"	"CpG"	"hg38"
18.3	388	"chr18"	"CpG"	"hg38"
18.3	306	"chr19"	"CpG"	"hg38"
18.3	1028	"chr2"	"CpG"	"hg38"
18.3	374	"chr20"	"CpG"	"hg38"
18.3	240	"chr21"	"CpG"	"hg38"
18.3	210	"chr22"	"CpG"	"hg38"
18.3	868	"chr3"	"CpG"	"hg38"
18.3	836	"chr4"	"CpG"	"hg38"
18.3	836	"chr5"	"CpG"	"hg38"
18.3	736	"chr6"	"CpG"	"hg38"
18.3	774	"chr7"	"CpG"	"hg38"
18.3	708	"chr8"	"CpG"	"hg38"
18.3	558	"chr9"	"CpG"	"hg38"
18.3	544	"chrX"	"CpG"	"hg38"
18.3	100	"chrY"	"CpG"	"hg38"
18.4	1030	"chr1"	"CpG"	"hg38"
18.4	638	"chr10"	"CpG"	"hg38"
18.4	620	"chr11"	"CpG"	"hg38"
18.4	606	"chr12"	"CpG"	"hg38"
18.4	462	"chr13"	"CpG"	"hg38"
18.4	388	"chr14"	"CpG"	"hg38"
18.4	414	"chr15"	"CpG"	"hg38"
18.4	472	"chr16"	"CpG"	"hg38"
18.4	434	"chr17"	"CpG"	"hg38"
18.4	418	"chr18"	"CpG"	"hg38"
18.4	320	"chr19"	"CpG"	"hg38"
18.4	1100	"chr2"	"CpG"	"hg38"
18.4	338	"chr20"	"CpG"	"hg38"
18.4	218	"chr21"	"CpG"	"hg38"
18.4	212	"chr22"	"CpG"	"hg38"
18.4	856	"chr3"	"CpG"	"hg38"
18.4	886	"chr4"	"CpG"	"hg38"
18.4	890	"chr5"	"CpG"	"hg38"
18.4	724	"chr6"	"CpG"	"hg38"
18.4	714	"chr7"	"CpG"	"hg38"
18.4	760	"chr8"	"CpG"	"hg38"
18.4	580	"chr9"	"CpG"	"hg38"
18.4	576	"chrX"	"CpG"	"hg38"
18.4	90	"chrY"	"CpG"	"hg38"
18.5	1022	"chr1"	"CpG"	"hg38"
18.5	644	"chr10"	"CpG"	"hg38"
18.5	684	"chr11"	"CpG"	"hg38"
18.5	602	"chr12"	"CpG"	"hg38"
18.5	492	"chr13"	"CpG"	"hg38"
18.5	418	"chr14"	"CpG"	"hg38"
18.5	364	"chr15"	"CpG"	"hg38"
18.5	442	"chr16"	"CpG"	"hg38"
18.5	376	"chr17"	"CpG"	"hg38"
18.5	430	"chr18"	"CpG"	"hg38"
18.5	308	"chr19"	"CpG"	"hg38"
18.5	1114	"chr2"	"CpG"	"hg38"
18.5	382	"chr20"	"CpG"	"hg38"
18.5	214	"chr21"	"CpG"	"hg38"
18.5	248	"chr22"	"CpG"	"hg38"
18.5	784	"chr3"	"CpG"	"hg38"
18.5	904	"chr4"	"CpG"	"hg38"
18.5	882	"chr5"	"CpG"	"hg38"
18.5	670	"chr6"	"CpG"	"hg38"
18.5	732	"chr7"	"CpG"	"hg38"
18.5	698	"chr8"	"CpG"	"hg38"
18.5	560	"chr9"	"CpG"	"hg38"
18.5	558	"chrX"	"CpG"	"hg38"
18.5	72	"chrY"	"CpG"	"hg38"
18.6	1094	"chr1"	"CpG"	"hg38"
18.6	668	"chr10"	"CpG"	"hg38"
18.6	742	"chr11"	"CpG"	"hg38"
18.6	610	"chr12"	"CpG"	"hg38"
18.6	488	"chr13"	"CpG"	"hg38"
18.6	350	"chr14"	"CpG"	"hg38"
18.6	468	"chr15"	"CpG"	"hg38"
18.6	458	"chr16"	"CpG"	"hg38"
18.6	470	"chr17"	"CpG"	"hg38"
18.6	418	"chr18"	"CpG"	"hg38"
18.6	326	"chr19"	"CpG"	"hg38"
18.6	1066	"chr2"	"CpG"	"hg38"
18.6	348	"chr20"	"CpG"	"hg38"
18.6	210	"chr21"	"CpG"	"hg38"
18.6	248	"chr22"	"CpG"	"hg38"
18.6	852	"chr3"	"CpG"	"hg38"
18.6	900	"chr4"	"CpG"	"hg38"
18.6	842	"chr5"	"CpG"	"hg38"
18.6	708	"chr6"	"CpG"	"hg38"
18.6	772	"chr7"	"CpG"	"hg38"
18.6	676	"chr8"	"CpG"	"hg38"
18.6	602	"chr9"	"CpG"	"hg38"
18.6	532	"chrX"	"CpG"	"hg38"
18.6	104	"chrY"	"CpG"	"hg38"
18.7	1062	"chr1"	"CpG"	"hg38"
18.7	648	"chr10"	"CpG"	"hg38"
18.7	670	"chr11"	"CpG"	"hg38"
18.7	570	"chr12"	"CpG"	"hg38"
18.7	526	"chr13"	"CpG"	"hg38"
18.7	452	"chr14"	"CpG"	"hg38"
18.7	412	"chr15"	"CpG"	"hg38"
18.7	496	"chr16"	"CpG"	"hg38"
18.7	458	"chr17"	"CpG"	"hg38"
18.7	410	"chr18"	"CpG"	"hg38"
18.7	310	"chr19"	"CpG"	"hg38"
18.7	1088	"chr2"	"CpG"	"hg38"
18.7	376	"chr20"	"CpG"	"hg38"
18.7	214	"chr21"	"CpG"	"hg38"
18.7	230	"chr22"	"CpG"	"hg38"
18.7	858	"chr3"	"CpG"	"hg38"
18.7	880	"chr4"	"CpG"	"hg38"
18.7	872	"chr5"	"CpG"	"hg38"
18.7	706	"chr6"	"CpG"	"hg38"
18.7	764	"chr7"	"CpG"	"hg38"
18.7	752	"chr8"	"CpG"	"hg38"
18.7	528	"chr9"	"CpG"	"hg38"
18.7	498	"chrX"	"CpG"	"hg38"
18.7	86	"chrY"	"CpG"	"hg38"
18.8	1096	"chr1"	"CpG"	"hg38"
18.8	632	"chr10"	"CpG"	"hg38"
18.8	654	"chr11"	"CpG"	"hg38"
18.8	542	"chr12"	"CpG"	"hg38"
18.8	440	"chr13"	"CpG"	"hg38"
18.8	420	"chr14"	"CpG"	"hg38"
18.8	410	"chr15"	"CpG"	"hg38"
18.8	462	"chr16"	"CpG"	"hg38"
18.8	398	"chr17"	"CpG"	"hg38"
18.8	380	"chr18"	"CpG"	"hg38"
18.8	316	"chr19"	"CpG"	"hg38"
18.8	1110	"chr2"	"CpG"	"hg38"
18.8	378	"chr20"	"CpG"	"hg38"
18.8	230	"chr21"	"CpG"	"hg38"
18.8	184	"chr22"	"CpG"	"hg38"
18.8	814	"chr3"	"CpG"	"hg38"
18.8	954	"chr4"	"CpG"	"hg38"
18.8	910	"chr5"	"CpG"	"hg38"
18.8	714	"chr6"	"CpG"	"hg38"
18.8	758	"chr7"	"CpG"	"hg38"
18.8	732	"chr8"	"CpG"	"hg38"
18.8	564	"chr9"	"CpG"	"hg38"
18.8	524	"chrX"	"CpG"	"hg38"
18.8	110	"chrY"	"CpG"	"hg38"
18.9	1138	"chr1"	"CpG"	"hg38"
18.9	696	"chr10"	"CpG"	"hg38"
18.9	650	"chr11"	"CpG"	"hg38"
18.9	580	"chr12"	"CpG"	"hg38"
18.9	466	"chr13"	"CpG"	"hg38"
18.9	426	"chr14"	"CpG"	"hg38"
18.9	416	"chr15"	"CpG"	"hg38"
18.9	438	"chr16"	"CpG"	"hg38"
18.9	362	"chr17"	"CpG"	"hg38"
18.9	412	"chr18"	"CpG"	"hg38"
18.9	312	"chr19"	"CpG"	"hg38"
18.9	1012	"chr2"	"CpG"	"hg38"
18.9	400	"chr20"	"CpG"	"hg38"
18.9	246	"chr21"	"CpG"	"hg38"
18.9	232	"chr22"	"CpG"	"hg38"
18.9	856	"chr3"	"CpG"	"hg38"
18.9	860	"chr4"	"CpG"	"hg38"
18.9	810	"chr5"	"CpG"	"hg38"
18.9	696	"chr6"	"CpG"	"hg38"
18.9	704	"chr7"	"CpG"	"hg38"
18.9	710	"chr8"	"CpG"	"hg38"
18.9	526	"chr9"	"CpG"	"hg38"
18.9	500	"chrX"	"CpG"	"hg38"
18.9	92	"chrY"	"CpG"	"hg38"
19	1132	"chr1"	"CpG"	"hg38"
19	678	"chr10"	"CpG"	"hg38"
19	640	"chr11"	"CpG"	"hg38"
19	618	"chr12"	"CpG"	"hg38"
19	482	"chr13"	"CpG"	"hg38"
19	390	"chr14"	"CpG"	"hg38"
19	414	"chr15"	"CpG"	"hg38"
19	434	"chr16"	"CpG"	"hg38"
19	406	"chr17"	"CpG"	"hg38"
19	386	"chr18"	"CpG"	"hg38"
19	322	"chr19"	"CpG"	"hg38"
19	1002	"chr2"	"CpG"	"hg38"
19	372	"chr20"	"CpG"	"hg38"
19	256	"chr21"	"CpG"	"hg38"
19	234	"chr22"	"CpG"	"hg38"
19	912	"chr3"	"CpG"	"hg38"
19	854	"chr4"	"CpG"	"hg38"
19	882	"chr5"	"CpG"	"hg38"
19	724	"chr6"	"CpG"	"hg38"
19	712	"chr7"	"CpG"	"hg38"
19	710	"chr8"	"CpG"	"hg38"
19	522	"chr9"	"CpG"	"hg38"
19	518	"chrX"	"CpG"	"hg38"
19	92	"chrY"	"CpG"	"hg38"
19.1	1044	"chr1"	"CpG"	"hg38"
19.1	596	"chr10"	"CpG"	"hg38"
19.1	704	"chr11"	"CpG"	"hg38"
19.1	600	"chr12"	"CpG"	"hg38"
19.1	428	"chr13"	"CpG"	"hg38"
19.1	382	"chr14"	"CpG"	"hg38"
19.1	406	"chr15"	"CpG"	"hg38"
19.1	462	"chr16"	"CpG"	"hg38"
19.1	400	"chr17"	"CpG"	"hg38"
19.1	372	"chr18"	"CpG"	"hg38"
19.1	298	"chr19"	"CpG"	"hg38"
19.1	1054	"chr2"	"CpG"	"hg38"
19.1	378	"chr20"	"CpG"	"hg38"
19.1	208	"chr21"	"CpG"	"hg38"
19.1	238	"chr22"	"CpG"	"hg38"
19.1	822	"chr3"	"CpG"	"hg38"
19.1	806	"chr4"	"CpG"	"hg38"
19.1	868	"chr5"	"CpG"	"hg38"
19.1	648	"chr6"	"CpG"	"hg38"
19.1	740	"chr7"	"CpG"	"hg38"
19.1	746	"chr8"	"CpG"	"hg38"
19.1	600	"chr9"	"CpG"	"hg38"
19.1	546	"chrX"	"CpG"	"hg38"
19.1	74	"chrY"	"CpG"	"hg38"
19.2	1078	"chr1"	"CpG"	"hg38"
19.2	616	"chr10"	"CpG"	"hg38"
19.2	730	"chr11"	"CpG"	"hg38"
19.2	572	"chr12"	"CpG"	"hg38"
19.2	454	"chr13"	"CpG"	"hg38"
19.2	428	"chr14"	"CpG"	"hg38"
19.2	428	"chr15"	"CpG"	"hg38"
19.2	454	"chr16"	"CpG"	"hg38"
19.2	400	"chr17"	"CpG"	"hg38"
19.2	382	"chr18"	"CpG"	"hg38"
19.2	278	"chr19"	"CpG"	"hg38"
19.2	1026	"chr2"	"CpG"	"hg38"
19.2	360	"chr20"	"CpG"	"hg38"
19.2	218	"chr21"	"CpG"	"hg38"
19.2	226	"chr22"	"CpG"	"hg38"
19.2	812	"chr3"	"CpG"	"hg38"
19.2	864	"chr4"	"CpG"	"hg38"
19.2	864	"chr5"	"CpG"	"hg38"
19.2	754	"chr6"	"CpG"	"hg38"
19.2	724	"chr7"	"CpG"	"hg38"
19.2	680	"chr8"	"CpG"	"hg38"
19.2	596	"chr9"	"CpG"	"hg38"
19.2	570	"chrX"	"CpG"	"hg38"
19.2	70	"chrY"	"CpG"	"hg38"
19.3	1016	"chr1"	"CpG"	"hg38"
19.3	668	"chr10"	"CpG"	"hg38"
19.3	690	"chr11"	"CpG"	"hg38"
19.3	538	"chr12"	"CpG"	"hg38"
19.3	474	"chr13"	"CpG"	"hg38"
19.3	424	"chr14"	"CpG"	"hg38"
19.3	410	"chr15"	"CpG"	"hg38"
19.3	428	"chr16"	"CpG"	"hg38"
19.3	428	"chr17"	"CpG"	"hg38"
19.3	414	"chr18"	"CpG"	"hg38"
19.3	306	"chr19"	"CpG"	"hg38"
19.3	1044	"chr2"	"CpG"	"hg38"
19.3	384	"chr20"	"CpG"	"hg38"
19.3	206	"chr21"	"CpG"	"hg38"
19.3	226	"chr22"	"CpG"	"hg38"
19.3	870	"chr3"	"CpG"	"hg38"
19.3	866	"chr4"	"CpG"	"hg38"
19.3	838	"chr5"	"CpG"	"hg38"
19.3	698	"chr6"	"CpG"	"hg38"
19.3	774	"chr7"	"CpG"	"hg38"
19.3	712	"chr8"	"CpG"	"hg38"
19.3	564	"chr9"	"CpG"	"hg38"
19.3	496	"chrX"	"CpG"	"hg38"
19.3	88	"chrY"	"CpG"	"hg38"
19.4	1086	"chr1"	"CpG"	"hg38"
19.4	658	"chr10"	"CpG"	"hg38"
19.4	678	"chr11"	"CpG"	"hg38"
19.4	576	"chr12"	"CpG"	"hg38"
19.4	404	"chr13"	"CpG"	"hg38"
19.4	378	"chr14"	"CpG"	"hg38"
19.4	422	"chr15"	"CpG"	"hg38"
19.4	432	"chr16"	"CpG"	"hg38"
19.4	410	"chr17"	"CpG"	"hg38"
19.4	398	"chr18"	"CpG"	"hg38"
19.4	292	"chr19"	"CpG"	"hg38"
19.4	1160	"chr2"	"CpG"	"hg38"
19.4	370	"chr20"	"CpG"	"hg38"
19.4	186	"chr21"	"CpG"	"hg38"
19.4	236	"chr22"	"CpG"	"hg38"
19.4	880	"chr3"	"CpG"	"hg38"
19.4	860	"chr4"	"CpG"	"hg38"
19.4	822	"chr5"	"CpG"	"hg38"
19.4	796	"chr6"	"CpG"	"hg38"
19.4	696	"chr7"	"CpG"	"hg38"
19.4	770	"chr8"	"CpG"	"hg38"
19.4	560	"chr9"	"CpG"	"hg38"
19.4	476	"chrX"	"CpG"	"hg38"
19.4	114	"chrY"	"CpG"	"hg38"
19.5	986	"chr1"	"CpG"	"hg38"
19.5	656	"chr10"	"CpG"	"hg38"
19.5	628	"chr11"	"CpG"	"hg38"
19.5	574	"chr12"	"CpG"	"hg38"
19.5	476	"chr13"	"CpG"	"hg38"
19.5	416	"chr14"	"CpG"	"hg38"
19.5	424	"chr15"	"CpG"	"hg38"
19.5	432	"chr16"	"CpG"	"hg38"
19.5	400	"chr17"	"CpG"	"hg38"
19.5	346	"chr18"	"CpG"	"hg38"
19.5	268	"chr19"	"CpG"	"hg38"
19.5	1040	"chr2"	"CpG"	"hg38"
19.5	354	"chr20"	"CpG"	"hg38"
19.5	178	"chr21"	"CpG"	"hg38"
19.5	204	"chr22"	"CpG"	"hg38"
19.5	816	"chr3"	"CpG"	"hg38"
19.5	826	"chr4"	"CpG"	"hg38"
19.5	860	"chr5"	"CpG"	"hg38"
19.5	692	"chr6"	"CpG"	"hg38"
19.5	788	"chr7"	"CpG"	"hg38"
19.5	748	"chr8"	"CpG"	"hg38"
19.5	578	"chr9"	"CpG"	"hg38"
19.5	458	"chrX"	"CpG"	"hg38"
19.5	54	"chrY"	"CpG"	"hg38"
19.6	1050	"chr1"	"CpG"	"hg38"
19.6	538	"chr10"	"CpG"	"hg38"
19.6	636	"chr11"	"CpG"	"hg38"
19.6	574	"chr12"	"CpG"	"hg38"
19.6	496	"chr13"	"CpG"	"hg38"
19.6	390	"chr14"	"CpG"	"hg38"
19.6	392	"chr15"	"CpG"	"hg38"
19.6	434	"chr16"	"CpG"	"hg38"
19.6	408	"chr17"	"CpG"	"hg38"
19.6	388	"chr18"	"CpG"	"hg38"
19.6	268	"chr19"	"CpG"	"hg38"
19.6	1042	"chr2"	"CpG"	"hg38"
19.6	354	"chr20"	"CpG"	"hg38"
19.6	214	"chr21"	"CpG"	"hg38"
19.6	176	"chr22"	"CpG"	"hg38"
19.6	824	"chr3"	"CpG"	"hg38"
19.6	892	"chr4"	"CpG"	"hg38"
19.6	748	"chr5"	"CpG"	"hg38"
19.6	678	"chr6"	"CpG"	"hg38"
19.6	794	"chr7"	"CpG"	"hg38"
19.6	712	"chr8"	"CpG"	"hg38"
19.6	550	"chr9"	"CpG"	"hg38"
19.6	546	"chrX"	"CpG"	"hg38"
19.6	102	"chrY"	"CpG"	"hg38"
19.7	1066	"chr1"	"CpG"	"hg38"
19.7	658	"chr10"	"CpG"	"hg38"
19.7	684	"chr11"	"CpG"	"hg38"
19.7	556	"chr12"	"CpG"	"hg38"
19.7	470	"chr13"	"CpG"	"hg38"
19.7	428	"chr14"	"CpG"	"hg38"
19.7	380	"chr15"	"CpG"	"hg38"
19.7	444	"chr16"	"CpG"	"hg38"
19.7	432	"chr17"	"CpG"	"hg38"
19.7	368	"chr18"	"CpG"	"hg38"
19.7	300	"chr19"	"CpG"	"hg38"
19.7	1130	"chr2"	"CpG"	"hg38"
19.7	368	"chr20"	"CpG"	"hg38"
19.7	210	"chr21"	"CpG"	"hg38"
19.7	154	"chr22"	"CpG"	"hg38"
19.7	908	"chr3"	"CpG"	"hg38"
19.7	812	"chr4"	"CpG"	"hg38"
19.7	736	"chr5"	"CpG"	"hg38"
19.7	714	"chr6"	"CpG"	"hg38"
19.7	724	"chr7"	"CpG"	"hg38"
19.7	670	"chr8"	"CpG"	"hg38"
19.7	576	"chr9"	"CpG"	"hg38"
19.7	504	"chrX"	"CpG"	"hg38"
19.7	86	"chrY"	"CpG"	"hg38"
19.8	1156	"chr1"	"CpG"	"hg38"
19.8	636	"chr10"	"CpG"	"hg38"
19.8	694	"chr11"	"CpG"	"hg38"
19.8	578	"chr12"	"CpG"	"hg38"
19.8	454	"chr13"	"CpG"	"hg38"
19.8	432	"chr14"	"CpG"	"hg38"
19.8	448	"chr15"	"CpG"	"hg38"
19.8	452	"chr16"	"CpG"	"hg38"
19.8	414	"chr17"	"CpG"	"hg38"
19.8	388	"chr18"	"CpG"	"hg38"
19.8	342	"chr19"	"CpG"	"hg38"
19.8	1044	"chr2"	"CpG"	"hg38"
19.8	352	"chr20"	"CpG"	"hg38"
19.8	212	"chr21"	"CpG"	"hg38"
19.8	218	"chr22"	"CpG"	"hg38"
19.8	910	"chr3"	"CpG"	"hg38"
19.8	808	"chr4"	"CpG"	"hg38"
19.8	812	"chr5"	"CpG"	"hg38"
19.8	690	"chr6"	"CpG"	"hg38"
19.8	728	"chr7"	"CpG"	"hg38"
19.8	664	"chr8"	"CpG"	"hg38"
19.8	530	"chr9"	"CpG"	"hg38"
19.8	520	"chrX"	"CpG"	"hg38"
19.8	90	"chrY"	"CpG"	"hg38"
19.9	1116	"chr1"	"CpG"	"hg38"
19.9	664	"chr10"	"CpG"	"hg38"
19.9	628	"chr11"	"CpG"	"hg38"
19.9	560	"chr12"	"CpG"	"hg38"
19.9	444	"chr13"	"CpG"	"hg38"
19.9	470	"chr14"	"CpG"	"hg38"
19.9	430	"chr15"	"CpG"	"hg38"
19.9	460	"chr16"	"CpG"	"hg38"
19.9	408	"chr17"	"CpG"	"hg38"
19.9	372	"chr18"	"CpG"	"hg38"
19.9	320	"chr19"	"CpG"	"hg38"
19.9	1068	"chr2"	"CpG"	"hg38"
19.9	308	"chr20"	"CpG"	"hg38"
19.9	256	"chr21"	"CpG"	"hg38"
19.9	208	"chr22"	"CpG"	"hg38"
19.9	884	"chr3"	"CpG"	"hg38"
19.9	848	"chr4"	"CpG"	"hg38"
19.9	808	"chr5"	"CpG"	"hg38"
19.9	664	"chr6"	"CpG"	"hg38"
19.9	670	"chr7"	"CpG"	"hg38"
19.9	674	"chr8"	"CpG"	"hg38"
19.9	526	"chr9"	"CpG"	"hg38"
19.9	534	"chrX"	"CpG"	"hg38"
19.9	86	"chrY"	"CpG"	"hg38"
20	1040	"chr1"	"CpG"	"hg38"
20	614	"chr10"	"CpG"	"hg38"
20	634	"chr11"	"CpG"	"hg38"
20	584	"chr12"	"CpG"	"hg38"
20	504	"chr13"	"CpG"	"hg38"
20	420	"chr14"	"CpG"	"hg38"
20	422	"chr15"	"CpG"	"hg38"
20	368	"chr16"	"CpG"	"hg38"
20	414	"chr17"	"CpG"	"hg38"
20	404	"chr18"	"CpG"	"hg38"
20	302	"chr19"	"CpG"	"hg38"
20	1070	"chr2"	"CpG"	"hg38"
20	328	"chr20"	"CpG"	"hg38"
20	206	"chr21"	"CpG"	"hg38"
20	212	"chr22"	"CpG"	"hg38"
20	888	"chr3"	"CpG"	"hg38"
20	834	"chr4"	"CpG"	"hg38"
20	816	"chr5"	"CpG"	"hg38"
20	746	"chr6"	"CpG"	"hg38"
20	684	"chr7"	"CpG"	"hg38"
20	756	"chr8"	"CpG"	"hg38"
20	526	"chr9"	"CpG"	"hg38"
20	518	"chrX"	"CpG"	"hg38"
20	102	"chrY"	"CpG"	"hg38"
20.1	1066	"chr1"	"CpG"	"hg38"
20.1	612	"chr10"	"CpG"	"hg38"
20.1	720	"chr11"	"CpG"	"hg38"
20.1	522	"chr12"	"CpG"	"hg38"
20.1	576	"chr13"	"CpG"	"hg38"
20.1	406	"chr14"	"CpG"	"hg38"
20.1	436	"chr15"	"CpG"	"hg38"
20.1	494	"chr16"	"CpG"	"hg38"
20.1	450	"chr17"	"CpG"	"hg38"
20.1	334	"chr18"	"CpG"	"hg38"
20.1	282	"chr19"	"CpG"	"hg38"
20.1	1084	"chr2"	"CpG"	"hg38"
20.1	354	"chr20"	"CpG"	"hg38"
20.1	246	"chr21"	"CpG"	"hg38"
20.1	242	"chr22"	"CpG"	"hg38"
20.1	884	"chr3"	"CpG"	"hg38"
20.1	780	"chr4"	"CpG"	"hg38"
20.1	774	"chr5"	"CpG"	"hg38"
20.1	720	"chr6"	"CpG"	"hg38"
20.1	726	"chr7"	"CpG"	"hg38"
20.1	704	"chr8"	"CpG"	"hg38"
20.1	580	"chr9"	"CpG"	"hg38"
20.1	558	"chrX"	"CpG"	"hg38"
20.1	100	"chrY"	"CpG"	"hg38"
20.2	1070	"chr1"	"CpG"	"hg38"
20.2	638	"chr10"	"CpG"	"hg38"
20.2	700	"chr11"	"CpG"	"hg38"
20.2	586	"chr12"	"CpG"	"hg38"
20.2	454	"chr13"	"CpG"	"hg38"
20.2	422	"chr14"	"CpG"	"hg38"
20.2	414	"chr15"	"CpG"	"hg38"
20.2	430	"chr16"	"CpG"	"hg38"
20.2	406	"chr17"	"CpG"	"hg38"
20.2	410	"chr18"	"CpG"	"hg38"
20.2	282	"chr19"	"CpG"	"hg38"
20.2	1124	"chr2"	"CpG"	"hg38"
20.2	316	"chr20"	"CpG"	"hg38"
20.2	212	"chr21"	"CpG"	"hg38"
20.2	194	"chr22"	"CpG"	"hg38"
20.2	886	"chr3"	"CpG"	"hg38"
20.2	824	"chr4"	"CpG"	"hg38"
20.2	776	"chr5"	"CpG"	"hg38"
20.2	674	"chr6"	"CpG"	"hg38"
20.2	706	"chr7"	"CpG"	"hg38"
20.2	714	"chr8"	"CpG"	"hg38"
20.2	602	"chr9"	"CpG"	"hg38"
20.2	502	"chrX"	"CpG"	"hg38"
20.2	104	"chrY"	"CpG"	"hg38"
20.3	978	"chr1"	"CpG"	"hg38"
20.3	706	"chr10"	"CpG"	"hg38"
20.3	630	"chr11"	"CpG"	"hg38"
20.3	606	"chr12"	"CpG"	"hg38"
20.3	482	"chr13"	"CpG"	"hg38"
20.3	420	"chr14"	"CpG"	"hg38"
20.3	406	"chr15"	"CpG"	"hg38"
20.3	412	"chr16"	"CpG"	"hg38"
20.3	398	"chr17"	"CpG"	"hg38"
20.3	368	"chr18"	"CpG"	"hg38"
20.3	300	"chr19"	"CpG"	"hg38"
20.3	1138	"chr2"	"CpG"	"hg38"
20.3	380	"chr20"	"CpG"	"hg38"
20.3	216	"chr21"	"CpG"	"hg38"
20.3	220	"chr22"	"CpG"	"hg38"
20.3	904	"chr3"	"CpG"	"hg38"
20.3	846	"chr4"	"CpG"	"hg38"
20.3	846	"chr5"	"CpG"	"hg38"
20.3	634	"chr6"	"CpG"	"hg38"
20.3	716	"chr7"	"CpG"	"hg38"
20.3	666	"chr8"	"CpG"	"hg38"
20.3	548	"chr9"	"CpG"	"hg38"
20.3	520	"chrX"	"CpG"	"hg38"
20.3	94	"chrY"	"CpG"	"hg38"
20.4	1032	"chr1"	"CpG"	"hg38"
20.4	604	"chr10"	"CpG"	"hg38"
20.4	674	"chr11"	"CpG"	"hg38"
20.4	586	"chr12"	"CpG"	"hg38"
20.4	504	"chr13"	"CpG"	"hg38"
20.4	432	"chr14"	"CpG"	"hg38"
20.4	404	"chr15"	"CpG"	"hg38"
20.4	450	"chr16"	"CpG"	"hg38"
20.4	430	"chr17"	"CpG"	"hg38"
20.4	404	"chr18"	"CpG"	"hg38"
20.4	300	"chr19"	"CpG"	"hg38"
20.4	1014	"chr2"	"CpG"	"hg38"
20.4	328	"chr20"	"CpG"	"hg38"
20.4	226	"chr21"	"CpG"	"hg38"
20.4	190	"chr22"	"CpG"	"hg38"
20.4	872	"chr3"	"CpG"	"hg38"
20.4	886	"chr4"	"CpG"	"hg38"
20.4	802	"chr5"	"CpG"	"hg38"
20.4	688	"chr6"	"CpG"	"hg38"
20.4	692	"chr7"	"CpG"	"hg38"
20.4	758	"chr8"	"CpG"	"hg38"
20.4	516	"chr9"	"CpG"	"hg38"
20.4	480	"chrX"	"CpG"	"hg38"
20.4	100	"chrY"	"CpG"	"hg38"
20.5	1000	"chr1"	"CpG"	"hg38"
20.5	718	"chr10"	"CpG"	"hg38"
20.5	660	"chr11"	"CpG"	"hg38"
20.5	512	"chr12"	"CpG"	"hg38"
20.5	492	"chr13"	"CpG"	"hg38"
20.5	378	"chr14"	"CpG"	"hg38"
20.5	398	"chr15"	"CpG"	"hg38"
20.5	446	"chr16"	"CpG"	"hg38"
20.5	424	"chr17"	"CpG"	"hg38"
20.5	402	"chr18"	"CpG"	"hg38"
20.5	322	"chr19"	"CpG"	"hg38"
20.5	1088	"chr2"	"CpG"	"hg38"
20.5	348	"chr20"	"CpG"	"hg38"
20.5	218	"chr21"	"CpG"	"hg38"
20.5	184	"chr22"	"CpG"	"hg38"
20.5	884	"chr3"	"CpG"	"hg38"
20.5	906	"chr4"	"CpG"	"hg38"
20.5	866	"chr5"	"CpG"	"hg38"
20.5	708	"chr6"	"CpG"	"hg38"
20.5	676	"chr7"	"CpG"	"hg38"
20.5	732	"chr8"	"CpG"	"hg38"
20.5	538	"chr9"	"CpG"	"hg38"
20.5	574	"chrX"	"CpG"	"hg38"
20.5	70	"chrY"	"CpG"	"hg38"
20.6	1020	"chr1"	"CpG"	"hg38"
20.6	564	"chr10"	"CpG"	"hg38"
20.6	684	"chr11"	"CpG"	"hg38"
20.6	636	"chr12"	"CpG"	"hg38"
20.6	506	"chr13"	"CpG"	"hg38"
20.6	382	"chr14"	"CpG"	"hg38"
20.6	438	"chr15"	"CpG"	"hg38"
20.6	472	"chr16"	"CpG"	"hg38"
20.6	386	"chr17"	"CpG"	"hg38"
20.6	396	"chr18"	"CpG"	"hg38"
20.6	336	"chr19"	"CpG"	"hg38"
20.6	1048	"chr2"	"CpG"	"hg38"
20.6	360	"chr20"	"CpG"	"hg38"
20.6	232	"chr21"	"CpG"	"hg38"
20.6	194	"chr22"	"CpG"	"hg38"
20.6	820	"chr3"	"CpG"	"hg38"
20.6	826	"chr4"	"CpG"	"hg38"
20.6	850	"chr5"	"CpG"	"hg38"
20.6	688	"chr6"	"CpG"	"hg38"
20.6	792	"chr7"	"CpG"	"hg38"
20.6	704	"chr8"	"CpG"	"hg38"
20.6	520	"chr9"	"CpG"	"hg38"
20.6	528	"chrX"	"CpG"	"hg38"
20.6	80	"chrY"	"CpG"	"hg38"
20.7	1050	"chr1"	"CpG"	"hg38"
20.7	600	"chr10"	"CpG"	"hg38"
20.7	652	"chr11"	"CpG"	"hg38"
20.7	518	"chr12"	"CpG"	"hg38"
20.7	480	"chr13"	"CpG"	"hg38"
20.7	388	"chr14"	"CpG"	"hg38"
20.7	436	"chr15"	"CpG"	"hg38"
20.7	444	"chr16"	"CpG"	"hg38"
20.7	412	"chr17"	"CpG"	"hg38"
20.7	358	"chr18"	"CpG"	"hg38"
20.7	306	"chr19"	"CpG"	"hg38"
20.7	1214	"chr2"	"CpG"	"hg38"
20.7	360	"chr20"	"CpG"	"hg38"
20.7	222	"chr21"	"CpG"	"hg38"
20.7	238	"chr22"	"CpG"	"hg38"
20.7	762	"chr3"	"CpG"	"hg38"
20.7	880	"chr4"	"CpG"	"hg38"
20.7	802	"chr5"	"CpG"	"hg38"
20.7	798	"chr6"	"CpG"	"hg38"
20.7	702	"chr7"	"CpG"	"hg38"
20.7	754	"chr8"	"CpG"	"hg38"
20.7	508	"chr9"	"CpG"	"hg38"
20.7	488	"chrX"	"CpG"	"hg38"
20.7	94	"chrY"	"CpG"	"hg38"
20.8	992	"chr1"	"CpG"	"hg38"
20.8	710	"chr10"	"CpG"	"hg38"
20.8	668	"chr11"	"CpG"	"hg38"
20.8	608	"chr12"	"CpG"	"hg38"
20.8	464	"chr13"	"CpG"	"hg38"
20.8	366	"chr14"	"CpG"	"hg38"
20.8	410	"chr15"	"CpG"	"hg38"
20.8	482	"chr16"	"CpG"	"hg38"
20.8	422	"chr17"	"CpG"	"hg38"
20.8	360	"chr18"	"CpG"	"hg38"
20.8	294	"chr19"	"CpG"	"hg38"
20.8	1084	"chr2"	"CpG"	"hg38"
20.8	306	"chr20"	"CpG"	"hg38"
20.8	230	"chr21"	"CpG"	"hg38"
20.8	196	"chr22"	"CpG"	"hg38"
20.8	802	"chr3"	"CpG"	"hg38"
20.8	806	"chr4"	"CpG"	"hg38"
20.8	780	"chr5"	"CpG"	"hg38"
20.8	774	"chr6"	"CpG"	"hg38"
20.8	770	"chr7"	"CpG"	"hg38"
20.8	778	"chr8"	"CpG"	"hg38"
20.8	502	"chr9"	"CpG"	"hg38"
20.8	504	"chrX"	"CpG"	"hg38"
20.8	88	"chrY"	"CpG"	"hg38"
20.9	1042	"chr1"	"CpG"	"hg38"
20.9	598	"chr10"	"CpG"	"hg38"
20.9	716	"chr11"	"CpG"	"hg38"
20.9	594	"chr12"	"CpG"	"hg38"
20.9	414	"chr13"	"CpG"	"hg38"
20.9	408	"chr14"	"CpG"	"hg38"
20.9	428	"chr15"	"CpG"	"hg38"
20.9	490	"chr16"	"CpG"	"hg38"
20.9	384	"chr17"	"CpG"	"hg38"
20.9	356	"chr18"	"CpG"	"hg38"
20.9	340	"chr19"	"CpG"	"hg38"
20.9	1040	"chr2"	"CpG"	"hg38"
20.9	354	"chr20"	"CpG"	"hg38"
20.9	248	"chr21"	"CpG"	"hg38"
20.9	216	"chr22"	"CpG"	"hg38"
20.9	822	"chr3"	"CpG"	"hg38"
20.9	854	"chr4"	"CpG"	"hg38"
20.9	822	"chr5"	"CpG"	"hg38"
20.9	676	"chr6"	"CpG"	"hg38"
20.9	678	"chr7"	"CpG"	"hg38"
20.9	724	"chr8"	"CpG"	"hg38"
20.9	600	"chr9"	"CpG"	"hg38"
20.9	512	"chrX"	"CpG"	"hg38"
20.9	66	"chrY"	"CpG"	"hg38"
21	1094	"chr1"	"CpG"	"hg38"
21	600	"chr10"	"CpG"	"hg38"
21	700	"chr11"	"CpG"	"hg38"
21	532	"chr12"	"CpG"	"hg38"
21	450	"chr13"	"CpG"	"hg38"
21	416	"chr14"	"CpG"	"hg38"
21	396	"chr15"	"CpG"	"hg38"
21	490	"chr16"	"CpG"	"hg38"
21	424	"chr17"	"CpG"	"hg38"
21	412	"chr18"	"CpG"	"hg38"
21	262	"chr19"	"CpG"	"hg38"
21	1060	"chr2"	"CpG"	"hg38"
21	338	"chr20"	"CpG"	"hg38"
21	208	"chr21"	"CpG"	"hg38"
21	216	"chr22"	"CpG"	"hg38"
21	858	"chr3"	"CpG"	"hg38"
21	840	"chr4"	"CpG"	"hg38"
21	872	"chr5"	"CpG"	"hg38"
21	684	"chr6"	"CpG"	"hg38"
21	658	"chr7"	"CpG"	"hg38"
21	706	"chr8"	"CpG"	"hg38"
21	534	"chr9"	"CpG"	"hg38"
21	448	"chrX"	"CpG"	"hg38"
21	98	"chrY"	"CpG"	"hg38"
21.1	1056	"chr1"	"CpG"	"hg38"
21.1	676	"chr10"	"CpG"	"hg38"
21.1	666	"chr11"	"CpG"	"hg38"
21.1	568	"chr12"	"CpG"	"hg38"
21.1	476	"chr13"	"CpG"	"hg38"
21.1	366	"chr14"	"CpG"	"hg38"
21.1	412	"chr15"	"CpG"	"hg38"
21.1	470	"chr16"	"CpG"	"hg38"
21.1	408	"chr17"	"CpG"	"hg38"
21.1	416	"chr18"	"CpG"	"hg38"
21.1	306	"chr19"	"CpG"	"hg38"
21.1	1078	"chr2"	"CpG"	"hg38"
21.1	386	"chr20"	"CpG"	"hg38"
21.1	234	"chr21"	"CpG"	"hg38"
21.1	192	"chr22"	"CpG"	"hg38"
21.1	784	"chr3"	"CpG"	"hg38"
21.1	800	"chr4"	"CpG"	"hg38"
21.1	820	"chr5"	"CpG"	"hg38"
21.1	654	"chr6"	"CpG"	"hg38"
21.1	622	"chr7"	"CpG"	"hg38"
21.1	700	"chr8"	"CpG"	"hg38"
21.1	594	"chr9"	"CpG"	"hg38"
21.1	426	"chrX"	"CpG"	"hg38"
21.1	78	"chrY"	"CpG"	"hg38"
21.2	1042	"chr1"	"CpG"	"hg38"
21.2	650	"chr10"	"CpG"	"hg38"
21.2	718	"chr11"	"CpG"	"hg38"
21.2	574	"chr12"	"CpG"	"hg38"
21.2	476	"chr13"	"CpG"	"hg38"
21.2	464	"chr14"	"CpG"	"hg38"
21.2	382	"chr15"	"CpG"	"hg38"
21.2	450	"chr16"	"CpG"	"hg38"
21.2	448	"chr17"	"CpG"	"hg38"
21.2	400	"chr18"	"CpG"	"hg38"
21.2	272	"chr19"	"CpG"	"hg38"
21.2	1050	"chr2"	"CpG"	"hg38"
21.2	378	"chr20"	"CpG"	"hg38"
21.2	210	"chr21"	"CpG"	"hg38"
21.2	192	"chr22"	"CpG"	"hg38"
21.2	822	"chr3"	"CpG"	"hg38"
21.2	824	"chr4"	"CpG"	"hg38"
21.2	792	"chr5"	"CpG"	"hg38"
21.2	696	"chr6"	"CpG"	"hg38"
21.2	714	"chr7"	"CpG"	"hg38"
21.2	712	"chr8"	"CpG"	"hg38"
21.2	526	"chr9"	"CpG"	"hg38"
21.2	484	"chrX"	"CpG"	"hg38"
21.2	84	"chrY"	"CpG"	"hg38"
21.3	1054	"chr1"	"CpG"	"hg38"
21.3	636	"chr10"	"CpG"	"hg38"
21.3	644	"chr11"	"CpG"	"hg38"
21.3	528	"chr12"	"CpG"	"hg38"
21.3	484	"chr13"	"CpG"	"hg38"
21.3	438	"chr14"	"CpG"	"hg38"
21.3	356	"chr15"	"CpG"	"hg38"
21.3	476	"chr16"	"CpG"	"hg38"
21.3	424	"chr17"	"CpG"	"hg38"
21.3	388	"chr18"	"CpG"	"hg38"
21.3	268	"chr19"	"CpG"	"hg38"
21.3	1054	"chr2"	"CpG"	"hg38"
21.3	362	"chr20"	"CpG"	"hg38"
21.3	190	"chr21"	"CpG"	"hg38"
21.3	250	"chr22"	"CpG"	"hg38"
21.3	768	"chr3"	"CpG"	"hg38"
21.3	844	"chr4"	"CpG"	"hg38"
21.3	838	"chr5"	"CpG"	"hg38"
21.3	706	"chr6"	"CpG"	"hg38"
21.3	712	"chr7"	"CpG"	"hg38"
21.3	690	"chr8"	"CpG"	"hg38"
21.3	534	"chr9"	"CpG"	"hg38"
21.3	524	"chrX"	"CpG"	"hg38"
21.3	74	"chrY"	"CpG"	"hg38"
21.4	1012	"chr1"	"CpG"	"hg38"
21.4	674	"chr10"	"CpG"	"hg38"
21.4	636	"chr11"	"CpG"	"hg38"
21.4	602	"chr12"	"CpG"	"hg38"
21.4	482	"chr13"	"CpG"	"hg38"
21.4	416	"chr14"	"CpG"	"hg38"
21.4	384	"chr15"	"CpG"	"hg38"
21.4	448	"chr16"	"CpG"	"hg38"
21.4	428	"chr17"	"CpG"	"hg38"
21.4	372	"chr18"	"CpG"	"hg38"
21.4	274	"chr19"	"CpG"	"hg38"
21.4	1090	"chr2"	"CpG"	"hg38"
21.4	346	"chr20"	"CpG"	"hg38"
21.4	244	"chr21"	"CpG"	"hg38"
21.4	270	"chr22"	"CpG"	"hg38"
21.4	816	"chr3"	"CpG"	"hg38"
21.4	850	"chr4"	"CpG"	"hg38"
21.4	836	"chr5"	"CpG"	"hg38"
21.4	660	"chr6"	"CpG"	"hg38"
21.4	702	"chr7"	"CpG"	"hg38"
21.4	736	"chr8"	"CpG"	"hg38"
21.4	536	"chr9"	"CpG"	"hg38"
21.4	522	"chrX"	"CpG"	"hg38"
21.4	102	"chrY"	"CpG"	"hg38"
21.5	1030	"chr1"	"CpG"	"hg38"
21.5	626	"chr10"	"CpG"	"hg38"
21.5	662	"chr11"	"CpG"	"hg38"
21.5	608	"chr12"	"CpG"	"hg38"
21.5	476	"chr13"	"CpG"	"hg38"
21.5	374	"chr14"	"CpG"	"hg38"
21.5	364	"chr15"	"CpG"	"hg38"
21.5	406	"chr16"	"CpG"	"hg38"
21.5	404	"chr17"	"CpG"	"hg38"
21.5	452	"chr18"	"CpG"	"hg38"
21.5	338	"chr19"	"CpG"	"hg38"
21.5	1060	"chr2"	"CpG"	"hg38"
21.5	342	"chr20"	"CpG"	"hg38"
21.5	222	"chr21"	"CpG"	"hg38"
21.5	208	"chr22"	"CpG"	"hg38"
21.5	916	"chr3"	"CpG"	"hg38"
21.5	814	"chr4"	"CpG"	"hg38"
21.5	770	"chr5"	"CpG"	"hg38"
21.5	702	"chr6"	"CpG"	"hg38"
21.5	708	"chr7"	"CpG"	"hg38"
21.5	740	"chr8"	"CpG"	"hg38"
21.5	598	"chr9"	"CpG"	"hg38"
21.5	476	"chrX"	"CpG"	"hg38"
21.5	82	"chrY"	"CpG"	"hg38"
21.6	1066	"chr1"	"CpG"	"hg38"
21.6	596	"chr10"	"CpG"	"hg38"
21.6	638	"chr11"	"CpG"	"hg38"
21.6	584	"chr12"	"CpG"	"hg38"
21.6	498	"chr13"	"CpG"	"hg38"
21.6	430	"chr14"	"CpG"	"hg38"
21.6	426	"chr15"	"CpG"	"hg38"
21.6	430	"chr16"	"CpG"	"hg38"
21.6	388	"chr17"	"CpG"	"hg38"
21.6	330	"chr18"	"CpG"	"hg38"
21.6	290	"chr19"	"CpG"	"hg38"
21.6	1062	"chr2"	"CpG"	"hg38"
21.6	424	"chr20"	"CpG"	"hg38"
21.6	156	"chr21"	"CpG"	"hg38"
21.6	250	"chr22"	"CpG"	"hg38"
21.6	882	"chr3"	"CpG"	"hg38"
21.6	912	"chr4"	"CpG"	"hg38"
21.6	776	"chr5"	"CpG"	"hg38"
21.6	692	"chr6"	"CpG"	"hg38"
21.6	704	"chr7"	"CpG"	"hg38"
21.6	672	"chr8"	"CpG"	"hg38"
21.6	576	"chr9"	"CpG"	"hg38"
21.6	542	"chrX"	"CpG"	"hg38"
21.6	94	"chrY"	"CpG"	"hg38"
21.7	1058	"chr1"	"CpG"	"hg38"
21.7	644	"chr10"	"CpG"	"hg38"
21.7	666	"chr11"	"CpG"	"hg38"
21.7	550	"chr12"	"CpG"	"hg38"
21.7	502	"chr13"	"CpG"	"hg38"
21.7	382	"chr14"	"CpG"	"hg38"
21.7	464	"chr15"	"CpG"	"hg38"
21.7	470	"chr16"	"CpG"	"hg38"
21.7	360	"chr17"	"CpG"	"hg38"
21.7	352	"chr18"	"CpG"	"hg38"
21.7	286	"chr19"	"CpG"	"hg38"
21.7	1050	"chr2"	"CpG"	"hg38"
21.7	334	"chr20"	"CpG"	"hg38"
21.7	248	"chr21"	"CpG"	"hg38"
21.7	198	"chr22"	"CpG"	"hg38"
21.7	856	"chr3"	"CpG"	"hg38"
21.7	906	"chr4"	"CpG"	"hg38"
21.7	778	"chr5"	"CpG"	"hg38"
21.7	714	"chr6"	"CpG"	"hg38"
21.7	722	"chr7"	"CpG"	"hg38"
21.7	710	"chr8"	"CpG"	"hg38"
21.7	544	"chr9"	"CpG"	"hg38"
21.7	490	"chrX"	"CpG"	"hg38"
21.7	102	"chrY"	"CpG"	"hg38"
21.8	1028	"chr1"	"CpG"	"hg38"
21.8	662	"chr10"	"CpG"	"hg38"
21.8	676	"chr11"	"CpG"	"hg38"
21.8	542	"chr12"	"CpG"	"hg38"
21.8	516	"chr13"	"CpG"	"hg38"
21.8	412	"chr14"	"CpG"	"hg38"
21.8	436	"chr15"	"CpG"	"hg38"
21.8	432	"chr16"	"CpG"	"hg38"
21.8	420	"chr17"	"CpG"	"hg38"
21.8	356	"chr18"	"CpG"	"hg38"
21.8	310	"chr19"	"CpG"	"hg38"
21.8	1098	"chr2"	"CpG"	"hg38"
21.8	370	"chr20"	"CpG"	"hg38"
21.8	198	"chr21"	"CpG"	"hg38"
21.8	214	"chr22"	"CpG"	"hg38"
21.8	840	"chr3"	"CpG"	"hg38"
21.8	800	"chr4"	"CpG"	"hg38"
21.8	832	"chr5"	"CpG"	"hg38"
21.8	658	"chr6"	"CpG"	"hg38"
21.8	736	"chr7"	"CpG"	"hg38"
21.8	642	"chr8"	"CpG"	"hg38"
21.8	516	"chr9"	"CpG"	"hg38"
21.8	512	"chrX"	"CpG"	"hg38"
21.8	68	"chrY"	"CpG"	"hg38"
21.9	1070	"chr1"	"CpG"	"hg38"
21.9	668	"chr10"	"CpG"	"hg38"
21.9	632	"chr11"	"CpG"	"hg38"
21.9	532	"chr12"	"CpG"	"hg38"
21.9	498	"chr13"	"CpG"	"hg38"
21.9	388	"chr14"	"CpG"	"hg38"
21.9	370	"chr15"	"CpG"	"hg38"
21.9	450	"chr16"	"CpG"	"hg38"
21.9	364	"chr17"	"CpG"	"hg38"
21.9	366	"chr18"	"CpG"	"hg38"
21.9	286	"chr19"	"CpG"	"hg38"
21.9	1104	"chr2"	"CpG"	"hg38"
21.9	360	"chr20"	"CpG"	"hg38"
21.9	204	"chr21"	"CpG"	"hg38"
21.9	258	"chr22"	"CpG"	"hg38"
21.9	860	"chr3"	"CpG"	"hg38"
21.9	858	"chr4"	"CpG"	"hg38"
21.9	764	"chr5"	"CpG"	"hg38"
21.9	718	"chr6"	"CpG"	"hg38"
21.9	680	"chr7"	"CpG"	"hg38"
21.9	698	"chr8"	"CpG"	"hg38"
21.9	580	"chr9"	"CpG"	"hg38"
21.9	512	"chrX"	"CpG"	"hg38"
21.9	98	"chrY"	"CpG"	"hg38"
22	1044	"chr1"	"CpG"	"hg38"
22	672	"chr10"	"CpG"	"hg38"
22	696	"chr11"	"CpG"	"hg38"
22	564	"chr12"	"CpG"	"hg38"
22	452	"chr13"	"CpG"	"hg38"
22	388	"chr14"	"CpG"	"hg38"
22	388	"chr15"	"CpG"	"hg38"
22	468	"chr16"	"CpG"	"hg38"
22	386	"chr17"	"CpG"	"hg38"
22	374	"chr18"	"CpG"	"hg38"
22	334	"chr19"	"CpG"	"hg38"
22	1162	"chr2"	"CpG"	"hg38"
22	330	"chr20"	"CpG"	"hg38"
22	218	"chr21"	"CpG"	"hg38"
22	234	"chr22"	"CpG"	"hg38"
22	856	"chr3"	"CpG"	"hg38"
22	882	"chr4"	"CpG"	"hg38"
22	800	"chr5"	"CpG"	"hg38"
22	662	"chr6"	"CpG"	"hg38"
22	714	"chr7"	"CpG"	"hg38"
22	748	"chr8"	"CpG"	"hg38"
22	514	"chr9"	"CpG"	"hg38"
22	510	"chrX"	"CpG"	"hg38"
22	66	"chrY"	"CpG"	"hg38"
22.1	1110	"chr1"	"CpG"	"hg38"
22.1	686	"chr10"	"CpG"	"hg38"
22.1	664	"chr11"	"CpG"	"hg38"
22.1	638	"chr12"	"CpG"	"hg38"
22.1	460	"chr13"	"CpG"	"hg38"
22.1	414	"chr14"	"CpG"	"hg38"
22.1	370	"chr15"	"CpG"	"hg38"
22.1	446	"chr16"	"CpG"	"hg38"
22.1	372	"chr17"	"CpG"	"hg38"
22.1	328	"chr18"	"CpG"	"hg38"
22.1	252	"chr19"	"CpG"	"hg38"
22.1	1010	"chr2"	"CpG"	"hg38"
22.1	406	"chr20"	"CpG"	"hg38"
22.1	202	"chr21"	"CpG"	"hg38"
22.1	242	"chr22"	"CpG"	"hg38"
22.1	854	"chr3"	"CpG"	"hg38"
22.1	872	"chr4"	"CpG"	"hg38"
22.1	832	"chr5"	"CpG"	"hg38"
22.1	736	"chr6"	"CpG"	"hg38"
22.1	710	"chr7"	"CpG"	"hg38"
22.1	710	"chr8"	"CpG"	"hg38"
22.1	570	"chr9"	"CpG"	"hg38"
22.1	516	"chrX"	"CpG"	"hg38"
22.1	90	"chrY"	"CpG"	"hg38"
22.2	1070	"chr1"	"CpG"	"hg38"
22.2	540	"chr10"	"CpG"	"hg38"
22.2	586	"chr11"	"CpG"	"hg38"
22.2	598	"chr12"	"CpG"	"hg38"
22.2	478	"chr13"	"CpG"	"hg38"
22.2	392	"chr14"	"CpG"	"hg38"
22.2	372	"chr15"	"CpG"	"hg38"
22.2	434	"chr16"	"CpG"	"hg38"
22.2	414	"chr17"	"CpG"	"hg38"
22.2	370	"chr18"	"CpG"	"hg38"
22.2	272	"chr19"	"CpG"	"hg38"
22.2	992	"chr2"	"CpG"	"hg38"
22.2	358	"chr20"	"CpG"	"hg38"
22.2	210	"chr21"	"CpG"	"hg38"
22.2	194	"chr22"	"CpG"	"hg38"
22.2	838	"chr3"	"CpG"	"hg38"
22.2	816	"chr4"	"CpG"	"hg38"
22.2	790	"chr5"	"CpG"	"hg38"
22.2	638	"chr6"	"CpG"	"hg38"
22.2	706	"chr7"	"CpG"	"hg38"
22.2	714	"chr8"	"CpG"	"hg38"
22.2	526	"chr9"	"CpG"	"hg38"
22.2	516	"chrX"	"CpG"	"hg38"
22.2	82	"chrY"	"CpG"	"hg38"
22.3	1002	"chr1"	"CpG"	"hg38"
22.3	638	"chr10"	"CpG"	"hg38"
22.3	660	"chr11"	"CpG"	"hg38"
22.3	574	"chr12"	"CpG"	"hg38"
22.3	494	"chr13"	"CpG"	"hg38"
22.3	378	"chr14"	"CpG"	"hg38"
22.3	376	"chr15"	"CpG"	"hg38"
22.3	496	"chr16"	"CpG"	"hg38"
22.3	440	"chr17"	"CpG"	"hg38"
22.3	392	"chr18"	"CpG"	"hg38"
22.3	328	"chr19"	"CpG"	"hg38"
22.3	1092	"chr2"	"CpG"	"hg38"
22.3	338	"chr20"	"CpG"	"hg38"
22.3	230	"chr21"	"CpG"	"hg38"
22.3	204	"chr22"	"CpG"	"hg38"
22.3	826	"chr3"	"CpG"	"hg38"
22.3	834	"chr4"	"CpG"	"hg38"
22.3	926	"chr5"	"CpG"	"hg38"
22.3	630	"chr6"	"CpG"	"hg38"
22.3	650	"chr7"	"CpG"	"hg38"
22.3	776	"chr8"	"CpG"	"hg38"
22.3	528	"chr9"	"CpG"	"hg38"
22.3	520	"chrX"	"CpG"	"hg38"
22.3	82	"chrY"	"CpG"	"hg38"
22.4	1034	"chr1"	"CpG"	"hg38"
22.4	680	"chr10"	"CpG"	"hg38"
22.4	616	"chr11"	"CpG"	"hg38"
22.4	614	"chr12"	"CpG"	"hg38"
22.4	514	"chr13"	"CpG"	"hg38"
22.4	394	"chr14"	"CpG"	"hg38"
22.4	386	"chr15"	"CpG"	"hg38"
22.4	428	"chr16"	"CpG"	"hg38"
22.4	386	"chr17"	"CpG"	"hg38"
22.4	328	"chr18"	"CpG"	"hg38"
22.4	290	"chr19"	"CpG"	"hg38"
22.4	1022	"chr2"	"CpG"	"hg38"
22.4	344	"chr20"	"CpG"	"hg38"
22.4	198	"chr21"	"CpG"	"hg38"
22.4	182	"chr22"	"CpG"	"hg38"
22.4	848	"chr3"	"CpG"	"hg38"
22.4	844	"chr4"	"CpG"	"hg38"
22.4	822	"chr5"	"CpG"	"hg38"
22.4	702	"chr6"	"CpG"	"hg38"
22.4	674	"chr7"	"CpG"	"hg38"
22.4	750	"chr8"	"CpG"	"hg38"
22.4	594	"chr9"	"CpG"	"hg38"
22.4	496	"chrX"	"CpG"	"hg38"
22.4	84	"chrY"	"CpG"	"hg38"
22.5	1054	"chr1"	"CpG"	"hg38"
22.5	668	"chr10"	"CpG"	"hg38"
22.5	632	"chr11"	"CpG"	"hg38"
22.5	492	"chr12"	"CpG"	"hg38"
22.5	502	"chr13"	"CpG"	"hg38"
22.5	370	"chr14"	"CpG"	"hg38"
22.5	378	"chr15"	"CpG"	"hg38"
22.5	432	"chr16"	"CpG"	"hg38"
22.5	392	"chr17"	"CpG"	"hg38"
22.5	374	"chr18"	"CpG"	"hg38"
22.5	298	"chr19"	"CpG"	"hg38"
22.5	1070	"chr2"	"CpG"	"hg38"
22.5	348	"chr20"	"CpG"	"hg38"
22.5	242	"chr21"	"CpG"	"hg38"
22.5	258	"chr22"	"CpG"	"hg38"
22.5	884	"chr3"	"CpG"	"hg38"
22.5	840	"chr4"	"CpG"	"hg38"
22.5	812	"chr5"	"CpG"	"hg38"
22.5	616	"chr6"	"CpG"	"hg38"
22.5	772	"chr7"	"CpG"	"hg38"
22.5	670	"chr8"	"CpG"	"hg38"
22.5	556	"chr9"	"CpG"	"hg38"
22.5	520	"chrX"	"CpG"	"hg38"
22.5	84	"chrY"	"CpG"	"hg38"
22.6	966	"chr1"	"CpG"	"hg38"
22.6	658	"chr10"	"CpG"	"hg38"
22.6	622	"chr11"	"CpG"	"hg38"
22.6	548	"chr12"	"CpG"	"hg38"
22.6	480	"chr13"	"CpG"	"hg38"
22.6	386	"chr14"	"CpG"	"hg38"
22.6	390	"chr15"	"CpG"	"hg38"
22.6	476	"chr16"	"CpG"	"hg38"
22.6	430	"chr17"	"CpG"	"hg38"
22.6	398	"chr18"	"CpG"	"hg38"
22.6	318	"chr19"	"CpG"	"hg38"
22.6	1000	"chr2"	"CpG"	"hg38"
22.6	350	"chr20"	"CpG"	"hg38"
22.6	172	"chr21"	"CpG"	"hg38"
22.6	228	"chr22"	"CpG"	"hg38"
22.6	818	"chr3"	"CpG"	"hg38"
22.6	858	"chr4"	"CpG"	"hg38"
22.6	878	"chr5"	"CpG"	"hg38"
22.6	688	"chr6"	"CpG"	"hg38"
22.6	726	"chr7"	"CpG"	"hg38"
22.6	788	"chr8"	"CpG"	"hg38"
22.6	524	"chr9"	"CpG"	"hg38"
22.6	570	"chrX"	"CpG"	"hg38"
22.6	72	"chrY"	"CpG"	"hg38"
22.7	972	"chr1"	"CpG"	"hg38"
22.7	682	"chr10"	"CpG"	"hg38"
22.7	756	"chr11"	"CpG"	"hg38"
22.7	596	"chr12"	"CpG"	"hg38"
22.7	460	"chr13"	"CpG"	"hg38"
22.7	396	"chr14"	"CpG"	"hg38"
22.7	372	"chr15"	"CpG"	"hg38"
22.7	432	"chr16"	"CpG"	"hg38"
22.7	368	"chr17"	"CpG"	"hg38"
22.7	390	"chr18"	"CpG"	"hg38"
22.7	294	"chr19"	"CpG"	"hg38"
22.7	1034	"chr2"	"CpG"	"hg38"
22.7	358	"chr20"	"CpG"	"hg38"
22.7	244	"chr21"	"CpG"	"hg38"
22.7	220	"chr22"	"CpG"	"hg38"
22.7	796	"chr3"	"CpG"	"hg38"
22.7	848	"chr4"	"CpG"	"hg38"
22.7	818	"chr5"	"CpG"	"hg38"
22.7	682	"chr6"	"CpG"	"hg38"
22.7	636	"chr7"	"CpG"	"hg38"
22.7	664	"chr8"	"CpG"	"hg38"
22.7	554	"chr9"	"CpG"	"hg38"
22.7	440	"chrX"	"CpG"	"hg38"
22.7	108	"chrY"	"CpG"	"hg38"
22.8	1098	"chr1"	"CpG"	"hg38"
22.8	604	"chr10"	"CpG"	"hg38"
22.8	724	"chr11"	"CpG"	"hg38"
22.8	546	"chr12"	"CpG"	"hg38"
22.8	492	"chr13"	"CpG"	"hg38"
22.8	410	"chr14"	"CpG"	"hg38"
22.8	430	"chr15"	"CpG"	"hg38"
22.8	454	"chr16"	"CpG"	"hg38"
22.8	388	"chr17"	"CpG"	"hg38"
22.8	334	"chr18"	"CpG"	"hg38"
22.8	318	"chr19"	"CpG"	"hg38"
22.8	1046	"chr2"	"CpG"	"hg38"
22.8	414	"chr20"	"CpG"	"hg38"
22.8	220	"chr21"	"CpG"	"hg38"
22.8	210	"chr22"	"CpG"	"hg38"
22.8	848	"chr3"	"CpG"	"hg38"
22.8	766	"chr4"	"CpG"	"hg38"
22.8	810	"chr5"	"CpG"	"hg38"
22.8	706	"chr6"	"CpG"	"hg38"
22.8	678	"chr7"	"CpG"	"hg38"
22.8	722	"chr8"	"CpG"	"hg38"
22.8	486	"chr9"	"CpG"	"hg38"
22.8	522	"chrX"	"CpG"	"hg38"
22.8	104	"chrY"	"CpG"	"hg38"
22.9	1014	"chr1"	"CpG"	"hg38"
22.9	624	"chr10"	"CpG"	"hg38"
22.9	738	"chr11"	"CpG"	"hg38"
22.9	582	"chr12"	"CpG"	"hg38"
22.9	448	"chr13"	"CpG"	"hg38"
22.9	404	"chr14"	"CpG"	"hg38"
22.9	398	"chr15"	"CpG"	"hg38"
22.9	424	"chr16"	"CpG"	"hg38"
22.9	432	"chr17"	"CpG"	"hg38"
22.9	382	"chr18"	"CpG"	"hg38"
22.9	278	"chr19"	"CpG"	"hg38"
22.9	1066	"chr2"	"CpG"	"hg38"
22.9	354	"chr20"	"CpG"	"hg38"
22.9	228	"chr21"	"CpG"	"hg38"
22.9	226	"chr22"	"CpG"	"hg38"
22.9	854	"chr3"	"CpG"	"hg38"
22.9	870	"chr4"	"CpG"	"hg38"
22.9	862	"chr5"	"CpG"	"hg38"
22.9	772	"chr6"	"CpG"	"hg38"
22.9	704	"chr7"	"CpG"	"hg38"
22.9	792	"chr8"	"CpG"	"hg38"
22.9	506	"chr9"	"CpG"	"hg38"
22.9	476	"chrX"	"CpG"	"hg38"
22.9	100	"chrY"	"CpG"	"hg38"
23	1054	"chr1"	"CpG"	"hg38"
23	684	"chr10"	"CpG"	"hg38"
23	646	"chr11"	"CpG"	"hg38"
23	574	"chr12"	"CpG"	"hg38"
23	470	"chr13"	"CpG"	"hg38"
23	430	"chr14"	"CpG"	"hg38"
23	378	"chr15"	"CpG"	"hg38"
23	476	"chr16"	"CpG"	"hg38"
23	456	"chr17"	"CpG"	"hg38"
23	404	"chr18"	"CpG"	"hg38"
23	270	"chr19"	"CpG"	"hg38"
23	1162	"chr2"	"CpG"	"hg38"
23	370	"chr20"	"CpG"	"hg38"
23	226	"chr21"	"CpG"	"hg38"
23	196	"chr22"	"CpG"	"hg38"
23	786	"chr3"	"CpG"	"hg38"
23	800	"chr4"	"CpG"	"hg38"
23	810	"chr5"	"CpG"	"hg38"
23	726	"chr6"	"CpG"	"hg38"
23	674	"chr7"	"CpG"	"hg38"
23	754	"chr8"	"CpG"	"hg38"
23	542	"chr9"	"CpG"	"hg38"
23	486	"chrX"	"CpG"	"hg38"
23	84	"chrY"	"CpG"	"hg38"
23.1	1146	"chr1"	"CpG"	"hg38"
23.1	628	"chr10"	"CpG"	"hg38"
23.1	690	"chr11"	"CpG"	"hg38"
23.1	570	"chr12"	"CpG"	"hg38"
23.1	480	"chr13"	"CpG"	"hg38"
23.1	410	"chr14"	"CpG"	"hg38"
23.1	346	"chr15"	"CpG"	"hg38"
23.1	422	"chr16"	"CpG"	"hg38"
23.1	422	"chr17"	"CpG"	"hg38"
23.1	356	"chr18"	"CpG"	"hg38"
23.1	284	"chr19"	"CpG"	"hg38"
23.1	1024	"chr2"	"CpG"	"hg38"
23.1	354	"chr20"	"CpG"	"hg38"
23.1	206	"chr21"	"CpG"	"hg38"
23.1	228	"chr22"	"CpG"	"hg38"
23.1	900	"chr3"	"CpG"	"hg38"
23.1	812	"chr4"	"CpG"	"hg38"
23.1	886	"chr5"	"CpG"	"hg38"
23.1	700	"chr6"	"CpG"	"hg38"
23.1	724	"chr7"	"CpG"	"hg38"
23.1	738	"chr8"	"CpG"	"hg38"
23.1	544	"chr9"	"CpG"	"hg38"
23.1	486	"chrX"	"CpG"	"hg38"
23.1	72	"chrY"	"CpG"	"hg38"
23.2	998	"chr1"	"CpG"	"hg38"
23.2	672	"chr10"	"CpG"	"hg38"
23.2	678	"chr11"	"CpG"	"hg38"
23.2	576	"chr12"	"CpG"	"hg38"
23.2	474	"chr13"	"CpG"	"hg38"
23.2	402	"chr14"	"CpG"	"hg38"
23.2	422	"chr15"	"CpG"	"hg38"
23.2	438	"chr16"	"CpG"	"hg38"
23.2	378	"chr17"	"CpG"	"hg38"
23.2	354	"chr18"	"CpG"	"hg38"
23.2	320	"chr19"	"CpG"	"hg38"
23.2	1108	"chr2"	"CpG"	"hg38"
23.2	366	"chr20"	"CpG"	"hg38"
23.2	228	"chr21"	"CpG"	"hg38"
23.2	242	"chr22"	"CpG"	"hg38"
23.2	868	"chr3"	"CpG"	"hg38"
23.2	870	"chr4"	"CpG"	"hg38"
23.2	826	"chr5"	"CpG"	"hg38"
23.2	672	"chr6"	"CpG"	"hg38"
23.2	698	"chr7"	"CpG"	"hg38"
23.2	704	"chr8"	"CpG"	"hg38"
23.2	588	"chr9"	"CpG"	"hg38"
23.2	494	"chrX"	"CpG"	"hg38"
23.2	70	"chrY"	"CpG"	"hg38"
23.3	1108	"chr1"	"CpG"	"hg38"
23.3	666	"chr10"	"CpG"	"hg38"
23.3	614	"chr11"	"CpG"	"hg38"
23.3	544	"chr12"	"CpG"	"hg38"
23.3	518	"chr13"	"CpG"	"hg38"
23.3	404	"chr14"	"CpG"	"hg38"
23.3	386	"chr15"	"CpG"	"hg38"
23.3	450	"chr16"	"CpG"	"hg38"
23.3	378	"chr17"	"CpG"	"hg38"
23.3	368	"chr18"	"CpG"	"hg38"
23.3	298	"chr19"	"CpG"	"hg38"
23.3	1036	"chr2"	"CpG"	"hg38"
23.3	346	"chr20"	"CpG"	"hg38"
23.3	166	"chr21"	"CpG"	"hg38"
23.3	234	"chr22"	"CpG"	"hg38"
23.3	768	"chr3"	"CpG"	"hg38"
23.3	802	"chr4"	"CpG"	"hg38"
23.3	798	"chr5"	"CpG"	"hg38"
23.3	698	"chr6"	"CpG"	"hg38"
23.3	680	"chr7"	"CpG"	"hg38"
23.3	666	"chr8"	"CpG"	"hg38"
23.3	528	"chr9"	"CpG"	"hg38"
23.3	434	"chrX"	"CpG"	"hg38"
23.3	64	"chrY"	"CpG"	"hg38"
23.4	1064	"chr1"	"CpG"	"hg38"
23.4	682	"chr10"	"CpG"	"hg38"
23.4	706	"chr11"	"CpG"	"hg38"
23.4	576	"chr12"	"CpG"	"hg38"
23.4	486	"chr13"	"CpG"	"hg38"
23.4	420	"chr14"	"CpG"	"hg38"
23.4	422	"chr15"	"CpG"	"hg38"
23.4	436	"chr16"	"CpG"	"hg38"
23.4	404	"chr17"	"CpG"	"hg38"
23.4	364	"chr18"	"CpG"	"hg38"
23.4	314	"chr19"	"CpG"	"hg38"
23.4	1074	"chr2"	"CpG"	"hg38"
23.4	342	"chr20"	"CpG"	"hg38"
23.4	188	"chr21"	"CpG"	"hg38"
23.4	236	"chr22"	"CpG"	"hg38"
23.4	814	"chr3"	"CpG"	"hg38"
23.4	916	"chr4"	"CpG"	"hg38"
23.4	794	"chr5"	"CpG"	"hg38"
23.4	652	"chr6"	"CpG"	"hg38"
23.4	718	"chr7"	"CpG"	"hg38"
23.4	648	"chr8"	"CpG"	"hg38"
23.4	562	"chr9"	"CpG"	"hg38"
23.4	468	"chrX"	"CpG"	"hg38"
23.4	80	"chrY"	"CpG"	"hg38"
23.5	1070	"chr1"	"CpG"	"hg38"
23.5	616	"chr10"	"CpG"	"hg38"
23.5	612	"chr11"	"CpG"	"hg38"
23.5	512	"chr12"	"CpG"	"hg38"
23.5	486	"chr13"	"CpG"	"hg38"
23.5	456	"chr14"	"CpG"	"hg38"
23.5	380	"chr15"	"CpG"	"hg38"
23.5	438	"chr16"	"CpG"	"hg38"
23.5	424	"chr17"	"CpG"	"hg38"
23.5	374	"chr18"	"CpG"	"hg38"
23.5	318	"chr19"	"CpG"	"hg38"
23.5	1138	"chr2"	"CpG"	"hg38"
23.5	410	"chr20"	"CpG"	"hg38"
23.5	208	"chr21"	"CpG"	"hg38"
23.5	236	"chr22"	"CpG"	"hg38"
23.5	746	"chr3"	"CpG"	"hg38"
23.5	838	"chr4"	"CpG"	"hg38"
23.5	846	"chr5"	"CpG"	"hg38"
23.5	732	"chr6"	"CpG"	"hg38"
23.5	698	"chr7"	"CpG"	"hg38"
23.5	676	"chr8"	"CpG"	"hg38"
23.5	590	"chr9"	"CpG"	"hg38"
23.5	462	"chrX"	"CpG"	"hg38"
23.5	80	"chrY"	"CpG"	"hg38"
23.6	938	"chr1"	"CpG"	"hg38"
23.6	638	"chr10"	"CpG"	"hg38"
23.6	714	"chr11"	"CpG"	"hg38"
23.6	580	"chr12"	"CpG"	"hg38"
23.6	476	"chr13"	"CpG"	"hg38"
23.6	362	"chr14"	"CpG"	"hg38"
23.6	408	"chr15"	"CpG"	"hg38"
23.6	426	"chr16"	"CpG"	"hg38"
23.6	426	"chr17"	"CpG"	"hg38"
23.6	338	"chr18"	"CpG"	"hg38"
23.6	276	"chr19"	"CpG"	"hg38"
23.6	1098	"chr2"	"CpG"	"hg38"
23.6	322	"chr20"	"CpG"	"hg38"
23.6	208	"chr21"	"CpG"	"hg38"
23.6	258	"chr22"	"CpG"	"hg38"
23.6	808	"chr3"	"CpG"	"hg38"
23.6	858	"chr4"	"CpG"	"hg38"
23.6	724	"chr5"	"CpG"	"hg38"
23.6	688	"chr6"	"CpG"	"hg38"
23.6	712	"chr7"	"CpG"	"hg38"
23.6	784	"chr8"	"CpG"	"hg38"
23.6	540	"chr9"	"CpG"	"hg38"
23.6	528	"chrX"	"CpG"	"hg38"
23.6	110	"chrY"	"CpG"	"hg38"
23.7	1104	"chr1"	"CpG"	"hg38"
23.7	614	"chr10"	"CpG"	"hg38"
23.7	694	"chr11"	"CpG"	"hg38"
23.7	600	"chr12"	"CpG"	"hg38"
23.7	452	"chr13"	"CpG"	"hg38"
23.7	404	"chr14"	"CpG"	"hg38"
23.7	420	"chr15"	"CpG"	"hg38"
23.7	456	"chr16"	"CpG"	"hg38"
23.7	438	"chr17"	"CpG"	"hg38"
23.7	384	"chr18"	"CpG"	"hg38"
23.7	282	"chr19"	"CpG"	"hg38"
23.7	1052	"chr2"	"CpG"	"hg38"
23.7	356	"chr20"	"CpG"	"hg38"
23.7	208	"chr21"	"CpG"	"hg38"
23.7	266	"chr22"	"CpG"	"hg38"
23.7	810	"chr3"	"CpG"	"hg38"
23.7	880	"chr4"	"CpG"	"hg38"
23.7	814	"chr5"	"CpG"	"hg38"
23.7	718	"chr6"	"CpG"	"hg38"
23.7	694	"chr7"	"CpG"	"hg38"
23.7	654	"chr8"	"CpG"	"hg38"
23.7	556	"chr9"	"CpG"	"hg38"
23.7	478	"chrX"	"CpG"	"hg38"
23.7	68	"chrY"	"CpG"	"hg38"
23.8	1076	"chr1"	"CpG"	"hg38"
23.8	618	"chr10"	"CpG"	"hg38"
23.8	652	"chr11"	"CpG"	"hg38"
23.8	586	"chr12"	"CpG"	"hg38"
23.8	518	"chr13"	"CpG"	"hg38"
23.8	436	"chr14"	"CpG"	"hg38"
23.8	386	"chr15"	"CpG"	"hg38"
23.8	462	"chr16"	"CpG"	"hg38"
23.8	376	"chr17"	"CpG"	"hg38"
23.8	408	"chr18"	"CpG"	"hg38"
23.8	330	"chr19"	"CpG"	"hg38"
23.8	1016	"chr2"	"CpG"	"hg38"
23.8	406	"chr20"	"CpG"	"hg38"
23.8	254	"chr21"	"CpG"	"hg38"
23.8	204	"chr22"	"CpG"	"hg38"
23.8	850	"chr3"	"CpG"	"hg38"
23.8	968	"chr4"	"CpG"	"hg38"
23.8	774	"chr5"	"CpG"	"hg38"
23.8	712	"chr6"	"CpG"	"hg38"
23.8	748	"chr7"	"CpG"	"hg38"
23.8	676	"chr8"	"CpG"	"hg38"
23.8	514	"chr9"	"CpG"	"hg38"
23.8	488	"chrX"	"CpG"	"hg38"
23.8	90	"chrY"	"CpG"	"hg38"
23.9	980	"chr1"	"CpG"	"hg38"
23.9	668	"chr10"	"CpG"	"hg38"
23.9	652	"chr11"	"CpG"	"hg38"
23.9	554	"chr12"	"CpG"	"hg38"
23.9	470	"chr13"	"CpG"	"hg38"
23.9	422	"chr14"	"CpG"	"hg38"
23.9	362	"chr15"	"CpG"	"hg38"
23.9	466	"chr16"	"CpG"	"hg38"
23.9	408	"chr17"	"CpG"	"hg38"
23.9	372	"chr18"	"CpG"	"hg38"
23.9	266	"chr19"	"CpG"	"hg38"
23.9	1134	"chr2"	"CpG"	"hg38"
23.9	386	"chr20"	"CpG"	"hg38"
23.9	218	"chr21"	"CpG"	"hg38"
23.9	222	"chr22"	"CpG"	"hg38"
23.9	812	"chr3"	"CpG"	"hg38"
23.9	806	"chr4"	"CpG"	"hg38"
23.9	774	"chr5"	"CpG"	"hg38"
23.9	696	"chr6"	"CpG"	"hg38"
23.9	702	"chr7"	"CpG"	"hg38"
23.9	730	"chr8"	"CpG"	"hg38"
23.9	594	"chr9"	"CpG"	"hg38"
23.9	484	"chrX"	"CpG"	"hg38"
23.9	98	"chrY"	"CpG"	"hg38"
24	1042	"chr1"	"CpG"	"hg38"
24	682	"chr10"	"CpG"	"hg38"
24	630	"chr11"	"CpG"	"hg38"
24	538	"chr12"	"CpG"	"hg38"
24	436	"chr13"	"CpG"	"hg38"
24	424	"chr14"	"CpG"	"hg38"
24	410	"chr15"	"CpG"	"hg38"
24	418	"chr16"	"CpG"	"hg38"
24	476	"chr17"	"CpG"	"hg38"
24	366	"chr18"	"CpG"	"hg38"
24	328	"chr19"	"CpG"	"hg38"
24	1016	"chr2"	"CpG"	"hg38"
24	338	"chr20"	"CpG"	"hg38"
24	196	"chr21"	"CpG"	"hg38"
24	194	"chr22"	"CpG"	"hg38"
24	824	"chr3"	"CpG"	"hg38"
24	804	"chr4"	"CpG"	"hg38"
24	724	"chr5"	"CpG"	"hg38"
24	688	"chr6"	"CpG"	"hg38"
24	748	"chr7"	"CpG"	"hg38"
24	780	"chr8"	"CpG"	"hg38"
24	554	"chr9"	"CpG"	"hg38"
24	512	"chrX"	"CpG"	"hg38"
24	60	"chrY"	"CpG"	"hg38"
24.1	1056	"chr1"	"CpG"	"hg38"
24.1	630	"chr10"	"CpG"	"hg38"
24.1	704	"chr11"	"CpG"	"hg38"
24.1	584	"chr12"	"CpG"	"hg38"
24.1	434	"chr13"	"CpG"	"hg38"
24.1	386	"chr14"	"CpG"	"hg38"
24.1	364	"chr15"	"CpG"	"hg38"
24.1	416	"chr16"	"CpG"	"hg38"
24.1	362	"chr17"	"CpG"	"hg38"
24.1	378	"chr18"	"CpG"	"hg38"
24.1	292	"chr19"	"CpG"	"hg38"
24.1	1096	"chr2"	"CpG"	"hg38"
24.1	386	"chr20"	"CpG"	"hg38"
24.1	192	"chr21"	"CpG"	"hg38"
24.1	236	"chr22"	"CpG"	"hg38"
24.1	848	"chr3"	"CpG"	"hg38"
24.1	922	"chr4"	"CpG"	"hg38"
24.1	886	"chr5"	"CpG"	"hg38"
24.1	662	"chr6"	"CpG"	"hg38"
24.1	732	"chr7"	"CpG"	"hg38"
24.1	692	"chr8"	"CpG"	"hg38"
24.1	550	"chr9"	"CpG"	"hg38"
24.1	512	"chrX"	"CpG"	"hg38"
24.1	72	"chrY"	"CpG"	"hg38"
24.2	1102	"chr1"	"CpG"	"hg38"
24.2	632	"chr10"	"CpG"	"hg38"
24.2	642	"chr11"	"CpG"	"hg38"
24.2	594	"chr12"	"CpG"	"hg38"
24.2	438	"chr13"	"CpG"	"hg38"
24.2	396	"chr14"	"CpG"	"hg38"
24.2	386	"chr15"	"CpG"	"hg38"
24.2	488	"chr16"	"CpG"	"hg38"
24.2	388	"chr17"	"CpG"	"hg38"
24.2	414	"chr18"	"CpG"	"hg38"
24.2	294	"chr19"	"CpG"	"hg38"
24.2	1088	"chr2"	"CpG"	"hg38"
24.2	376	"chr20"	"CpG"	"hg38"
24.2	240	"chr21"	"CpG"	"hg38"
24.2	252	"chr22"	"CpG"	"hg38"
24.2	838	"chr3"	"CpG"	"hg38"
24.2	896	"chr4"	"CpG"	"hg38"
24.2	756	"chr5"	"CpG"	"hg38"
24.2	714	"chr6"	"CpG"	"hg38"
24.2	658	"chr7"	"CpG"	"hg38"
24.2	720	"chr8"	"CpG"	"hg38"
24.2	562	"chr9"	"CpG"	"hg38"
24.2	406	"chrX"	"CpG"	"hg38"
24.2	84	"chrY"	"CpG"	"hg38"
24.3	1028	"chr1"	"CpG"	"hg38"
24.3	628	"chr10"	"CpG"	"hg38"
24.3	674	"chr11"	"CpG"	"hg38"
24.3	626	"chr12"	"CpG"	"hg38"
24.3	494	"chr13"	"CpG"	"hg38"
24.3	414	"chr14"	"CpG"	"hg38"
24.3	404	"chr15"	"CpG"	"hg38"
24.3	448	"chr16"	"CpG"	"hg38"
24.3	362	"chr17"	"CpG"	"hg38"
24.3	358	"chr18"	"CpG"	"hg38"
24.3	288	"chr19"	"CpG"	"hg38"
24.3	1116	"chr2"	"CpG"	"hg38"
24.3	366	"chr20"	"CpG"	"hg38"
24.3	216	"chr21"	"CpG"	"hg38"
24.3	242	"chr22"	"CpG"	"hg38"
24.3	852	"chr3"	"CpG"	"hg38"
24.3	884	"chr4"	"CpG"	"hg38"
24.3	804	"chr5"	"CpG"	"hg38"
24.3	652	"chr6"	"CpG"	"hg38"
24.3	742	"chr7"	"CpG"	"hg38"
24.3	706	"chr8"	"CpG"	"hg38"
24.3	534	"chr9"	"CpG"	"hg38"
24.3	508	"chrX"	"CpG"	"hg38"
24.3	76	"chrY"	"CpG"	"hg38"
24.4	1042	"chr1"	"CpG"	"hg38"
24.4	670	"chr10"	"CpG"	"hg38"
24.4	702	"chr11"	"CpG"	"hg38"
24.4	546	"chr12"	"CpG"	"hg38"
24.4	538	"chr13"	"CpG"	"hg38"
24.4	398	"chr14"	"CpG"	"hg38"
24.4	392	"chr15"	"CpG"	"hg38"
24.4	496	"chr16"	"CpG"	"hg38"
24.4	438	"chr17"	"CpG"	"hg38"
24.4	380	"chr18"	"CpG"	"hg38"
24.4	314	"chr19"	"CpG"	"hg38"
24.4	1020	"chr2"	"CpG"	"hg38"
24.4	362	"chr20"	"CpG"	"hg38"
24.4	180	"chr21"	"CpG"	"hg38"
24.4	256	"chr22"	"CpG"	"hg38"
24.4	878	"chr3"	"CpG"	"hg38"
24.4	942	"chr4"	"CpG"	"hg38"
24.4	818	"chr5"	"CpG"	"hg38"
24.4	660	"chr6"	"CpG"	"hg38"
24.4	732	"chr7"	"CpG"	"hg38"
24.4	692	"chr8"	"CpG"	"hg38"
24.4	560	"chr9"	"CpG"	"hg38"
24.4	438	"chrX"	"CpG"	"hg38"
24.4	108	"chrY"	"CpG"	"hg38"
24.5	1036	"chr1"	"CpG"	"hg38"
24.5	682	"chr10"	"CpG"	"hg38"
24.5	718	"chr11"	"CpG"	"hg38"
24.5	578	"chr12"	"CpG"	"hg38"
24.5	454	"chr13"	"CpG"	"hg38"
24.5	436	"chr14"	"CpG"	"hg38"
24.5	382	"chr15"	"CpG"	"hg38"
24.5	462	"chr16"	"CpG"	"hg38"
24.5	410	"chr17"	"CpG"	"hg38"
24.5	386	"chr18"	"CpG"	"hg38"
24.5	298	"chr19"	"CpG"	"hg38"
24.5	1078	"chr2"	"CpG"	"hg38"
24.5	370	"chr20"	"CpG"	"hg38"
24.5	184	"chr21"	"CpG"	"hg38"
24.5	222	"chr22"	"CpG"	"hg38"
24.5	890	"chr3"	"CpG"	"hg38"
24.5	828	"chr4"	"CpG"	"hg38"
24.5	798	"chr5"	"CpG"	"hg38"
24.5	724	"chr6"	"CpG"	"hg38"
24.5	682	"chr7"	"CpG"	"hg38"
24.5	660	"chr8"	"CpG"	"hg38"
24.5	562	"chr9"	"CpG"	"hg38"
24.5	492	"chrX"	"CpG"	"hg38"
24.5	82	"chrY"	"CpG"	"hg38"
24.6	1086	"chr1"	"CpG"	"hg38"
24.6	620	"chr10"	"CpG"	"hg38"
24.6	646	"chr11"	"CpG"	"hg38"
24.6	494	"chr12"	"CpG"	"hg38"
24.6	474	"chr13"	"CpG"	"hg38"
24.6	416	"chr14"	"CpG"	"hg38"
24.6	456	"chr15"	"CpG"	"hg38"
24.6	462	"chr16"	"CpG"	"hg38"
24.6	402	"chr17"	"CpG"	"hg38"
24.6	412	"chr18"	"CpG"	"hg38"
24.6	334	"chr19"	"CpG"	"hg38"
24.6	1108	"chr2"	"CpG"	"hg38"
24.6	380	"chr20"	"CpG"	"hg38"
24.6	228	"chr21"	"CpG"	"hg38"
24.6	276	"chr22"	"CpG"	"hg38"
24.6	848	"chr3"	"CpG"	"hg38"
24.6	914	"chr4"	"CpG"	"hg38"
24.6	786	"chr5"	"CpG"	"hg38"
24.6	644	"chr6"	"CpG"	"hg38"
24.6	704	"chr7"	"CpG"	"hg38"
24.6	742	"chr8"	"CpG"	"hg38"
24.6	560	"chr9"	"CpG"	"hg38"
24.6	542	"chrX"	"CpG"	"hg38"
24.6	80	"chrY"	"CpG"	"hg38"
24.7	1044	"chr1"	"CpG"	"hg38"
24.7	674	"chr10"	"CpG"	"hg38"
24.7	642	"chr11"	"CpG"	"hg38"
24.7	614	"chr12"	"CpG"	"hg38"
24.7	472	"chr13"	"CpG"	"hg38"
24.7	444	"chr14"	"CpG"	"hg38"
24.7	414	"chr15"	"CpG"	"hg38"
24.7	480	"chr16"	"CpG"	"hg38"
24.7	398	"chr17"	"CpG"	"hg38"
24.7	374	"chr18"	"CpG"	"hg38"
24.7	316	"chr19"	"CpG"	"hg38"
24.7	1094	"chr2"	"CpG"	"hg38"
24.7	350	"chr20"	"CpG"	"hg38"
24.7	220	"chr21"	"CpG"	"hg38"
24.7	200	"chr22"	"CpG"	"hg38"
24.7	860	"chr3"	"CpG"	"hg38"
24.7	874	"chr4"	"CpG"	"hg38"
24.7	834	"chr5"	"CpG"	"hg38"
24.7	714	"chr6"	"CpG"	"hg38"
24.7	756	"chr7"	"CpG"	"hg38"
24.7	702	"chr8"	"CpG"	"hg38"
24.7	594	"chr9"	"CpG"	"hg38"
24.7	458	"chrX"	"CpG"	"hg38"
24.7	96	"chrY"	"CpG"	"hg38"
24.8	1054	"chr1"	"CpG"	"hg38"
24.8	652	"chr10"	"CpG"	"hg38"
24.8	692	"chr11"	"CpG"	"hg38"
24.8	584	"chr12"	"CpG"	"hg38"
24.8	476	"chr13"	"CpG"	"hg38"
24.8	386	"chr14"	"CpG"	"hg38"
24.8	442	"chr15"	"CpG"	"hg38"
24.8	460	"chr16"	"CpG"	"hg38"
24.8	450	"chr17"	"CpG"	"hg38"
24.8	402	"chr18"	"CpG"	"hg38"
24.8	328	"chr19"	"CpG"	"hg38"
24.8	1050	"chr2"	"CpG"	"hg38"
24.8	388	"chr20"	"CpG"	"hg38"
24.8	192	"chr21"	"CpG"	"hg38"
24.8	224	"chr22"	"CpG"	"hg38"
24.8	906	"chr3"	"CpG"	"hg38"
24.8	898	"chr4"	"CpG"	"hg38"
24.8	858	"chr5"	"CpG"	"hg38"
24.8	720	"chr6"	"CpG"	"hg38"
24.8	766	"chr7"	"CpG"	"hg38"
24.8	746	"chr8"	"CpG"	"hg38"
24.8	532	"chr9"	"CpG"	"hg38"
24.8	484	"chrX"	"CpG"	"hg38"
24.8	106	"chrY"	"CpG"	"hg38"
24.9	1028	"chr1"	"CpG"	"hg38"
24.9	716	"chr10"	"CpG"	"hg38"
24.9	696	"chr11"	"CpG"	"hg38"
24.9	580	"chr12"	"CpG"	"hg38"
24.9	478	"chr13"	"CpG"	"hg38"
24.9	384	"chr14"	"CpG"	"hg38"
24.9	386	"chr15"	"CpG"	"hg38"
24.9	420	"chr16"	"CpG"	"hg38"
24.9	432	"chr17"	"CpG"	"hg38"
24.9	386	"chr18"	"CpG"	"hg38"
24.9	318	"chr19"	"CpG"	"hg38"
24.9	1148	"chr2"	"CpG"	"hg38"
24.9	342	"chr20"	"CpG"	"hg38"
24.9	240	"chr21"	"CpG"	"hg38"
24.9	216	"chr22"	"CpG"	"hg38"
24.9	868	"chr3"	"CpG"	"hg38"
24.9	854	"chr4"	"CpG"	"hg38"
24.9	812	"chr5"	"CpG"	"hg38"
24.9	730	"chr6"	"CpG"	"hg38"
24.9	744	"chr7"	"CpG"	"hg38"
24.9	758	"chr8"	"CpG"	"hg38"
24.9	538	"chr9"	"CpG"	"hg38"
24.9	466	"chrX"	"CpG"	"hg38"
24.9	96	"chrY"	"CpG"	"hg38"
25	990	"chr1"	"CpG"	"hg38"
25	664	"chr10"	"CpG"	"hg38"
25	772	"chr11"	"CpG"	"hg38"
25	592	"chr12"	"CpG"	"hg38"
25	500	"chr13"	"CpG"	"hg38"
25	390	"chr14"	"CpG"	"hg38"
25	412	"chr15"	"CpG"	"hg38"
25	542	"chr16"	"CpG"	"hg38"
25	382	"chr17"	"CpG"	"hg38"
25	406	"chr18"	"CpG"	"hg38"
25	278	"chr19"	"CpG"	"hg38"
25	1102	"chr2"	"CpG"	"hg38"
25	318	"chr20"	"CpG"	"hg38"
25	236	"chr21"	"CpG"	"hg38"
25	242	"chr22"	"CpG"	"hg38"
25	858	"chr3"	"CpG"	"hg38"
25	776	"chr4"	"CpG"	"hg38"
25	802	"chr5"	"CpG"	"hg38"
25	694	"chr6"	"CpG"	"hg38"
25	658	"chr7"	"CpG"	"hg38"
25	758	"chr8"	"CpG"	"hg38"
25	548	"chr9"	"CpG"	"hg38"
25	522	"chrX"	"CpG"	"hg38"
25	110	"chrY"	"CpG"	"hg38"
25.1	1120	"chr1"	"CpG"	"hg38"
25.1	684	"chr10"	"CpG"	"hg38"
25.1	668	"chr11"	"CpG"	"hg38"
25.1	650	"chr12"	"CpG"	"hg38"
25.1	466	"chr13"	"CpG"	"hg38"
25.1	394	"chr14"	"CpG"	"hg38"
25.1	410	"chr15"	"CpG"	"hg38"
25.1	386	"chr16"	"CpG"	"hg38"
25.1	402	"chr17"	"CpG"	"hg38"
25.1	374	"chr18"	"CpG"	"hg38"
25.1	270	"chr19"	"CpG"	"hg38"
25.1	1138	"chr2"	"CpG"	"hg38"
25.1	390	"chr20"	"CpG"	"hg38"
25.1	172	"chr21"	"CpG"	"hg38"
25.1	244	"chr22"	"CpG"	"hg38"
25.1	894	"chr3"	"CpG"	"hg38"
25.1	846	"chr4"	"CpG"	"hg38"
25.1	798	"chr5"	"CpG"	"hg38"
25.1	702	"chr6"	"CpG"	"hg38"
25.1	740	"chr7"	"CpG"	"hg38"
25.1	700	"chr8"	"CpG"	"hg38"
25.1	560	"chr9"	"CpG"	"hg38"
25.1	504	"chrX"	"CpG"	"hg38"
25.1	102	"chrY"	"CpG"	"hg38"
25.2	1120	"chr1"	"CpG"	"hg38"
25.2	718	"chr10"	"CpG"	"hg38"
25.2	652	"chr11"	"CpG"	"hg38"
25.2	554	"chr12"	"CpG"	"hg38"
25.2	408	"chr13"	"CpG"	"hg38"
25.2	382	"chr14"	"CpG"	"hg38"
25.2	446	"chr15"	"CpG"	"hg38"
25.2	402	"chr16"	"CpG"	"hg38"
25.2	392	"chr17"	"CpG"	"hg38"
25.2	376	"chr18"	"CpG"	"hg38"
25.2	314	"chr19"	"CpG"	"hg38"
25.2	1016	"chr2"	"CpG"	"hg38"
25.2	380	"chr20"	"CpG"	"hg38"
25.2	210	"chr21"	"CpG"	"hg38"
25.2	212	"chr22"	"CpG"	"hg38"
25.2	874	"chr3"	"CpG"	"hg38"
25.2	858	"chr4"	"CpG"	"hg38"
25.2	832	"chr5"	"CpG"	"hg38"
25.2	702	"chr6"	"CpG"	"hg38"
25.2	696	"chr7"	"CpG"	"hg38"
25.2	752	"chr8"	"CpG"	"hg38"
25.2	630	"chr9"	"CpG"	"hg38"
25.2	588	"chrX"	"CpG"	"hg38"
25.2	92	"chrY"	"CpG"	"hg38"
25.3	1098	"chr1"	"CpG"	"hg38"
25.3	688	"chr10"	"CpG"	"hg38"
25.3	676	"chr11"	"CpG"	"hg38"
25.3	600	"chr12"	"CpG"	"hg38"
25.3	454	"chr13"	"CpG"	"hg38"
25.3	380	"chr14"	"CpG"	"hg38"
25.3	410	"chr15"	"CpG"	"hg38"
25.3	466	"chr16"	"CpG"	"hg38"
25.3	396	"chr17"	"CpG"	"hg38"
25.3	398	"chr18"	"CpG"	"hg38"
25.3	288	"chr19"	"CpG"	"hg38"
25.3	1066	"chr2"	"CpG"	"hg38"
25.3	374	"chr20"	"CpG"	"hg38"
25.3	174	"chr21"	"CpG"	"hg38"
25.3	192	"chr22"	"CpG"	"hg38"
25.3	886	"chr3"	"CpG"	"hg38"
25.3	830	"chr4"	"CpG"	"hg38"
25.3	820	"chr5"	"CpG"	"hg38"
25.3	662	"chr6"	"CpG"	"hg38"
25.3	776	"chr7"	"CpG"	"hg38"
25.3	712	"chr8"	"CpG"	"hg38"
25.3	520	"chr9"	"CpG"	"hg38"
25.3	486	"chrX"	"CpG"	"hg38"
25.3	102	"chrY"	"CpG"	"hg38"
25.4	1004	"chr1"	"CpG"	"hg38"
25.4	670	"chr10"	"CpG"	"hg38"
25.4	616	"chr11"	"CpG"	"hg38"
25.4	620	"chr12"	"CpG"	"hg38"
25.4	498	"chr13"	"CpG"	"hg38"
25.4	430	"chr14"	"CpG"	"hg38"
25.4	426	"chr15"	"CpG"	"hg38"
25.4	438	"chr16"	"CpG"	"hg38"
25.4	376	"chr17"	"CpG"	"hg38"
25.4	366	"chr18"	"CpG"	"hg38"
25.4	288	"chr19"	"CpG"	"hg38"
25.4	1184	"chr2"	"CpG"	"hg38"
25.4	420	"chr20"	"CpG"	"hg38"
25.4	214	"chr21"	"CpG"	"hg38"
25.4	214	"chr22"	"CpG"	"hg38"
25.4	778	"chr3"	"CpG"	"hg38"
25.4	906	"chr4"	"CpG"	"hg38"
25.4	828	"chr5"	"CpG"	"hg38"
25.4	760	"chr6"	"CpG"	"hg38"
25.4	708	"chr7"	"CpG"	"hg38"
25.4	792	"chr8"	"CpG"	"hg38"
25.4	596	"chr9"	"CpG"	"hg38"
25.4	496	"chrX"	"CpG"	"hg38"
25.4	92	"chrY"	"CpG"	"hg38"
25.5	1102	"chr1"	"CpG"	"hg38"
25.5	702	"chr10"	"CpG"	"hg38"
25.5	700	"chr11"	"CpG"	"hg38"
25.5	646	"chr12"	"CpG"	"hg38"
25.5	518	"chr13"	"CpG"	"hg38"
25.5	454	"chr14"	"CpG"	"hg38"
25.5	442	"chr15"	"CpG"	"hg38"
25.5	446	"chr16"	"CpG"	"hg38"
25.5	376	"chr17"	"CpG"	"hg38"
25.5	414	"chr18"	"CpG"	"hg38"
25.5	268	"chr19"	"CpG"	"hg38"
25.5	1136	"chr2"	"CpG"	"hg38"
25.5	332	"chr20"	"CpG"	"hg38"
25.5	236	"chr21"	"CpG"	"hg38"
25.5	246	"chr22"	"CpG"	"hg38"
25.5	860	"chr3"	"CpG"	"hg38"
25.5	888	"chr4"	"CpG"	"hg38"
25.5	874	"chr5"	"CpG"	"hg38"
25.5	772	"chr6"	"CpG"	"hg38"
25.5	704	"chr7"	"CpG"	"hg38"
25.5	740	"chr8"	"CpG"	"hg38"
25.5	582	"chr9"	"CpG"	"hg38"
25.5	530	"chrX"	"CpG"	"hg38"
25.5	102	"chrY"	"CpG"	"hg38"
25.6	1112	"chr1"	"CpG"	"hg38"
25.6	686	"chr10"	"CpG"	"hg38"
25.6	692	"chr11"	"CpG"	"hg38"
25.6	584	"chr12"	"CpG"	"hg38"
25.6	492	"chr13"	"CpG"	"hg38"
25.6	454	"chr14"	"CpG"	"hg38"
25.6	382	"chr15"	"CpG"	"hg38"
25.6	496	"chr16"	"CpG"	"hg38"
25.6	426	"chr17"	"CpG"	"hg38"
25.6	384	"chr18"	"CpG"	"hg38"
25.6	330	"chr19"	"CpG"	"hg38"
25.6	1142	"chr2"	"CpG"	"hg38"
25.6	378	"chr20"	"CpG"	"hg38"
25.6	232	"chr21"	"CpG"	"hg38"
25.6	256	"chr22"	"CpG"	"hg38"
25.6	916	"chr3"	"CpG"	"hg38"
25.6	834	"chr4"	"CpG"	"hg38"
25.6	852	"chr5"	"CpG"	"hg38"
25.6	716	"chr6"	"CpG"	"hg38"
25.6	770	"chr7"	"CpG"	"hg38"
25.6	784	"chr8"	"CpG"	"hg38"
25.6	526	"chr9"	"CpG"	"hg38"
25.6	526	"chrX"	"CpG"	"hg38"
25.6	92	"chrY"	"CpG"	"hg38"
25.7	1106	"chr1"	"CpG"	"hg38"
25.7	642	"chr10"	"CpG"	"hg38"
25.7	694	"chr11"	"CpG"	"hg38"
25.7	564	"chr12"	"CpG"	"hg38"
25.7	454	"chr13"	"CpG"	"hg38"
25.7	410	"chr14"	"CpG"	"hg38"
25.7	402	"chr15"	"CpG"	"hg38"
25.7	438	"chr16"	"CpG"	"hg38"
25.7	382	"chr17"	"CpG"	"hg38"
25.7	326	"chr18"	"CpG"	"hg38"
25.7	328	"chr19"	"CpG"	"hg38"
25.7	1120	"chr2"	"CpG"	"hg38"
25.7	364	"chr20"	"CpG"	"hg38"
25.7	242	"chr21"	"CpG"	"hg38"
25.7	224	"chr22"	"CpG"	"hg38"
25.7	802	"chr3"	"CpG"	"hg38"
25.7	892	"chr4"	"CpG"	"hg38"
25.7	814	"chr5"	"CpG"	"hg38"
25.7	756	"chr6"	"CpG"	"hg38"
25.7	712	"chr7"	"CpG"	"hg38"
25.7	762	"chr8"	"CpG"	"hg38"
25.7	604	"chr9"	"CpG"	"hg38"
25.7	522	"chrX"	"CpG"	"hg38"
25.7	96	"chrY"	"CpG"	"hg38"
25.8	1102	"chr1"	"CpG"	"hg38"
25.8	642	"chr10"	"CpG"	"hg38"
25.8	630	"chr11"	"CpG"	"hg38"
25.8	590	"chr12"	"CpG"	"hg38"
25.8	512	"chr13"	"CpG"	"hg38"
25.8	428	"chr14"	"CpG"	"hg38"
25.8	402	"chr15"	"CpG"	"hg38"
25.8	464	"chr16"	"CpG"	"hg38"
25.8	380	"chr17"	"CpG"	"hg38"
25.8	392	"chr18"	"CpG"	"hg38"
25.8	288	"chr19"	"CpG"	"hg38"
25.8	1076	"chr2"	"CpG"	"hg38"
25.8	360	"chr20"	"CpG"	"hg38"
25.8	214	"chr21"	"CpG"	"hg38"
25.8	172	"chr22"	"CpG"	"hg38"
25.8	748	"chr3"	"CpG"	"hg38"
25.8	898	"chr4"	"CpG"	"hg38"
25.8	810	"chr5"	"CpG"	"hg38"
25.8	636	"chr6"	"CpG"	"hg38"
25.8	760	"chr7"	"CpG"	"hg38"
25.8	724	"chr8"	"CpG"	"hg38"
25.8	532	"chr9"	"CpG"	"hg38"
25.8	530	"chrX"	"CpG"	"hg38"
25.8	82	"chrY"	"CpG"	"hg38"
25.9	1040	"chr1"	"CpG"	"hg38"
25.9	696	"chr10"	"CpG"	"hg38"
25.9	716	"chr11"	"CpG"	"hg38"
25.9	546	"chr12"	"CpG"	"hg38"
25.9	496	"chr13"	"CpG"	"hg38"
25.9	424	"chr14"	"CpG"	"hg38"
25.9	412	"chr15"	"CpG"	"hg38"
25.9	502	"chr16"	"CpG"	"hg38"
25.9	432	"chr17"	"CpG"	"hg38"
25.9	372	"chr18"	"CpG"	"hg38"
25.9	290	"chr19"	"CpG"	"hg38"
25.9	1200	"chr2"	"CpG"	"hg38"
25.9	364	"chr20"	"CpG"	"hg38"
25.9	238	"chr21"	"CpG"	"hg38"
25.9	250	"chr22"	"CpG"	"hg38"
25.9	864	"chr3"	"CpG"	"hg38"
25.9	830	"chr4"	"CpG"	"hg38"
25.9	782	"chr5"	"CpG"	"hg38"
25.9	730	"chr6"	"CpG"	"hg38"
25.9	772	"chr7"	"CpG"	"hg38"
25.9	740	"chr8"	"CpG"	"hg38"
25.9	536	"chr9"	"CpG"	"hg38"
25.9	514	"chrX"	"CpG"	"hg38"
25.9	80	"chrY"	"CpG"	"hg38"
26	1120	"chr1"	"CpG"	"hg38"
26	598	"chr10"	"CpG"	"hg38"
26	700	"chr11"	"CpG"	"hg38"
26	536	"chr12"	"CpG"	"hg38"
26	494	"chr13"	"CpG"	"hg38"
26	386	"chr14"	"CpG"	"hg38"
26	380	"chr15"	"CpG"	"hg38"
26	492	"chr16"	"CpG"	"hg38"
26	448	"chr17"	"CpG"	"hg38"
26	380	"chr18"	"CpG"	"hg38"
26	350	"chr19"	"CpG"	"hg38"
26	1102	"chr2"	"CpG"	"hg38"
26	366	"chr20"	"CpG"	"hg38"
26	218	"chr21"	"CpG"	"hg38"
26	242	"chr22"	"CpG"	"hg38"
26	850	"chr3"	"CpG"	"hg38"
26	800	"chr4"	"CpG"	"hg38"
26	868	"chr5"	"CpG"	"hg38"
26	680	"chr6"	"CpG"	"hg38"
26	730	"chr7"	"CpG"	"hg38"
26	698	"chr8"	"CpG"	"hg38"
26	588	"chr9"	"CpG"	"hg38"
26	472	"chrX"	"CpG"	"hg38"
26	74	"chrY"	"CpG"	"hg38"
26.1	1016	"chr1"	"CpG"	"hg38"
26.1	608	"chr10"	"CpG"	"hg38"
26.1	740	"chr11"	"CpG"	"hg38"
26.1	588	"chr12"	"CpG"	"hg38"
26.1	528	"chr13"	"CpG"	"hg38"
26.1	432	"chr14"	"CpG"	"hg38"
26.1	402	"chr15"	"CpG"	"hg38"
26.1	430	"chr16"	"CpG"	"hg38"
26.1	436	"chr17"	"CpG"	"hg38"
26.1	390	"chr18"	"CpG"	"hg38"
26.1	276	"chr19"	"CpG"	"hg38"
26.1	1110	"chr2"	"CpG"	"hg38"
26.1	388	"chr20"	"CpG"	"hg38"
26.1	234	"chr21"	"CpG"	"hg38"
26.1	262	"chr22"	"CpG"	"hg38"
26.1	826	"chr3"	"CpG"	"hg38"
26.1	820	"chr4"	"CpG"	"hg38"
26.1	852	"chr5"	"CpG"	"hg38"
26.1	736	"chr6"	"CpG"	"hg38"
26.1	696	"chr7"	"CpG"	"hg38"
26.1	754	"chr8"	"CpG"	"hg38"
26.1	614	"chr9"	"CpG"	"hg38"
26.1	522	"chrX"	"CpG"	"hg38"
26.1	132	"chrY"	"CpG"	"hg38"
26.2	1156	"chr1"	"CpG"	"hg38"
26.2	684	"chr10"	"CpG"	"hg38"
26.2	698	"chr11"	"CpG"	"hg38"
26.2	546	"chr12"	"CpG"	"hg38"
26.2	542	"chr13"	"CpG"	"hg38"
26.2	424	"chr14"	"CpG"	"hg38"
26.2	406	"chr15"	"CpG"	"hg38"
26.2	452	"chr16"	"CpG"	"hg38"
26.2	404	"chr17"	"CpG"	"hg38"
26.2	382	"chr18"	"CpG"	"hg38"
26.2	330	"chr19"	"CpG"	"hg38"
26.2	1130	"chr2"	"CpG"	"hg38"
26.2	400	"chr20"	"CpG"	"hg38"
26.2	258	"chr21"	"CpG"	"hg38"
26.2	252	"chr22"	"CpG"	"hg38"
26.2	794	"chr3"	"CpG"	"hg38"
26.2	922	"chr4"	"CpG"	"hg38"
26.2	850	"chr5"	"CpG"	"hg38"
26.2	730	"chr6"	"CpG"	"hg38"
26.2	756	"chr7"	"CpG"	"hg38"
26.2	760	"chr8"	"CpG"	"hg38"
26.2	510	"chr9"	"CpG"	"hg38"
26.2	484	"chrX"	"CpG"	"hg38"
26.2	56	"chrY"	"CpG"	"hg38"
26.3	1044	"chr1"	"CpG"	"hg38"
26.3	676	"chr10"	"CpG"	"hg38"
26.3	686	"chr11"	"CpG"	"hg38"
26.3	640	"chr12"	"CpG"	"hg38"
26.3	448	"chr13"	"CpG"	"hg38"
26.3	398	"chr14"	"CpG"	"hg38"
26.3	404	"chr15"	"CpG"	"hg38"
26.3	482	"chr16"	"CpG"	"hg38"
26.3	420	"chr17"	"CpG"	"hg38"
26.3	348	"chr18"	"CpG"	"hg38"
26.3	332	"chr19"	"CpG"	"hg38"
26.3	1084	"chr2"	"CpG"	"hg38"
26.3	376	"chr20"	"CpG"	"hg38"
26.3	208	"chr21"	"CpG"	"hg38"
26.3	232	"chr22"	"CpG"	"hg38"
26.3	862	"chr3"	"CpG"	"hg38"
26.3	926	"chr4"	"CpG"	"hg38"
26.3	846	"chr5"	"CpG"	"hg38"
26.3	798	"chr6"	"CpG"	"hg38"
26.3	786	"chr7"	"CpG"	"hg38"
26.3	750	"chr8"	"CpG"	"hg38"
26.3	594	"chr9"	"CpG"	"hg38"
26.3	512	"chrX"	"CpG"	"hg38"
26.3	104	"chrY"	"CpG"	"hg38"
26.4	1016	"chr1"	"CpG"	"hg38"
26.4	720	"chr10"	"CpG"	"hg38"
26.4	650	"chr11"	"CpG"	"hg38"
26.4	594	"chr12"	"CpG"	"hg38"
26.4	510	"chr13"	"CpG"	"hg38"
26.4	448	"chr14"	"CpG"	"hg38"
26.4	390	"chr15"	"CpG"	"hg38"
26.4	454	"chr16"	"CpG"	"hg38"
26.4	440	"chr17"	"CpG"	"hg38"
26.4	468	"chr18"	"CpG"	"hg38"
26.4	268	"chr19"	"CpG"	"hg38"
26.4	1102	"chr2"	"CpG"	"hg38"
26.4	418	"chr20"	"CpG"	"hg38"
26.4	200	"chr21"	"CpG"	"hg38"
26.4	216	"chr22"	"CpG"	"hg38"
26.4	862	"chr3"	"CpG"	"hg38"
26.4	860	"chr4"	"CpG"	"hg38"
26.4	806	"chr5"	"CpG"	"hg38"
26.4	720	"chr6"	"CpG"	"hg38"
26.4	760	"chr7"	"CpG"	"hg38"
26.4	716	"chr8"	"CpG"	"hg38"
26.4	608	"chr9"	"CpG"	"hg38"
26.4	474	"chrX"	"CpG"	"hg38"
26.4	98	"chrY"	"CpG"	"hg38"
26.5	1080	"chr1"	"CpG"	"hg38"
26.5	688	"chr10"	"CpG"	"hg38"
26.5	674	"chr11"	"CpG"	"hg38"
26.5	624	"chr12"	"CpG"	"hg38"
26.5	488	"chr13"	"CpG"	"hg38"
26.5	458	"chr14"	"CpG"	"hg38"
26.5	458	"chr15"	"CpG"	"hg38"
26.5	490	"chr16"	"CpG"	"hg38"
26.5	398	"chr17"	"CpG"	"hg38"
26.5	352	"chr18"	"CpG"	"hg38"
26.5	336	"chr19"	"CpG"	"hg38"
26.5	1142	"chr2"	"CpG"	"hg38"
26.5	382	"chr20"	"CpG"	"hg38"
26.5	240	"chr21"	"CpG"	"hg38"
26.5	200	"chr22"	"CpG"	"hg38"
26.5	916	"chr3"	"CpG"	"hg38"
26.5	858	"chr4"	"CpG"	"hg38"
26.5	750	"chr5"	"CpG"	"hg38"
26.5	748	"chr6"	"CpG"	"hg38"
26.5	772	"chr7"	"CpG"	"hg38"
26.5	742	"chr8"	"CpG"	"hg38"
26.5	592	"chr9"	"CpG"	"hg38"
26.5	428	"chrX"	"CpG"	"hg38"
26.5	112	"chrY"	"CpG"	"hg38"
26.6	1024	"chr1"	"CpG"	"hg38"
26.6	710	"chr10"	"CpG"	"hg38"
26.6	662	"chr11"	"CpG"	"hg38"
26.6	566	"chr12"	"CpG"	"hg38"
26.6	502	"chr13"	"CpG"	"hg38"
26.6	384	"chr14"	"CpG"	"hg38"
26.6	420	"chr15"	"CpG"	"hg38"
26.6	454	"chr16"	"CpG"	"hg38"
26.6	408	"chr17"	"CpG"	"hg38"
26.6	432	"chr18"	"CpG"	"hg38"
26.6	278	"chr19"	"CpG"	"hg38"
26.6	1124	"chr2"	"CpG"	"hg38"
26.6	378	"chr20"	"CpG"	"hg38"
26.6	182	"chr21"	"CpG"	"hg38"
26.6	256	"chr22"	"CpG"	"hg38"
26.6	922	"chr3"	"CpG"	"hg38"
26.6	914	"chr4"	"CpG"	"hg38"
26.6	818	"chr5"	"CpG"	"hg38"
26.6	734	"chr6"	"CpG"	"hg38"
26.6	718	"chr7"	"CpG"	"hg38"
26.6	716	"chr8"	"CpG"	"hg38"
26.6	594	"chr9"	"CpG"	"hg38"
26.6	534	"chrX"	"CpG"	"hg38"
26.6	76	"chrY"	"CpG"	"hg38"
26.7	1170	"chr1"	"CpG"	"hg38"
26.7	616	"chr10"	"CpG"	"hg38"
26.7	702	"chr11"	"CpG"	"hg38"
26.7	606	"chr12"	"CpG"	"hg38"
26.7	486	"chr13"	"CpG"	"hg38"
26.7	442	"chr14"	"CpG"	"hg38"
26.7	402	"chr15"	"CpG"	"hg38"
26.7	468	"chr16"	"CpG"	"hg38"
26.7	438	"chr17"	"CpG"	"hg38"
26.7	428	"chr18"	"CpG"	"hg38"
26.7	294	"chr19"	"CpG"	"hg38"
26.7	1070	"chr2"	"CpG"	"hg38"
26.7	360	"chr20"	"CpG"	"hg38"
26.7	198	"chr21"	"CpG"	"hg38"
26.7	216	"chr22"	"CpG"	"hg38"
26.7	920	"chr3"	"CpG"	"hg38"
26.7	908	"chr4"	"CpG"	"hg38"
26.7	816	"chr5"	"CpG"	"hg38"
26.7	686	"chr6"	"CpG"	"hg38"
26.7	744	"chr7"	"CpG"	"hg38"
26.7	724	"chr8"	"CpG"	"hg38"
26.7	586	"chr9"	"CpG"	"hg38"
26.7	492	"chrX"	"CpG"	"hg38"
26.7	76	"chrY"	"CpG"	"hg38"
26.8	1122	"chr1"	"CpG"	"hg38"
26.8	680	"chr10"	"CpG"	"hg38"
26.8	718	"chr11"	"CpG"	"hg38"
26.8	622	"chr12"	"CpG"	"hg38"
26.8	454	"chr13"	"CpG"	"hg38"
26.8	374	"chr14"	"CpG"	"hg38"
26.8	378	"chr15"	"CpG"	"hg38"
26.8	466	"chr16"	"CpG"	"hg38"
26.8	350	"chr17"	"CpG"	"hg38"
26.8	368	"chr18"	"CpG"	"hg38"
26.8	268	"chr19"	"CpG"	"hg38"
26.8	1126	"chr2"	"CpG"	"hg38"
26.8	384	"chr20"	"CpG"	"hg38"
26.8	206	"chr21"	"CpG"	"hg38"
26.8	238	"chr22"	"CpG"	"hg38"
26.8	850	"chr3"	"CpG"	"hg38"
26.8	864	"chr4"	"CpG"	"hg38"
26.8	838	"chr5"	"CpG"	"hg38"
26.8	756	"chr6"	"CpG"	"hg38"
26.8	760	"chr7"	"CpG"	"hg38"
26.8	668	"chr8"	"CpG"	"hg38"
26.8	552	"chr9"	"CpG"	"hg38"
26.8	516	"chrX"	"CpG"	"hg38"
26.8	84	"chrY"	"CpG"	"hg38"
26.9	970	"chr1"	"CpG"	"hg38"
26.9	728	"chr10"	"CpG"	"hg38"
26.9	694	"chr11"	"CpG"	"hg38"
26.9	624	"chr12"	"CpG"	"hg38"
26.9	480	"chr13"	"CpG"	"hg38"
26.9	434	"chr14"	"CpG"	"hg38"
26.9	406	"chr15"	"CpG"	"hg38"
26.9	414	"chr16"	"CpG"	"hg38"
26.9	486	"chr17"	"CpG"	"hg38"
26.9	406	"chr18"	"CpG"	"hg38"
26.9	308	"chr19"	"CpG"	"hg38"
26.9	1232	"chr2"	"CpG"	"hg38"
26.9	370	"chr20"	"CpG"	"hg38"
26.9	240	"chr21"	"CpG"	"hg38"
26.9	240	"chr22"	"CpG"	"hg38"
26.9	814	"chr3"	"CpG"	"hg38"
26.9	932	"chr4"	"CpG"	"hg38"
26.9	782	"chr5"	"CpG"	"hg38"
26.9	650	"chr6"	"CpG"	"hg38"
26.9	728	"chr7"	"CpG"	"hg38"
26.9	710	"chr8"	"CpG"	"hg38"
26.9	580	"chr9"	"CpG"	"hg38"
26.9	480	"chrX"	"CpG"	"hg38"
26.9	88	"chrY"	"CpG"	"hg38"
27	1106	"chr1"	"CpG"	"hg38"
27	690	"chr10"	"CpG"	"hg38"
27	690	"chr11"	"CpG"	"hg38"
27	632	"chr12"	"CpG"	"hg38"
27	502	"chr13"	"CpG"	"hg38"
27	466	"chr14"	"CpG"	"hg38"
27	390	"chr15"	"CpG"	"hg38"
27	476	"chr16"	"CpG"	"hg38"
27	420	"chr17"	"CpG"	"hg38"
27	406	"chr18"	"CpG"	"hg38"
27	288	"chr19"	"CpG"	"hg38"
27	1104	"chr2"	"CpG"	"hg38"
27	376	"chr20"	"CpG"	"hg38"
27	226	"chr21"	"CpG"	"hg38"
27	254	"chr22"	"CpG"	"hg38"
27	912	"chr3"	"CpG"	"hg38"
27	898	"chr4"	"CpG"	"hg38"
27	838	"chr5"	"CpG"	"hg38"
27	714	"chr6"	"CpG"	"hg38"
27	782	"chr7"	"CpG"	"hg38"
27	770	"chr8"	"CpG"	"hg38"
27	576	"chr9"	"CpG"	"hg38"
27	518	"chrX"	"CpG"	"hg38"
27	106	"chrY"	"CpG"	"hg38"
27.1	1066	"chr1"	"CpG"	"hg38"
27.1	670	"chr10"	"CpG"	"hg38"
27.1	686	"chr11"	"CpG"	"hg38"
27.1	586	"chr12"	"CpG"	"hg38"
27.1	464	"chr13"	"CpG"	"hg38"
27.1	436	"chr14"	"CpG"	"hg38"
27.1	474	"chr15"	"CpG"	"hg38"
27.1	498	"chr16"	"CpG"	"hg38"
27.1	460	"chr17"	"CpG"	"hg38"
27.1	486	"chr18"	"CpG"	"hg38"
27.1	338	"chr19"	"CpG"	"hg38"
27.1	1148	"chr2"	"CpG"	"hg38"
27.1	368	"chr20"	"CpG"	"hg38"
27.1	228	"chr21"	"CpG"	"hg38"
27.1	244	"chr22"	"CpG"	"hg38"
27.1	884	"chr3"	"CpG"	"hg38"
27.1	912	"chr4"	"CpG"	"hg38"
27.1	876	"chr5"	"CpG"	"hg38"
27.1	722	"chr6"	"CpG"	"hg38"
27.1	790	"chr7"	"CpG"	"hg38"
27.1	798	"chr8"	"CpG"	"hg38"
27.1	512	"chr9"	"CpG"	"hg38"
27.1	542	"chrX"	"CpG"	"hg38"
27.1	106	"chrY"	"CpG"	"hg38"
27.2	1048	"chr1"	"CpG"	"hg38"
27.2	716	"chr10"	"CpG"	"hg38"
27.2	668	"chr11"	"CpG"	"hg38"
27.2	634	"chr12"	"CpG"	"hg38"
27.2	508	"chr13"	"CpG"	"hg38"
27.2	420	"chr14"	"CpG"	"hg38"
27.2	456	"chr15"	"CpG"	"hg38"
27.2	494	"chr16"	"CpG"	"hg38"
27.2	432	"chr17"	"CpG"	"hg38"
27.2	376	"chr18"	"CpG"	"hg38"
27.2	350	"chr19"	"CpG"	"hg38"
27.2	1162	"chr2"	"CpG"	"hg38"
27.2	424	"chr20"	"CpG"	"hg38"
27.2	232	"chr21"	"CpG"	"hg38"
27.2	276	"chr22"	"CpG"	"hg38"
27.2	912	"chr3"	"CpG"	"hg38"
27.2	858	"chr4"	"CpG"	"hg38"
27.2	920	"chr5"	"CpG"	"hg38"
27.2	764	"chr6"	"CpG"	"hg38"
27.2	724	"chr7"	"CpG"	"hg38"
27.2	726	"chr8"	"CpG"	"hg38"
27.2	516	"chr9"	"CpG"	"hg38"
27.2	446	"chrX"	"CpG"	"hg38"
27.2	88	"chrY"	"CpG"	"hg38"
27.3	1046	"chr1"	"CpG"	"hg38"
27.3	646	"chr10"	"CpG"	"hg38"
27.3	680	"chr11"	"CpG"	"hg38"
27.3	552	"chr12"	"CpG"	"hg38"
27.3	506	"chr13"	"CpG"	"hg38"
27.3	442	"chr14"	"CpG"	"hg38"
27.3	454	"chr15"	"CpG"	"hg38"
27.3	462	"chr16"	"CpG"	"hg38"
27.3	382	"chr17"	"CpG"	"hg38"
27.3	400	"chr18"	"CpG"	"hg38"
27.3	348	"chr19"	"CpG"	"hg38"
27.3	1202	"chr2"	"CpG"	"hg38"
27.3	394	"chr20"	"CpG"	"hg38"
27.3	218	"chr21"	"CpG"	"hg38"
27.3	210	"chr22"	"CpG"	"hg38"
27.3	830	"chr3"	"CpG"	"hg38"
27.3	834	"chr4"	"CpG"	"hg38"
27.3	730	"chr5"	"CpG"	"hg38"
27.3	782	"chr6"	"CpG"	"hg38"
27.3	790	"chr7"	"CpG"	"hg38"
27.3	710	"chr8"	"CpG"	"hg38"
27.3	546	"chr9"	"CpG"	"hg38"
27.3	508	"chrX"	"CpG"	"hg38"
27.3	90	"chrY"	"CpG"	"hg38"
27.4	1116	"chr1"	"CpG"	"hg38"
27.4	776	"chr10"	"CpG"	"hg38"
27.4	658	"chr11"	"CpG"	"hg38"
27.4	548	"chr12"	"CpG"	"hg38"
27.4	466	"chr13"	"CpG"	"hg38"
27.4	452	"chr14"	"CpG"	"hg38"
27.4	486	"chr15"	"CpG"	"hg38"
27.4	420	"chr16"	"CpG"	"hg38"
27.4	426	"chr17"	"CpG"	"hg38"
27.4	412	"chr18"	"CpG"	"hg38"
27.4	334	"chr19"	"CpG"	"hg38"
27.4	1106	"chr2"	"CpG"	"hg38"
27.4	408	"chr20"	"CpG"	"hg38"
27.4	220	"chr21"	"CpG"	"hg38"
27.4	238	"chr22"	"CpG"	"hg38"
27.4	822	"chr3"	"CpG"	"hg38"
27.4	894	"chr4"	"CpG"	"hg38"
27.4	836	"chr5"	"CpG"	"hg38"
27.4	718	"chr6"	"CpG"	"hg38"
27.4	770	"chr7"	"CpG"	"hg38"
27.4	802	"chr8"	"CpG"	"hg38"
27.4	572	"chr9"	"CpG"	"hg38"
27.4	486	"chrX"	"CpG"	"hg38"
27.4	104	"chrY"	"CpG"	"hg38"
27.5	1052	"chr1"	"CpG"	"hg38"
27.5	652	"chr10"	"CpG"	"hg38"
27.5	630	"chr11"	"CpG"	"hg38"
27.5	592	"chr12"	"CpG"	"hg38"
27.5	542	"chr13"	"CpG"	"hg38"
27.5	428	"chr14"	"CpG"	"hg38"
27.5	470	"chr15"	"CpG"	"hg38"
27.5	516	"chr16"	"CpG"	"hg38"
27.5	448	"chr17"	"CpG"	"hg38"
27.5	446	"chr18"	"CpG"	"hg38"
27.5	334	"chr19"	"CpG"	"hg38"
27.5	1098	"chr2"	"CpG"	"hg38"
27.5	368	"chr20"	"CpG"	"hg38"
27.5	236	"chr21"	"CpG"	"hg38"
27.5	240	"chr22"	"CpG"	"hg38"
27.5	834	"chr3"	"CpG"	"hg38"
27.5	868	"chr4"	"CpG"	"hg38"
27.5	768	"chr5"	"CpG"	"hg38"
27.5	772	"chr6"	"CpG"	"hg38"
27.5	812	"chr7"	"CpG"	"hg38"
27.5	760	"chr8"	"CpG"	"hg38"
27.5	622	"chr9"	"CpG"	"hg38"
27.5	504	"chrX"	"CpG"	"hg38"
27.5	96	"chrY"	"CpG"	"hg38"
27.6	998	"chr1"	"CpG"	"hg38"
27.6	630	"chr10"	"CpG"	"hg38"
27.6	666	"chr11"	"CpG"	"hg38"
27.6	616	"chr12"	"CpG"	"hg38"
27.6	492	"chr13"	"CpG"	"hg38"
27.6	400	"chr14"	"CpG"	"hg38"
27.6	460	"chr15"	"CpG"	"hg38"
27.6	450	"chr16"	"CpG"	"hg38"
27.6	432	"chr17"	"CpG"	"hg38"
27.6	478	"chr18"	"CpG"	"hg38"
27.6	306	"chr19"	"CpG"	"hg38"
27.6	1114	"chr2"	"CpG"	"hg38"
27.6	370	"chr20"	"CpG"	"hg38"
27.6	198	"chr21"	"CpG"	"hg38"
27.6	282	"chr22"	"CpG"	"hg38"
27.6	886	"chr3"	"CpG"	"hg38"
27.6	812	"chr4"	"CpG"	"hg38"
27.6	810	"chr5"	"CpG"	"hg38"
27.6	698	"chr6"	"CpG"	"hg38"
27.6	666	"chr7"	"CpG"	"hg38"
27.6	712	"chr8"	"CpG"	"hg38"
27.6	596	"chr9"	"CpG"	"hg38"
27.6	574	"chrX"	"CpG"	"hg38"
27.6	86	"chrY"	"CpG"	"hg38"
27.7	1148	"chr1"	"CpG"	"hg38"
27.7	638	"chr10"	"CpG"	"hg38"
27.7	670	"chr11"	"CpG"	"hg38"
27.7	604	"chr12"	"CpG"	"hg38"
27.7	502	"chr13"	"CpG"	"hg38"
27.7	420	"chr14"	"CpG"	"hg38"
27.7	424	"chr15"	"CpG"	"hg38"
27.7	508	"chr16"	"CpG"	"hg38"
27.7	458	"chr17"	"CpG"	"hg38"
27.7	420	"chr18"	"CpG"	"hg38"
27.7	332	"chr19"	"CpG"	"hg38"
27.7	1114	"chr2"	"CpG"	"hg38"
27.7	378	"chr20"	"CpG"	"hg38"
27.7	200	"chr21"	"CpG"	"hg38"
27.7	224	"chr22"	"CpG"	"hg38"
27.7	858	"chr3"	"CpG"	"hg38"
27.7	940	"chr4"	"CpG"	"hg38"
27.7	880	"chr5"	"CpG"	"hg38"
27.7	736	"chr6"	"CpG"	"hg38"
27.7	864	"chr7"	"CpG"	"hg38"
27.7	748	"chr8"	"CpG"	"hg38"
27.7	604	"chr9"	"CpG"	"hg38"
27.7	522	"chrX"	"CpG"	"hg38"
27.7	90	"chrY"	"CpG"	"hg38"
27.8	1102	"chr1"	"CpG"	"hg38"
27.8	708	"chr10"	"CpG"	"hg38"
27.8	674	"chr11"	"CpG"	"hg38"
27.8	630	"chr12"	"CpG"	"hg38"
27.8	514	"chr13"	"CpG"	"hg38"
27.8	458	"chr14"	"CpG"	"hg38"
27.8	446	"chr15"	"CpG"	"hg38"
27.8	490	"chr16"	"CpG"	"hg38"
27.8	444	"chr17"	"CpG"	"hg38"
27.8	436	"chr18"	"CpG"	"hg38"
27.8	278	"chr19"	"CpG"	"hg38"
27.8	1064	"chr2"	"CpG"	"hg38"
27.8	386	"chr20"	"CpG"	"hg38"
27.8	208	"chr21"	"CpG"	"hg38"
27.8	252	"chr22"	"CpG"	"hg38"
27.8	832	"chr3"	"CpG"	"hg38"
27.8	944	"chr4"	"CpG"	"hg38"
27.8	866	"chr5"	"CpG"	"hg38"
27.8	762	"chr6"	"CpG"	"hg38"
27.8	818	"chr7"	"CpG"	"hg38"
27.8	740	"chr8"	"CpG"	"hg38"
27.8	616	"chr9"	"CpG"	"hg38"
27.8	558	"chrX"	"CpG"	"hg38"
27.8	72	"chrY"	"CpG"	"hg38"
27.9	1130	"chr1"	"CpG"	"hg38"
27.9	668	"chr10"	"CpG"	"hg38"
27.9	690	"chr11"	"CpG"	"hg38"
27.9	646	"chr12"	"CpG"	"hg38"
27.9	484	"chr13"	"CpG"	"hg38"
27.9	470	"chr14"	"CpG"	"hg38"
27.9	456	"chr15"	"CpG"	"hg38"
27.9	432	"chr16"	"CpG"	"hg38"
27.9	478	"chr17"	"CpG"	"hg38"
27.9	402	"chr18"	"CpG"	"hg38"
27.9	292	"chr19"	"CpG"	"hg38"
27.9	1226	"chr2"	"CpG"	"hg38"
27.9	372	"chr20"	"CpG"	"hg38"
27.9	214	"chr21"	"CpG"	"hg38"
27.9	208	"chr22"	"CpG"	"hg38"
27.9	880	"chr3"	"CpG"	"hg38"
27.9	914	"chr4"	"CpG"	"hg38"
27.9	912	"chr5"	"CpG"	"hg38"
27.9	758	"chr6"	"CpG"	"hg38"
27.9	768	"chr7"	"CpG"	"hg38"
27.9	710	"chr8"	"CpG"	"hg38"
27.9	554	"chr9"	"CpG"	"hg38"
27.9	524	"chrX"	"CpG"	"hg38"
27.9	92	"chrY"	"CpG"	"hg38"
28	1132	"chr1"	"CpG"	"hg38"
28	692	"chr10"	"CpG"	"hg38"
28	722	"chr11"	"CpG"	"hg38"
28	582	"chr12"	"CpG"	"hg38"
28	482	"chr13"	"CpG"	"hg38"
28	388	"chr14"	"CpG"	"hg38"
28	412	"chr15"	"CpG"	"hg38"
28	492	"chr16"	"CpG"	"hg38"
28	440	"chr17"	"CpG"	"hg38"
28	458	"chr18"	"CpG"	"hg38"
28	312	"chr19"	"CpG"	"hg38"
28	1150	"chr2"	"CpG"	"hg38"
28	428	"chr20"	"CpG"	"hg38"
28	228	"chr21"	"CpG"	"hg38"
28	250	"chr22"	"CpG"	"hg38"
28	894	"chr3"	"CpG"	"hg38"
28	852	"chr4"	"CpG"	"hg38"
28	880	"chr5"	"CpG"	"hg38"
28	744	"chr6"	"CpG"	"hg38"
28	720	"chr7"	"CpG"	"hg38"
28	822	"chr8"	"CpG"	"hg38"
28	550	"chr9"	"CpG"	"hg38"
28	480	"chrX"	"CpG"	"hg38"
28	118	"chrY"	"CpG"	"hg38"
28.1	1028	"chr1"	"CpG"	"hg38"
28.1	690	"chr10"	"CpG"	"hg38"
28.1	636	"chr11"	"CpG"	"hg38"
28.1	618	"chr12"	"CpG"	"hg38"
28.1	524	"chr13"	"CpG"	"hg38"
28.1	450	"chr14"	"CpG"	"hg38"
28.1	444	"chr15"	"CpG"	"hg38"
28.1	534	"chr16"	"CpG"	"hg38"
28.1	386	"chr17"	"CpG"	"hg38"
28.1	434	"chr18"	"CpG"	"hg38"
28.1	362	"chr19"	"CpG"	"hg38"
28.1	1120	"chr2"	"CpG"	"hg38"
28.1	430	"chr20"	"CpG"	"hg38"
28.1	186	"chr21"	"CpG"	"hg38"
28.1	244	"chr22"	"CpG"	"hg38"
28.1	838	"chr3"	"CpG"	"hg38"
28.1	896	"chr4"	"CpG"	"hg38"
28.1	866	"chr5"	"CpG"	"hg38"
28.1	752	"chr6"	"CpG"	"hg38"
28.1	738	"chr7"	"CpG"	"hg38"
28.1	772	"chr8"	"CpG"	"hg38"
28.1	612	"chr9"	"CpG"	"hg38"
28.1	570	"chrX"	"CpG"	"hg38"
28.1	100	"chrY"	"CpG"	"hg38"
28.2	1116	"chr1"	"CpG"	"hg38"
28.2	706	"chr10"	"CpG"	"hg38"
28.2	782	"chr11"	"CpG"	"hg38"
28.2	626	"chr12"	"CpG"	"hg38"
28.2	472	"chr13"	"CpG"	"hg38"
28.2	404	"chr14"	"CpG"	"hg38"
28.2	484	"chr15"	"CpG"	"hg38"
28.2	564	"chr16"	"CpG"	"hg38"
28.2	426	"chr17"	"CpG"	"hg38"
28.2	424	"chr18"	"CpG"	"hg38"
28.2	314	"chr19"	"CpG"	"hg38"
28.2	1160	"chr2"	"CpG"	"hg38"
28.2	392	"chr20"	"CpG"	"hg38"
28.2	258	"chr21"	"CpG"	"hg38"
28.2	276	"chr22"	"CpG"	"hg38"
28.2	912	"chr3"	"CpG"	"hg38"
28.2	892	"chr4"	"CpG"	"hg38"
28.2	880	"chr5"	"CpG"	"hg38"
28.2	764	"chr6"	"CpG"	"hg38"
28.2	798	"chr7"	"CpG"	"hg38"
28.2	772	"chr8"	"CpG"	"hg38"
28.2	514	"chr9"	"CpG"	"hg38"
28.2	436	"chrX"	"CpG"	"hg38"
28.2	70	"chrY"	"CpG"	"hg38"
28.3	1160	"chr1"	"CpG"	"hg38"
28.3	698	"chr10"	"CpG"	"hg38"
28.3	762	"chr11"	"CpG"	"hg38"
28.3	614	"chr12"	"CpG"	"hg38"
28.3	518	"chr13"	"CpG"	"hg38"
28.3	414	"chr14"	"CpG"	"hg38"
28.3	466	"chr15"	"CpG"	"hg38"
28.3	470	"chr16"	"CpG"	"hg38"
28.3	460	"chr17"	"CpG"	"hg38"
28.3	446	"chr18"	"CpG"	"hg38"
28.3	378	"chr19"	"CpG"	"hg38"
28.3	1170	"chr2"	"CpG"	"hg38"
28.3	436	"chr20"	"CpG"	"hg38"
28.3	232	"chr21"	"CpG"	"hg38"
28.3	244	"chr22"	"CpG"	"hg38"
28.3	880	"chr3"	"CpG"	"hg38"
28.3	844	"chr4"	"CpG"	"hg38"
28.3	864	"chr5"	"CpG"	"hg38"
28.3	742	"chr6"	"CpG"	"hg38"
28.3	820	"chr7"	"CpG"	"hg38"
28.3	798	"chr8"	"CpG"	"hg38"
28.3	576	"chr9"	"CpG"	"hg38"
28.3	506	"chrX"	"CpG"	"hg38"
28.3	88	"chrY"	"CpG"	"hg38"
28.4	1158	"chr1"	"CpG"	"hg38"
28.4	718	"chr10"	"CpG"	"hg38"
28.4	686	"chr11"	"CpG"	"hg38"
28.4	622	"chr12"	"CpG"	"hg38"
28.4	548	"chr13"	"CpG"	"hg38"
28.4	466	"chr14"	"CpG"	"hg38"
28.4	412	"chr15"	"CpG"	"hg38"
28.4	514	"chr16"	"CpG"	"hg38"
28.4	398	"chr17"	"CpG"	"hg38"
28.4	374	"chr18"	"CpG"	"hg38"
28.4	342	"chr19"	"CpG"	"hg38"
28.4	1188	"chr2"	"CpG"	"hg38"
28.4	412	"chr20"	"CpG"	"hg38"
28.4	234	"chr21"	"CpG"	"hg38"
28.4	276	"chr22"	"CpG"	"hg38"
28.4	894	"chr3"	"CpG"	"hg38"
28.4	890	"chr4"	"CpG"	"hg38"
28.4	846	"chr5"	"CpG"	"hg38"
28.4	822	"chr6"	"CpG"	"hg38"
28.4	716	"chr7"	"CpG"	"hg38"
28.4	856	"chr8"	"CpG"	"hg38"
28.4	652	"chr9"	"CpG"	"hg38"
28.4	544	"chrX"	"CpG"	"hg38"
28.4	78	"chrY"	"CpG"	"hg38"
28.5	1122	"chr1"	"CpG"	"hg38"
28.5	702	"chr10"	"CpG"	"hg38"
28.5	712	"chr11"	"CpG"	"hg38"
28.5	618	"chr12"	"CpG"	"hg38"
28.5	558	"chr13"	"CpG"	"hg38"
28.5	450	"chr14"	"CpG"	"hg38"
28.5	468	"chr15"	"CpG"	"hg38"
28.5	506	"chr16"	"CpG"	"hg38"
28.5	432	"chr17"	"CpG"	"hg38"
28.5	412	"chr18"	"CpG"	"hg38"
28.5	306	"chr19"	"CpG"	"hg38"
28.5	1200	"chr2"	"CpG"	"hg38"
28.5	380	"chr20"	"CpG"	"hg38"
28.5	194	"chr21"	"CpG"	"hg38"
28.5	242	"chr22"	"CpG"	"hg38"
28.5	930	"chr3"	"CpG"	"hg38"
28.5	1034	"chr4"	"CpG"	"hg38"
28.5	864	"chr5"	"CpG"	"hg38"
28.5	768	"chr6"	"CpG"	"hg38"
28.5	824	"chr7"	"CpG"	"hg38"
28.5	760	"chr8"	"CpG"	"hg38"
28.5	596	"chr9"	"CpG"	"hg38"
28.5	550	"chrX"	"CpG"	"hg38"
28.5	94	"chrY"	"CpG"	"hg38"
28.6	1234	"chr1"	"CpG"	"hg38"
28.6	736	"chr10"	"CpG"	"hg38"
28.6	688	"chr11"	"CpG"	"hg38"
28.6	568	"chr12"	"CpG"	"hg38"
28.6	540	"chr13"	"CpG"	"hg38"
28.6	380	"chr14"	"CpG"	"hg38"
28.6	410	"chr15"	"CpG"	"hg38"
28.6	528	"chr16"	"CpG"	"hg38"
28.6	428	"chr17"	"CpG"	"hg38"
28.6	440	"chr18"	"CpG"	"hg38"
28.6	312	"chr19"	"CpG"	"hg38"
28.6	1132	"chr2"	"CpG"	"hg38"
28.6	390	"chr20"	"CpG"	"hg38"
28.6	232	"chr21"	"CpG"	"hg38"
28.6	214	"chr22"	"CpG"	"hg38"
28.6	908	"chr3"	"CpG"	"hg38"
28.6	938	"chr4"	"CpG"	"hg38"
28.6	898	"chr5"	"CpG"	"hg38"
28.6	742	"chr6"	"CpG"	"hg38"
28.6	800	"chr7"	"CpG"	"hg38"
28.6	828	"chr8"	"CpG"	"hg38"
28.6	596	"chr9"	"CpG"	"hg38"
28.6	540	"chrX"	"CpG"	"hg38"
28.6	108	"chrY"	"CpG"	"hg38"
28.7	1130	"chr1"	"CpG"	"hg38"
28.7	680	"chr10"	"CpG"	"hg38"
28.7	708	"chr11"	"CpG"	"hg38"
28.7	640	"chr12"	"CpG"	"hg38"
28.7	534	"chr13"	"CpG"	"hg38"
28.7	502	"chr14"	"CpG"	"hg38"
28.7	408	"chr15"	"CpG"	"hg38"
28.7	512	"chr16"	"CpG"	"hg38"
28.7	396	"chr17"	"CpG"	"hg38"
28.7	440	"chr18"	"CpG"	"hg38"
28.7	330	"chr19"	"CpG"	"hg38"
28.7	1160	"chr2"	"CpG"	"hg38"
28.7	388	"chr20"	"CpG"	"hg38"
28.7	230	"chr21"	"CpG"	"hg38"
28.7	220	"chr22"	"CpG"	"hg38"
28.7	886	"chr3"	"CpG"	"hg38"
28.7	988	"chr4"	"CpG"	"hg38"
28.7	854	"chr5"	"CpG"	"hg38"
28.7	748	"chr6"	"CpG"	"hg38"
28.7	748	"chr7"	"CpG"	"hg38"
28.7	796	"chr8"	"CpG"	"hg38"
28.7	600	"chr9"	"CpG"	"hg38"
28.7	512	"chrX"	"CpG"	"hg38"
28.7	106	"chrY"	"CpG"	"hg38"
28.8	1236	"chr1"	"CpG"	"hg38"
28.8	710	"chr10"	"CpG"	"hg38"
28.8	672	"chr11"	"CpG"	"hg38"
28.8	604	"chr12"	"CpG"	"hg38"
28.8	520	"chr13"	"CpG"	"hg38"
28.8	432	"chr14"	"CpG"	"hg38"
28.8	436	"chr15"	"CpG"	"hg38"
28.8	490	"chr16"	"CpG"	"hg38"
28.8	484	"chr17"	"CpG"	"hg38"
28.8	422	"chr18"	"CpG"	"hg38"
28.8	356	"chr19"	"CpG"	"hg38"
28.8	1186	"chr2"	"CpG"	"hg38"
28.8	386	"chr20"	"CpG"	"hg38"
28.8	238	"chr21"	"CpG"	"hg38"
28.8	230	"chr22"	"CpG"	"hg38"
28.8	922	"chr3"	"CpG"	"hg38"
28.8	844	"chr4"	"CpG"	"hg38"
28.8	914	"chr5"	"CpG"	"hg38"
28.8	850	"chr6"	"CpG"	"hg38"
28.8	848	"chr7"	"CpG"	"hg38"
28.8	728	"chr8"	"CpG"	"hg38"
28.8	596	"chr9"	"CpG"	"hg38"
28.8	520	"chrX"	"CpG"	"hg38"
28.8	88	"chrY"	"CpG"	"hg38"
28.9	1190	"chr1"	"CpG"	"hg38"
28.9	696	"chr10"	"CpG"	"hg38"
28.9	730	"chr11"	"CpG"	"hg38"
28.9	672	"chr12"	"CpG"	"hg38"
28.9	468	"chr13"	"CpG"	"hg38"
28.9	450	"chr14"	"CpG"	"hg38"
28.9	472	"chr15"	"CpG"	"hg38"
28.9	504	"chr16"	"CpG"	"hg38"
28.9	440	"chr17"	"CpG"	"hg38"
28.9	408	"chr18"	"CpG"	"hg38"
28.9	334	"chr19"	"CpG"	"hg38"
28.9	1224	"chr2"	"CpG"	"hg38"
28.9	398	"chr20"	"CpG"	"hg38"
28.9	220	"chr21"	"CpG"	"hg38"
28.9	242	"chr22"	"CpG"	"hg38"
28.9	946	"chr3"	"CpG"	"hg38"
28.9	896	"chr4"	"CpG"	"hg38"
28.9	850	"chr5"	"CpG"	"hg38"
28.9	710	"chr6"	"CpG"	"hg38"
28.9	784	"chr7"	"CpG"	"hg38"
28.9	796	"chr8"	"CpG"	"hg38"
28.9	678	"chr9"	"CpG"	"hg38"
28.9	530	"chrX"	"CpG"	"hg38"
28.9	106	"chrY"	"CpG"	"hg38"
29	1110	"chr1"	"CpG"	"hg38"
29	656	"chr10"	"CpG"	"hg38"
29	772	"chr11"	"CpG"	"hg38"
29	596	"chr12"	"CpG"	"hg38"
29	500	"chr13"	"CpG"	"hg38"
29	474	"chr14"	"CpG"	"hg38"
29	454	"chr15"	"CpG"	"hg38"
29	480	"chr16"	"CpG"	"hg38"
29	426	"chr17"	"CpG"	"hg38"
29	430	"chr18"	"CpG"	"hg38"
29	324	"chr19"	"CpG"	"hg38"
29	1076	"chr2"	"CpG"	"hg38"
29	398	"chr20"	"CpG"	"hg38"
29	196	"chr21"	"CpG"	"hg38"
29	282	"chr22"	"CpG"	"hg38"
29	876	"chr3"	"CpG"	"hg38"
29	824	"chr4"	"CpG"	"hg38"
29	836	"chr5"	"CpG"	"hg38"
29	758	"chr6"	"CpG"	"hg38"
29	724	"chr7"	"CpG"	"hg38"
29	788	"chr8"	"CpG"	"hg38"
29	528	"chr9"	"CpG"	"hg38"
29	502	"chrX"	"CpG"	"hg38"
29	82	"chrY"	"CpG"	"hg38"
29.1	1174	"chr1"	"CpG"	"hg38"
29.1	758	"chr10"	"CpG"	"hg38"
29.1	704	"chr11"	"CpG"	"hg38"
29.1	622	"chr12"	"CpG"	"hg38"
29.1	508	"chr13"	"CpG"	"hg38"
29.1	438	"chr14"	"CpG"	"hg38"
29.1	460	"chr15"	"CpG"	"hg38"
29.1	512	"chr16"	"CpG"	"hg38"
29.1	394	"chr17"	"CpG"	"hg38"
29.1	410	"chr18"	"CpG"	"hg38"
29.1	318	"chr19"	"CpG"	"hg38"
29.1	1238	"chr2"	"CpG"	"hg38"
29.1	402	"chr20"	"CpG"	"hg38"
29.1	278	"chr21"	"CpG"	"hg38"
29.1	242	"chr22"	"CpG"	"hg38"
29.1	876	"chr3"	"CpG"	"hg38"
29.1	956	"chr4"	"CpG"	"hg38"
29.1	858	"chr5"	"CpG"	"hg38"
29.1	746	"chr6"	"CpG"	"hg38"
29.1	802	"chr7"	"CpG"	"hg38"
29.1	782	"chr8"	"CpG"	"hg38"
29.1	636	"chr9"	"CpG"	"hg38"
29.1	532	"chrX"	"CpG"	"hg38"
29.1	98	"chrY"	"CpG"	"hg38"
29.2	1112	"chr1"	"CpG"	"hg38"
29.2	782	"chr10"	"CpG"	"hg38"
29.2	726	"chr11"	"CpG"	"hg38"
29.2	626	"chr12"	"CpG"	"hg38"
29.2	564	"chr13"	"CpG"	"hg38"
29.2	466	"chr14"	"CpG"	"hg38"
29.2	386	"chr15"	"CpG"	"hg38"
29.2	450	"chr16"	"CpG"	"hg38"
29.2	404	"chr17"	"CpG"	"hg38"
29.2	410	"chr18"	"CpG"	"hg38"
29.2	344	"chr19"	"CpG"	"hg38"
29.2	1198	"chr2"	"CpG"	"hg38"
29.2	408	"chr20"	"CpG"	"hg38"
29.2	214	"chr21"	"CpG"	"hg38"
29.2	230	"chr22"	"CpG"	"hg38"
29.2	930	"chr3"	"CpG"	"hg38"
29.2	990	"chr4"	"CpG"	"hg38"
29.2	814	"chr5"	"CpG"	"hg38"
29.2	786	"chr6"	"CpG"	"hg38"
29.2	760	"chr7"	"CpG"	"hg38"
29.2	812	"chr8"	"CpG"	"hg38"
29.2	576	"chr9"	"CpG"	"hg38"
29.2	446	"chrX"	"CpG"	"hg38"
29.2	108	"chrY"	"CpG"	"hg38"
29.3	1132	"chr1"	"CpG"	"hg38"
29.3	754	"chr10"	"CpG"	"hg38"
29.3	698	"chr11"	"CpG"	"hg38"
29.3	618	"chr12"	"CpG"	"hg38"
29.3	508	"chr13"	"CpG"	"hg38"
29.3	454	"chr14"	"CpG"	"hg38"
29.3	464	"chr15"	"CpG"	"hg38"
29.3	526	"chr16"	"CpG"	"hg38"
29.3	436	"chr17"	"CpG"	"hg38"
29.3	422	"chr18"	"CpG"	"hg38"
29.3	336	"chr19"	"CpG"	"hg38"
29.3	1150	"chr2"	"CpG"	"hg38"
29.3	426	"chr20"	"CpG"	"hg38"
29.3	230	"chr21"	"CpG"	"hg38"
29.3	306	"chr22"	"CpG"	"hg38"
29.3	944	"chr3"	"CpG"	"hg38"
29.3	948	"chr4"	"CpG"	"hg38"
29.3	922	"chr5"	"CpG"	"hg38"
29.3	800	"chr6"	"CpG"	"hg38"
29.3	804	"chr7"	"CpG"	"hg38"
29.3	780	"chr8"	"CpG"	"hg38"
29.3	540	"chr9"	"CpG"	"hg38"
29.3	524	"chrX"	"CpG"	"hg38"
29.3	92	"chrY"	"CpG"	"hg38"
29.4	1204	"chr1"	"CpG"	"hg38"
29.4	674	"chr10"	"CpG"	"hg38"
29.4	742	"chr11"	"CpG"	"hg38"
29.4	614	"chr12"	"CpG"	"hg38"
29.4	568	"chr13"	"CpG"	"hg38"
29.4	448	"chr14"	"CpG"	"hg38"
29.4	412	"chr15"	"CpG"	"hg38"
29.4	510	"chr16"	"CpG"	"hg38"
29.4	442	"chr17"	"CpG"	"hg38"
29.4	440	"chr18"	"CpG"	"hg38"
29.4	332	"chr19"	"CpG"	"hg38"
29.4	1168	"chr2"	"CpG"	"hg38"
29.4	402	"chr20"	"CpG"	"hg38"
29.4	238	"chr21"	"CpG"	"hg38"
29.4	278	"chr22"	"CpG"	"hg38"
29.4	856	"chr3"	"CpG"	"hg38"
29.4	900	"chr4"	"CpG"	"hg38"
29.4	876	"chr5"	"CpG"	"hg38"
29.4	764	"chr6"	"CpG"	"hg38"
29.4	826	"chr7"	"CpG"	"hg38"
29.4	738	"chr8"	"CpG"	"hg38"
29.4	638	"chr9"	"CpG"	"hg38"
29.4	530	"chrX"	"CpG"	"hg38"
29.4	104	"chrY"	"CpG"	"hg38"
29.5	1166	"chr1"	"CpG"	"hg38"
29.5	744	"chr10"	"CpG"	"hg38"
29.5	736	"chr11"	"CpG"	"hg38"
29.5	628	"chr12"	"CpG"	"hg38"
29.5	516	"chr13"	"CpG"	"hg38"
29.5	414	"chr14"	"CpG"	"hg38"
29.5	454	"chr15"	"CpG"	"hg38"
29.5	520	"chr16"	"CpG"	"hg38"
29.5	394	"chr17"	"CpG"	"hg38"
29.5	404	"chr18"	"CpG"	"hg38"
29.5	330	"chr19"	"CpG"	"hg38"
29.5	1198	"chr2"	"CpG"	"hg38"
29.5	368	"chr20"	"CpG"	"hg38"
29.5	278	"chr21"	"CpG"	"hg38"
29.5	216	"chr22"	"CpG"	"hg38"
29.5	940	"chr3"	"CpG"	"hg38"
29.5	936	"chr4"	"CpG"	"hg38"
29.5	890	"chr5"	"CpG"	"hg38"
29.5	812	"chr6"	"CpG"	"hg38"
29.5	806	"chr7"	"CpG"	"hg38"
29.5	812	"chr8"	"CpG"	"hg38"
29.5	584	"chr9"	"CpG"	"hg38"
29.5	530	"chrX"	"CpG"	"hg38"
29.5	98	"chrY"	"CpG"	"hg38"
29.6	1088	"chr1"	"CpG"	"hg38"
29.6	678	"chr10"	"CpG"	"hg38"
29.6	766	"chr11"	"CpG"	"hg38"
29.6	662	"chr12"	"CpG"	"hg38"
29.6	476	"chr13"	"CpG"	"hg38"
29.6	464	"chr14"	"CpG"	"hg38"
29.6	408	"chr15"	"CpG"	"hg38"
29.6	462	"chr16"	"CpG"	"hg38"
29.6	492	"chr17"	"CpG"	"hg38"
29.6	384	"chr18"	"CpG"	"hg38"
29.6	334	"chr19"	"CpG"	"hg38"
29.6	1246	"chr2"	"CpG"	"hg38"
29.6	346	"chr20"	"CpG"	"hg38"
29.6	282	"chr21"	"CpG"	"hg38"
29.6	270	"chr22"	"CpG"	"hg38"
29.6	930	"chr3"	"CpG"	"hg38"
29.6	918	"chr4"	"CpG"	"hg38"
29.6	860	"chr5"	"CpG"	"hg38"
29.6	818	"chr6"	"CpG"	"hg38"
29.6	774	"chr7"	"CpG"	"hg38"
29.6	822	"chr8"	"CpG"	"hg38"
29.6	642	"chr9"	"CpG"	"hg38"
29.6	580	"chrX"	"CpG"	"hg38"
29.6	86	"chrY"	"CpG"	"hg38"
29.7	1120	"chr1"	"CpG"	"hg38"
29.7	688	"chr10"	"CpG"	"hg38"
29.7	730	"chr11"	"CpG"	"hg38"
29.7	600	"chr12"	"CpG"	"hg38"
29.7	582	"chr13"	"CpG"	"hg38"
29.7	460	"chr14"	"CpG"	"hg38"
29.7	518	"chr15"	"CpG"	"hg38"
29.7	514	"chr16"	"CpG"	"hg38"
29.7	478	"chr17"	"CpG"	"hg38"
29.7	450	"chr18"	"CpG"	"hg38"
29.7	294	"chr19"	"CpG"	"hg38"
29.7	1228	"chr2"	"CpG"	"hg38"
29.7	432	"chr20"	"CpG"	"hg38"
29.7	212	"chr21"	"CpG"	"hg38"
29.7	254	"chr22"	"CpG"	"hg38"
29.7	938	"chr3"	"CpG"	"hg38"
29.7	964	"chr4"	"CpG"	"hg38"
29.7	860	"chr5"	"CpG"	"hg38"
29.7	734	"chr6"	"CpG"	"hg38"
29.7	788	"chr7"	"CpG"	"hg38"
29.7	864	"chr8"	"CpG"	"hg38"
29.7	614	"chr9"	"CpG"	"hg38"
29.7	496	"chrX"	"CpG"	"hg38"
29.7	84	"chrY"	"CpG"	"hg38"
29.8	1148	"chr1"	"CpG"	"hg38"
29.8	706	"chr10"	"CpG"	"hg38"
29.8	764	"chr11"	"CpG"	"hg38"
29.8	596	"chr12"	"CpG"	"hg38"
29.8	566	"chr13"	"CpG"	"hg38"
29.8	426	"chr14"	"CpG"	"hg38"
29.8	452	"chr15"	"CpG"	"hg38"
29.8	516	"chr16"	"CpG"	"hg38"
29.8	436	"chr17"	"CpG"	"hg38"
29.8	428	"chr18"	"CpG"	"hg38"
29.8	340	"chr19"	"CpG"	"hg38"
29.8	1260	"chr2"	"CpG"	"hg38"
29.8	406	"chr20"	"CpG"	"hg38"
29.8	236	"chr21"	"CpG"	"hg38"
29.8	290	"chr22"	"CpG"	"hg38"
29.8	928	"chr3"	"CpG"	"hg38"
29.8	966	"chr4"	"CpG"	"hg38"
29.8	922	"chr5"	"CpG"	"hg38"
29.8	778	"chr6"	"CpG"	"hg38"
29.8	808	"chr7"	"CpG"	"hg38"
29.8	850	"chr8"	"CpG"	"hg38"
29.8	564	"chr9"	"CpG"	"hg38"
29.8	528	"chrX"	"CpG"	"hg38"
29.8	82	"chrY"	"CpG"	"hg38"
29.9	1150	"chr1"	"CpG"	"hg38"
29.9	762	"chr10"	"CpG"	"hg38"
29.9	776	"chr11"	"CpG"	"hg38"
29.9	678	"chr12"	"CpG"	"hg38"
29.9	554	"chr13"	"CpG"	"hg38"
29.9	464	"chr14"	"CpG"	"hg38"
29.9	434	"chr15"	"CpG"	"hg38"
29.9	478	"chr16"	"CpG"	"hg38"
29.9	474	"chr17"	"CpG"	"hg38"
29.9	376	"chr18"	"CpG"	"hg38"
29.9	316	"chr19"	"CpG"	"hg38"
29.9	1152	"chr2"	"CpG"	"hg38"
29.9	444	"chr20"	"CpG"	"hg38"
29.9	224	"chr21"	"CpG"	"hg38"
29.9	256	"chr22"	"CpG"	"hg38"
29.9	952	"chr3"	"CpG"	"hg38"
29.9	900	"chr4"	"CpG"	"hg38"
29.9	916	"chr5"	"CpG"	"hg38"
29.9	794	"chr6"	"CpG"	"hg38"
29.9	916	"chr7"	"CpG"	"hg38"
29.9	848	"chr8"	"CpG"	"hg38"
29.9	660	"chr9"	"CpG"	"hg38"
29.9	532	"chrX"	"CpG"	"hg38"
29.9	100	"chrY"	"CpG"	"hg38"
30	1132	"chr1"	"CpG"	"hg38"
30	700	"chr10"	"CpG"	"hg38"
30	722	"chr11"	"CpG"	"hg38"
30	628	"chr12"	"CpG"	"hg38"
30	556	"chr13"	"CpG"	"hg38"
30	428	"chr14"	"CpG"	"hg38"
30	460	"chr15"	"CpG"	"hg38"
30	530	"chr16"	"CpG"	"hg38"
30	446	"chr17"	"CpG"	"hg38"
30	450	"chr18"	"CpG"	"hg38"
30	352	"chr19"	"CpG"	"hg38"
30	1248	"chr2"	"CpG"	"hg38"
30	390	"chr20"	"CpG"	"hg38"
30	222	"chr21"	"CpG"	"hg38"
30	232	"chr22"	"CpG"	"hg38"
30	924	"chr3"	"CpG"	"hg38"
30	938	"chr4"	"CpG"	"hg38"
30	902	"chr5"	"CpG"	"hg38"
30	790	"chr6"	"CpG"	"hg38"
30	782	"chr7"	"CpG"	"hg38"
30	840	"chr8"	"CpG"	"hg38"
30	630	"chr9"	"CpG"	"hg38"
30	512	"chrX"	"CpG"	"hg38"
30	112	"chrY"	"CpG"	"hg38"
30.1	1100	"chr1"	"CpG"	"hg38"
30.1	710	"chr10"	"CpG"	"hg38"
30.1	746	"chr11"	"CpG"	"hg38"
30.1	648	"chr12"	"CpG"	"hg38"
30.1	562	"chr13"	"CpG"	"hg38"
30.1	404	"chr14"	"CpG"	"hg38"
30.1	470	"chr15"	"CpG"	"hg38"
30.1	544	"chr16"	"CpG"	"hg38"
30.1	464	"chr17"	"CpG"	"hg38"
30.1	428	"chr18"	"CpG"	"hg38"
30.1	382	"chr19"	"CpG"	"hg38"
30.1	1188	"chr2"	"CpG"	"hg38"
30.1	430	"chr20"	"CpG"	"hg38"
30.1	270	"chr21"	"CpG"	"hg38"
30.1	250	"chr22"	"CpG"	"hg38"
30.1	940	"chr3"	"CpG"	"hg38"
30.1	986	"chr4"	"CpG"	"hg38"
30.1	1000	"chr5"	"CpG"	"hg38"
30.1	786	"chr6"	"CpG"	"hg38"
30.1	770	"chr7"	"CpG"	"hg38"
30.1	878	"chr8"	"CpG"	"hg38"
30.1	698	"chr9"	"CpG"	"hg38"
30.1	510	"chrX"	"CpG"	"hg38"
30.1	98	"chrY"	"CpG"	"hg38"
30.2	1248	"chr1"	"CpG"	"hg38"
30.2	774	"chr10"	"CpG"	"hg38"
30.2	742	"chr11"	"CpG"	"hg38"
30.2	616	"chr12"	"CpG"	"hg38"
30.2	584	"chr13"	"CpG"	"hg38"
30.2	412	"chr14"	"CpG"	"hg38"
30.2	442	"chr15"	"CpG"	"hg38"
30.2	532	"chr16"	"CpG"	"hg38"
30.2	436	"chr17"	"CpG"	"hg38"
30.2	416	"chr18"	"CpG"	"hg38"
30.2	316	"chr19"	"CpG"	"hg38"
30.2	1180	"chr2"	"CpG"	"hg38"
30.2	440	"chr20"	"CpG"	"hg38"
30.2	242	"chr21"	"CpG"	"hg38"
30.2	242	"chr22"	"CpG"	"hg38"
30.2	998	"chr3"	"CpG"	"hg38"
30.2	916	"chr4"	"CpG"	"hg38"
30.2	822	"chr5"	"CpG"	"hg38"
30.2	852	"chr6"	"CpG"	"hg38"
30.2	788	"chr7"	"CpG"	"hg38"
30.2	870	"chr8"	"CpG"	"hg38"
30.2	558	"chr9"	"CpG"	"hg38"
30.2	564	"chrX"	"CpG"	"hg38"
30.2	80	"chrY"	"CpG"	"hg38"
30.3	1144	"chr1"	"CpG"	"hg38"
30.3	732	"chr10"	"CpG"	"hg38"
30.3	760	"chr11"	"CpG"	"hg38"
30.3	690	"chr12"	"CpG"	"hg38"
30.3	558	"chr13"	"CpG"	"hg38"
30.3	440	"chr14"	"CpG"	"hg38"
30.3	460	"chr15"	"CpG"	"hg38"
30.3	518	"chr16"	"CpG"	"hg38"
30.3	470	"chr17"	"CpG"	"hg38"
30.3	436	"chr18"	"CpG"	"hg38"
30.3	326	"chr19"	"CpG"	"hg38"
30.3	1308	"chr2"	"CpG"	"hg38"
30.3	392	"chr20"	"CpG"	"hg38"
30.3	248	"chr21"	"CpG"	"hg38"
30.3	270	"chr22"	"CpG"	"hg38"
30.3	826	"chr3"	"CpG"	"hg38"
30.3	954	"chr4"	"CpG"	"hg38"
30.3	810	"chr5"	"CpG"	"hg38"
30.3	756	"chr6"	"CpG"	"hg38"
30.3	814	"chr7"	"CpG"	"hg38"
30.3	814	"chr8"	"CpG"	"hg38"
30.3	618	"chr9"	"CpG"	"hg38"
30.3	490	"chrX"	"CpG"	"hg38"
30.3	112	"chrY"	"CpG"	"hg38"
30.4	1044	"chr1"	"CpG"	"hg38"
30.4	720	"chr10"	"CpG"	"hg38"
30.4	726	"chr11"	"CpG"	"hg38"
30.4	658	"chr12"	"CpG"	"hg38"
30.4	546	"chr13"	"CpG"	"hg38"
30.4	468	"chr14"	"CpG"	"hg38"
30.4	438	"chr15"	"CpG"	"hg38"
30.4	500	"chr16"	"CpG"	"hg38"
30.4	466	"chr17"	"CpG"	"hg38"
30.4	444	"chr18"	"CpG"	"hg38"
30.4	378	"chr19"	"CpG"	"hg38"
30.4	1184	"chr2"	"CpG"	"hg38"
30.4	410	"chr20"	"CpG"	"hg38"
30.4	230	"chr21"	"CpG"	"hg38"
30.4	234	"chr22"	"CpG"	"hg38"
30.4	994	"chr3"	"CpG"	"hg38"
30.4	1006	"chr4"	"CpG"	"hg38"
30.4	850	"chr5"	"CpG"	"hg38"
30.4	794	"chr6"	"CpG"	"hg38"
30.4	804	"chr7"	"CpG"	"hg38"
30.4	836	"chr8"	"CpG"	"hg38"
30.4	600	"chr9"	"CpG"	"hg38"
30.4	516	"chrX"	"CpG"	"hg38"
30.4	78	"chrY"	"CpG"	"hg38"
30.5	1158	"chr1"	"CpG"	"hg38"
30.5	756	"chr10"	"CpG"	"hg38"
30.5	728	"chr11"	"CpG"	"hg38"
30.5	666	"chr12"	"CpG"	"hg38"
30.5	572	"chr13"	"CpG"	"hg38"
30.5	454	"chr14"	"CpG"	"hg38"
30.5	464	"chr15"	"CpG"	"hg38"
30.5	500	"chr16"	"CpG"	"hg38"
30.5	464	"chr17"	"CpG"	"hg38"
30.5	448	"chr18"	"CpG"	"hg38"
30.5	310	"chr19"	"CpG"	"hg38"
30.5	1258	"chr2"	"CpG"	"hg38"
30.5	496	"chr20"	"CpG"	"hg38"
30.5	258	"chr21"	"CpG"	"hg38"
30.5	230	"chr22"	"CpG"	"hg38"
30.5	986	"chr3"	"CpG"	"hg38"
30.5	964	"chr4"	"CpG"	"hg38"
30.5	982	"chr5"	"CpG"	"hg38"
30.5	798	"chr6"	"CpG"	"hg38"
30.5	858	"chr7"	"CpG"	"hg38"
30.5	818	"chr8"	"CpG"	"hg38"
30.5	624	"chr9"	"CpG"	"hg38"
30.5	546	"chrX"	"CpG"	"hg38"
30.5	100	"chrY"	"CpG"	"hg38"
30.6	1226	"chr1"	"CpG"	"hg38"
30.6	790	"chr10"	"CpG"	"hg38"
30.6	770	"chr11"	"CpG"	"hg38"
30.6	630	"chr12"	"CpG"	"hg38"
30.6	528	"chr13"	"CpG"	"hg38"
30.6	438	"chr14"	"CpG"	"hg38"
30.6	418	"chr15"	"CpG"	"hg38"
30.6	494	"chr16"	"CpG"	"hg38"
30.6	466	"chr17"	"CpG"	"hg38"
30.6	380	"chr18"	"CpG"	"hg38"
30.6	340	"chr19"	"CpG"	"hg38"
30.6	1170	"chr2"	"CpG"	"hg38"
30.6	394	"chr20"	"CpG"	"hg38"
30.6	244	"chr21"	"CpG"	"hg38"
30.6	292	"chr22"	"CpG"	"hg38"
30.6	838	"chr3"	"CpG"	"hg38"
30.6	938	"chr4"	"CpG"	"hg38"
30.6	924	"chr5"	"CpG"	"hg38"
30.6	846	"chr6"	"CpG"	"hg38"
30.6	818	"chr7"	"CpG"	"hg38"
30.6	802	"chr8"	"CpG"	"hg38"
30.6	708	"chr9"	"CpG"	"hg38"
30.6	532	"chrX"	"CpG"	"hg38"
30.6	90	"chrY"	"CpG"	"hg38"
30.7	1176	"chr1"	"CpG"	"hg38"
30.7	678	"chr10"	"CpG"	"hg38"
30.7	780	"chr11"	"CpG"	"hg38"
30.7	598	"chr12"	"CpG"	"hg38"
30.7	508	"chr13"	"CpG"	"hg38"
30.7	422	"chr14"	"CpG"	"hg38"
30.7	490	"chr15"	"CpG"	"hg38"
30.7	524	"chr16"	"CpG"	"hg38"
30.7	488	"chr17"	"CpG"	"hg38"
30.7	486	"chr18"	"CpG"	"hg38"
30.7	302	"chr19"	"CpG"	"hg38"
30.7	1190	"chr2"	"CpG"	"hg38"
30.7	440	"chr20"	"CpG"	"hg38"
30.7	252	"chr21"	"CpG"	"hg38"
30.7	256	"chr22"	"CpG"	"hg38"
30.7	920	"chr3"	"CpG"	"hg38"
30.7	1012	"chr4"	"CpG"	"hg38"
30.7	868	"chr5"	"CpG"	"hg38"
30.7	802	"chr6"	"CpG"	"hg38"
30.7	848	"chr7"	"CpG"	"hg38"
30.7	842	"chr8"	"CpG"	"hg38"
30.7	592	"chr9"	"CpG"	"hg38"
30.7	584	"chrX"	"CpG"	"hg38"
30.7	104	"chrY"	"CpG"	"hg38"
30.8	1172	"chr1"	"CpG"	"hg38"
30.8	726	"chr10"	"CpG"	"hg38"
30.8	720	"chr11"	"CpG"	"hg38"
30.8	666	"chr12"	"CpG"	"hg38"
30.8	546	"chr13"	"CpG"	"hg38"
30.8	438	"chr14"	"CpG"	"hg38"
30.8	496	"chr15"	"CpG"	"hg38"
30.8	526	"chr16"	"CpG"	"hg38"
30.8	470	"chr17"	"CpG"	"hg38"
30.8	468	"chr18"	"CpG"	"hg38"
30.8	344	"chr19"	"CpG"	"hg38"
30.8	1254	"chr2"	"CpG"	"hg38"
30.8	384	"chr20"	"CpG"	"hg38"
30.8	196	"chr21"	"CpG"	"hg38"
30.8	248	"chr22"	"CpG"	"hg38"
30.8	986	"chr3"	"CpG"	"hg38"
30.8	978	"chr4"	"CpG"	"hg38"
30.8	954	"chr5"	"CpG"	"hg38"
30.8	826	"chr6"	"CpG"	"hg38"
30.8	820	"chr7"	"CpG"	"hg38"
30.8	780	"chr8"	"CpG"	"hg38"
30.8	658	"chr9"	"CpG"	"hg38"
30.8	584	"chrX"	"CpG"	"hg38"
30.8	106	"chrY"	"CpG"	"hg38"
30.9	1226	"chr1"	"CpG"	"hg38"
30.9	740	"chr10"	"CpG"	"hg38"
30.9	742	"chr11"	"CpG"	"hg38"
30.9	692	"chr12"	"CpG"	"hg38"
30.9	580	"chr13"	"CpG"	"hg38"
30.9	506	"chr14"	"CpG"	"hg38"
30.9	408	"chr15"	"CpG"	"hg38"
30.9	512	"chr16"	"CpG"	"hg38"
30.9	522	"chr17"	"CpG"	"hg38"
30.9	408	"chr18"	"CpG"	"hg38"
30.9	328	"chr19"	"CpG"	"hg38"
30.9	1206	"chr2"	"CpG"	"hg38"
30.9	424	"chr20"	"CpG"	"hg38"
30.9	216	"chr21"	"CpG"	"hg38"
30.9	254	"chr22"	"CpG"	"hg38"
30.9	880	"chr3"	"CpG"	"hg38"
30.9	938	"chr4"	"CpG"	"hg38"
30.9	930	"chr5"	"CpG"	"hg38"
30.9	858	"chr6"	"CpG"	"hg38"
30.9	836	"chr7"	"CpG"	"hg38"
30.9	804	"chr8"	"CpG"	"hg38"
30.9	676	"chr9"	"CpG"	"hg38"
30.9	550	"chrX"	"CpG"	"hg38"
30.9	102	"chrY"	"CpG"	"hg38"
31	1218	"chr1"	"CpG"	"hg38"
31	740	"chr10"	"CpG"	"hg38"
31	716	"chr11"	"CpG"	"hg38"
31	694	"chr12"	"CpG"	"hg38"
31	538	"chr13"	"CpG"	"hg38"
31	462	"chr14"	"CpG"	"hg38"
31	476	"chr15"	"CpG"	"hg38"
31	522	"chr16"	"CpG"	"hg38"
31	472	"chr17"	"CpG"	"hg38"
31	454	"chr18"	"CpG"	"hg38"
31	326	"chr19"	"CpG"	"hg38"
31	1212	"chr2"	"CpG"	"hg38"
31	404	"chr20"	"CpG"	"hg38"
31	248	"chr21"	"CpG"	"hg38"
31	256	"chr22"	"CpG"	"hg38"
31	924	"chr3"	"CpG"	"hg38"
31	964	"chr4"	"CpG"	"hg38"
31	946	"chr5"	"CpG"	"hg38"
31	826	"chr6"	"CpG"	"hg38"
31	776	"chr7"	"CpG"	"hg38"
31	818	"chr8"	"CpG"	"hg38"
31	656	"chr9"	"CpG"	"hg38"
31	572	"chrX"	"CpG"	"hg38"
31	92	"chrY"	"CpG"	"hg38"
31.1	1134	"chr1"	"CpG"	"hg38"
31.1	844	"chr10"	"CpG"	"hg38"
31.1	746	"chr11"	"CpG"	"hg38"
31.1	718	"chr12"	"CpG"	"hg38"
31.1	576	"chr13"	"CpG"	"hg38"
31.1	500	"chr14"	"CpG"	"hg38"
31.1	472	"chr15"	"CpG"	"hg38"
31.1	470	"chr16"	"CpG"	"hg38"
31.1	482	"chr17"	"CpG"	"hg38"
31.1	448	"chr18"	"CpG"	"hg38"
31.1	374	"chr19"	"CpG"	"hg38"
31.1	1200	"chr2"	"CpG"	"hg38"
31.1	420	"chr20"	"CpG"	"hg38"
31.1	216	"chr21"	"CpG"	"hg38"
31.1	268	"chr22"	"CpG"	"hg38"
31.1	934	"chr3"	"CpG"	"hg38"
31.1	932	"chr4"	"CpG"	"hg38"
31.1	886	"chr5"	"CpG"	"hg38"
31.1	856	"chr6"	"CpG"	"hg38"
31.1	876	"chr7"	"CpG"	"hg38"
31.1	774	"chr8"	"CpG"	"hg38"
31.1	648	"chr9"	"CpG"	"hg38"
31.1	526	"chrX"	"CpG"	"hg38"
31.1	108	"chrY"	"CpG"	"hg38"
31.2	1180	"chr1"	"CpG"	"hg38"
31.2	824	"chr10"	"CpG"	"hg38"
31.2	730	"chr11"	"CpG"	"hg38"
31.2	656	"chr12"	"CpG"	"hg38"
31.2	608	"chr13"	"CpG"	"hg38"
31.2	474	"chr14"	"CpG"	"hg38"
31.2	450	"chr15"	"CpG"	"hg38"
31.2	542	"chr16"	"CpG"	"hg38"
31.2	450	"chr17"	"CpG"	"hg38"
31.2	464	"chr18"	"CpG"	"hg38"
31.2	372	"chr19"	"CpG"	"hg38"
31.2	1170	"chr2"	"CpG"	"hg38"
31.2	412	"chr20"	"CpG"	"hg38"
31.2	280	"chr21"	"CpG"	"hg38"
31.2	280	"chr22"	"CpG"	"hg38"
31.2	1022	"chr3"	"CpG"	"hg38"
31.2	998	"chr4"	"CpG"	"hg38"
31.2	866	"chr5"	"CpG"	"hg38"
31.2	798	"chr6"	"CpG"	"hg38"
31.2	806	"chr7"	"CpG"	"hg38"
31.2	908	"chr8"	"CpG"	"hg38"
31.2	612	"chr9"	"CpG"	"hg38"
31.2	558	"chrX"	"CpG"	"hg38"
31.2	76	"chrY"	"CpG"	"hg38"
31.3	1216	"chr1"	"CpG"	"hg38"
31.3	776	"chr10"	"CpG"	"hg38"
31.3	760	"chr11"	"CpG"	"hg38"
31.3	754	"chr12"	"CpG"	"hg38"
31.3	578	"chr13"	"CpG"	"hg38"
31.3	490	"chr14"	"CpG"	"hg38"
31.3	442	"chr15"	"CpG"	"hg38"
31.3	568	"chr16"	"CpG"	"hg38"
31.3	482	"chr17"	"CpG"	"hg38"
31.3	426	"chr18"	"CpG"	"hg38"
31.3	338	"chr19"	"CpG"	"hg38"
31.3	1248	"chr2"	"CpG"	"hg38"
31.3	454	"chr20"	"CpG"	"hg38"
31.3	228	"chr21"	"CpG"	"hg38"
31.3	246	"chr22"	"CpG"	"hg38"
31.3	962	"chr3"	"CpG"	"hg38"
31.3	866	"chr4"	"CpG"	"hg38"
31.3	870	"chr5"	"CpG"	"hg38"
31.3	792	"chr6"	"CpG"	"hg38"
31.3	860	"chr7"	"CpG"	"hg38"
31.3	798	"chr8"	"CpG"	"hg38"
31.3	674	"chr9"	"CpG"	"hg38"
31.3	618	"chrX"	"CpG"	"hg38"
31.3	98	"chrY"	"CpG"	"hg38"
31.4	1198	"chr1"	"CpG"	"hg38"
31.4	720	"chr10"	"CpG"	"hg38"
31.4	826	"chr11"	"CpG"	"hg38"
31.4	638	"chr12"	"CpG"	"hg38"
31.4	570	"chr13"	"CpG"	"hg38"
31.4	496	"chr14"	"CpG"	"hg38"
31.4	458	"chr15"	"CpG"	"hg38"
31.4	468	"chr16"	"CpG"	"hg38"
31.4	490	"chr17"	"CpG"	"hg38"
31.4	482	"chr18"	"CpG"	"hg38"
31.4	340	"chr19"	"CpG"	"hg38"
31.4	1274	"chr2"	"CpG"	"hg38"
31.4	416	"chr20"	"CpG"	"hg38"
31.4	264	"chr21"	"CpG"	"hg38"
31.4	274	"chr22"	"CpG"	"hg38"
31.4	978	"chr3"	"CpG"	"hg38"
31.4	974	"chr4"	"CpG"	"hg38"
31.4	936	"chr5"	"CpG"	"hg38"
31.4	842	"chr6"	"CpG"	"hg38"
31.4	778	"chr7"	"CpG"	"hg38"
31.4	886	"chr8"	"CpG"	"hg38"
31.4	698	"chr9"	"CpG"	"hg38"
31.4	524	"chrX"	"CpG"	"hg38"
31.4	100	"chrY"	"CpG"	"hg38"
31.5	1210	"chr1"	"CpG"	"hg38"
31.5	792	"chr10"	"CpG"	"hg38"
31.5	778	"chr11"	"CpG"	"hg38"
31.5	694	"chr12"	"CpG"	"hg38"
31.5	556	"chr13"	"CpG"	"hg38"
31.5	444	"chr14"	"CpG"	"hg38"
31.5	490	"chr15"	"CpG"	"hg38"
31.5	524	"chr16"	"CpG"	"hg38"
31.5	490	"chr17"	"CpG"	"hg38"
31.5	486	"chr18"	"CpG"	"hg38"
31.5	376	"chr19"	"CpG"	"hg38"
31.5	1198	"chr2"	"CpG"	"hg38"
31.5	398	"chr20"	"CpG"	"hg38"
31.5	246	"chr21"	"CpG"	"hg38"
31.5	254	"chr22"	"CpG"	"hg38"
31.5	990	"chr3"	"CpG"	"hg38"
31.5	928	"chr4"	"CpG"	"hg38"
31.5	918	"chr5"	"CpG"	"hg38"
31.5	816	"chr6"	"CpG"	"hg38"
31.5	868	"chr7"	"CpG"	"hg38"
31.5	818	"chr8"	"CpG"	"hg38"
31.5	648	"chr9"	"CpG"	"hg38"
31.5	578	"chrX"	"CpG"	"hg38"
31.5	100	"chrY"	"CpG"	"hg38"
31.6	1190	"chr1"	"CpG"	"hg38"
31.6	786	"chr10"	"CpG"	"hg38"
31.6	808	"chr11"	"CpG"	"hg38"
31.6	652	"chr12"	"CpG"	"hg38"
31.6	546	"chr13"	"CpG"	"hg38"
31.6	470	"chr14"	"CpG"	"hg38"
31.6	494	"chr15"	"CpG"	"hg38"
31.6	542	"chr16"	"CpG"	"hg38"
31.6	490	"chr17"	"CpG"	"hg38"
31.6	478	"chr18"	"CpG"	"hg38"
31.6	400	"chr19"	"CpG"	"hg38"
31.6	1236	"chr2"	"CpG"	"hg38"
31.6	458	"chr20"	"CpG"	"hg38"
31.6	238	"chr21"	"CpG"	"hg38"
31.6	238	"chr22"	"CpG"	"hg38"
31.6	1022	"chr3"	"CpG"	"hg38"
31.6	904	"chr4"	"CpG"	"hg38"
31.6	998	"chr5"	"CpG"	"hg38"
31.6	814	"chr6"	"CpG"	"hg38"
31.6	858	"chr7"	"CpG"	"hg38"
31.6	918	"chr8"	"CpG"	"hg38"
31.6	604	"chr9"	"CpG"	"hg38"
31.6	566	"chrX"	"CpG"	"hg38"
31.6	106	"chrY"	"CpG"	"hg38"
31.7	1206	"chr1"	"CpG"	"hg38"
31.7	744	"chr10"	"CpG"	"hg38"
31.7	708	"chr11"	"CpG"	"hg38"
31.7	668	"chr12"	"CpG"	"hg38"
31.7	548	"chr13"	"CpG"	"hg38"
31.7	472	"chr14"	"CpG"	"hg38"
31.7	418	"chr15"	"CpG"	"hg38"
31.7	488	"chr16"	"CpG"	"hg38"
31.7	482	"chr17"	"CpG"	"hg38"
31.7	474	"chr18"	"CpG"	"hg38"
31.7	326	"chr19"	"CpG"	"hg38"
31.7	1280	"chr2"	"CpG"	"hg38"
31.7	430	"chr20"	"CpG"	"hg38"
31.7	266	"chr21"	"CpG"	"hg38"
31.7	290	"chr22"	"CpG"	"hg38"
31.7	998	"chr3"	"CpG"	"hg38"
31.7	984	"chr4"	"CpG"	"hg38"
31.7	878	"chr5"	"CpG"	"hg38"
31.7	800	"chr6"	"CpG"	"hg38"
31.7	870	"chr7"	"CpG"	"hg38"
31.7	854	"chr8"	"CpG"	"hg38"
31.7	670	"chr9"	"CpG"	"hg38"
31.7	598	"chrX"	"CpG"	"hg38"
31.7	90	"chrY"	"CpG"	"hg38"
31.8	1248	"chr1"	"CpG"	"hg38"
31.8	792	"chr10"	"CpG"	"hg38"
31.8	748	"chr11"	"CpG"	"hg38"
31.8	594	"chr12"	"CpG"	"hg38"
31.8	546	"chr13"	"CpG"	"hg38"
31.8	482	"chr14"	"CpG"	"hg38"
31.8	488	"chr15"	"CpG"	"hg38"
31.8	558	"chr16"	"CpG"	"hg38"
31.8	526	"chr17"	"CpG"	"hg38"
31.8	458	"chr18"	"CpG"	"hg38"
31.8	312	"chr19"	"CpG"	"hg38"
31.8	1210	"chr2"	"CpG"	"hg38"
31.8	470	"chr20"	"CpG"	"hg38"
31.8	270	"chr21"	"CpG"	"hg38"
31.8	268	"chr22"	"CpG"	"hg38"
31.8	1012	"chr3"	"CpG"	"hg38"
31.8	994	"chr4"	"CpG"	"hg38"
31.8	986	"chr5"	"CpG"	"hg38"
31.8	872	"chr6"	"CpG"	"hg38"
31.8	864	"chr7"	"CpG"	"hg38"
31.8	836	"chr8"	"CpG"	"hg38"
31.8	682	"chr9"	"CpG"	"hg38"
31.8	596	"chrX"	"CpG"	"hg38"
31.8	98	"chrY"	"CpG"	"hg38"
31.9	1280	"chr1"	"CpG"	"hg38"
31.9	778	"chr10"	"CpG"	"hg38"
31.9	766	"chr11"	"CpG"	"hg38"
31.9	676	"chr12"	"CpG"	"hg38"
31.9	574	"chr13"	"CpG"	"hg38"
31.9	482	"chr14"	"CpG"	"hg38"
31.9	472	"chr15"	"CpG"	"hg38"
31.9	576	"chr16"	"CpG"	"hg38"
31.9	454	"chr17"	"CpG"	"hg38"
31.9	430	"chr18"	"CpG"	"hg38"
31.9	344	"chr19"	"CpG"	"hg38"
31.9	1226	"chr2"	"CpG"	"hg38"
31.9	442	"chr20"	"CpG"	"hg38"
31.9	256	"chr21"	"CpG"	"hg38"
31.9	258	"chr22"	"CpG"	"hg38"
31.9	948	"chr3"	"CpG"	"hg38"
31.9	952	"chr4"	"CpG"	"hg38"
31.9	1040	"chr5"	"CpG"	"hg38"
31.9	792	"chr6"	"CpG"	"hg38"
31.9	864	"chr7"	"CpG"	"hg38"
31.9	776	"chr8"	"CpG"	"hg38"
31.9	676	"chr9"	"CpG"	"hg38"
31.9	630	"chrX"	"CpG"	"hg38"
31.9	88	"chrY"	"CpG"	"hg38"
32	1154	"chr1"	"CpG"	"hg38"
32	808	"chr10"	"CpG"	"hg38"
32	738	"chr11"	"CpG"	"hg38"
32	694	"chr12"	"CpG"	"hg38"
32	542	"chr13"	"CpG"	"hg38"
32	522	"chr14"	"CpG"	"hg38"
32	450	"chr15"	"CpG"	"hg38"
32	550	"chr16"	"CpG"	"hg38"
32	478	"chr17"	"CpG"	"hg38"
32	474	"chr18"	"CpG"	"hg38"
32	338	"chr19"	"CpG"	"hg38"
32	1326	"chr2"	"CpG"	"hg38"
32	442	"chr20"	"CpG"	"hg38"
32	228	"chr21"	"CpG"	"hg38"
32	250	"chr22"	"CpG"	"hg38"
32	936	"chr3"	"CpG"	"hg38"
32	856	"chr4"	"CpG"	"hg38"
32	908	"chr5"	"CpG"	"hg38"
32	762	"chr6"	"CpG"	"hg38"
32	814	"chr7"	"CpG"	"hg38"
32	820	"chr8"	"CpG"	"hg38"
32	614	"chr9"	"CpG"	"hg38"
32	582	"chrX"	"CpG"	"hg38"
32	104	"chrY"	"CpG"	"hg38"
32.1	1172	"chr1"	"CpG"	"hg38"
32.1	784	"chr10"	"CpG"	"hg38"
32.1	840	"chr11"	"CpG"	"hg38"
32.1	718	"chr12"	"CpG"	"hg38"
32.1	564	"chr13"	"CpG"	"hg38"
32.1	474	"chr14"	"CpG"	"hg38"
32.1	474	"chr15"	"CpG"	"hg38"
32.1	572	"chr16"	"CpG"	"hg38"
32.1	516	"chr17"	"CpG"	"hg38"
32.1	450	"chr18"	"CpG"	"hg38"
32.1	382	"chr19"	"CpG"	"hg38"
32.1	1204	"chr2"	"CpG"	"hg38"
32.1	472	"chr20"	"CpG"	"hg38"
32.1	276	"chr21"	"CpG"	"hg38"
32.1	260	"chr22"	"CpG"	"hg38"
32.1	998	"chr3"	"CpG"	"hg38"
32.1	1002	"chr4"	"CpG"	"hg38"
32.1	936	"chr5"	"CpG"	"hg38"
32.1	848	"chr6"	"CpG"	"hg38"
32.1	854	"chr7"	"CpG"	"hg38"
32.1	812	"chr8"	"CpG"	"hg38"
32.1	674	"chr9"	"CpG"	"hg38"
32.1	598	"chrX"	"CpG"	"hg38"
32.1	98	"chrY"	"CpG"	"hg38"
32.2	1232	"chr1"	"CpG"	"hg38"
32.2	854	"chr10"	"CpG"	"hg38"
32.2	816	"chr11"	"CpG"	"hg38"
32.2	658	"chr12"	"CpG"	"hg38"
32.2	560	"chr13"	"CpG"	"hg38"
32.2	430	"chr14"	"CpG"	"hg38"
32.2	518	"chr15"	"CpG"	"hg38"
32.2	594	"chr16"	"CpG"	"hg38"
32.2	538	"chr17"	"CpG"	"hg38"
32.2	508	"chr18"	"CpG"	"hg38"
32.2	352	"chr19"	"CpG"	"hg38"
32.2	1306	"chr2"	"CpG"	"hg38"
32.2	478	"chr20"	"CpG"	"hg38"
32.2	246	"chr21"	"CpG"	"hg38"
32.2	300	"chr22"	"CpG"	"hg38"
32.2	1010	"chr3"	"CpG"	"hg38"
32.2	1072	"chr4"	"CpG"	"hg38"
32.2	944	"chr5"	"CpG"	"hg38"
32.2	754	"chr6"	"CpG"	"hg38"
32.2	834	"chr7"	"CpG"	"hg38"
32.2	890	"chr8"	"CpG"	"hg38"
32.2	626	"chr9"	"CpG"	"hg38"
32.2	588	"chrX"	"CpG"	"hg38"
32.2	112	"chrY"	"CpG"	"hg38"
32.3	1248	"chr1"	"CpG"	"hg38"
32.3	836	"chr10"	"CpG"	"hg38"
32.3	774	"chr11"	"CpG"	"hg38"
32.3	674	"chr12"	"CpG"	"hg38"
32.3	562	"chr13"	"CpG"	"hg38"
32.3	476	"chr14"	"CpG"	"hg38"
32.3	490	"chr15"	"CpG"	"hg38"
32.3	526	"chr16"	"CpG"	"hg38"
32.3	454	"chr17"	"CpG"	"hg38"
32.3	432	"chr18"	"CpG"	"hg38"
32.3	376	"chr19"	"CpG"	"hg38"
32.3	1270	"chr2"	"CpG"	"hg38"
32.3	430	"chr20"	"CpG"	"hg38"
32.3	270	"chr21"	"CpG"	"hg38"
32.3	260	"chr22"	"CpG"	"hg38"
32.3	994	"chr3"	"CpG"	"hg38"
32.3	1014	"chr4"	"CpG"	"hg38"
32.3	904	"chr5"	"CpG"	"hg38"
32.3	862	"chr6"	"CpG"	"hg38"
32.3	794	"chr7"	"CpG"	"hg38"
32.3	900	"chr8"	"CpG"	"hg38"
32.3	692	"chr9"	"CpG"	"hg38"
32.3	558	"chrX"	"CpG"	"hg38"
32.3	80	"chrY"	"CpG"	"hg38"
32.4	1306	"chr1"	"CpG"	"hg38"
32.4	732	"chr10"	"CpG"	"hg38"
32.4	870	"chr11"	"CpG"	"hg38"
32.4	740	"chr12"	"CpG"	"hg38"
32.4	546	"chr13"	"CpG"	"hg38"
32.4	460	"chr14"	"CpG"	"hg38"
32.4	526	"chr15"	"CpG"	"hg38"
32.4	534	"chr16"	"CpG"	"hg38"
32.4	464	"chr17"	"CpG"	"hg38"
32.4	478	"chr18"	"CpG"	"hg38"
32.4	388	"chr19"	"CpG"	"hg38"
32.4	1260	"chr2"	"CpG"	"hg38"
32.4	404	"chr20"	"CpG"	"hg38"
32.4	294	"chr21"	"CpG"	"hg38"
32.4	280	"chr22"	"CpG"	"hg38"
32.4	1058	"chr3"	"CpG"	"hg38"
32.4	1002	"chr4"	"CpG"	"hg38"
32.4	972	"chr5"	"CpG"	"hg38"
32.4	808	"chr6"	"CpG"	"hg38"
32.4	928	"chr7"	"CpG"	"hg38"
32.4	910	"chr8"	"CpG"	"hg38"
32.4	652	"chr9"	"CpG"	"hg38"
32.4	588	"chrX"	"CpG"	"hg38"
32.4	94	"chrY"	"CpG"	"hg38"
32.5	1246	"chr1"	"CpG"	"hg38"
32.5	796	"chr10"	"CpG"	"hg38"
32.5	818	"chr11"	"CpG"	"hg38"
32.5	722	"chr12"	"CpG"	"hg38"
32.5	558	"chr13"	"CpG"	"hg38"
32.5	444	"chr14"	"CpG"	"hg38"
32.5	464	"chr15"	"CpG"	"hg38"
32.5	568	"chr16"	"CpG"	"hg38"
32.5	476	"chr17"	"CpG"	"hg38"
32.5	486	"chr18"	"CpG"	"hg38"
32.5	392	"chr19"	"CpG"	"hg38"
32.5	1206	"chr2"	"CpG"	"hg38"
32.5	438	"chr20"	"CpG"	"hg38"
32.5	288	"chr21"	"CpG"	"hg38"
32.5	270	"chr22"	"CpG"	"hg38"
32.5	1010	"chr3"	"CpG"	"hg38"
32.5	1050	"chr4"	"CpG"	"hg38"
32.5	966	"chr5"	"CpG"	"hg38"
32.5	854	"chr6"	"CpG"	"hg38"
32.5	890	"chr7"	"CpG"	"hg38"
32.5	848	"chr8"	"CpG"	"hg38"
32.5	634	"chr9"	"CpG"	"hg38"
32.5	596	"chrX"	"CpG"	"hg38"
32.5	120	"chrY"	"CpG"	"hg38"
32.6	1200	"chr1"	"CpG"	"hg38"
32.6	790	"chr10"	"CpG"	"hg38"
32.6	842	"chr11"	"CpG"	"hg38"
32.6	672	"chr12"	"CpG"	"hg38"
32.6	532	"chr13"	"CpG"	"hg38"
32.6	496	"chr14"	"CpG"	"hg38"
32.6	522	"chr15"	"CpG"	"hg38"
32.6	580	"chr16"	"CpG"	"hg38"
32.6	470	"chr17"	"CpG"	"hg38"
32.6	508	"chr18"	"CpG"	"hg38"
32.6	366	"chr19"	"CpG"	"hg38"
32.6	1224	"chr2"	"CpG"	"hg38"
32.6	434	"chr20"	"CpG"	"hg38"
32.6	242	"chr21"	"CpG"	"hg38"
32.6	262	"chr22"	"CpG"	"hg38"
32.6	970	"chr3"	"CpG"	"hg38"
32.6	1092	"chr4"	"CpG"	"hg38"
32.6	976	"chr5"	"CpG"	"hg38"
32.6	910	"chr6"	"CpG"	"hg38"
32.6	818	"chr7"	"CpG"	"hg38"
32.6	830	"chr8"	"CpG"	"hg38"
32.6	670	"chr9"	"CpG"	"hg38"
32.6	578	"chrX"	"CpG"	"hg38"
32.6	122	"chrY"	"CpG"	"hg38"
32.7	1272	"chr1"	"CpG"	"hg38"
32.7	824	"chr10"	"CpG"	"hg38"
32.7	860	"chr11"	"CpG"	"hg38"
32.7	666	"chr12"	"CpG"	"hg38"
32.7	584	"chr13"	"CpG"	"hg38"
32.7	462	"chr14"	"CpG"	"hg38"
32.7	492	"chr15"	"CpG"	"hg38"
32.7	578	"chr16"	"CpG"	"hg38"
32.7	514	"chr17"	"CpG"	"hg38"
32.7	464	"chr18"	"CpG"	"hg38"
32.7	342	"chr19"	"CpG"	"hg38"
32.7	1248	"chr2"	"CpG"	"hg38"
32.7	434	"chr20"	"CpG"	"hg38"
32.7	310	"chr21"	"CpG"	"hg38"
32.7	302	"chr22"	"CpG"	"hg38"
32.7	880	"chr3"	"CpG"	"hg38"
32.7	1010	"chr4"	"CpG"	"hg38"
32.7	1012	"chr5"	"CpG"	"hg38"
32.7	816	"chr6"	"CpG"	"hg38"
32.7	914	"chr7"	"CpG"	"hg38"
32.7	778	"chr8"	"CpG"	"hg38"
32.7	658	"chr9"	"CpG"	"hg38"
32.7	558	"chrX"	"CpG"	"hg38"
32.7	110	"chrY"	"CpG"	"hg38"
32.8	1326	"chr1"	"CpG"	"hg38"
32.8	858	"chr10"	"CpG"	"hg38"
32.8	826	"chr11"	"CpG"	"hg38"
32.8	718	"chr12"	"CpG"	"hg38"
32.8	584	"chr13"	"CpG"	"hg38"
32.8	454	"chr14"	"CpG"	"hg38"
32.8	602	"chr15"	"CpG"	"hg38"
32.8	544	"chr16"	"CpG"	"hg38"
32.8	466	"chr17"	"CpG"	"hg38"
32.8	426	"chr18"	"CpG"	"hg38"
32.8	372	"chr19"	"CpG"	"hg38"
32.8	1272	"chr2"	"CpG"	"hg38"
32.8	488	"chr20"	"CpG"	"hg38"
32.8	254	"chr21"	"CpG"	"hg38"
32.8	300	"chr22"	"CpG"	"hg38"
32.8	1024	"chr3"	"CpG"	"hg38"
32.8	1042	"chr4"	"CpG"	"hg38"
32.8	1026	"chr5"	"CpG"	"hg38"
32.8	888	"chr6"	"CpG"	"hg38"
32.8	928	"chr7"	"CpG"	"hg38"
32.8	862	"chr8"	"CpG"	"hg38"
32.8	672	"chr9"	"CpG"	"hg38"
32.8	618	"chrX"	"CpG"	"hg38"
32.8	92	"chrY"	"CpG"	"hg38"
32.9	1302	"chr1"	"CpG"	"hg38"
32.9	810	"chr10"	"CpG"	"hg38"
32.9	830	"chr11"	"CpG"	"hg38"
32.9	728	"chr12"	"CpG"	"hg38"
32.9	572	"chr13"	"CpG"	"hg38"
32.9	486	"chr14"	"CpG"	"hg38"
32.9	524	"chr15"	"CpG"	"hg38"
32.9	564	"chr16"	"CpG"	"hg38"
32.9	474	"chr17"	"CpG"	"hg38"
32.9	418	"chr18"	"CpG"	"hg38"
32.9	378	"chr19"	"CpG"	"hg38"
32.9	1240	"chr2"	"CpG"	"hg38"
32.9	434	"chr20"	"CpG"	"hg38"
32.9	288	"chr21"	"CpG"	"hg38"
32.9	320	"chr22"	"CpG"	"hg38"
32.9	1028	"chr3"	"CpG"	"hg38"
32.9	990	"chr4"	"CpG"	"hg38"
32.9	1038	"chr5"	"CpG"	"hg38"
32.9	852	"chr6"	"CpG"	"hg38"
32.9	846	"chr7"	"CpG"	"hg38"
32.9	844	"chr8"	"CpG"	"hg38"
32.9	686	"chr9"	"CpG"	"hg38"
32.9	634	"chrX"	"CpG"	"hg38"
32.9	112	"chrY"	"CpG"	"hg38"
33	1406	"chr1"	"CpG"	"hg38"
33	838	"chr10"	"CpG"	"hg38"
33	798	"chr11"	"CpG"	"hg38"
33	678	"chr12"	"CpG"	"hg38"
33	594	"chr13"	"CpG"	"hg38"
33	470	"chr14"	"CpG"	"hg38"
33	550	"chr15"	"CpG"	"hg38"
33	564	"chr16"	"CpG"	"hg38"
33	514	"chr17"	"CpG"	"hg38"
33	468	"chr18"	"CpG"	"hg38"
33	354	"chr19"	"CpG"	"hg38"
33	1330	"chr2"	"CpG"	"hg38"
33	442	"chr20"	"CpG"	"hg38"
33	266	"chr21"	"CpG"	"hg38"
33	270	"chr22"	"CpG"	"hg38"
33	1050	"chr3"	"CpG"	"hg38"
33	1042	"chr4"	"CpG"	"hg38"
33	1012	"chr5"	"CpG"	"hg38"
33	806	"chr6"	"CpG"	"hg38"
33	878	"chr7"	"CpG"	"hg38"
33	888	"chr8"	"CpG"	"hg38"
33	684	"chr9"	"CpG"	"hg38"
33	626	"chrX"	"CpG"	"hg38"
33	108	"chrY"	"CpG"	"hg38"
33.1	1342	"chr1"	"CpG"	"hg38"
33.1	750	"chr10"	"CpG"	"hg38"
33.1	740	"chr11"	"CpG"	"hg38"
33.1	764	"chr12"	"CpG"	"hg38"
33.1	580	"chr13"	"CpG"	"hg38"
33.1	510	"chr14"	"CpG"	"hg38"
33.1	474	"chr15"	"CpG"	"hg38"
33.1	540	"chr16"	"CpG"	"hg38"
33.1	512	"chr17"	"CpG"	"hg38"
33.1	444	"chr18"	"CpG"	"hg38"
33.1	390	"chr19"	"CpG"	"hg38"
33.1	1270	"chr2"	"CpG"	"hg38"
33.1	442	"chr20"	"CpG"	"hg38"
33.1	250	"chr21"	"CpG"	"hg38"
33.1	278	"chr22"	"CpG"	"hg38"
33.1	1080	"chr3"	"CpG"	"hg38"
33.1	1074	"chr4"	"CpG"	"hg38"
33.1	950	"chr5"	"CpG"	"hg38"
33.1	808	"chr6"	"CpG"	"hg38"
33.1	954	"chr7"	"CpG"	"hg38"
33.1	818	"chr8"	"CpG"	"hg38"
33.1	714	"chr9"	"CpG"	"hg38"
33.1	606	"chrX"	"CpG"	"hg38"
33.1	114	"chrY"	"CpG"	"hg38"
33.2	1280	"chr1"	"CpG"	"hg38"
33.2	814	"chr10"	"CpG"	"hg38"
33.2	826	"chr11"	"CpG"	"hg38"
33.2	672	"chr12"	"CpG"	"hg38"
33.2	574	"chr13"	"CpG"	"hg38"
33.2	520	"chr14"	"CpG"	"hg38"
33.2	496	"chr15"	"CpG"	"hg38"
33.2	582	"chr16"	"CpG"	"hg38"
33.2	490	"chr17"	"CpG"	"hg38"
33.2	496	"chr18"	"CpG"	"hg38"
33.2	418	"chr19"	"CpG"	"hg38"
33.2	1262	"chr2"	"CpG"	"hg38"
33.2	490	"chr20"	"CpG"	"hg38"
33.2	272	"chr21"	"CpG"	"hg38"
33.2	260	"chr22"	"CpG"	"hg38"
33.2	1014	"chr3"	"CpG"	"hg38"
33.2	934	"chr4"	"CpG"	"hg38"
33.2	996	"chr5"	"CpG"	"hg38"
33.2	944	"chr6"	"CpG"	"hg38"
33.2	810	"chr7"	"CpG"	"hg38"
33.2	970	"chr8"	"CpG"	"hg38"
33.2	724	"chr9"	"CpG"	"hg38"
33.2	580	"chrX"	"CpG"	"hg38"
33.2	122	"chrY"	"CpG"	"hg38"
33.3	1182	"chr1"	"CpG"	"hg38"
33.3	790	"chr10"	"CpG"	"hg38"
33.3	872	"chr11"	"CpG"	"hg38"
33.3	710	"chr12"	"CpG"	"hg38"
33.3	572	"chr13"	"CpG"	"hg38"
33.3	484	"chr14"	"CpG"	"hg38"
33.3	500	"chr15"	"CpG"	"hg38"
33.3	620	"chr16"	"CpG"	"hg38"
33.3	456	"chr17"	"CpG"	"hg38"
33.3	496	"chr18"	"CpG"	"hg38"
33.3	402	"chr19"	"CpG"	"hg38"
33.3	1354	"chr2"	"CpG"	"hg38"
33.3	448	"chr20"	"CpG"	"hg38"
33.3	286	"chr21"	"CpG"	"hg38"
33.3	296	"chr22"	"CpG"	"hg38"
33.3	1036	"chr3"	"CpG"	"hg38"
33.3	954	"chr4"	"CpG"	"hg38"
33.3	1076	"chr5"	"CpG"	"hg38"
33.3	830	"chr6"	"CpG"	"hg38"
33.3	934	"chr7"	"CpG"	"hg38"
33.3	900	"chr8"	"CpG"	"hg38"
33.3	648	"chr9"	"CpG"	"hg38"
33.3	588	"chrX"	"CpG"	"hg38"
33.3	110	"chrY"	"CpG"	"hg38"
33.4	1314	"chr1"	"CpG"	"hg38"
33.4	856	"chr10"	"CpG"	"hg38"
33.4	820	"chr11"	"CpG"	"hg38"
33.4	758	"chr12"	"CpG"	"hg38"
33.4	500	"chr13"	"CpG"	"hg38"
33.4	516	"chr14"	"CpG"	"hg38"
33.4	484	"chr15"	"CpG"	"hg38"
33.4	642	"chr16"	"CpG"	"hg38"
33.4	522	"chr17"	"CpG"	"hg38"
33.4	458	"chr18"	"CpG"	"hg38"
33.4	358	"chr19"	"CpG"	"hg38"
33.4	1326	"chr2"	"CpG"	"hg38"
33.4	468	"chr20"	"CpG"	"hg38"
33.4	302	"chr21"	"CpG"	"hg38"
33.4	274	"chr22"	"CpG"	"hg38"
33.4	998	"chr3"	"CpG"	"hg38"
33.4	938	"chr4"	"CpG"	"hg38"
33.4	1068	"chr5"	"CpG"	"hg38"
33.4	876	"chr6"	"CpG"	"hg38"
33.4	952	"chr7"	"CpG"	"hg38"
33.4	822	"chr8"	"CpG"	"hg38"
33.4	698	"chr9"	"CpG"	"hg38"
33.4	650	"chrX"	"CpG"	"hg38"
33.4	92	"chrY"	"CpG"	"hg38"
33.5	1212	"chr1"	"CpG"	"hg38"
33.5	790	"chr10"	"CpG"	"hg38"
33.5	824	"chr11"	"CpG"	"hg38"
33.5	722	"chr12"	"CpG"	"hg38"
33.5	572	"chr13"	"CpG"	"hg38"
33.5	530	"chr14"	"CpG"	"hg38"
33.5	496	"chr15"	"CpG"	"hg38"
33.5	558	"chr16"	"CpG"	"hg38"
33.5	500	"chr17"	"CpG"	"hg38"
33.5	486	"chr18"	"CpG"	"hg38"
33.5	374	"chr19"	"CpG"	"hg38"
33.5	1296	"chr2"	"CpG"	"hg38"
33.5	456	"chr20"	"CpG"	"hg38"
33.5	278	"chr21"	"CpG"	"hg38"
33.5	300	"chr22"	"CpG"	"hg38"
33.5	1112	"chr3"	"CpG"	"hg38"
33.5	1020	"chr4"	"CpG"	"hg38"
33.5	938	"chr5"	"CpG"	"hg38"
33.5	874	"chr6"	"CpG"	"hg38"
33.5	952	"chr7"	"CpG"	"hg38"
33.5	846	"chr8"	"CpG"	"hg38"
33.5	682	"chr9"	"CpG"	"hg38"
33.5	520	"chrX"	"CpG"	"hg38"
33.5	92	"chrY"	"CpG"	"hg38"
33.6	1356	"chr1"	"CpG"	"hg38"
33.6	824	"chr10"	"CpG"	"hg38"
33.6	832	"chr11"	"CpG"	"hg38"
33.6	746	"chr12"	"CpG"	"hg38"
33.6	552	"chr13"	"CpG"	"hg38"
33.6	514	"chr14"	"CpG"	"hg38"
33.6	586	"chr15"	"CpG"	"hg38"
33.6	592	"chr16"	"CpG"	"hg38"
33.6	490	"chr17"	"CpG"	"hg38"
33.6	540	"chr18"	"CpG"	"hg38"
33.6	378	"chr19"	"CpG"	"hg38"
33.6	1312	"chr2"	"CpG"	"hg38"
33.6	468	"chr20"	"CpG"	"hg38"
33.6	226	"chr21"	"CpG"	"hg38"
33.6	350	"chr22"	"CpG"	"hg38"
33.6	1044	"chr3"	"CpG"	"hg38"
33.6	1066	"chr4"	"CpG"	"hg38"
33.6	986	"chr5"	"CpG"	"hg38"
33.6	864	"chr6"	"CpG"	"hg38"
33.6	876	"chr7"	"CpG"	"hg38"
33.6	958	"chr8"	"CpG"	"hg38"
33.6	664	"chr9"	"CpG"	"hg38"
33.6	620	"chrX"	"CpG"	"hg38"
33.6	90	"chrY"	"CpG"	"hg38"
33.7	1232	"chr1"	"CpG"	"hg38"
33.7	846	"chr10"	"CpG"	"hg38"
33.7	844	"chr11"	"CpG"	"hg38"
33.7	686	"chr12"	"CpG"	"hg38"
33.7	502	"chr13"	"CpG"	"hg38"
33.7	484	"chr14"	"CpG"	"hg38"
33.7	478	"chr15"	"CpG"	"hg38"
33.7	534	"chr16"	"CpG"	"hg38"
33.7	508	"chr17"	"CpG"	"hg38"
33.7	456	"chr18"	"CpG"	"hg38"
33.7	386	"chr19"	"CpG"	"hg38"
33.7	1310	"chr2"	"CpG"	"hg38"
33.7	448	"chr20"	"CpG"	"hg38"
33.7	352	"chr21"	"CpG"	"hg38"
33.7	302	"chr22"	"CpG"	"hg38"
33.7	888	"chr3"	"CpG"	"hg38"
33.7	1110	"chr4"	"CpG"	"hg38"
33.7	1004	"chr5"	"CpG"	"hg38"
33.7	842	"chr6"	"CpG"	"hg38"
33.7	880	"chr7"	"CpG"	"hg38"
33.7	852	"chr8"	"CpG"	"hg38"
33.7	726	"chr9"	"CpG"	"hg38"
33.7	580	"chrX"	"CpG"	"hg38"
33.7	118	"chrY"	"CpG"	"hg38"
33.8	1304	"chr1"	"CpG"	"hg38"
33.8	838	"chr10"	"CpG"	"hg38"
33.8	824	"chr11"	"CpG"	"hg38"
33.8	746	"chr12"	"CpG"	"hg38"
33.8	658	"chr13"	"CpG"	"hg38"
33.8	536	"chr14"	"CpG"	"hg38"
33.8	514	"chr15"	"CpG"	"hg38"
33.8	588	"chr16"	"CpG"	"hg38"
33.8	578	"chr17"	"CpG"	"hg38"
33.8	470	"chr18"	"CpG"	"hg38"
33.8	350	"chr19"	"CpG"	"hg38"
33.8	1312	"chr2"	"CpG"	"hg38"
33.8	406	"chr20"	"CpG"	"hg38"
33.8	270	"chr21"	"CpG"	"hg38"
33.8	286	"chr22"	"CpG"	"hg38"
33.8	1066	"chr3"	"CpG"	"hg38"
33.8	970	"chr4"	"CpG"	"hg38"
33.8	1050	"chr5"	"CpG"	"hg38"
33.8	852	"chr6"	"CpG"	"hg38"
33.8	848	"chr7"	"CpG"	"hg38"
33.8	880	"chr8"	"CpG"	"hg38"
33.8	668	"chr9"	"CpG"	"hg38"
33.8	576	"chrX"	"CpG"	"hg38"
33.8	118	"chrY"	"CpG"	"hg38"
33.9	1296	"chr1"	"CpG"	"hg38"
33.9	838	"chr10"	"CpG"	"hg38"
33.9	802	"chr11"	"CpG"	"hg38"
33.9	716	"chr12"	"CpG"	"hg38"
33.9	632	"chr13"	"CpG"	"hg38"
33.9	506	"chr14"	"CpG"	"hg38"
33.9	490	"chr15"	"CpG"	"hg38"
33.9	546	"chr16"	"CpG"	"hg38"
33.9	508	"chr17"	"CpG"	"hg38"
33.9	474	"chr18"	"CpG"	"hg38"
33.9	382	"chr19"	"CpG"	"hg38"
33.9	1292	"chr2"	"CpG"	"hg38"
33.9	486	"chr20"	"CpG"	"hg38"
33.9	274	"chr21"	"CpG"	"hg38"
33.9	278	"chr22"	"CpG"	"hg38"
33.9	1110	"chr3"	"CpG"	"hg38"
33.9	1054	"chr4"	"CpG"	"hg38"
33.9	1000	"chr5"	"CpG"	"hg38"
33.9	878	"chr6"	"CpG"	"hg38"
33.9	916	"chr7"	"CpG"	"hg38"
33.9	884	"chr8"	"CpG"	"hg38"
33.9	714	"chr9"	"CpG"	"hg38"
33.9	608	"chrX"	"CpG"	"hg38"
33.9	90	"chrY"	"CpG"	"hg38"
34	1258	"chr1"	"CpG"	"hg38"
34	764	"chr10"	"CpG"	"hg38"
34	804	"chr11"	"CpG"	"hg38"
34	770	"chr12"	"CpG"	"hg38"
34	586	"chr13"	"CpG"	"hg38"
34	466	"chr14"	"CpG"	"hg38"
34	502	"chr15"	"CpG"	"hg38"
34	556	"chr16"	"CpG"	"hg38"
34	536	"chr17"	"CpG"	"hg38"
34	496	"chr18"	"CpG"	"hg38"
34	420	"chr19"	"CpG"	"hg38"
34	1330	"chr2"	"CpG"	"hg38"
34	486	"chr20"	"CpG"	"hg38"
34	334	"chr21"	"CpG"	"hg38"
34	280	"chr22"	"CpG"	"hg38"
34	1026	"chr3"	"CpG"	"hg38"
34	1094	"chr4"	"CpG"	"hg38"
34	1002	"chr5"	"CpG"	"hg38"
34	826	"chr6"	"CpG"	"hg38"
34	966	"chr7"	"CpG"	"hg38"
34	896	"chr8"	"CpG"	"hg38"
34	748	"chr9"	"CpG"	"hg38"
34	630	"chrX"	"CpG"	"hg38"
34	102	"chrY"	"CpG"	"hg38"
34.1	1308	"chr1"	"CpG"	"hg38"
34.1	876	"chr10"	"CpG"	"hg38"
34.1	936	"chr11"	"CpG"	"hg38"
34.1	756	"chr12"	"CpG"	"hg38"
34.1	614	"chr13"	"CpG"	"hg38"
34.1	526	"chr14"	"CpG"	"hg38"
34.1	586	"chr15"	"CpG"	"hg38"
34.1	584	"chr16"	"CpG"	"hg38"
34.1	528	"chr17"	"CpG"	"hg38"
34.1	486	"chr18"	"CpG"	"hg38"
34.1	416	"chr19"	"CpG"	"hg38"
34.1	1312	"chr2"	"CpG"	"hg38"
34.1	426	"chr20"	"CpG"	"hg38"
34.1	264	"chr21"	"CpG"	"hg38"
34.1	304	"chr22"	"CpG"	"hg38"
34.1	1038	"chr3"	"CpG"	"hg38"
34.1	1076	"chr4"	"CpG"	"hg38"
34.1	1002	"chr5"	"CpG"	"hg38"
34.1	882	"chr6"	"CpG"	"hg38"
34.1	842	"chr7"	"CpG"	"hg38"
34.1	922	"chr8"	"CpG"	"hg38"
34.1	736	"chr9"	"CpG"	"hg38"
34.1	636	"chrX"	"CpG"	"hg38"
34.1	86	"chrY"	"CpG"	"hg38"
34.2	1304	"chr1"	"CpG"	"hg38"
34.2	858	"chr10"	"CpG"	"hg38"
34.2	878	"chr11"	"CpG"	"hg38"
34.2	730	"chr12"	"CpG"	"hg38"
34.2	532	"chr13"	"CpG"	"hg38"
34.2	538	"chr14"	"CpG"	"hg38"
34.2	474	"chr15"	"CpG"	"hg38"
34.2	572	"chr16"	"CpG"	"hg38"
34.2	564	"chr17"	"CpG"	"hg38"
34.2	454	"chr18"	"CpG"	"hg38"
34.2	378	"chr19"	"CpG"	"hg38"
34.2	1366	"chr2"	"CpG"	"hg38"
34.2	502	"chr20"	"CpG"	"hg38"
34.2	292	"chr21"	"CpG"	"hg38"
34.2	308	"chr22"	"CpG"	"hg38"
34.2	1088	"chr3"	"CpG"	"hg38"
34.2	1078	"chr4"	"CpG"	"hg38"
34.2	948	"chr5"	"CpG"	"hg38"
34.2	896	"chr6"	"CpG"	"hg38"
34.2	966	"chr7"	"CpG"	"hg38"
34.2	954	"chr8"	"CpG"	"hg38"
34.2	728	"chr9"	"CpG"	"hg38"
34.2	596	"chrX"	"CpG"	"hg38"
34.2	132	"chrY"	"CpG"	"hg38"
34.3	1392	"chr1"	"CpG"	"hg38"
34.3	820	"chr10"	"CpG"	"hg38"
34.3	920	"chr11"	"CpG"	"hg38"
34.3	636	"chr12"	"CpG"	"hg38"
34.3	624	"chr13"	"CpG"	"hg38"
34.3	580	"chr14"	"CpG"	"hg38"
34.3	516	"chr15"	"CpG"	"hg38"
34.3	612	"chr16"	"CpG"	"hg38"
34.3	526	"chr17"	"CpG"	"hg38"
34.3	472	"chr18"	"CpG"	"hg38"
34.3	448	"chr19"	"CpG"	"hg38"
34.3	1442	"chr2"	"CpG"	"hg38"
34.3	494	"chr20"	"CpG"	"hg38"
34.3	282	"chr21"	"CpG"	"hg38"
34.3	240	"chr22"	"CpG"	"hg38"
34.3	1148	"chr3"	"CpG"	"hg38"
34.3	1066	"chr4"	"CpG"	"hg38"
34.3	922	"chr5"	"CpG"	"hg38"
34.3	826	"chr6"	"CpG"	"hg38"
34.3	960	"chr7"	"CpG"	"hg38"
34.3	962	"chr8"	"CpG"	"hg38"
34.3	706	"chr9"	"CpG"	"hg38"
34.3	636	"chrX"	"CpG"	"hg38"
34.3	88	"chrY"	"CpG"	"hg38"
34.4	1326	"chr1"	"CpG"	"hg38"
34.4	918	"chr10"	"CpG"	"hg38"
34.4	886	"chr11"	"CpG"	"hg38"
34.4	700	"chr12"	"CpG"	"hg38"
34.4	540	"chr13"	"CpG"	"hg38"
34.4	528	"chr14"	"CpG"	"hg38"
34.4	622	"chr15"	"CpG"	"hg38"
34.4	596	"chr16"	"CpG"	"hg38"
34.4	548	"chr17"	"CpG"	"hg38"
34.4	480	"chr18"	"CpG"	"hg38"
34.4	386	"chr19"	"CpG"	"hg38"
34.4	1378	"chr2"	"CpG"	"hg38"
34.4	546	"chr20"	"CpG"	"hg38"
34.4	240	"chr21"	"CpG"	"hg38"
34.4	280	"chr22"	"CpG"	"hg38"
34.4	930	"chr3"	"CpG"	"hg38"
34.4	1010	"chr4"	"CpG"	"hg38"
34.4	976	"chr5"	"CpG"	"hg38"
34.4	868	"chr6"	"CpG"	"hg38"
34.4	964	"chr7"	"CpG"	"hg38"
34.4	850	"chr8"	"CpG"	"hg38"
34.4	686	"chr9"	"CpG"	"hg38"
34.4	576	"chrX"	"CpG"	"hg38"
34.4	104	"chrY"	"CpG"	"hg38"
34.5	1378	"chr1"	"CpG"	"hg38"
34.5	830	"chr10"	"CpG"	"hg38"
34.5	774	"chr11"	"CpG"	"hg38"
34.5	678	"chr12"	"CpG"	"hg38"
34.5	582	"chr13"	"CpG"	"hg38"
34.5	540	"chr14"	"CpG"	"hg38"
34.5	560	"chr15"	"CpG"	"hg38"
34.5	574	"chr16"	"CpG"	"hg38"
34.5	570	"chr17"	"CpG"	"hg38"
34.5	540	"chr18"	"CpG"	"hg38"
34.5	376	"chr19"	"CpG"	"hg38"
34.5	1272	"chr2"	"CpG"	"hg38"
34.5	480	"chr20"	"CpG"	"hg38"
34.5	280	"chr21"	"CpG"	"hg38"
34.5	310	"chr22"	"CpG"	"hg38"
34.5	1078	"chr3"	"CpG"	"hg38"
34.5	1094	"chr4"	"CpG"	"hg38"
34.5	978	"chr5"	"CpG"	"hg38"
34.5	958	"chr6"	"CpG"	"hg38"
34.5	964	"chr7"	"CpG"	"hg38"
34.5	972	"chr8"	"CpG"	"hg38"
34.5	712	"chr9"	"CpG"	"hg38"
34.5	604	"chrX"	"CpG"	"hg38"
34.5	126	"chrY"	"CpG"	"hg38"
34.6	1340	"chr1"	"CpG"	"hg38"
34.6	850	"chr10"	"CpG"	"hg38"
34.6	864	"chr11"	"CpG"	"hg38"
34.6	672	"chr12"	"CpG"	"hg38"
34.6	558	"chr13"	"CpG"	"hg38"
34.6	544	"chr14"	"CpG"	"hg38"
34.6	536	"chr15"	"CpG"	"hg38"
34.6	624	"chr16"	"CpG"	"hg38"
34.6	586	"chr17"	"CpG"	"hg38"
34.6	542	"chr18"	"CpG"	"hg38"
34.6	384	"chr19"	"CpG"	"hg38"
34.6	1376	"chr2"	"CpG"	"hg38"
34.6	500	"chr20"	"CpG"	"hg38"
34.6	268	"chr21"	"CpG"	"hg38"
34.6	362	"chr22"	"CpG"	"hg38"
34.6	1118	"chr3"	"CpG"	"hg38"
34.6	1022	"chr4"	"CpG"	"hg38"
34.6	990	"chr5"	"CpG"	"hg38"
34.6	910	"chr6"	"CpG"	"hg38"
34.6	996	"chr7"	"CpG"	"hg38"
34.6	920	"chr8"	"CpG"	"hg38"
34.6	764	"chr9"	"CpG"	"hg38"
34.6	632	"chrX"	"CpG"	"hg38"
34.6	124	"chrY"	"CpG"	"hg38"
34.7	1464	"chr1"	"CpG"	"hg38"
34.7	888	"chr10"	"CpG"	"hg38"
34.7	890	"chr11"	"CpG"	"hg38"
34.7	662	"chr12"	"CpG"	"hg38"
34.7	612	"chr13"	"CpG"	"hg38"
34.7	552	"chr14"	"CpG"	"hg38"
34.7	530	"chr15"	"CpG"	"hg38"
34.7	560	"chr16"	"CpG"	"hg38"
34.7	526	"chr17"	"CpG"	"hg38"
34.7	462	"chr18"	"CpG"	"hg38"
34.7	434	"chr19"	"CpG"	"hg38"
34.7	1432	"chr2"	"CpG"	"hg38"
34.7	490	"chr20"	"CpG"	"hg38"
34.7	286	"chr21"	"CpG"	"hg38"
34.7	268	"chr22"	"CpG"	"hg38"
34.7	1084	"chr3"	"CpG"	"hg38"
34.7	1084	"chr4"	"CpG"	"hg38"
34.7	1036	"chr5"	"CpG"	"hg38"
34.7	908	"chr6"	"CpG"	"hg38"
34.7	992	"chr7"	"CpG"	"hg38"
34.7	932	"chr8"	"CpG"	"hg38"
34.7	712	"chr9"	"CpG"	"hg38"
34.7	632	"chrX"	"CpG"	"hg38"
34.7	110	"chrY"	"CpG"	"hg38"
34.8	1408	"chr1"	"CpG"	"hg38"
34.8	830	"chr10"	"CpG"	"hg38"
34.8	922	"chr11"	"CpG"	"hg38"
34.8	718	"chr12"	"CpG"	"hg38"
34.8	634	"chr13"	"CpG"	"hg38"
34.8	520	"chr14"	"CpG"	"hg38"
34.8	540	"chr15"	"CpG"	"hg38"
34.8	536	"chr16"	"CpG"	"hg38"
34.8	494	"chr17"	"CpG"	"hg38"
34.8	448	"chr18"	"CpG"	"hg38"
34.8	366	"chr19"	"CpG"	"hg38"
34.8	1306	"chr2"	"CpG"	"hg38"
34.8	468	"chr20"	"CpG"	"hg38"
34.8	300	"chr21"	"CpG"	"hg38"
34.8	340	"chr22"	"CpG"	"hg38"
34.8	1062	"chr3"	"CpG"	"hg38"
34.8	1102	"chr4"	"CpG"	"hg38"
34.8	1166	"chr5"	"CpG"	"hg38"
34.8	984	"chr6"	"CpG"	"hg38"
34.8	960	"chr7"	"CpG"	"hg38"
34.8	932	"chr8"	"CpG"	"hg38"
34.8	710	"chr9"	"CpG"	"hg38"
34.8	560	"chrX"	"CpG"	"hg38"
34.8	124	"chrY"	"CpG"	"hg38"
34.9	1310	"chr1"	"CpG"	"hg38"
34.9	910	"chr10"	"CpG"	"hg38"
34.9	874	"chr11"	"CpG"	"hg38"
34.9	746	"chr12"	"CpG"	"hg38"
34.9	604	"chr13"	"CpG"	"hg38"
34.9	554	"chr14"	"CpG"	"hg38"
34.9	572	"chr15"	"CpG"	"hg38"
34.9	580	"chr16"	"CpG"	"hg38"
34.9	522	"chr17"	"CpG"	"hg38"
34.9	500	"chr18"	"CpG"	"hg38"
34.9	426	"chr19"	"CpG"	"hg38"
34.9	1518	"chr2"	"CpG"	"hg38"
34.9	476	"chr20"	"CpG"	"hg38"
34.9	286	"chr21"	"CpG"	"hg38"
34.9	320	"chr22"	"CpG"	"hg38"
34.9	1078	"chr3"	"CpG"	"hg38"
34.9	966	"chr4"	"CpG"	"hg38"
34.9	1052	"chr5"	"CpG"	"hg38"
34.9	874	"chr6"	"CpG"	"hg38"
34.9	1002	"chr7"	"CpG"	"hg38"
34.9	1024	"chr8"	"CpG"	"hg38"
34.9	710	"chr9"	"CpG"	"hg38"
34.9	632	"chrX"	"CpG"	"hg38"
34.9	114	"chrY"	"CpG"	"hg38"
35	1394	"chr1"	"CpG"	"hg38"
35	912	"chr10"	"CpG"	"hg38"
35	860	"chr11"	"CpG"	"hg38"
35	766	"chr12"	"CpG"	"hg38"
35	666	"chr13"	"CpG"	"hg38"
35	504	"chr14"	"CpG"	"hg38"
35	534	"chr15"	"CpG"	"hg38"
35	596	"chr16"	"CpG"	"hg38"
35	502	"chr17"	"CpG"	"hg38"
35	488	"chr18"	"CpG"	"hg38"
35	402	"chr19"	"CpG"	"hg38"
35	1440	"chr2"	"CpG"	"hg38"
35	542	"chr20"	"CpG"	"hg38"
35	320	"chr21"	"CpG"	"hg38"
35	308	"chr22"	"CpG"	"hg38"
35	1110	"chr3"	"CpG"	"hg38"
35	1066	"chr4"	"CpG"	"hg38"
35	1028	"chr5"	"CpG"	"hg38"
35	948	"chr6"	"CpG"	"hg38"
35	928	"chr7"	"CpG"	"hg38"
35	994	"chr8"	"CpG"	"hg38"
35	722	"chr9"	"CpG"	"hg38"
35	652	"chrX"	"CpG"	"hg38"
35	88	"chrY"	"CpG"	"hg38"
35.1	1340	"chr1"	"CpG"	"hg38"
35.1	892	"chr10"	"CpG"	"hg38"
35.1	858	"chr11"	"CpG"	"hg38"
35.1	728	"chr12"	"CpG"	"hg38"
35.1	594	"chr13"	"CpG"	"hg38"
35.1	544	"chr14"	"CpG"	"hg38"
35.1	568	"chr15"	"CpG"	"hg38"
35.1	582	"chr16"	"CpG"	"hg38"
35.1	510	"chr17"	"CpG"	"hg38"
35.1	528	"chr18"	"CpG"	"hg38"
35.1	424	"chr19"	"CpG"	"hg38"
35.1	1252	"chr2"	"CpG"	"hg38"
35.1	538	"chr20"	"CpG"	"hg38"
35.1	280	"chr21"	"CpG"	"hg38"
35.1	284	"chr22"	"CpG"	"hg38"
35.1	1102	"chr3"	"CpG"	"hg38"
35.1	1174	"chr4"	"CpG"	"hg38"
35.1	1002	"chr5"	"CpG"	"hg38"
35.1	950	"chr6"	"CpG"	"hg38"
35.1	968	"chr7"	"CpG"	"hg38"
35.1	946	"chr8"	"CpG"	"hg38"
35.1	660	"chr9"	"CpG"	"hg38"
35.1	686	"chrX"	"CpG"	"hg38"
35.1	112	"chrY"	"CpG"	"hg38"
35.2	1388	"chr1"	"CpG"	"hg38"
35.2	878	"chr10"	"CpG"	"hg38"
35.2	912	"chr11"	"CpG"	"hg38"
35.2	686	"chr12"	"CpG"	"hg38"
35.2	624	"chr13"	"CpG"	"hg38"
35.2	516	"chr14"	"CpG"	"hg38"
35.2	554	"chr15"	"CpG"	"hg38"
35.2	604	"chr16"	"CpG"	"hg38"
35.2	512	"chr17"	"CpG"	"hg38"
35.2	520	"chr18"	"CpG"	"hg38"
35.2	376	"chr19"	"CpG"	"hg38"
35.2	1362	"chr2"	"CpG"	"hg38"
35.2	486	"chr20"	"CpG"	"hg38"
35.2	254	"chr21"	"CpG"	"hg38"
35.2	328	"chr22"	"CpG"	"hg38"
35.2	1062	"chr3"	"CpG"	"hg38"
35.2	1086	"chr4"	"CpG"	"hg38"
35.2	1094	"chr5"	"CpG"	"hg38"
35.2	1032	"chr6"	"CpG"	"hg38"
35.2	972	"chr7"	"CpG"	"hg38"
35.2	846	"chr8"	"CpG"	"hg38"
35.2	798	"chr9"	"CpG"	"hg38"
35.2	662	"chrX"	"CpG"	"hg38"
35.2	106	"chrY"	"CpG"	"hg38"
35.3	1424	"chr1"	"CpG"	"hg38"
35.3	904	"chr10"	"CpG"	"hg38"
35.3	910	"chr11"	"CpG"	"hg38"
35.3	794	"chr12"	"CpG"	"hg38"
35.3	608	"chr13"	"CpG"	"hg38"
35.3	572	"chr14"	"CpG"	"hg38"
35.3	540	"chr15"	"CpG"	"hg38"
35.3	626	"chr16"	"CpG"	"hg38"
35.3	552	"chr17"	"CpG"	"hg38"
35.3	498	"chr18"	"CpG"	"hg38"
35.3	376	"chr19"	"CpG"	"hg38"
35.3	1418	"chr2"	"CpG"	"hg38"
35.3	440	"chr20"	"CpG"	"hg38"
35.3	338	"chr21"	"CpG"	"hg38"
35.3	302	"chr22"	"CpG"	"hg38"
35.3	1078	"chr3"	"CpG"	"hg38"
35.3	1064	"chr4"	"CpG"	"hg38"
35.3	1072	"chr5"	"CpG"	"hg38"
35.3	1002	"chr6"	"CpG"	"hg38"
35.3	978	"chr7"	"CpG"	"hg38"
35.3	974	"chr8"	"CpG"	"hg38"
35.3	736	"chr9"	"CpG"	"hg38"
35.3	666	"chrX"	"CpG"	"hg38"
35.3	106	"chrY"	"CpG"	"hg38"
35.4	1394	"chr1"	"CpG"	"hg38"
35.4	916	"chr10"	"CpG"	"hg38"
35.4	898	"chr11"	"CpG"	"hg38"
35.4	770	"chr12"	"CpG"	"hg38"
35.4	602	"chr13"	"CpG"	"hg38"
35.4	566	"chr14"	"CpG"	"hg38"
35.4	576	"chr15"	"CpG"	"hg38"
35.4	550	"chr16"	"CpG"	"hg38"
35.4	568	"chr17"	"CpG"	"hg38"
35.4	500	"chr18"	"CpG"	"hg38"
35.4	384	"chr19"	"CpG"	"hg38"
35.4	1442	"chr2"	"CpG"	"hg38"
35.4	486	"chr20"	"CpG"	"hg38"
35.4	304	"chr21"	"CpG"	"hg38"
35.4	314	"chr22"	"CpG"	"hg38"
35.4	1066	"chr3"	"CpG"	"hg38"
35.4	1090	"chr4"	"CpG"	"hg38"
35.4	1092	"chr5"	"CpG"	"hg38"
35.4	962	"chr6"	"CpG"	"hg38"
35.4	936	"chr7"	"CpG"	"hg38"
35.4	1004	"chr8"	"CpG"	"hg38"
35.4	700	"chr9"	"CpG"	"hg38"
35.4	662	"chrX"	"CpG"	"hg38"
35.4	98	"chrY"	"CpG"	"hg38"
35.5	1302	"chr1"	"CpG"	"hg38"
35.5	896	"chr10"	"CpG"	"hg38"
35.5	892	"chr11"	"CpG"	"hg38"
35.5	754	"chr12"	"CpG"	"hg38"
35.5	612	"chr13"	"CpG"	"hg38"
35.5	544	"chr14"	"CpG"	"hg38"
35.5	494	"chr15"	"CpG"	"hg38"
35.5	620	"chr16"	"CpG"	"hg38"
35.5	574	"chr17"	"CpG"	"hg38"
35.5	512	"chr18"	"CpG"	"hg38"
35.5	450	"chr19"	"CpG"	"hg38"
35.5	1408	"chr2"	"CpG"	"hg38"
35.5	504	"chr20"	"CpG"	"hg38"
35.5	298	"chr21"	"CpG"	"hg38"
35.5	342	"chr22"	"CpG"	"hg38"
35.5	1122	"chr3"	"CpG"	"hg38"
35.5	1100	"chr4"	"CpG"	"hg38"
35.5	1042	"chr5"	"CpG"	"hg38"
35.5	980	"chr6"	"CpG"	"hg38"
35.5	968	"chr7"	"CpG"	"hg38"
35.5	1024	"chr8"	"CpG"	"hg38"
35.5	690	"chr9"	"CpG"	"hg38"
35.5	746	"chrX"	"CpG"	"hg38"
35.5	118	"chrY"	"CpG"	"hg38"
35.6	1396	"chr1"	"CpG"	"hg38"
35.6	874	"chr10"	"CpG"	"hg38"
35.6	900	"chr11"	"CpG"	"hg38"
35.6	722	"chr12"	"CpG"	"hg38"
35.6	634	"chr13"	"CpG"	"hg38"
35.6	590	"chr14"	"CpG"	"hg38"
35.6	518	"chr15"	"CpG"	"hg38"
35.6	600	"chr16"	"CpG"	"hg38"
35.6	638	"chr17"	"CpG"	"hg38"
35.6	500	"chr18"	"CpG"	"hg38"
35.6	428	"chr19"	"CpG"	"hg38"
35.6	1398	"chr2"	"CpG"	"hg38"
35.6	440	"chr20"	"CpG"	"hg38"
35.6	326	"chr21"	"CpG"	"hg38"
35.6	288	"chr22"	"CpG"	"hg38"
35.6	1120	"chr3"	"CpG"	"hg38"
35.6	996	"chr4"	"CpG"	"hg38"
35.6	1046	"chr5"	"CpG"	"hg38"
35.6	916	"chr6"	"CpG"	"hg38"
35.6	938	"chr7"	"CpG"	"hg38"
35.6	974	"chr8"	"CpG"	"hg38"
35.6	700	"chr9"	"CpG"	"hg38"
35.6	704	"chrX"	"CpG"	"hg38"
35.6	84	"chrY"	"CpG"	"hg38"
35.7	1516	"chr1"	"CpG"	"hg38"
35.7	918	"chr10"	"CpG"	"hg38"
35.7	912	"chr11"	"CpG"	"hg38"
35.7	780	"chr12"	"CpG"	"hg38"
35.7	640	"chr13"	"CpG"	"hg38"
35.7	550	"chr14"	"CpG"	"hg38"
35.7	572	"chr15"	"CpG"	"hg38"
35.7	590	"chr16"	"CpG"	"hg38"
35.7	554	"chr17"	"CpG"	"hg38"
35.7	516	"chr18"	"CpG"	"hg38"
35.7	414	"chr19"	"CpG"	"hg38"
35.7	1514	"chr2"	"CpG"	"hg38"
35.7	492	"chr20"	"CpG"	"hg38"
35.7	316	"chr21"	"CpG"	"hg38"
35.7	312	"chr22"	"CpG"	"hg38"
35.7	1066	"chr3"	"CpG"	"hg38"
35.7	1108	"chr4"	"CpG"	"hg38"
35.7	1054	"chr5"	"CpG"	"hg38"
35.7	926	"chr6"	"CpG"	"hg38"
35.7	1052	"chr7"	"CpG"	"hg38"
35.7	936	"chr8"	"CpG"	"hg38"
35.7	670	"chr9"	"CpG"	"hg38"
35.7	662	"chrX"	"CpG"	"hg38"
35.7	110	"chrY"	"CpG"	"hg38"
35.8	1370	"chr1"	"CpG"	"hg38"
35.8	870	"chr10"	"CpG"	"hg38"
35.8	864	"chr11"	"CpG"	"hg38"
35.8	724	"chr12"	"CpG"	"hg38"
35.8	650	"chr13"	"CpG"	"hg38"
35.8	568	"chr14"	"CpG"	"hg38"
35.8	594	"chr15"	"CpG"	"hg38"
35.8	594	"chr16"	"CpG"	"hg38"
35.8	542	"chr17"	"CpG"	"hg38"
35.8	532	"chr18"	"CpG"	"hg38"
35.8	364	"chr19"	"CpG"	"hg38"
35.8	1374	"chr2"	"CpG"	"hg38"
35.8	482	"chr20"	"CpG"	"hg38"
35.8	310	"chr21"	"CpG"	"hg38"
35.8	308	"chr22"	"CpG"	"hg38"
35.8	1092	"chr3"	"CpG"	"hg38"
35.8	1094	"chr4"	"CpG"	"hg38"
35.8	1032	"chr5"	"CpG"	"hg38"
35.8	918	"chr6"	"CpG"	"hg38"
35.8	984	"chr7"	"CpG"	"hg38"
35.8	882	"chr8"	"CpG"	"hg38"
35.8	810	"chr9"	"CpG"	"hg38"
35.8	652	"chrX"	"CpG"	"hg38"
35.8	144	"chrY"	"CpG"	"hg38"
35.9	1498	"chr1"	"CpG"	"hg38"
35.9	898	"chr10"	"CpG"	"hg38"
35.9	904	"chr11"	"CpG"	"hg38"
35.9	720	"chr12"	"CpG"	"hg38"
35.9	676	"chr13"	"CpG"	"hg38"
35.9	500	"chr14"	"CpG"	"hg38"
35.9	568	"chr15"	"CpG"	"hg38"
35.9	638	"chr16"	"CpG"	"hg38"
35.9	586	"chr17"	"CpG"	"hg38"
35.9	590	"chr18"	"CpG"	"hg38"
35.9	412	"chr19"	"CpG"	"hg38"
35.9	1424	"chr2"	"CpG"	"hg38"
35.9	420	"chr20"	"CpG"	"hg38"
35.9	322	"chr21"	"CpG"	"hg38"
35.9	322	"chr22"	"CpG"	"hg38"
35.9	1022	"chr3"	"CpG"	"hg38"
35.9	1070	"chr4"	"CpG"	"hg38"
35.9	1102	"chr5"	"CpG"	"hg38"
35.9	930	"chr6"	"CpG"	"hg38"
35.9	968	"chr7"	"CpG"	"hg38"
35.9	950	"chr8"	"CpG"	"hg38"
35.9	772	"chr9"	"CpG"	"hg38"
35.9	704	"chrX"	"CpG"	"hg38"
35.9	112	"chrY"	"CpG"	"hg38"
36	1444	"chr1"	"CpG"	"hg38"
36	842	"chr10"	"CpG"	"hg38"
36	874	"chr11"	"CpG"	"hg38"
36	718	"chr12"	"CpG"	"hg38"
36	594	"chr13"	"CpG"	"hg38"
36	548	"chr14"	"CpG"	"hg38"
36	590	"chr15"	"CpG"	"hg38"
36	640	"chr16"	"CpG"	"hg38"
36	582	"chr17"	"CpG"	"hg38"
36	526	"chr18"	"CpG"	"hg38"
36	368	"chr19"	"CpG"	"hg38"
36	1450	"chr2"	"CpG"	"hg38"
36	528	"chr20"	"CpG"	"hg38"
36	256	"chr21"	"CpG"	"hg38"
36	346	"chr22"	"CpG"	"hg38"
36	1186	"chr3"	"CpG"	"hg38"
36	1130	"chr4"	"CpG"	"hg38"
36	1070	"chr5"	"CpG"	"hg38"
36	888	"chr6"	"CpG"	"hg38"
36	980	"chr7"	"CpG"	"hg38"
36	946	"chr8"	"CpG"	"hg38"
36	760	"chr9"	"CpG"	"hg38"
36	652	"chrX"	"CpG"	"hg38"
36	124	"chrY"	"CpG"	"hg38"
36.1	1442	"chr1"	"CpG"	"hg38"
36.1	828	"chr10"	"CpG"	"hg38"
36.1	910	"chr11"	"CpG"	"hg38"
36.1	726	"chr12"	"CpG"	"hg38"
36.1	580	"chr13"	"CpG"	"hg38"
36.1	540	"chr14"	"CpG"	"hg38"
36.1	594	"chr15"	"CpG"	"hg38"
36.1	594	"chr16"	"CpG"	"hg38"
36.1	608	"chr17"	"CpG"	"hg38"
36.1	506	"chr18"	"CpG"	"hg38"
36.1	408	"chr19"	"CpG"	"hg38"
36.1	1514	"chr2"	"CpG"	"hg38"
36.1	560	"chr20"	"CpG"	"hg38"
36.1	246	"chr21"	"CpG"	"hg38"
36.1	372	"chr22"	"CpG"	"hg38"
36.1	1056	"chr3"	"CpG"	"hg38"
36.1	1084	"chr4"	"CpG"	"hg38"
36.1	948	"chr5"	"CpG"	"hg38"
36.1	1054	"chr6"	"CpG"	"hg38"
36.1	1052	"chr7"	"CpG"	"hg38"
36.1	912	"chr8"	"CpG"	"hg38"
36.1	734	"chr9"	"CpG"	"hg38"
36.1	638	"chrX"	"CpG"	"hg38"
36.1	122	"chrY"	"CpG"	"hg38"
36.2	1490	"chr1"	"CpG"	"hg38"
36.2	946	"chr10"	"CpG"	"hg38"
36.2	890	"chr11"	"CpG"	"hg38"
36.2	756	"chr12"	"CpG"	"hg38"
36.2	614	"chr13"	"CpG"	"hg38"
36.2	552	"chr14"	"CpG"	"hg38"
36.2	574	"chr15"	"CpG"	"hg38"
36.2	626	"chr16"	"CpG"	"hg38"
36.2	562	"chr17"	"CpG"	"hg38"
36.2	550	"chr18"	"CpG"	"hg38"
36.2	452	"chr19"	"CpG"	"hg38"
36.2	1528	"chr2"	"CpG"	"hg38"
36.2	468	"chr20"	"CpG"	"hg38"
36.2	308	"chr21"	"CpG"	"hg38"
36.2	322	"chr22"	"CpG"	"hg38"
36.2	1094	"chr3"	"CpG"	"hg38"
36.2	1098	"chr4"	"CpG"	"hg38"
36.2	1054	"chr5"	"CpG"	"hg38"
36.2	960	"chr6"	"CpG"	"hg38"
36.2	956	"chr7"	"CpG"	"hg38"
36.2	952	"chr8"	"CpG"	"hg38"
36.2	758	"chr9"	"CpG"	"hg38"
36.2	642	"chrX"	"CpG"	"hg38"
36.2	100	"chrY"	"CpG"	"hg38"
36.3	1460	"chr1"	"CpG"	"hg38"
36.3	1004	"chr10"	"CpG"	"hg38"
36.3	994	"chr11"	"CpG"	"hg38"
36.3	736	"chr12"	"CpG"	"hg38"
36.3	666	"chr13"	"CpG"	"hg38"
36.3	588	"chr14"	"CpG"	"hg38"
36.3	534	"chr15"	"CpG"	"hg38"
36.3	620	"chr16"	"CpG"	"hg38"
36.3	640	"chr17"	"CpG"	"hg38"
36.3	540	"chr18"	"CpG"	"hg38"
36.3	390	"chr19"	"CpG"	"hg38"
36.3	1500	"chr2"	"CpG"	"hg38"
36.3	482	"chr20"	"CpG"	"hg38"
36.3	298	"chr21"	"CpG"	"hg38"
36.3	312	"chr22"	"CpG"	"hg38"
36.3	1088	"chr3"	"CpG"	"hg38"
36.3	1018	"chr4"	"CpG"	"hg38"
36.3	1042	"chr5"	"CpG"	"hg38"
36.3	1020	"chr6"	"CpG"	"hg38"
36.3	1004	"chr7"	"CpG"	"hg38"
36.3	1034	"chr8"	"CpG"	"hg38"
36.3	750	"chr9"	"CpG"	"hg38"
36.3	636	"chrX"	"CpG"	"hg38"
36.3	128	"chrY"	"CpG"	"hg38"
36.4	1434	"chr1"	"CpG"	"hg38"
36.4	934	"chr10"	"CpG"	"hg38"
36.4	942	"chr11"	"CpG"	"hg38"
36.4	814	"chr12"	"CpG"	"hg38"
36.4	630	"chr13"	"CpG"	"hg38"
36.4	538	"chr14"	"CpG"	"hg38"
36.4	528	"chr15"	"CpG"	"hg38"
36.4	642	"chr16"	"CpG"	"hg38"
36.4	596	"chr17"	"CpG"	"hg38"
36.4	498	"chr18"	"CpG"	"hg38"
36.4	408	"chr19"	"CpG"	"hg38"
36.4	1410	"chr2"	"CpG"	"hg38"
36.4	440	"chr20"	"CpG"	"hg38"
36.4	296	"chr21"	"CpG"	"hg38"
36.4	338	"chr22"	"CpG"	"hg38"
36.4	1166	"chr3"	"CpG"	"hg38"
36.4	1138	"chr4"	"CpG"	"hg38"
36.4	1088	"chr5"	"CpG"	"hg38"
36.4	990	"chr6"	"CpG"	"hg38"
36.4	1030	"chr7"	"CpG"	"hg38"
36.4	994	"chr8"	"CpG"	"hg38"
36.4	800	"chr9"	"CpG"	"hg38"
36.4	664	"chrX"	"CpG"	"hg38"
36.4	124	"chrY"	"CpG"	"hg38"
36.5	1458	"chr1"	"CpG"	"hg38"
36.5	894	"chr10"	"CpG"	"hg38"
36.5	860	"chr11"	"CpG"	"hg38"
36.5	812	"chr12"	"CpG"	"hg38"
36.5	654	"chr13"	"CpG"	"hg38"
36.5	562	"chr14"	"CpG"	"hg38"
36.5	576	"chr15"	"CpG"	"hg38"
36.5	646	"chr16"	"CpG"	"hg38"
36.5	574	"chr17"	"CpG"	"hg38"
36.5	534	"chr18"	"CpG"	"hg38"
36.5	370	"chr19"	"CpG"	"hg38"
36.5	1480	"chr2"	"CpG"	"hg38"
36.5	456	"chr20"	"CpG"	"hg38"
36.5	290	"chr21"	"CpG"	"hg38"
36.5	370	"chr22"	"CpG"	"hg38"
36.5	1062	"chr3"	"CpG"	"hg38"
36.5	1128	"chr4"	"CpG"	"hg38"
36.5	1178	"chr5"	"CpG"	"hg38"
36.5	978	"chr6"	"CpG"	"hg38"
36.5	1058	"chr7"	"CpG"	"hg38"
36.5	946	"chr8"	"CpG"	"hg38"
36.5	816	"chr9"	"CpG"	"hg38"
36.5	614	"chrX"	"CpG"	"hg38"
36.5	120	"chrY"	"CpG"	"hg38"
36.6	1478	"chr1"	"CpG"	"hg38"
36.6	918	"chr10"	"CpG"	"hg38"
36.6	900	"chr11"	"CpG"	"hg38"
36.6	802	"chr12"	"CpG"	"hg38"
36.6	618	"chr13"	"CpG"	"hg38"
36.6	544	"chr14"	"CpG"	"hg38"
36.6	588	"chr15"	"CpG"	"hg38"
36.6	608	"chr16"	"CpG"	"hg38"
36.6	548	"chr17"	"CpG"	"hg38"
36.6	530	"chr18"	"CpG"	"hg38"
36.6	502	"chr19"	"CpG"	"hg38"
36.6	1464	"chr2"	"CpG"	"hg38"
36.6	554	"chr20"	"CpG"	"hg38"
36.6	336	"chr21"	"CpG"	"hg38"
36.6	326	"chr22"	"CpG"	"hg38"
36.6	1190	"chr3"	"CpG"	"hg38"
36.6	1144	"chr4"	"CpG"	"hg38"
36.6	1040	"chr5"	"CpG"	"hg38"
36.6	954	"chr6"	"CpG"	"hg38"
36.6	1036	"chr7"	"CpG"	"hg38"
36.6	992	"chr8"	"CpG"	"hg38"
36.6	742	"chr9"	"CpG"	"hg38"
36.6	636	"chrX"	"CpG"	"hg38"
36.6	102	"chrY"	"CpG"	"hg38"
36.7	1396	"chr1"	"CpG"	"hg38"
36.7	946	"chr10"	"CpG"	"hg38"
36.7	916	"chr11"	"CpG"	"hg38"
36.7	752	"chr12"	"CpG"	"hg38"
36.7	620	"chr13"	"CpG"	"hg38"
36.7	596	"chr14"	"CpG"	"hg38"
36.7	544	"chr15"	"CpG"	"hg38"
36.7	636	"chr16"	"CpG"	"hg38"
36.7	574	"chr17"	"CpG"	"hg38"
36.7	576	"chr18"	"CpG"	"hg38"
36.7	438	"chr19"	"CpG"	"hg38"
36.7	1418	"chr2"	"CpG"	"hg38"
36.7	484	"chr20"	"CpG"	"hg38"
36.7	332	"chr21"	"CpG"	"hg38"
36.7	358	"chr22"	"CpG"	"hg38"
36.7	1080	"chr3"	"CpG"	"hg38"
36.7	1138	"chr4"	"CpG"	"hg38"
36.7	1000	"chr5"	"CpG"	"hg38"
36.7	940	"chr6"	"CpG"	"hg38"
36.7	998	"chr7"	"CpG"	"hg38"
36.7	992	"chr8"	"CpG"	"hg38"
36.7	746	"chr9"	"CpG"	"hg38"
36.7	678	"chrX"	"CpG"	"hg38"
36.7	120	"chrY"	"CpG"	"hg38"
36.8	1460	"chr1"	"CpG"	"hg38"
36.8	876	"chr10"	"CpG"	"hg38"
36.8	948	"chr11"	"CpG"	"hg38"
36.8	794	"chr12"	"CpG"	"hg38"
36.8	650	"chr13"	"CpG"	"hg38"
36.8	624	"chr14"	"CpG"	"hg38"
36.8	532	"chr15"	"CpG"	"hg38"
36.8	678	"chr16"	"CpG"	"hg38"
36.8	554	"chr17"	"CpG"	"hg38"
36.8	570	"chr18"	"CpG"	"hg38"
36.8	440	"chr19"	"CpG"	"hg38"
36.8	1470	"chr2"	"CpG"	"hg38"
36.8	504	"chr20"	"CpG"	"hg38"
36.8	300	"chr21"	"CpG"	"hg38"
36.8	310	"chr22"	"CpG"	"hg38"
36.8	1218	"chr3"	"CpG"	"hg38"
36.8	1110	"chr4"	"CpG"	"hg38"
36.8	1100	"chr5"	"CpG"	"hg38"
36.8	896	"chr6"	"CpG"	"hg38"
36.8	1080	"chr7"	"CpG"	"hg38"
36.8	1020	"chr8"	"CpG"	"hg38"
36.8	730	"chr9"	"CpG"	"hg38"
36.8	608	"chrX"	"CpG"	"hg38"
36.8	104	"chrY"	"CpG"	"hg38"
36.9	1418	"chr1"	"CpG"	"hg38"
36.9	1002	"chr10"	"CpG"	"hg38"
36.9	930	"chr11"	"CpG"	"hg38"
36.9	816	"chr12"	"CpG"	"hg38"
36.9	638	"chr13"	"CpG"	"hg38"
36.9	556	"chr14"	"CpG"	"hg38"
36.9	538	"chr15"	"CpG"	"hg38"
36.9	626	"chr16"	"CpG"	"hg38"
36.9	588	"chr17"	"CpG"	"hg38"
36.9	520	"chr18"	"CpG"	"hg38"
36.9	530	"chr19"	"CpG"	"hg38"
36.9	1510	"chr2"	"CpG"	"hg38"
36.9	550	"chr20"	"CpG"	"hg38"
36.9	302	"chr21"	"CpG"	"hg38"
36.9	362	"chr22"	"CpG"	"hg38"
36.9	1130	"chr3"	"CpG"	"hg38"
36.9	1156	"chr4"	"CpG"	"hg38"
36.9	1138	"chr5"	"CpG"	"hg38"
36.9	960	"chr6"	"CpG"	"hg38"
36.9	1016	"chr7"	"CpG"	"hg38"
36.9	976	"chr8"	"CpG"	"hg38"
36.9	692	"chr9"	"CpG"	"hg38"
36.9	594	"chrX"	"CpG"	"hg38"
36.9	122	"chrY"	"CpG"	"hg38"
37	1470	"chr1"	"CpG"	"hg38"
37	860	"chr10"	"CpG"	"hg38"
37	972	"chr11"	"CpG"	"hg38"
37	812	"chr12"	"CpG"	"hg38"
37	718	"chr13"	"CpG"	"hg38"
37	564	"chr14"	"CpG"	"hg38"
37	592	"chr15"	"CpG"	"hg38"
37	634	"chr16"	"CpG"	"hg38"
37	536	"chr17"	"CpG"	"hg38"
37	508	"chr18"	"CpG"	"hg38"
37	456	"chr19"	"CpG"	"hg38"
37	1534	"chr2"	"CpG"	"hg38"
37	508	"chr20"	"CpG"	"hg38"
37	334	"chr21"	"CpG"	"hg38"
37	366	"chr22"	"CpG"	"hg38"
37	1082	"chr3"	"CpG"	"hg38"
37	1220	"chr4"	"CpG"	"hg38"
37	1052	"chr5"	"CpG"	"hg38"
37	966	"chr6"	"CpG"	"hg38"
37	1080	"chr7"	"CpG"	"hg38"
37	978	"chr8"	"CpG"	"hg38"
37	768	"chr9"	"CpG"	"hg38"
37	682	"chrX"	"CpG"	"hg38"
37	84	"chrY"	"CpG"	"hg38"
37.1	1396	"chr1"	"CpG"	"hg38"
37.1	876	"chr10"	"CpG"	"hg38"
37.1	912	"chr11"	"CpG"	"hg38"
37.1	904	"chr12"	"CpG"	"hg38"
37.1	642	"chr13"	"CpG"	"hg38"
37.1	576	"chr14"	"CpG"	"hg38"
37.1	570	"chr15"	"CpG"	"hg38"
37.1	668	"chr16"	"CpG"	"hg38"
37.1	594	"chr17"	"CpG"	"hg38"
37.1	572	"chr18"	"CpG"	"hg38"
37.1	460	"chr19"	"CpG"	"hg38"
37.1	1448	"chr2"	"CpG"	"hg38"
37.1	542	"chr20"	"CpG"	"hg38"
37.1	260	"chr21"	"CpG"	"hg38"
37.1	306	"chr22"	"CpG"	"hg38"
37.1	1142	"chr3"	"CpG"	"hg38"
37.1	1170	"chr4"	"CpG"	"hg38"
37.1	1086	"chr5"	"CpG"	"hg38"
37.1	1008	"chr6"	"CpG"	"hg38"
37.1	1034	"chr7"	"CpG"	"hg38"
37.1	1074	"chr8"	"CpG"	"hg38"
37.1	762	"chr9"	"CpG"	"hg38"
37.1	666	"chrX"	"CpG"	"hg38"
37.1	88	"chrY"	"CpG"	"hg38"
37.2	1452	"chr1"	"CpG"	"hg38"
37.2	934	"chr10"	"CpG"	"hg38"
37.2	924	"chr11"	"CpG"	"hg38"
37.2	792	"chr12"	"CpG"	"hg38"
37.2	654	"chr13"	"CpG"	"hg38"
37.2	556	"chr14"	"CpG"	"hg38"
37.2	522	"chr15"	"CpG"	"hg38"
37.2	620	"chr16"	"CpG"	"hg38"
37.2	590	"chr17"	"CpG"	"hg38"
37.2	536	"chr18"	"CpG"	"hg38"
37.2	460	"chr19"	"CpG"	"hg38"
37.2	1592	"chr2"	"CpG"	"hg38"
37.2	492	"chr20"	"CpG"	"hg38"
37.2	306	"chr21"	"CpG"	"hg38"
37.2	294	"chr22"	"CpG"	"hg38"
37.2	1118	"chr3"	"CpG"	"hg38"
37.2	1142	"chr4"	"CpG"	"hg38"
37.2	1224	"chr5"	"CpG"	"hg38"
37.2	960	"chr6"	"CpG"	"hg38"
37.2	1074	"chr7"	"CpG"	"hg38"
37.2	1080	"chr8"	"CpG"	"hg38"
37.2	804	"chr9"	"CpG"	"hg38"
37.2	684	"chrX"	"CpG"	"hg38"
37.2	108	"chrY"	"CpG"	"hg38"
37.3	1556	"chr1"	"CpG"	"hg38"
37.3	968	"chr10"	"CpG"	"hg38"
37.3	970	"chr11"	"CpG"	"hg38"
37.3	826	"chr12"	"CpG"	"hg38"
37.3	666	"chr13"	"CpG"	"hg38"
37.3	612	"chr14"	"CpG"	"hg38"
37.3	534	"chr15"	"CpG"	"hg38"
37.3	660	"chr16"	"CpG"	"hg38"
37.3	586	"chr17"	"CpG"	"hg38"
37.3	548	"chr18"	"CpG"	"hg38"
37.3	438	"chr19"	"CpG"	"hg38"
37.3	1504	"chr2"	"CpG"	"hg38"
37.3	502	"chr20"	"CpG"	"hg38"
37.3	352	"chr21"	"CpG"	"hg38"
37.3	376	"chr22"	"CpG"	"hg38"
37.3	1192	"chr3"	"CpG"	"hg38"
37.3	1116	"chr4"	"CpG"	"hg38"
37.3	1092	"chr5"	"CpG"	"hg38"
37.3	1014	"chr6"	"CpG"	"hg38"
37.3	1078	"chr7"	"CpG"	"hg38"
37.3	1030	"chr8"	"CpG"	"hg38"
37.3	804	"chr9"	"CpG"	"hg38"
37.3	632	"chrX"	"CpG"	"hg38"
37.3	118	"chrY"	"CpG"	"hg38"
37.4	1460	"chr1"	"CpG"	"hg38"
37.4	878	"chr10"	"CpG"	"hg38"
37.4	1022	"chr11"	"CpG"	"hg38"
37.4	746	"chr12"	"CpG"	"hg38"
37.4	696	"chr13"	"CpG"	"hg38"
37.4	608	"chr14"	"CpG"	"hg38"
37.4	526	"chr15"	"CpG"	"hg38"
37.4	684	"chr16"	"CpG"	"hg38"
37.4	572	"chr17"	"CpG"	"hg38"
37.4	528	"chr18"	"CpG"	"hg38"
37.4	444	"chr19"	"CpG"	"hg38"
37.4	1584	"chr2"	"CpG"	"hg38"
37.4	560	"chr20"	"CpG"	"hg38"
37.4	298	"chr21"	"CpG"	"hg38"
37.4	324	"chr22"	"CpG"	"hg38"
37.4	1160	"chr3"	"CpG"	"hg38"
37.4	1186	"chr4"	"CpG"	"hg38"
37.4	1128	"chr5"	"CpG"	"hg38"
37.4	982	"chr6"	"CpG"	"hg38"
37.4	1058	"chr7"	"CpG"	"hg38"
37.4	1006	"chr8"	"CpG"	"hg38"
37.4	738	"chr9"	"CpG"	"hg38"
37.4	648	"chrX"	"CpG"	"hg38"
37.4	140	"chrY"	"CpG"	"hg38"
37.5	1550	"chr1"	"CpG"	"hg38"
37.5	926	"chr10"	"CpG"	"hg38"
37.5	946	"chr11"	"CpG"	"hg38"
37.5	822	"chr12"	"CpG"	"hg38"
37.5	666	"chr13"	"CpG"	"hg38"
37.5	566	"chr14"	"CpG"	"hg38"
37.5	618	"chr15"	"CpG"	"hg38"
37.5	644	"chr16"	"CpG"	"hg38"
37.5	612	"chr17"	"CpG"	"hg38"
37.5	490	"chr18"	"CpG"	"hg38"
37.5	432	"chr19"	"CpG"	"hg38"
37.5	1524	"chr2"	"CpG"	"hg38"
37.5	568	"chr20"	"CpG"	"hg38"
37.5	326	"chr21"	"CpG"	"hg38"
37.5	338	"chr22"	"CpG"	"hg38"
37.5	1212	"chr3"	"CpG"	"hg38"
37.5	1156	"chr4"	"CpG"	"hg38"
37.5	1064	"chr5"	"CpG"	"hg38"
37.5	954	"chr6"	"CpG"	"hg38"
37.5	1074	"chr7"	"CpG"	"hg38"
37.5	938	"chr8"	"CpG"	"hg38"
37.5	824	"chr9"	"CpG"	"hg38"
37.5	652	"chrX"	"CpG"	"hg38"
37.5	120	"chrY"	"CpG"	"hg38"
37.6	1540	"chr1"	"CpG"	"hg38"
37.6	980	"chr10"	"CpG"	"hg38"
37.6	992	"chr11"	"CpG"	"hg38"
37.6	820	"chr12"	"CpG"	"hg38"
37.6	646	"chr13"	"CpG"	"hg38"
37.6	540	"chr14"	"CpG"	"hg38"
37.6	660	"chr15"	"CpG"	"hg38"
37.6	700	"chr16"	"CpG"	"hg38"
37.6	568	"chr17"	"CpG"	"hg38"
37.6	584	"chr18"	"CpG"	"hg38"
37.6	398	"chr19"	"CpG"	"hg38"
37.6	1510	"chr2"	"CpG"	"hg38"
37.6	536	"chr20"	"CpG"	"hg38"
37.6	304	"chr21"	"CpG"	"hg38"
37.6	306	"chr22"	"CpG"	"hg38"
37.6	1186	"chr3"	"CpG"	"hg38"
37.6	1240	"chr4"	"CpG"	"hg38"
37.6	1158	"chr5"	"CpG"	"hg38"
37.6	930	"chr6"	"CpG"	"hg38"
37.6	1100	"chr7"	"CpG"	"hg38"
37.6	1072	"chr8"	"CpG"	"hg38"
37.6	802	"chr9"	"CpG"	"hg38"
37.6	656	"chrX"	"CpG"	"hg38"
37.6	124	"chrY"	"CpG"	"hg38"
37.7	1486	"chr1"	"CpG"	"hg38"
37.7	918	"chr10"	"CpG"	"hg38"
37.7	924	"chr11"	"CpG"	"hg38"
37.7	792	"chr12"	"CpG"	"hg38"
37.7	664	"chr13"	"CpG"	"hg38"
37.7	532	"chr14"	"CpG"	"hg38"
37.7	606	"chr15"	"CpG"	"hg38"
37.7	732	"chr16"	"CpG"	"hg38"
37.7	596	"chr17"	"CpG"	"hg38"
37.7	496	"chr18"	"CpG"	"hg38"
37.7	452	"chr19"	"CpG"	"hg38"
37.7	1606	"chr2"	"CpG"	"hg38"
37.7	512	"chr20"	"CpG"	"hg38"
37.7	344	"chr21"	"CpG"	"hg38"
37.7	316	"chr22"	"CpG"	"hg38"
37.7	1156	"chr3"	"CpG"	"hg38"
37.7	1144	"chr4"	"CpG"	"hg38"
37.7	1246	"chr5"	"CpG"	"hg38"
37.7	1016	"chr6"	"CpG"	"hg38"
37.7	1130	"chr7"	"CpG"	"hg38"
37.7	1060	"chr8"	"CpG"	"hg38"
37.7	874	"chr9"	"CpG"	"hg38"
37.7	680	"chrX"	"CpG"	"hg38"
37.7	96	"chrY"	"CpG"	"hg38"
37.8	1646	"chr1"	"CpG"	"hg38"
37.8	986	"chr10"	"CpG"	"hg38"
37.8	976	"chr11"	"CpG"	"hg38"
37.8	840	"chr12"	"CpG"	"hg38"
37.8	658	"chr13"	"CpG"	"hg38"
37.8	562	"chr14"	"CpG"	"hg38"
37.8	572	"chr15"	"CpG"	"hg38"
37.8	656	"chr16"	"CpG"	"hg38"
37.8	624	"chr17"	"CpG"	"hg38"
37.8	552	"chr18"	"CpG"	"hg38"
37.8	456	"chr19"	"CpG"	"hg38"
37.8	1524	"chr2"	"CpG"	"hg38"
37.8	522	"chr20"	"CpG"	"hg38"
37.8	328	"chr21"	"CpG"	"hg38"
37.8	368	"chr22"	"CpG"	"hg38"
37.8	1212	"chr3"	"CpG"	"hg38"
37.8	1242	"chr4"	"CpG"	"hg38"
37.8	1192	"chr5"	"CpG"	"hg38"
37.8	968	"chr6"	"CpG"	"hg38"
37.8	1100	"chr7"	"CpG"	"hg38"
37.8	934	"chr8"	"CpG"	"hg38"
37.8	752	"chr9"	"CpG"	"hg38"
37.8	664	"chrX"	"CpG"	"hg38"
37.8	132	"chrY"	"CpG"	"hg38"
37.9	1452	"chr1"	"CpG"	"hg38"
37.9	1042	"chr10"	"CpG"	"hg38"
37.9	1010	"chr11"	"CpG"	"hg38"
37.9	796	"chr12"	"CpG"	"hg38"
37.9	686	"chr13"	"CpG"	"hg38"
37.9	662	"chr14"	"CpG"	"hg38"
37.9	560	"chr15"	"CpG"	"hg38"
37.9	648	"chr16"	"CpG"	"hg38"
37.9	542	"chr17"	"CpG"	"hg38"
37.9	544	"chr18"	"CpG"	"hg38"
37.9	402	"chr19"	"CpG"	"hg38"
37.9	1558	"chr2"	"CpG"	"hg38"
37.9	550	"chr20"	"CpG"	"hg38"
37.9	352	"chr21"	"CpG"	"hg38"
37.9	342	"chr22"	"CpG"	"hg38"
37.9	1246	"chr3"	"CpG"	"hg38"
37.9	1136	"chr4"	"CpG"	"hg38"
37.9	1094	"chr5"	"CpG"	"hg38"
37.9	1018	"chr6"	"CpG"	"hg38"
37.9	1102	"chr7"	"CpG"	"hg38"
37.9	1040	"chr8"	"CpG"	"hg38"
37.9	778	"chr9"	"CpG"	"hg38"
37.9	674	"chrX"	"CpG"	"hg38"
37.9	114	"chrY"	"CpG"	"hg38"
38	1462	"chr1"	"CpG"	"hg38"
38	920	"chr10"	"CpG"	"hg38"
38	950	"chr11"	"CpG"	"hg38"
38	808	"chr12"	"CpG"	"hg38"
38	716	"chr13"	"CpG"	"hg38"
38	592	"chr14"	"CpG"	"hg38"
38	618	"chr15"	"CpG"	"hg38"
38	718	"chr16"	"CpG"	"hg38"
38	564	"chr17"	"CpG"	"hg38"
38	610	"chr18"	"CpG"	"hg38"
38	430	"chr19"	"CpG"	"hg38"
38	1510	"chr2"	"CpG"	"hg38"
38	574	"chr20"	"CpG"	"hg38"
38	318	"chr21"	"CpG"	"hg38"
38	320	"chr22"	"CpG"	"hg38"
38	1178	"chr3"	"CpG"	"hg38"
38	1154	"chr4"	"CpG"	"hg38"
38	1110	"chr5"	"CpG"	"hg38"
38	974	"chr6"	"CpG"	"hg38"
38	1090	"chr7"	"CpG"	"hg38"
38	1120	"chr8"	"CpG"	"hg38"
38	798	"chr9"	"CpG"	"hg38"
38	642	"chrX"	"CpG"	"hg38"
38	106	"chrY"	"CpG"	"hg38"
38.1	1524	"chr1"	"CpG"	"hg38"
38.1	946	"chr10"	"CpG"	"hg38"
38.1	978	"chr11"	"CpG"	"hg38"
38.1	854	"chr12"	"CpG"	"hg38"
38.1	756	"chr13"	"CpG"	"hg38"
38.1	626	"chr14"	"CpG"	"hg38"
38.1	588	"chr15"	"CpG"	"hg38"
38.1	712	"chr16"	"CpG"	"hg38"
38.1	696	"chr17"	"CpG"	"hg38"
38.1	518	"chr18"	"CpG"	"hg38"
38.1	428	"chr19"	"CpG"	"hg38"
38.1	1480	"chr2"	"CpG"	"hg38"
38.1	506	"chr20"	"CpG"	"hg38"
38.1	330	"chr21"	"CpG"	"hg38"
38.1	344	"chr22"	"CpG"	"hg38"
38.1	1156	"chr3"	"CpG"	"hg38"
38.1	1170	"chr4"	"CpG"	"hg38"
38.1	1150	"chr5"	"CpG"	"hg38"
38.1	1024	"chr6"	"CpG"	"hg38"
38.1	1120	"chr7"	"CpG"	"hg38"
38.1	984	"chr8"	"CpG"	"hg38"
38.1	798	"chr9"	"CpG"	"hg38"
38.1	648	"chrX"	"CpG"	"hg38"
38.1	130	"chrY"	"CpG"	"hg38"
38.2	1532	"chr1"	"CpG"	"hg38"
38.2	1000	"chr10"	"CpG"	"hg38"
38.2	884	"chr11"	"CpG"	"hg38"
38.2	810	"chr12"	"CpG"	"hg38"
38.2	726	"chr13"	"CpG"	"hg38"
38.2	622	"chr14"	"CpG"	"hg38"
38.2	564	"chr15"	"CpG"	"hg38"
38.2	644	"chr16"	"CpG"	"hg38"
38.2	670	"chr17"	"CpG"	"hg38"
38.2	544	"chr18"	"CpG"	"hg38"
38.2	468	"chr19"	"CpG"	"hg38"
38.2	1584	"chr2"	"CpG"	"hg38"
38.2	556	"chr20"	"CpG"	"hg38"
38.2	322	"chr21"	"CpG"	"hg38"
38.2	356	"chr22"	"CpG"	"hg38"
38.2	1230	"chr3"	"CpG"	"hg38"
38.2	1248	"chr4"	"CpG"	"hg38"
38.2	1056	"chr5"	"CpG"	"hg38"
38.2	968	"chr6"	"CpG"	"hg38"
38.2	1022	"chr7"	"CpG"	"hg38"
38.2	1008	"chr8"	"CpG"	"hg38"
38.2	798	"chr9"	"CpG"	"hg38"
38.2	752	"chrX"	"CpG"	"hg38"
38.2	148	"chrY"	"CpG"	"hg38"
38.3	1606	"chr1"	"CpG"	"hg38"
38.3	958	"chr10"	"CpG"	"hg38"
38.3	1006	"chr11"	"CpG"	"hg38"
38.3	800	"chr12"	"CpG"	"hg38"
38.3	716	"chr13"	"CpG"	"hg38"
38.3	540	"chr14"	"CpG"	"hg38"
38.3	606	"chr15"	"CpG"	"hg38"
38.3	728	"chr16"	"CpG"	"hg38"
38.3	576	"chr17"	"CpG"	"hg38"
38.3	596	"chr18"	"CpG"	"hg38"
38.3	504	"chr19"	"CpG"	"hg38"
38.3	1462	"chr2"	"CpG"	"hg38"
38.3	522	"chr20"	"CpG"	"hg38"
38.3	332	"chr21"	"CpG"	"hg38"
38.3	338	"chr22"	"CpG"	"hg38"
38.3	1210	"chr3"	"CpG"	"hg38"
38.3	1174	"chr4"	"CpG"	"hg38"
38.3	1154	"chr5"	"CpG"	"hg38"
38.3	980	"chr6"	"CpG"	"hg38"
38.3	1098	"chr7"	"CpG"	"hg38"
38.3	1050	"chr8"	"CpG"	"hg38"
38.3	872	"chr9"	"CpG"	"hg38"
38.3	660	"chrX"	"CpG"	"hg38"
38.3	114	"chrY"	"CpG"	"hg38"
38.4	1672	"chr1"	"CpG"	"hg38"
38.4	1024	"chr10"	"CpG"	"hg38"
38.4	996	"chr11"	"CpG"	"hg38"
38.4	848	"chr12"	"CpG"	"hg38"
38.4	670	"chr13"	"CpG"	"hg38"
38.4	572	"chr14"	"CpG"	"hg38"
38.4	606	"chr15"	"CpG"	"hg38"
38.4	696	"chr16"	"CpG"	"hg38"
38.4	636	"chr17"	"CpG"	"hg38"
38.4	588	"chr18"	"CpG"	"hg38"
38.4	518	"chr19"	"CpG"	"hg38"
38.4	1480	"chr2"	"CpG"	"hg38"
38.4	506	"chr20"	"CpG"	"hg38"
38.4	310	"chr21"	"CpG"	"hg38"
38.4	330	"chr22"	"CpG"	"hg38"
38.4	1308	"chr3"	"CpG"	"hg38"
38.4	1178	"chr4"	"CpG"	"hg38"
38.4	1160	"chr5"	"CpG"	"hg38"
38.4	998	"chr6"	"CpG"	"hg38"
38.4	1082	"chr7"	"CpG"	"hg38"
38.4	1000	"chr8"	"CpG"	"hg38"
38.4	780	"chr9"	"CpG"	"hg38"
38.4	730	"chrX"	"CpG"	"hg38"
38.4	104	"chrY"	"CpG"	"hg38"
38.5	1506	"chr1"	"CpG"	"hg38"
38.5	920	"chr10"	"CpG"	"hg38"
38.5	990	"chr11"	"CpG"	"hg38"
38.5	916	"chr12"	"CpG"	"hg38"
38.5	782	"chr13"	"CpG"	"hg38"
38.5	572	"chr14"	"CpG"	"hg38"
38.5	634	"chr15"	"CpG"	"hg38"
38.5	648	"chr16"	"CpG"	"hg38"
38.5	596	"chr17"	"CpG"	"hg38"
38.5	610	"chr18"	"CpG"	"hg38"
38.5	500	"chr19"	"CpG"	"hg38"
38.5	1574	"chr2"	"CpG"	"hg38"
38.5	536	"chr20"	"CpG"	"hg38"
38.5	324	"chr21"	"CpG"	"hg38"
38.5	346	"chr22"	"CpG"	"hg38"
38.5	1248	"chr3"	"CpG"	"hg38"
38.5	1226	"chr4"	"CpG"	"hg38"
38.5	1180	"chr5"	"CpG"	"hg38"
38.5	1034	"chr6"	"CpG"	"hg38"
38.5	1158	"chr7"	"CpG"	"hg38"
38.5	1052	"chr8"	"CpG"	"hg38"
38.5	770	"chr9"	"CpG"	"hg38"
38.5	628	"chrX"	"CpG"	"hg38"
38.5	112	"chrY"	"CpG"	"hg38"
38.6	1560	"chr1"	"CpG"	"hg38"
38.6	990	"chr10"	"CpG"	"hg38"
38.6	980	"chr11"	"CpG"	"hg38"
38.6	798	"chr12"	"CpG"	"hg38"
38.6	724	"chr13"	"CpG"	"hg38"
38.6	634	"chr14"	"CpG"	"hg38"
38.6	636	"chr15"	"CpG"	"hg38"
38.6	690	"chr16"	"CpG"	"hg38"
38.6	596	"chr17"	"CpG"	"hg38"
38.6	568	"chr18"	"CpG"	"hg38"
38.6	404	"chr19"	"CpG"	"hg38"
38.6	1582	"chr2"	"CpG"	"hg38"
38.6	580	"chr20"	"CpG"	"hg38"
38.6	328	"chr21"	"CpG"	"hg38"
38.6	312	"chr22"	"CpG"	"hg38"
38.6	1224	"chr3"	"CpG"	"hg38"
38.6	1190	"chr4"	"CpG"	"hg38"
38.6	1194	"chr5"	"CpG"	"hg38"
38.6	1060	"chr6"	"CpG"	"hg38"
38.6	1052	"chr7"	"CpG"	"hg38"
38.6	1086	"chr8"	"CpG"	"hg38"
38.6	840	"chr9"	"CpG"	"hg38"
38.6	706	"chrX"	"CpG"	"hg38"
38.6	116	"chrY"	"CpG"	"hg38"
38.7	1508	"chr1"	"CpG"	"hg38"
38.7	960	"chr10"	"CpG"	"hg38"
38.7	1060	"chr11"	"CpG"	"hg38"
38.7	904	"chr12"	"CpG"	"hg38"
38.7	704	"chr13"	"CpG"	"hg38"
38.7	594	"chr14"	"CpG"	"hg38"
38.7	598	"chr15"	"CpG"	"hg38"
38.7	684	"chr16"	"CpG"	"hg38"
38.7	578	"chr17"	"CpG"	"hg38"
38.7	558	"chr18"	"CpG"	"hg38"
38.7	496	"chr19"	"CpG"	"hg38"
38.7	1576	"chr2"	"CpG"	"hg38"
38.7	554	"chr20"	"CpG"	"hg38"
38.7	318	"chr21"	"CpG"	"hg38"
38.7	350	"chr22"	"CpG"	"hg38"
38.7	1184	"chr3"	"CpG"	"hg38"
38.7	1126	"chr4"	"CpG"	"hg38"
38.7	1234	"chr5"	"CpG"	"hg38"
38.7	1098	"chr6"	"CpG"	"hg38"
38.7	1078	"chr7"	"CpG"	"hg38"
38.7	1058	"chr8"	"CpG"	"hg38"
38.7	860	"chr9"	"CpG"	"hg38"
38.7	688	"chrX"	"CpG"	"hg38"
38.7	164	"chrY"	"CpG"	"hg38"
38.8	1612	"chr1"	"CpG"	"hg38"
38.8	1040	"chr10"	"CpG"	"hg38"
38.8	946	"chr11"	"CpG"	"hg38"
38.8	784	"chr12"	"CpG"	"hg38"
38.8	658	"chr13"	"CpG"	"hg38"
38.8	580	"chr14"	"CpG"	"hg38"
38.8	660	"chr15"	"CpG"	"hg38"
38.8	786	"chr16"	"CpG"	"hg38"
38.8	584	"chr17"	"CpG"	"hg38"
38.8	572	"chr18"	"CpG"	"hg38"
38.8	494	"chr19"	"CpG"	"hg38"
38.8	1524	"chr2"	"CpG"	"hg38"
38.8	504	"chr20"	"CpG"	"hg38"
38.8	346	"chr21"	"CpG"	"hg38"
38.8	348	"chr22"	"CpG"	"hg38"
38.8	1280	"chr3"	"CpG"	"hg38"
38.8	1264	"chr4"	"CpG"	"hg38"
38.8	1102	"chr5"	"CpG"	"hg38"
38.8	1034	"chr6"	"CpG"	"hg38"
38.8	1038	"chr7"	"CpG"	"hg38"
38.8	1088	"chr8"	"CpG"	"hg38"
38.8	878	"chr9"	"CpG"	"hg38"
38.8	672	"chrX"	"CpG"	"hg38"
38.8	116	"chrY"	"CpG"	"hg38"
38.9	1606	"chr1"	"CpG"	"hg38"
38.9	992	"chr10"	"CpG"	"hg38"
38.9	1078	"chr11"	"CpG"	"hg38"
38.9	850	"chr12"	"CpG"	"hg38"
38.9	714	"chr13"	"CpG"	"hg38"
38.9	548	"chr14"	"CpG"	"hg38"
38.9	604	"chr15"	"CpG"	"hg38"
38.9	682	"chr16"	"CpG"	"hg38"
38.9	588	"chr17"	"CpG"	"hg38"
38.9	576	"chr18"	"CpG"	"hg38"
38.9	442	"chr19"	"CpG"	"hg38"
38.9	1504	"chr2"	"CpG"	"hg38"
38.9	618	"chr20"	"CpG"	"hg38"
38.9	344	"chr21"	"CpG"	"hg38"
38.9	388	"chr22"	"CpG"	"hg38"
38.9	1150	"chr3"	"CpG"	"hg38"
38.9	1258	"chr4"	"CpG"	"hg38"
38.9	1116	"chr5"	"CpG"	"hg38"
38.9	1048	"chr6"	"CpG"	"hg38"
38.9	1154	"chr7"	"CpG"	"hg38"
38.9	1140	"chr8"	"CpG"	"hg38"
38.9	802	"chr9"	"CpG"	"hg38"
38.9	742	"chrX"	"CpG"	"hg38"
38.9	108	"chrY"	"CpG"	"hg38"
39	1706	"chr1"	"CpG"	"hg38"
39	1052	"chr10"	"CpG"	"hg38"
39	1032	"chr11"	"CpG"	"hg38"
39	824	"chr12"	"CpG"	"hg38"
39	666	"chr13"	"CpG"	"hg38"
39	596	"chr14"	"CpG"	"hg38"
39	588	"chr15"	"CpG"	"hg38"
39	826	"chr16"	"CpG"	"hg38"
39	652	"chr17"	"CpG"	"hg38"
39	576	"chr18"	"CpG"	"hg38"
39	442	"chr19"	"CpG"	"hg38"
39	1634	"chr2"	"CpG"	"hg38"
39	592	"chr20"	"CpG"	"hg38"
39	320	"chr21"	"CpG"	"hg38"
39	360	"chr22"	"CpG"	"hg38"
39	1114	"chr3"	"CpG"	"hg38"
39	1210	"chr4"	"CpG"	"hg38"
39	1114	"chr5"	"CpG"	"hg38"
39	1078	"chr6"	"CpG"	"hg38"
39	1168	"chr7"	"CpG"	"hg38"
39	1066	"chr8"	"CpG"	"hg38"
39	852	"chr9"	"CpG"	"hg38"
39	784	"chrX"	"CpG"	"hg38"
39	110	"chrY"	"CpG"	"hg38"
39.1	1570	"chr1"	"CpG"	"hg38"
39.1	1076	"chr10"	"CpG"	"hg38"
39.1	1058	"chr11"	"CpG"	"hg38"
39.1	890	"chr12"	"CpG"	"hg38"
39.1	664	"chr13"	"CpG"	"hg38"
39.1	570	"chr14"	"CpG"	"hg38"
39.1	614	"chr15"	"CpG"	"hg38"
39.1	650	"chr16"	"CpG"	"hg38"
39.1	648	"chr17"	"CpG"	"hg38"
39.1	542	"chr18"	"CpG"	"hg38"
39.1	436	"chr19"	"CpG"	"hg38"
39.1	1642	"chr2"	"CpG"	"hg38"
39.1	606	"chr20"	"CpG"	"hg38"
39.1	324	"chr21"	"CpG"	"hg38"
39.1	350	"chr22"	"CpG"	"hg38"
39.1	1344	"chr3"	"CpG"	"hg38"
39.1	1212	"chr4"	"CpG"	"hg38"
39.1	1240	"chr5"	"CpG"	"hg38"
39.1	1040	"chr6"	"CpG"	"hg38"
39.1	1114	"chr7"	"CpG"	"hg38"
39.1	1062	"chr8"	"CpG"	"hg38"
39.1	840	"chr9"	"CpG"	"hg38"
39.1	756	"chrX"	"CpG"	"hg38"
39.1	122	"chrY"	"CpG"	"hg38"
39.2	1546	"chr1"	"CpG"	"hg38"
39.2	1032	"chr10"	"CpG"	"hg38"
39.2	964	"chr11"	"CpG"	"hg38"
39.2	918	"chr12"	"CpG"	"hg38"
39.2	698	"chr13"	"CpG"	"hg38"
39.2	594	"chr14"	"CpG"	"hg38"
39.2	584	"chr15"	"CpG"	"hg38"
39.2	664	"chr16"	"CpG"	"hg38"
39.2	610	"chr17"	"CpG"	"hg38"
39.2	560	"chr18"	"CpG"	"hg38"
39.2	454	"chr19"	"CpG"	"hg38"
39.2	1544	"chr2"	"CpG"	"hg38"
39.2	640	"chr20"	"CpG"	"hg38"
39.2	334	"chr21"	"CpG"	"hg38"
39.2	382	"chr22"	"CpG"	"hg38"
39.2	1206	"chr3"	"CpG"	"hg38"
39.2	1220	"chr4"	"CpG"	"hg38"
39.2	1092	"chr5"	"CpG"	"hg38"
39.2	1004	"chr6"	"CpG"	"hg38"
39.2	1082	"chr7"	"CpG"	"hg38"
39.2	1058	"chr8"	"CpG"	"hg38"
39.2	826	"chr9"	"CpG"	"hg38"
39.2	744	"chrX"	"CpG"	"hg38"
39.2	92	"chrY"	"CpG"	"hg38"
39.3	1596	"chr1"	"CpG"	"hg38"
39.3	1008	"chr10"	"CpG"	"hg38"
39.3	992	"chr11"	"CpG"	"hg38"
39.3	818	"chr12"	"CpG"	"hg38"
39.3	744	"chr13"	"CpG"	"hg38"
39.3	550	"chr14"	"CpG"	"hg38"
39.3	642	"chr15"	"CpG"	"hg38"
39.3	648	"chr16"	"CpG"	"hg38"
39.3	658	"chr17"	"CpG"	"hg38"
39.3	564	"chr18"	"CpG"	"hg38"
39.3	440	"chr19"	"CpG"	"hg38"
39.3	1610	"chr2"	"CpG"	"hg38"
39.3	554	"chr20"	"CpG"	"hg38"
39.3	380	"chr21"	"CpG"	"hg38"
39.3	394	"chr22"	"CpG"	"hg38"
39.3	1278	"chr3"	"CpG"	"hg38"
39.3	1222	"chr4"	"CpG"	"hg38"
39.3	1118	"chr5"	"CpG"	"hg38"
39.3	1024	"chr6"	"CpG"	"hg38"
39.3	1146	"chr7"	"CpG"	"hg38"
39.3	1058	"chr8"	"CpG"	"hg38"
39.3	800	"chr9"	"CpG"	"hg38"
39.3	724	"chrX"	"CpG"	"hg38"
39.3	114	"chrY"	"CpG"	"hg38"
39.4	1622	"chr1"	"CpG"	"hg38"
39.4	1078	"chr10"	"CpG"	"hg38"
39.4	1102	"chr11"	"CpG"	"hg38"
39.4	844	"chr12"	"CpG"	"hg38"
39.4	694	"chr13"	"CpG"	"hg38"
39.4	624	"chr14"	"CpG"	"hg38"
39.4	634	"chr15"	"CpG"	"hg38"
39.4	750	"chr16"	"CpG"	"hg38"
39.4	696	"chr17"	"CpG"	"hg38"
39.4	570	"chr18"	"CpG"	"hg38"
39.4	534	"chr19"	"CpG"	"hg38"
39.4	1638	"chr2"	"CpG"	"hg38"
39.4	560	"chr20"	"CpG"	"hg38"
39.4	320	"chr21"	"CpG"	"hg38"
39.4	348	"chr22"	"CpG"	"hg38"
39.4	1246	"chr3"	"CpG"	"hg38"
39.4	1214	"chr4"	"CpG"	"hg38"
39.4	1314	"chr5"	"CpG"	"hg38"
39.4	1038	"chr6"	"CpG"	"hg38"
39.4	1236	"chr7"	"CpG"	"hg38"
39.4	1072	"chr8"	"CpG"	"hg38"
39.4	930	"chr9"	"CpG"	"hg38"
39.4	732	"chrX"	"CpG"	"hg38"
39.4	104	"chrY"	"CpG"	"hg38"
39.5	1582	"chr1"	"CpG"	"hg38"
39.5	1038	"chr10"	"CpG"	"hg38"
39.5	1056	"chr11"	"CpG"	"hg38"
39.5	806	"chr12"	"CpG"	"hg38"
39.5	724	"chr13"	"CpG"	"hg38"
39.5	610	"chr14"	"CpG"	"hg38"
39.5	664	"chr15"	"CpG"	"hg38"
39.5	730	"chr16"	"CpG"	"hg38"
39.5	608	"chr17"	"CpG"	"hg38"
39.5	476	"chr18"	"CpG"	"hg38"
39.5	456	"chr19"	"CpG"	"hg38"
39.5	1702	"chr2"	"CpG"	"hg38"
39.5	620	"chr20"	"CpG"	"hg38"
39.5	362	"chr21"	"CpG"	"hg38"
39.5	344	"chr22"	"CpG"	"hg38"
39.5	1292	"chr3"	"CpG"	"hg38"
39.5	1202	"chr4"	"CpG"	"hg38"
39.5	1202	"chr5"	"CpG"	"hg38"
39.5	1098	"chr6"	"CpG"	"hg38"
39.5	1092	"chr7"	"CpG"	"hg38"
39.5	1128	"chr8"	"CpG"	"hg38"
39.5	854	"chr9"	"CpG"	"hg38"
39.5	656	"chrX"	"CpG"	"hg38"
39.5	128	"chrY"	"CpG"	"hg38"
39.6	1634	"chr1"	"CpG"	"hg38"
39.6	1092	"chr10"	"CpG"	"hg38"
39.6	1064	"chr11"	"CpG"	"hg38"
39.6	874	"chr12"	"CpG"	"hg38"
39.6	754	"chr13"	"CpG"	"hg38"
39.6	610	"chr14"	"CpG"	"hg38"
39.6	642	"chr15"	"CpG"	"hg38"
39.6	710	"chr16"	"CpG"	"hg38"
39.6	592	"chr17"	"CpG"	"hg38"
39.6	550	"chr18"	"CpG"	"hg38"
39.6	542	"chr19"	"CpG"	"hg38"
39.6	1668	"chr2"	"CpG"	"hg38"
39.6	552	"chr20"	"CpG"	"hg38"
39.6	372	"chr21"	"CpG"	"hg38"
39.6	302	"chr22"	"CpG"	"hg38"
39.6	1138	"chr3"	"CpG"	"hg38"
39.6	1258	"chr4"	"CpG"	"hg38"
39.6	1236	"chr5"	"CpG"	"hg38"
39.6	1038	"chr6"	"CpG"	"hg38"
39.6	1054	"chr7"	"CpG"	"hg38"
39.6	1042	"chr8"	"CpG"	"hg38"
39.6	810	"chr9"	"CpG"	"hg38"
39.6	724	"chrX"	"CpG"	"hg38"
39.6	124	"chrY"	"CpG"	"hg38"
39.7	1746	"chr1"	"CpG"	"hg38"
39.7	1020	"chr10"	"CpG"	"hg38"
39.7	998	"chr11"	"CpG"	"hg38"
39.7	866	"chr12"	"CpG"	"hg38"
39.7	764	"chr13"	"CpG"	"hg38"
39.7	648	"chr14"	"CpG"	"hg38"
39.7	682	"chr15"	"CpG"	"hg38"
39.7	738	"chr16"	"CpG"	"hg38"
39.7	674	"chr17"	"CpG"	"hg38"
39.7	638	"chr18"	"CpG"	"hg38"
39.7	490	"chr19"	"CpG"	"hg38"
39.7	1732	"chr2"	"CpG"	"hg38"
39.7	544	"chr20"	"CpG"	"hg38"
39.7	336	"chr21"	"CpG"	"hg38"
39.7	392	"chr22"	"CpG"	"hg38"
39.7	1364	"chr3"	"CpG"	"hg38"
39.7	1310	"chr4"	"CpG"	"hg38"
39.7	1214	"chr5"	"CpG"	"hg38"
39.7	1142	"chr6"	"CpG"	"hg38"
39.7	1122	"chr7"	"CpG"	"hg38"
39.7	1094	"chr8"	"CpG"	"hg38"
39.7	940	"chr9"	"CpG"	"hg38"
39.7	824	"chrX"	"CpG"	"hg38"
39.7	136	"chrY"	"CpG"	"hg38"
39.8	1626	"chr1"	"CpG"	"hg38"
39.8	1056	"chr10"	"CpG"	"hg38"
39.8	992	"chr11"	"CpG"	"hg38"
39.8	906	"chr12"	"CpG"	"hg38"
39.8	708	"chr13"	"CpG"	"hg38"
39.8	664	"chr14"	"CpG"	"hg38"
39.8	574	"chr15"	"CpG"	"hg38"
39.8	750	"chr16"	"CpG"	"hg38"
39.8	676	"chr17"	"CpG"	"hg38"
39.8	530	"chr18"	"CpG"	"hg38"
39.8	470	"chr19"	"CpG"	"hg38"
39.8	1566	"chr2"	"CpG"	"hg38"
39.8	582	"chr20"	"CpG"	"hg38"
39.8	350	"chr21"	"CpG"	"hg38"
39.8	392	"chr22"	"CpG"	"hg38"
39.8	1274	"chr3"	"CpG"	"hg38"
39.8	1228	"chr4"	"CpG"	"hg38"
39.8	1166	"chr5"	"CpG"	"hg38"
39.8	1062	"chr6"	"CpG"	"hg38"
39.8	1156	"chr7"	"CpG"	"hg38"
39.8	1122	"chr8"	"CpG"	"hg38"
39.8	888	"chr9"	"CpG"	"hg38"
39.8	656	"chrX"	"CpG"	"hg38"
39.8	114	"chrY"	"CpG"	"hg38"
39.9	1660	"chr1"	"CpG"	"hg38"
39.9	1040	"chr10"	"CpG"	"hg38"
39.9	1014	"chr11"	"CpG"	"hg38"
39.9	890	"chr12"	"CpG"	"hg38"
39.9	746	"chr13"	"CpG"	"hg38"
39.9	610	"chr14"	"CpG"	"hg38"
39.9	708	"chr15"	"CpG"	"hg38"
39.9	716	"chr16"	"CpG"	"hg38"
39.9	608	"chr17"	"CpG"	"hg38"
39.9	644	"chr18"	"CpG"	"hg38"
39.9	488	"chr19"	"CpG"	"hg38"
39.9	1732	"chr2"	"CpG"	"hg38"
39.9	558	"chr20"	"CpG"	"hg38"
39.9	380	"chr21"	"CpG"	"hg38"
39.9	336	"chr22"	"CpG"	"hg38"
39.9	1300	"chr3"	"CpG"	"hg38"
39.9	1270	"chr4"	"CpG"	"hg38"
39.9	1216	"chr5"	"CpG"	"hg38"
39.9	1040	"chr6"	"CpG"	"hg38"
39.9	1270	"chr7"	"CpG"	"hg38"
39.9	1218	"chr8"	"CpG"	"hg38"
39.9	804	"chr9"	"CpG"	"hg38"
39.9	754	"chrX"	"CpG"	"hg38"
39.9	86	"chrY"	"CpG"	"hg38"
40	1758	"chr1"	"CpG"	"hg38"
40	1012	"chr10"	"CpG"	"hg38"
40	1122	"chr11"	"CpG"	"hg38"
40	782	"chr12"	"CpG"	"hg38"
40	722	"chr13"	"CpG"	"hg38"
40	596	"chr14"	"CpG"	"hg38"
40	626	"chr15"	"CpG"	"hg38"
40	722	"chr16"	"CpG"	"hg38"
40	730	"chr17"	"CpG"	"hg38"
40	572	"chr18"	"CpG"	"hg38"
40	514	"chr19"	"CpG"	"hg38"
40	1652	"chr2"	"CpG"	"hg38"
40	582	"chr20"	"CpG"	"hg38"
40	340	"chr21"	"CpG"	"hg38"
40	382	"chr22"	"CpG"	"hg38"
40	1324	"chr3"	"CpG"	"hg38"
40	1304	"chr4"	"CpG"	"hg38"
40	1184	"chr5"	"CpG"	"hg38"
40	1110	"chr6"	"CpG"	"hg38"
40	1184	"chr7"	"CpG"	"hg38"
40	1176	"chr8"	"CpG"	"hg38"
40	822	"chr9"	"CpG"	"hg38"
40	716	"chrX"	"CpG"	"hg38"
40	138	"chrY"	"CpG"	"hg38"
40.1	1736	"chr1"	"CpG"	"hg38"
40.1	1056	"chr10"	"CpG"	"hg38"
40.1	1156	"chr11"	"CpG"	"hg38"
40.1	944	"chr12"	"CpG"	"hg38"
40.1	768	"chr13"	"CpG"	"hg38"
40.1	650	"chr14"	"CpG"	"hg38"
40.1	610	"chr15"	"CpG"	"hg38"
40.1	690	"chr16"	"CpG"	"hg38"
40.1	614	"chr17"	"CpG"	"hg38"
40.1	590	"chr18"	"CpG"	"hg38"
40.1	526	"chr19"	"CpG"	"hg38"
40.1	1740	"chr2"	"CpG"	"hg38"
40.1	610	"chr20"	"CpG"	"hg38"
40.1	356	"chr21"	"CpG"	"hg38"
40.1	392	"chr22"	"CpG"	"hg38"
40.1	1338	"chr3"	"CpG"	"hg38"
40.1	1248	"chr4"	"CpG"	"hg38"
40.1	1320	"chr5"	"CpG"	"hg38"
40.1	1080	"chr6"	"CpG"	"hg38"
40.1	1120	"chr7"	"CpG"	"hg38"
40.1	1042	"chr8"	"CpG"	"hg38"
40.1	814	"chr9"	"CpG"	"hg38"
40.1	740	"chrX"	"CpG"	"hg38"
40.1	138	"chrY"	"CpG"	"hg38"
40.2	1662	"chr1"	"CpG"	"hg38"
40.2	1002	"chr10"	"CpG"	"hg38"
40.2	1026	"chr11"	"CpG"	"hg38"
40.2	784	"chr12"	"CpG"	"hg38"
40.2	700	"chr13"	"CpG"	"hg38"
40.2	696	"chr14"	"CpG"	"hg38"
40.2	734	"chr15"	"CpG"	"hg38"
40.2	736	"chr16"	"CpG"	"hg38"
40.2	672	"chr17"	"CpG"	"hg38"
40.2	616	"chr18"	"CpG"	"hg38"
40.2	480	"chr19"	"CpG"	"hg38"
40.2	1762	"chr2"	"CpG"	"hg38"
40.2	568	"chr20"	"CpG"	"hg38"
40.2	372	"chr21"	"CpG"	"hg38"
40.2	346	"chr22"	"CpG"	"hg38"
40.2	1184	"chr3"	"CpG"	"hg38"
40.2	1372	"chr4"	"CpG"	"hg38"
40.2	1218	"chr5"	"CpG"	"hg38"
40.2	1168	"chr6"	"CpG"	"hg38"
40.2	1216	"chr7"	"CpG"	"hg38"
40.2	1200	"chr8"	"CpG"	"hg38"
40.2	952	"chr9"	"CpG"	"hg38"
40.2	724	"chrX"	"CpG"	"hg38"
40.2	102	"chrY"	"CpG"	"hg38"
40.3	1802	"chr1"	"CpG"	"hg38"
40.3	972	"chr10"	"CpG"	"hg38"
40.3	976	"chr11"	"CpG"	"hg38"
40.3	848	"chr12"	"CpG"	"hg38"
40.3	724	"chr13"	"CpG"	"hg38"
40.3	638	"chr14"	"CpG"	"hg38"
40.3	682	"chr15"	"CpG"	"hg38"
40.3	824	"chr16"	"CpG"	"hg38"
40.3	712	"chr17"	"CpG"	"hg38"
40.3	648	"chr18"	"CpG"	"hg38"
40.3	516	"chr19"	"CpG"	"hg38"
40.3	1608	"chr2"	"CpG"	"hg38"
40.3	606	"chr20"	"CpG"	"hg38"
40.3	344	"chr21"	"CpG"	"hg38"
40.3	366	"chr22"	"CpG"	"hg38"
40.3	1248	"chr3"	"CpG"	"hg38"
40.3	1356	"chr4"	"CpG"	"hg38"
40.3	1256	"chr5"	"CpG"	"hg38"
40.3	1090	"chr6"	"CpG"	"hg38"
40.3	1110	"chr7"	"CpG"	"hg38"
40.3	1120	"chr8"	"CpG"	"hg38"
40.3	776	"chr9"	"CpG"	"hg38"
40.3	710	"chrX"	"CpG"	"hg38"
40.3	132	"chrY"	"CpG"	"hg38"
40.4	1680	"chr1"	"CpG"	"hg38"
40.4	1118	"chr10"	"CpG"	"hg38"
40.4	1080	"chr11"	"CpG"	"hg38"
40.4	870	"chr12"	"CpG"	"hg38"
40.4	726	"chr13"	"CpG"	"hg38"
40.4	688	"chr14"	"CpG"	"hg38"
40.4	624	"chr15"	"CpG"	"hg38"
40.4	806	"chr16"	"CpG"	"hg38"
40.4	694	"chr17"	"CpG"	"hg38"
40.4	596	"chr18"	"CpG"	"hg38"
40.4	548	"chr19"	"CpG"	"hg38"
40.4	1794	"chr2"	"CpG"	"hg38"
40.4	612	"chr20"	"CpG"	"hg38"
40.4	356	"chr21"	"CpG"	"hg38"
40.4	376	"chr22"	"CpG"	"hg38"
40.4	1390	"chr3"	"CpG"	"hg38"
40.4	1278	"chr4"	"CpG"	"hg38"
40.4	1162	"chr5"	"CpG"	"hg38"
40.4	1114	"chr6"	"CpG"	"hg38"
40.4	1196	"chr7"	"CpG"	"hg38"
40.4	1134	"chr8"	"CpG"	"hg38"
40.4	862	"chr9"	"CpG"	"hg38"
40.4	808	"chrX"	"CpG"	"hg38"
40.4	150	"chrY"	"CpG"	"hg38"
40.5	1660	"chr1"	"CpG"	"hg38"
40.5	1034	"chr10"	"CpG"	"hg38"
40.5	1054	"chr11"	"CpG"	"hg38"
40.5	922	"chr12"	"CpG"	"hg38"
40.5	752	"chr13"	"CpG"	"hg38"
40.5	598	"chr14"	"CpG"	"hg38"
40.5	596	"chr15"	"CpG"	"hg38"
40.5	764	"chr16"	"CpG"	"hg38"
40.5	652	"chr17"	"CpG"	"hg38"
40.5	644	"chr18"	"CpG"	"hg38"
40.5	534	"chr19"	"CpG"	"hg38"
40.5	1758	"chr2"	"CpG"	"hg38"
40.5	626	"chr20"	"CpG"	"hg38"
40.5	346	"chr21"	"CpG"	"hg38"
40.5	382	"chr22"	"CpG"	"hg38"
40.5	1298	"chr3"	"CpG"	"hg38"
40.5	1172	"chr4"	"CpG"	"hg38"
40.5	1198	"chr5"	"CpG"	"hg38"
40.5	1096	"chr6"	"CpG"	"hg38"
40.5	1234	"chr7"	"CpG"	"hg38"
40.5	1142	"chr8"	"CpG"	"hg38"
40.5	872	"chr9"	"CpG"	"hg38"
40.5	744	"chrX"	"CpG"	"hg38"
40.5	110	"chrY"	"CpG"	"hg38"
40.6	1694	"chr1"	"CpG"	"hg38"
40.6	1062	"chr10"	"CpG"	"hg38"
40.6	1018	"chr11"	"CpG"	"hg38"
40.6	964	"chr12"	"CpG"	"hg38"
40.6	724	"chr13"	"CpG"	"hg38"
40.6	678	"chr14"	"CpG"	"hg38"
40.6	638	"chr15"	"CpG"	"hg38"
40.6	696	"chr16"	"CpG"	"hg38"
40.6	666	"chr17"	"CpG"	"hg38"
40.6	590	"chr18"	"CpG"	"hg38"
40.6	486	"chr19"	"CpG"	"hg38"
40.6	1698	"chr2"	"CpG"	"hg38"
40.6	628	"chr20"	"CpG"	"hg38"
40.6	342	"chr21"	"CpG"	"hg38"
40.6	370	"chr22"	"CpG"	"hg38"
40.6	1464	"chr3"	"CpG"	"hg38"
40.6	1372	"chr4"	"CpG"	"hg38"
40.6	1302	"chr5"	"CpG"	"hg38"
40.6	1152	"chr6"	"CpG"	"hg38"
40.6	1230	"chr7"	"CpG"	"hg38"
40.6	1234	"chr8"	"CpG"	"hg38"
40.6	854	"chr9"	"CpG"	"hg38"
40.6	786	"chrX"	"CpG"	"hg38"
40.6	104	"chrY"	"CpG"	"hg38"
40.7	1876	"chr1"	"CpG"	"hg38"
40.7	1156	"chr10"	"CpG"	"hg38"
40.7	1072	"chr11"	"CpG"	"hg38"
40.7	876	"chr12"	"CpG"	"hg38"
40.7	778	"chr13"	"CpG"	"hg38"
40.7	644	"chr14"	"CpG"	"hg38"
40.7	656	"chr15"	"CpG"	"hg38"
40.7	798	"chr16"	"CpG"	"hg38"
40.7	686	"chr17"	"CpG"	"hg38"
40.7	684	"chr18"	"CpG"	"hg38"
40.7	542	"chr19"	"CpG"	"hg38"
40.7	1618	"chr2"	"CpG"	"hg38"
40.7	512	"chr20"	"CpG"	"hg38"
40.7	348	"chr21"	"CpG"	"hg38"
40.7	376	"chr22"	"CpG"	"hg38"
40.7	1348	"chr3"	"CpG"	"hg38"
40.7	1260	"chr4"	"CpG"	"hg38"
40.7	1242	"chr5"	"CpG"	"hg38"
40.7	1076	"chr6"	"CpG"	"hg38"
40.7	1178	"chr7"	"CpG"	"hg38"
40.7	1124	"chr8"	"CpG"	"hg38"
40.7	914	"chr9"	"CpG"	"hg38"
40.7	674	"chrX"	"CpG"	"hg38"
40.7	144	"chrY"	"CpG"	"hg38"
40.8	1646	"chr1"	"CpG"	"hg38"
40.8	1092	"chr10"	"CpG"	"hg38"
40.8	1086	"chr11"	"CpG"	"hg38"
40.8	924	"chr12"	"CpG"	"hg38"
40.8	766	"chr13"	"CpG"	"hg38"
40.8	640	"chr14"	"CpG"	"hg38"
40.8	676	"chr15"	"CpG"	"hg38"
40.8	714	"chr16"	"CpG"	"hg38"
40.8	716	"chr17"	"CpG"	"hg38"
40.8	604	"chr18"	"CpG"	"hg38"
40.8	464	"chr19"	"CpG"	"hg38"
40.8	1804	"chr2"	"CpG"	"hg38"
40.8	620	"chr20"	"CpG"	"hg38"
40.8	374	"chr21"	"CpG"	"hg38"
40.8	380	"chr22"	"CpG"	"hg38"
40.8	1342	"chr3"	"CpG"	"hg38"
40.8	1398	"chr4"	"CpG"	"hg38"
40.8	1314	"chr5"	"CpG"	"hg38"
40.8	1106	"chr6"	"CpG"	"hg38"
40.8	1256	"chr7"	"CpG"	"hg38"
40.8	1150	"chr8"	"CpG"	"hg38"
40.8	916	"chr9"	"CpG"	"hg38"
40.8	738	"chrX"	"CpG"	"hg38"
40.8	114	"chrY"	"CpG"	"hg38"
40.9	1748	"chr1"	"CpG"	"hg38"
40.9	1150	"chr10"	"CpG"	"hg38"
40.9	1086	"chr11"	"CpG"	"hg38"
40.9	954	"chr12"	"CpG"	"hg38"
40.9	788	"chr13"	"CpG"	"hg38"
40.9	628	"chr14"	"CpG"	"hg38"
40.9	680	"chr15"	"CpG"	"hg38"
40.9	790	"chr16"	"CpG"	"hg38"
40.9	628	"chr17"	"CpG"	"hg38"
40.9	618	"chr18"	"CpG"	"hg38"
40.9	558	"chr19"	"CpG"	"hg38"
40.9	1796	"chr2"	"CpG"	"hg38"
40.9	628	"chr20"	"CpG"	"hg38"
40.9	364	"chr21"	"CpG"	"hg38"
40.9	350	"chr22"	"CpG"	"hg38"
40.9	1366	"chr3"	"CpG"	"hg38"
40.9	1360	"chr4"	"CpG"	"hg38"
40.9	1216	"chr5"	"CpG"	"hg38"
40.9	1018	"chr6"	"CpG"	"hg38"
40.9	1152	"chr7"	"CpG"	"hg38"
40.9	1156	"chr8"	"CpG"	"hg38"
40.9	904	"chr9"	"CpG"	"hg38"
40.9	780	"chrX"	"CpG"	"hg38"
40.9	142	"chrY"	"CpG"	"hg38"
41	1770	"chr1"	"CpG"	"hg38"
41	1068	"chr10"	"CpG"	"hg38"
41	1092	"chr11"	"CpG"	"hg38"
41	906	"chr12"	"CpG"	"hg38"
41	754	"chr13"	"CpG"	"hg38"
41	664	"chr14"	"CpG"	"hg38"
41	690	"chr15"	"CpG"	"hg38"
41	784	"chr16"	"CpG"	"hg38"
41	712	"chr17"	"CpG"	"hg38"
41	674	"chr18"	"CpG"	"hg38"
41	472	"chr19"	"CpG"	"hg38"
41	1770	"chr2"	"CpG"	"hg38"
41	664	"chr20"	"CpG"	"hg38"
41	356	"chr21"	"CpG"	"hg38"
41	384	"chr22"	"CpG"	"hg38"
41	1270	"chr3"	"CpG"	"hg38"
41	1388	"chr4"	"CpG"	"hg38"
41	1266	"chr5"	"CpG"	"hg38"
41	1060	"chr6"	"CpG"	"hg38"
41	1304	"chr7"	"CpG"	"hg38"
41	1124	"chr8"	"CpG"	"hg38"
41	876	"chr9"	"CpG"	"hg38"
41	760	"chrX"	"CpG"	"hg38"
41	128	"chrY"	"CpG"	"hg38"
41.1	1808	"chr1"	"CpG"	"hg38"
41.1	1100	"chr10"	"CpG"	"hg38"
41.1	1116	"chr11"	"CpG"	"hg38"
41.1	942	"chr12"	"CpG"	"hg38"
41.1	762	"chr13"	"CpG"	"hg38"
41.1	644	"chr14"	"CpG"	"hg38"
41.1	628	"chr15"	"CpG"	"hg38"
41.1	780	"chr16"	"CpG"	"hg38"
41.1	670	"chr17"	"CpG"	"hg38"
41.1	642	"chr18"	"CpG"	"hg38"
41.1	546	"chr19"	"CpG"	"hg38"
41.1	1830	"chr2"	"CpG"	"hg38"
41.1	670	"chr20"	"CpG"	"hg38"
41.1	378	"chr21"	"CpG"	"hg38"
41.1	400	"chr22"	"CpG"	"hg38"
41.1	1308	"chr3"	"CpG"	"hg38"
41.1	1380	"chr4"	"CpG"	"hg38"
41.1	1286	"chr5"	"CpG"	"hg38"
41.1	1028	"chr6"	"CpG"	"hg38"
41.1	1234	"chr7"	"CpG"	"hg38"
41.1	1130	"chr8"	"CpG"	"hg38"
41.1	958	"chr9"	"CpG"	"hg38"
41.1	774	"chrX"	"CpG"	"hg38"
41.1	124	"chrY"	"CpG"	"hg38"
41.2	1754	"chr1"	"CpG"	"hg38"
41.2	1066	"chr10"	"CpG"	"hg38"
41.2	1100	"chr11"	"CpG"	"hg38"
41.2	966	"chr12"	"CpG"	"hg38"
41.2	794	"chr13"	"CpG"	"hg38"
41.2	692	"chr14"	"CpG"	"hg38"
41.2	716	"chr15"	"CpG"	"hg38"
41.2	750	"chr16"	"CpG"	"hg38"
41.2	696	"chr17"	"CpG"	"hg38"
41.2	640	"chr18"	"CpG"	"hg38"
41.2	580	"chr19"	"CpG"	"hg38"
41.2	1742	"chr2"	"CpG"	"hg38"
41.2	572	"chr20"	"CpG"	"hg38"
41.2	380	"chr21"	"CpG"	"hg38"
41.2	402	"chr22"	"CpG"	"hg38"
41.2	1420	"chr3"	"CpG"	"hg38"
41.2	1262	"chr4"	"CpG"	"hg38"
41.2	1182	"chr5"	"CpG"	"hg38"
41.2	1120	"chr6"	"CpG"	"hg38"
41.2	1212	"chr7"	"CpG"	"hg38"
41.2	1116	"chr8"	"CpG"	"hg38"
41.2	966	"chr9"	"CpG"	"hg38"
41.2	812	"chrX"	"CpG"	"hg38"
41.2	128	"chrY"	"CpG"	"hg38"
41.3	1766	"chr1"	"CpG"	"hg38"
41.3	1066	"chr10"	"CpG"	"hg38"
41.3	1132	"chr11"	"CpG"	"hg38"
41.3	904	"chr12"	"CpG"	"hg38"
41.3	808	"chr13"	"CpG"	"hg38"
41.3	704	"chr14"	"CpG"	"hg38"
41.3	666	"chr15"	"CpG"	"hg38"
41.3	794	"chr16"	"CpG"	"hg38"
41.3	720	"chr17"	"CpG"	"hg38"
41.3	642	"chr18"	"CpG"	"hg38"
41.3	480	"chr19"	"CpG"	"hg38"
41.3	1734	"chr2"	"CpG"	"hg38"
41.3	624	"chr20"	"CpG"	"hg38"
41.3	326	"chr21"	"CpG"	"hg38"
41.3	406	"chr22"	"CpG"	"hg38"
41.3	1410	"chr3"	"CpG"	"hg38"
41.3	1390	"chr4"	"CpG"	"hg38"
41.3	1318	"chr5"	"CpG"	"hg38"
41.3	1224	"chr6"	"CpG"	"hg38"
41.3	1170	"chr7"	"CpG"	"hg38"
41.3	1168	"chr8"	"CpG"	"hg38"
41.3	940	"chr9"	"CpG"	"hg38"
41.3	818	"chrX"	"CpG"	"hg38"
41.3	128	"chrY"	"CpG"	"hg38"
41.4	1754	"chr1"	"CpG"	"hg38"
41.4	1060	"chr10"	"CpG"	"hg38"
41.4	1114	"chr11"	"CpG"	"hg38"
41.4	982	"chr12"	"CpG"	"hg38"
41.4	824	"chr13"	"CpG"	"hg38"
41.4	624	"chr14"	"CpG"	"hg38"
41.4	690	"chr15"	"CpG"	"hg38"
41.4	716	"chr16"	"CpG"	"hg38"
41.4	666	"chr17"	"CpG"	"hg38"
41.4	682	"chr18"	"CpG"	"hg38"
41.4	560	"chr19"	"CpG"	"hg38"
41.4	1774	"chr2"	"CpG"	"hg38"
41.4	654	"chr20"	"CpG"	"hg38"
41.4	372	"chr21"	"CpG"	"hg38"
41.4	418	"chr22"	"CpG"	"hg38"
41.4	1384	"chr3"	"CpG"	"hg38"
41.4	1360	"chr4"	"CpG"	"hg38"
41.4	1262	"chr5"	"CpG"	"hg38"
41.4	1198	"chr6"	"CpG"	"hg38"
41.4	1286	"chr7"	"CpG"	"hg38"
41.4	1158	"chr8"	"CpG"	"hg38"
41.4	904	"chr9"	"CpG"	"hg38"
41.4	790	"chrX"	"CpG"	"hg38"
41.4	122	"chrY"	"CpG"	"hg38"
41.5	1842	"chr1"	"CpG"	"hg38"
41.5	1142	"chr10"	"CpG"	"hg38"
41.5	1184	"chr11"	"CpG"	"hg38"
41.5	966	"chr12"	"CpG"	"hg38"
41.5	792	"chr13"	"CpG"	"hg38"
41.5	640	"chr14"	"CpG"	"hg38"
41.5	754	"chr15"	"CpG"	"hg38"
41.5	802	"chr16"	"CpG"	"hg38"
41.5	680	"chr17"	"CpG"	"hg38"
41.5	692	"chr18"	"CpG"	"hg38"
41.5	522	"chr19"	"CpG"	"hg38"
41.5	1796	"chr2"	"CpG"	"hg38"
41.5	638	"chr20"	"CpG"	"hg38"
41.5	328	"chr21"	"CpG"	"hg38"
41.5	410	"chr22"	"CpG"	"hg38"
41.5	1430	"chr3"	"CpG"	"hg38"
41.5	1258	"chr4"	"CpG"	"hg38"
41.5	1360	"chr5"	"CpG"	"hg38"
41.5	1202	"chr6"	"CpG"	"hg38"
41.5	1236	"chr7"	"CpG"	"hg38"
41.5	1152	"chr8"	"CpG"	"hg38"
41.5	880	"chr9"	"CpG"	"hg38"
41.5	838	"chrX"	"CpG"	"hg38"
41.5	118	"chrY"	"CpG"	"hg38"
41.6	1736	"chr1"	"CpG"	"hg38"
41.6	1184	"chr10"	"CpG"	"hg38"
41.6	1066	"chr11"	"CpG"	"hg38"
41.6	930	"chr12"	"CpG"	"hg38"
41.6	798	"chr13"	"CpG"	"hg38"
41.6	672	"chr14"	"CpG"	"hg38"
41.6	680	"chr15"	"CpG"	"hg38"
41.6	850	"chr16"	"CpG"	"hg38"
41.6	674	"chr17"	"CpG"	"hg38"
41.6	626	"chr18"	"CpG"	"hg38"
41.6	518	"chr19"	"CpG"	"hg38"
41.6	1748	"chr2"	"CpG"	"hg38"
41.6	652	"chr20"	"CpG"	"hg38"
41.6	348	"chr21"	"CpG"	"hg38"
41.6	442	"chr22"	"CpG"	"hg38"
41.6	1294	"chr3"	"CpG"	"hg38"
41.6	1452	"chr4"	"CpG"	"hg38"
41.6	1260	"chr5"	"CpG"	"hg38"
41.6	1098	"chr6"	"CpG"	"hg38"
41.6	1224	"chr7"	"CpG"	"hg38"
41.6	1208	"chr8"	"CpG"	"hg38"
41.6	968	"chr9"	"CpG"	"hg38"
41.6	790	"chrX"	"CpG"	"hg38"
41.6	156	"chrY"	"CpG"	"hg38"
41.7	1790	"chr1"	"CpG"	"hg38"
41.7	1222	"chr10"	"CpG"	"hg38"
41.7	1116	"chr11"	"CpG"	"hg38"
41.7	930	"chr12"	"CpG"	"hg38"
41.7	728	"chr13"	"CpG"	"hg38"
41.7	582	"chr14"	"CpG"	"hg38"
41.7	708	"chr15"	"CpG"	"hg38"
41.7	758	"chr16"	"CpG"	"hg38"
41.7	792	"chr17"	"CpG"	"hg38"
41.7	622	"chr18"	"CpG"	"hg38"
41.7	540	"chr19"	"CpG"	"hg38"
41.7	1876	"chr2"	"CpG"	"hg38"
41.7	642	"chr20"	"CpG"	"hg38"
41.7	390	"chr21"	"CpG"	"hg38"
41.7	402	"chr22"	"CpG"	"hg38"
41.7	1328	"chr3"	"CpG"	"hg38"
41.7	1444	"chr4"	"CpG"	"hg38"
41.7	1304	"chr5"	"CpG"	"hg38"
41.7	1216	"chr6"	"CpG"	"hg38"
41.7	1284	"chr7"	"CpG"	"hg38"
41.7	1114	"chr8"	"CpG"	"hg38"
41.7	940	"chr9"	"CpG"	"hg38"
41.7	768	"chrX"	"CpG"	"hg38"
41.7	124	"chrY"	"CpG"	"hg38"
41.8	1810	"chr1"	"CpG"	"hg38"
41.8	1100	"chr10"	"CpG"	"hg38"
41.8	1156	"chr11"	"CpG"	"hg38"
41.8	900	"chr12"	"CpG"	"hg38"
41.8	768	"chr13"	"CpG"	"hg38"
41.8	648	"chr14"	"CpG"	"hg38"
41.8	646	"chr15"	"CpG"	"hg38"
41.8	794	"chr16"	"CpG"	"hg38"
41.8	628	"chr17"	"CpG"	"hg38"
41.8	658	"chr18"	"CpG"	"hg38"
41.8	500	"chr19"	"CpG"	"hg38"
41.8	1780	"chr2"	"CpG"	"hg38"
41.8	546	"chr20"	"CpG"	"hg38"
41.8	384	"chr21"	"CpG"	"hg38"
41.8	398	"chr22"	"CpG"	"hg38"
41.8	1436	"chr3"	"CpG"	"hg38"
41.8	1280	"chr4"	"CpG"	"hg38"
41.8	1238	"chr5"	"CpG"	"hg38"
41.8	1194	"chr6"	"CpG"	"hg38"
41.8	1266	"chr7"	"CpG"	"hg38"
41.8	1208	"chr8"	"CpG"	"hg38"
41.8	962	"chr9"	"CpG"	"hg38"
41.8	806	"chrX"	"CpG"	"hg38"
41.8	146	"chrY"	"CpG"	"hg38"
41.9	1816	"chr1"	"CpG"	"hg38"
41.9	1192	"chr10"	"CpG"	"hg38"
41.9	1126	"chr11"	"CpG"	"hg38"
41.9	914	"chr12"	"CpG"	"hg38"
41.9	798	"chr13"	"CpG"	"hg38"
41.9	690	"chr14"	"CpG"	"hg38"
41.9	662	"chr15"	"CpG"	"hg38"
41.9	890	"chr16"	"CpG"	"hg38"
41.9	672	"chr17"	"CpG"	"hg38"
41.9	598	"chr18"	"CpG"	"hg38"
41.9	542	"chr19"	"CpG"	"hg38"
41.9	1782	"chr2"	"CpG"	"hg38"
41.9	688	"chr20"	"CpG"	"hg38"
41.9	418	"chr21"	"CpG"	"hg38"
41.9	418	"chr22"	"CpG"	"hg38"
41.9	1314	"chr3"	"CpG"	"hg38"
41.9	1320	"chr4"	"CpG"	"hg38"
41.9	1354	"chr5"	"CpG"	"hg38"
41.9	1236	"chr6"	"CpG"	"hg38"
41.9	1230	"chr7"	"CpG"	"hg38"
41.9	1170	"chr8"	"CpG"	"hg38"
41.9	902	"chr9"	"CpG"	"hg38"
41.9	762	"chrX"	"CpG"	"hg38"
41.9	140	"chrY"	"CpG"	"hg38"
42	1836	"chr1"	"CpG"	"hg38"
42	1154	"chr10"	"CpG"	"hg38"
42	1038	"chr11"	"CpG"	"hg38"
42	886	"chr12"	"CpG"	"hg38"
42	762	"chr13"	"CpG"	"hg38"
42	678	"chr14"	"CpG"	"hg38"
42	672	"chr15"	"CpG"	"hg38"
42	770	"chr16"	"CpG"	"hg38"
42	714	"chr17"	"CpG"	"hg38"
42	628	"chr18"	"CpG"	"hg38"
42	530	"chr19"	"CpG"	"hg38"
42	1794	"chr2"	"CpG"	"hg38"
42	564	"chr20"	"CpG"	"hg38"
42	338	"chr21"	"CpG"	"hg38"
42	368	"chr22"	"CpG"	"hg38"
42	1480	"chr3"	"CpG"	"hg38"
42	1328	"chr4"	"CpG"	"hg38"
42	1348	"chr5"	"CpG"	"hg38"
42	1176	"chr6"	"CpG"	"hg38"
42	1260	"chr7"	"CpG"	"hg38"
42	1184	"chr8"	"CpG"	"hg38"
42	1022	"chr9"	"CpG"	"hg38"
42	732	"chrX"	"CpG"	"hg38"
42	138	"chrY"	"CpG"	"hg38"
42.1	1846	"chr1"	"CpG"	"hg38"
42.1	1214	"chr10"	"CpG"	"hg38"
42.1	1158	"chr11"	"CpG"	"hg38"
42.1	994	"chr12"	"CpG"	"hg38"
42.1	722	"chr13"	"CpG"	"hg38"
42.1	730	"chr14"	"CpG"	"hg38"
42.1	698	"chr15"	"CpG"	"hg38"
42.1	820	"chr16"	"CpG"	"hg38"
42.1	726	"chr17"	"CpG"	"hg38"
42.1	644	"chr18"	"CpG"	"hg38"
42.1	540	"chr19"	"CpG"	"hg38"
42.1	1808	"chr2"	"CpG"	"hg38"
42.1	660	"chr20"	"CpG"	"hg38"
42.1	348	"chr21"	"CpG"	"hg38"
42.1	412	"chr22"	"CpG"	"hg38"
42.1	1388	"chr3"	"CpG"	"hg38"
42.1	1376	"chr4"	"CpG"	"hg38"
42.1	1298	"chr5"	"CpG"	"hg38"
42.1	1186	"chr6"	"CpG"	"hg38"
42.1	1216	"chr7"	"CpG"	"hg38"
42.1	1276	"chr8"	"CpG"	"hg38"
42.1	896	"chr9"	"CpG"	"hg38"
42.1	848	"chrX"	"CpG"	"hg38"
42.1	146	"chrY"	"CpG"	"hg38"
42.2	1930	"chr1"	"CpG"	"hg38"
42.2	1176	"chr10"	"CpG"	"hg38"
42.2	1168	"chr11"	"CpG"	"hg38"
42.2	932	"chr12"	"CpG"	"hg38"
42.2	822	"chr13"	"CpG"	"hg38"
42.2	646	"chr14"	"CpG"	"hg38"
42.2	766	"chr15"	"CpG"	"hg38"
42.2	722	"chr16"	"CpG"	"hg38"
42.2	678	"chr17"	"CpG"	"hg38"
42.2	636	"chr18"	"CpG"	"hg38"
42.2	546	"chr19"	"CpG"	"hg38"
42.2	1802	"chr2"	"CpG"	"hg38"
42.2	592	"chr20"	"CpG"	"hg38"
42.2	364	"chr21"	"CpG"	"hg38"
42.2	380	"chr22"	"CpG"	"hg38"
42.2	1334	"chr3"	"CpG"	"hg38"
42.2	1384	"chr4"	"CpG"	"hg38"
42.2	1342	"chr5"	"CpG"	"hg38"
42.2	1182	"chr6"	"CpG"	"hg38"
42.2	1298	"chr7"	"CpG"	"hg38"
42.2	1212	"chr8"	"CpG"	"hg38"
42.2	1044	"chr9"	"CpG"	"hg38"
42.2	756	"chrX"	"CpG"	"hg38"
42.2	132	"chrY"	"CpG"	"hg38"
42.3	1798	"chr1"	"CpG"	"hg38"
42.3	1132	"chr10"	"CpG"	"hg38"
42.3	1142	"chr11"	"CpG"	"hg38"
42.3	1018	"chr12"	"CpG"	"hg38"
42.3	870	"chr13"	"CpG"	"hg38"
42.3	648	"chr14"	"CpG"	"hg38"
42.3	668	"chr15"	"CpG"	"hg38"
42.3	894	"chr16"	"CpG"	"hg38"
42.3	706	"chr17"	"CpG"	"hg38"
42.3	712	"chr18"	"CpG"	"hg38"
42.3	540	"chr19"	"CpG"	"hg38"
42.3	1810	"chr2"	"CpG"	"hg38"
42.3	640	"chr20"	"CpG"	"hg38"
42.3	390	"chr21"	"CpG"	"hg38"
42.3	360	"chr22"	"CpG"	"hg38"
42.3	1434	"chr3"	"CpG"	"hg38"
42.3	1392	"chr4"	"CpG"	"hg38"
42.3	1204	"chr5"	"CpG"	"hg38"
42.3	1190	"chr6"	"CpG"	"hg38"
42.3	1222	"chr7"	"CpG"	"hg38"
42.3	1158	"chr8"	"CpG"	"hg38"
42.3	956	"chr9"	"CpG"	"hg38"
42.3	756	"chrX"	"CpG"	"hg38"
42.3	136	"chrY"	"CpG"	"hg38"
42.4	1788	"chr1"	"CpG"	"hg38"
42.4	1106	"chr10"	"CpG"	"hg38"
42.4	1046	"chr11"	"CpG"	"hg38"
42.4	1000	"chr12"	"CpG"	"hg38"
42.4	866	"chr13"	"CpG"	"hg38"
42.4	686	"chr14"	"CpG"	"hg38"
42.4	736	"chr15"	"CpG"	"hg38"
42.4	812	"chr16"	"CpG"	"hg38"
42.4	724	"chr17"	"CpG"	"hg38"
42.4	634	"chr18"	"CpG"	"hg38"
42.4	564	"chr19"	"CpG"	"hg38"
42.4	1842	"chr2"	"CpG"	"hg38"
42.4	594	"chr20"	"CpG"	"hg38"
42.4	364	"chr21"	"CpG"	"hg38"
42.4	368	"chr22"	"CpG"	"hg38"
42.4	1434	"chr3"	"CpG"	"hg38"
42.4	1398	"chr4"	"CpG"	"hg38"
42.4	1472	"chr5"	"CpG"	"hg38"
42.4	1228	"chr6"	"CpG"	"hg38"
42.4	1212	"chr7"	"CpG"	"hg38"
42.4	1182	"chr8"	"CpG"	"hg38"
42.4	978	"chr9"	"CpG"	"hg38"
42.4	798	"chrX"	"CpG"	"hg38"
42.4	148	"chrY"	"CpG"	"hg38"
42.5	1840	"chr1"	"CpG"	"hg38"
42.5	1132	"chr10"	"CpG"	"hg38"
42.5	1116	"chr11"	"CpG"	"hg38"
42.5	956	"chr12"	"CpG"	"hg38"
42.5	778	"chr13"	"CpG"	"hg38"
42.5	668	"chr14"	"CpG"	"hg38"
42.5	672	"chr15"	"CpG"	"hg38"
42.5	840	"chr16"	"CpG"	"hg38"
42.5	720	"chr17"	"CpG"	"hg38"
42.5	638	"chr18"	"CpG"	"hg38"
42.5	516	"chr19"	"CpG"	"hg38"
42.5	1898	"chr2"	"CpG"	"hg38"
42.5	682	"chr20"	"CpG"	"hg38"
42.5	400	"chr21"	"CpG"	"hg38"
42.5	388	"chr22"	"CpG"	"hg38"
42.5	1308	"chr3"	"CpG"	"hg38"
42.5	1376	"chr4"	"CpG"	"hg38"
42.5	1340	"chr5"	"CpG"	"hg38"
42.5	1166	"chr6"	"CpG"	"hg38"
42.5	1286	"chr7"	"CpG"	"hg38"
42.5	1178	"chr8"	"CpG"	"hg38"
42.5	982	"chr9"	"CpG"	"hg38"
42.5	782	"chrX"	"CpG"	"hg38"
42.5	138	"chrY"	"CpG"	"hg38"
42.6	1840	"chr1"	"CpG"	"hg38"
42.6	1190	"chr10"	"CpG"	"hg38"
42.6	1098	"chr11"	"CpG"	"hg38"
42.6	1052	"chr12"	"CpG"	"hg38"
42.6	798	"chr13"	"CpG"	"hg38"
42.6	698	"chr14"	"CpG"	"hg38"
42.6	698	"chr15"	"CpG"	"hg38"
42.6	820	"chr16"	"CpG"	"hg38"
42.6	750	"chr17"	"CpG"	"hg38"
42.6	622	"chr18"	"CpG"	"hg38"
42.6	530	"chr19"	"CpG"	"hg38"
42.6	1832	"chr2"	"CpG"	"hg38"
42.6	602	"chr20"	"CpG"	"hg38"
42.6	358	"chr21"	"CpG"	"hg38"
42.6	434	"chr22"	"CpG"	"hg38"
42.6	1378	"chr3"	"CpG"	"hg38"
42.6	1516	"chr4"	"CpG"	"hg38"
42.6	1362	"chr5"	"CpG"	"hg38"
42.6	1242	"chr6"	"CpG"	"hg38"
42.6	1320	"chr7"	"CpG"	"hg38"
42.6	1202	"chr8"	"CpG"	"hg38"
42.6	928	"chr9"	"CpG"	"hg38"
42.6	806	"chrX"	"CpG"	"hg38"
42.6	126	"chrY"	"CpG"	"hg38"
42.7	1912	"chr1"	"CpG"	"hg38"
42.7	1154	"chr10"	"CpG"	"hg38"
42.7	1188	"chr11"	"CpG"	"hg38"
42.7	968	"chr12"	"CpG"	"hg38"
42.7	892	"chr13"	"CpG"	"hg38"
42.7	668	"chr14"	"CpG"	"hg38"
42.7	672	"chr15"	"CpG"	"hg38"
42.7	838	"chr16"	"CpG"	"hg38"
42.7	726	"chr17"	"CpG"	"hg38"
42.7	660	"chr18"	"CpG"	"hg38"
42.7	512	"chr19"	"CpG"	"hg38"
42.7	1854	"chr2"	"CpG"	"hg38"
42.7	630	"chr20"	"CpG"	"hg38"
42.7	430	"chr21"	"CpG"	"hg38"
42.7	402	"chr22"	"CpG"	"hg38"
42.7	1442	"chr3"	"CpG"	"hg38"
42.7	1436	"chr4"	"CpG"	"hg38"
42.7	1422	"chr5"	"CpG"	"hg38"
42.7	1272	"chr6"	"CpG"	"hg38"
42.7	1312	"chr7"	"CpG"	"hg38"
42.7	1216	"chr8"	"CpG"	"hg38"
42.7	990	"chr9"	"CpG"	"hg38"
42.7	818	"chrX"	"CpG"	"hg38"
42.7	148	"chrY"	"CpG"	"hg38"
42.8	1970	"chr1"	"CpG"	"hg38"
42.8	1126	"chr10"	"CpG"	"hg38"
42.8	1180	"chr11"	"CpG"	"hg38"
42.8	960	"chr12"	"CpG"	"hg38"
42.8	836	"chr13"	"CpG"	"hg38"
42.8	724	"chr14"	"CpG"	"hg38"
42.8	774	"chr15"	"CpG"	"hg38"
42.8	812	"chr16"	"CpG"	"hg38"
42.8	736	"chr17"	"CpG"	"hg38"
42.8	594	"chr18"	"CpG"	"hg38"
42.8	550	"chr19"	"CpG"	"hg38"
42.8	1910	"chr2"	"CpG"	"hg38"
42.8	646	"chr20"	"CpG"	"hg38"
42.8	412	"chr21"	"CpG"	"hg38"
42.8	442	"chr22"	"CpG"	"hg38"
42.8	1412	"chr3"	"CpG"	"hg38"
42.8	1386	"chr4"	"CpG"	"hg38"
42.8	1430	"chr5"	"CpG"	"hg38"
42.8	1276	"chr6"	"CpG"	"hg38"
42.8	1284	"chr7"	"CpG"	"hg38"
42.8	1198	"chr8"	"CpG"	"hg38"
42.8	934	"chr9"	"CpG"	"hg38"
42.8	854	"chrX"	"CpG"	"hg38"
42.8	158	"chrY"	"CpG"	"hg38"
42.9	1852	"chr1"	"CpG"	"hg38"
42.9	1190	"chr10"	"CpG"	"hg38"
42.9	1108	"chr11"	"CpG"	"hg38"
42.9	994	"chr12"	"CpG"	"hg38"
42.9	842	"chr13"	"CpG"	"hg38"
42.9	686	"chr14"	"CpG"	"hg38"
42.9	758	"chr15"	"CpG"	"hg38"
42.9	848	"chr16"	"CpG"	"hg38"
42.9	756	"chr17"	"CpG"	"hg38"
42.9	696	"chr18"	"CpG"	"hg38"
42.9	584	"chr19"	"CpG"	"hg38"
42.9	1894	"chr2"	"CpG"	"hg38"
42.9	664	"chr20"	"CpG"	"hg38"
42.9	394	"chr21"	"CpG"	"hg38"
42.9	406	"chr22"	"CpG"	"hg38"
42.9	1458	"chr3"	"CpG"	"hg38"
42.9	1360	"chr4"	"CpG"	"hg38"
42.9	1430	"chr5"	"CpG"	"hg38"
42.9	1206	"chr6"	"CpG"	"hg38"
42.9	1274	"chr7"	"CpG"	"hg38"
42.9	1156	"chr8"	"CpG"	"hg38"
42.9	990	"chr9"	"CpG"	"hg38"
42.9	786	"chrX"	"CpG"	"hg38"
42.9	152	"chrY"	"CpG"	"hg38"
43	1950	"chr1"	"CpG"	"hg38"
43	1188	"chr10"	"CpG"	"hg38"
43	1202	"chr11"	"CpG"	"hg38"
43	1012	"chr12"	"CpG"	"hg38"
43	848	"chr13"	"CpG"	"hg38"
43	680	"chr14"	"CpG"	"hg38"
43	666	"chr15"	"CpG"	"hg38"
43	794	"chr16"	"CpG"	"hg38"
43	748	"chr17"	"CpG"	"hg38"
43	692	"chr18"	"CpG"	"hg38"
43	582	"chr19"	"CpG"	"hg38"
43	1850	"chr2"	"CpG"	"hg38"
43	686	"chr20"	"CpG"	"hg38"
43	378	"chr21"	"CpG"	"hg38"
43	412	"chr22"	"CpG"	"hg38"
43	1480	"chr3"	"CpG"	"hg38"
43	1406	"chr4"	"CpG"	"hg38"
43	1338	"chr5"	"CpG"	"hg38"
43	1262	"chr6"	"CpG"	"hg38"
43	1354	"chr7"	"CpG"	"hg38"
43	1240	"chr8"	"CpG"	"hg38"
43	964	"chr9"	"CpG"	"hg38"
43	896	"chrX"	"CpG"	"hg38"
43	118	"chrY"	"CpG"	"hg38"
43.1	1962	"chr1"	"CpG"	"hg38"
43.1	1194	"chr10"	"CpG"	"hg38"
43.1	1240	"chr11"	"CpG"	"hg38"
43.1	1078	"chr12"	"CpG"	"hg38"
43.1	832	"chr13"	"CpG"	"hg38"
43.1	716	"chr14"	"CpG"	"hg38"
43.1	760	"chr15"	"CpG"	"hg38"
43.1	848	"chr16"	"CpG"	"hg38"
43.1	778	"chr17"	"CpG"	"hg38"
43.1	662	"chr18"	"CpG"	"hg38"
43.1	518	"chr19"	"CpG"	"hg38"
43.1	1862	"chr2"	"CpG"	"hg38"
43.1	660	"chr20"	"CpG"	"hg38"
43.1	374	"chr21"	"CpG"	"hg38"
43.1	420	"chr22"	"CpG"	"hg38"
43.1	1526	"chr3"	"CpG"	"hg38"
43.1	1416	"chr4"	"CpG"	"hg38"
43.1	1520	"chr5"	"CpG"	"hg38"
43.1	1174	"chr6"	"CpG"	"hg38"
43.1	1312	"chr7"	"CpG"	"hg38"
43.1	1246	"chr8"	"CpG"	"hg38"
43.1	996	"chr9"	"CpG"	"hg38"
43.1	790	"chrX"	"CpG"	"hg38"
43.1	140	"chrY"	"CpG"	"hg38"
43.2	1846	"chr1"	"CpG"	"hg38"
43.2	1150	"chr10"	"CpG"	"hg38"
43.2	1184	"chr11"	"CpG"	"hg38"
43.2	1004	"chr12"	"CpG"	"hg38"
43.2	806	"chr13"	"CpG"	"hg38"
43.2	754	"chr14"	"CpG"	"hg38"
43.2	744	"chr15"	"CpG"	"hg38"
43.2	818	"chr16"	"CpG"	"hg38"
43.2	752	"chr17"	"CpG"	"hg38"
43.2	712	"chr18"	"CpG"	"hg38"
43.2	560	"chr19"	"CpG"	"hg38"
43.2	1912	"chr2"	"CpG"	"hg38"
43.2	764	"chr20"	"CpG"	"hg38"
43.2	370	"chr21"	"CpG"	"hg38"
43.2	402	"chr22"	"CpG"	"hg38"
43.2	1488	"chr3"	"CpG"	"hg38"
43.2	1428	"chr4"	"CpG"	"hg38"
43.2	1464	"chr5"	"CpG"	"hg38"
43.2	1322	"chr6"	"CpG"	"hg38"
43.2	1340	"chr7"	"CpG"	"hg38"
43.2	1294	"chr8"	"CpG"	"hg38"
43.2	990	"chr9"	"CpG"	"hg38"
43.2	814	"chrX"	"CpG"	"hg38"
43.2	116	"chrY"	"CpG"	"hg38"
43.3	1914	"chr1"	"CpG"	"hg38"
43.3	1102	"chr10"	"CpG"	"hg38"
43.3	1226	"chr11"	"CpG"	"hg38"
43.3	1016	"chr12"	"CpG"	"hg38"
43.3	806	"chr13"	"CpG"	"hg38"
43.3	690	"chr14"	"CpG"	"hg38"
43.3	794	"chr15"	"CpG"	"hg38"
43.3	814	"chr16"	"CpG"	"hg38"
43.3	776	"chr17"	"CpG"	"hg38"
43.3	672	"chr18"	"CpG"	"hg38"
43.3	552	"chr19"	"CpG"	"hg38"
43.3	1938	"chr2"	"CpG"	"hg38"
43.3	672	"chr20"	"CpG"	"hg38"
43.3	384	"chr21"	"CpG"	"hg38"
43.3	392	"chr22"	"CpG"	"hg38"
43.3	1510	"chr3"	"CpG"	"hg38"
43.3	1418	"chr4"	"CpG"	"hg38"
43.3	1362	"chr5"	"CpG"	"hg38"
43.3	1232	"chr6"	"CpG"	"hg38"
43.3	1348	"chr7"	"CpG"	"hg38"
43.3	1166	"chr8"	"CpG"	"hg38"
43.3	1112	"chr9"	"CpG"	"hg38"
43.3	894	"chrX"	"CpG"	"hg38"
43.3	128	"chrY"	"CpG"	"hg38"
43.4	1896	"chr1"	"CpG"	"hg38"
43.4	1230	"chr10"	"CpG"	"hg38"
43.4	1176	"chr11"	"CpG"	"hg38"
43.4	1012	"chr12"	"CpG"	"hg38"
43.4	854	"chr13"	"CpG"	"hg38"
43.4	646	"chr14"	"CpG"	"hg38"
43.4	752	"chr15"	"CpG"	"hg38"
43.4	876	"chr16"	"CpG"	"hg38"
43.4	772	"chr17"	"CpG"	"hg38"
43.4	656	"chr18"	"CpG"	"hg38"
43.4	552	"chr19"	"CpG"	"hg38"
43.4	1924	"chr2"	"CpG"	"hg38"
43.4	624	"chr20"	"CpG"	"hg38"
43.4	406	"chr21"	"CpG"	"hg38"
43.4	494	"chr22"	"CpG"	"hg38"
43.4	1508	"chr3"	"CpG"	"hg38"
43.4	1362	"chr4"	"CpG"	"hg38"
43.4	1368	"chr5"	"CpG"	"hg38"
43.4	1252	"chr6"	"CpG"	"hg38"
43.4	1428	"chr7"	"CpG"	"hg38"
43.4	1290	"chr8"	"CpG"	"hg38"
43.4	1002	"chr9"	"CpG"	"hg38"
43.4	732	"chrX"	"CpG"	"hg38"
43.4	124	"chrY"	"CpG"	"hg38"
43.5	1876	"chr1"	"CpG"	"hg38"
43.5	1278	"chr10"	"CpG"	"hg38"
43.5	1248	"chr11"	"CpG"	"hg38"
43.5	1058	"chr12"	"CpG"	"hg38"
43.5	804	"chr13"	"CpG"	"hg38"
43.5	746	"chr14"	"CpG"	"hg38"
43.5	780	"chr15"	"CpG"	"hg38"
43.5	858	"chr16"	"CpG"	"hg38"
43.5	758	"chr17"	"CpG"	"hg38"
43.5	662	"chr18"	"CpG"	"hg38"
43.5	608	"chr19"	"CpG"	"hg38"
43.5	1926	"chr2"	"CpG"	"hg38"
43.5	738	"chr20"	"CpG"	"hg38"
43.5	394	"chr21"	"CpG"	"hg38"
43.5	450	"chr22"	"CpG"	"hg38"
43.5	1394	"chr3"	"CpG"	"hg38"
43.5	1546	"chr4"	"CpG"	"hg38"
43.5	1406	"chr5"	"CpG"	"hg38"
43.5	1252	"chr6"	"CpG"	"hg38"
43.5	1442	"chr7"	"CpG"	"hg38"
43.5	1384	"chr8"	"CpG"	"hg38"
43.5	1068	"chr9"	"CpG"	"hg38"
43.5	750	"chrX"	"CpG"	"hg38"
43.5	168	"chrY"	"CpG"	"hg38"
43.6	2028	"chr1"	"CpG"	"hg38"
43.6	1166	"chr10"	"CpG"	"hg38"
43.6	1200	"chr11"	"CpG"	"hg38"
43.6	1030	"chr12"	"CpG"	"hg38"
43.6	910	"chr13"	"CpG"	"hg38"
43.6	720	"chr14"	"CpG"	"hg38"
43.6	724	"chr15"	"CpG"	"hg38"
43.6	890	"chr16"	"CpG"	"hg38"
43.6	714	"chr17"	"CpG"	"hg38"
43.6	698	"chr18"	"CpG"	"hg38"
43.6	558	"chr19"	"CpG"	"hg38"
43.6	1850	"chr2"	"CpG"	"hg38"
43.6	640	"chr20"	"CpG"	"hg38"
43.6	440	"chr21"	"CpG"	"hg38"
43.6	420	"chr22"	"CpG"	"hg38"
43.6	1422	"chr3"	"CpG"	"hg38"
43.6	1448	"chr4"	"CpG"	"hg38"
43.6	1430	"chr5"	"CpG"	"hg38"
43.6	1230	"chr6"	"CpG"	"hg38"
43.6	1370	"chr7"	"CpG"	"hg38"
43.6	1152	"chr8"	"CpG"	"hg38"
43.6	1046	"chr9"	"CpG"	"hg38"
43.6	812	"chrX"	"CpG"	"hg38"
43.6	154	"chrY"	"CpG"	"hg38"
43.7	1768	"chr1"	"CpG"	"hg38"
43.7	1154	"chr10"	"CpG"	"hg38"
43.7	1230	"chr11"	"CpG"	"hg38"
43.7	1020	"chr12"	"CpG"	"hg38"
43.7	882	"chr13"	"CpG"	"hg38"
43.7	764	"chr14"	"CpG"	"hg38"
43.7	692	"chr15"	"CpG"	"hg38"
43.7	802	"chr16"	"CpG"	"hg38"
43.7	808	"chr17"	"CpG"	"hg38"
43.7	748	"chr18"	"CpG"	"hg38"
43.7	598	"chr19"	"CpG"	"hg38"
43.7	1890	"chr2"	"CpG"	"hg38"
43.7	670	"chr20"	"CpG"	"hg38"
43.7	434	"chr21"	"CpG"	"hg38"
43.7	434	"chr22"	"CpG"	"hg38"
43.7	1542	"chr3"	"CpG"	"hg38"
43.7	1458	"chr4"	"CpG"	"hg38"
43.7	1404	"chr5"	"CpG"	"hg38"
43.7	1258	"chr6"	"CpG"	"hg38"
43.7	1354	"chr7"	"CpG"	"hg38"
43.7	1230	"chr8"	"CpG"	"hg38"
43.7	966	"chr9"	"CpG"	"hg38"
43.7	844	"chrX"	"CpG"	"hg38"
43.7	110	"chrY"	"CpG"	"hg38"
43.8	2032	"chr1"	"CpG"	"hg38"
43.8	1170	"chr10"	"CpG"	"hg38"
43.8	1268	"chr11"	"CpG"	"hg38"
43.8	1080	"chr12"	"CpG"	"hg38"
43.8	814	"chr13"	"CpG"	"hg38"
43.8	666	"chr14"	"CpG"	"hg38"
43.8	732	"chr15"	"CpG"	"hg38"
43.8	972	"chr16"	"CpG"	"hg38"
43.8	784	"chr17"	"CpG"	"hg38"
43.8	678	"chr18"	"CpG"	"hg38"
43.8	634	"chr19"	"CpG"	"hg38"
43.8	1986	"chr2"	"CpG"	"hg38"
43.8	706	"chr20"	"CpG"	"hg38"
43.8	418	"chr21"	"CpG"	"hg38"
43.8	476	"chr22"	"CpG"	"hg38"
43.8	1522	"chr3"	"CpG"	"hg38"
43.8	1416	"chr4"	"CpG"	"hg38"
43.8	1396	"chr5"	"CpG"	"hg38"
43.8	1310	"chr6"	"CpG"	"hg38"
43.8	1300	"chr7"	"CpG"	"hg38"
43.8	1346	"chr8"	"CpG"	"hg38"
43.8	1072	"chr9"	"CpG"	"hg38"
43.8	854	"chrX"	"CpG"	"hg38"
43.8	156	"chrY"	"CpG"	"hg38"
43.9	2006	"chr1"	"CpG"	"hg38"
43.9	1260	"chr10"	"CpG"	"hg38"
43.9	1200	"chr11"	"CpG"	"hg38"
43.9	1048	"chr12"	"CpG"	"hg38"
43.9	916	"chr13"	"CpG"	"hg38"
43.9	648	"chr14"	"CpG"	"hg38"
43.9	750	"chr15"	"CpG"	"hg38"
43.9	828	"chr16"	"CpG"	"hg38"
43.9	774	"chr17"	"CpG"	"hg38"
43.9	700	"chr18"	"CpG"	"hg38"
43.9	654	"chr19"	"CpG"	"hg38"
43.9	1940	"chr2"	"CpG"	"hg38"
43.9	762	"chr20"	"CpG"	"hg38"
43.9	408	"chr21"	"CpG"	"hg38"
43.9	428	"chr22"	"CpG"	"hg38"
43.9	1544	"chr3"	"CpG"	"hg38"
43.9	1430	"chr4"	"CpG"	"hg38"
43.9	1400	"chr5"	"CpG"	"hg38"
43.9	1324	"chr6"	"CpG"	"hg38"
43.9	1360	"chr7"	"CpG"	"hg38"
43.9	1264	"chr8"	"CpG"	"hg38"
43.9	1010	"chr9"	"CpG"	"hg38"
43.9	842	"chrX"	"CpG"	"hg38"
43.9	148	"chrY"	"CpG"	"hg38"
44	1942	"chr1"	"CpG"	"hg38"
44	1216	"chr10"	"CpG"	"hg38"
44	1308	"chr11"	"CpG"	"hg38"
44	1012	"chr12"	"CpG"	"hg38"
44	860	"chr13"	"CpG"	"hg38"
44	724	"chr14"	"CpG"	"hg38"
44	750	"chr15"	"CpG"	"hg38"
44	864	"chr16"	"CpG"	"hg38"
44	766	"chr17"	"CpG"	"hg38"
44	722	"chr18"	"CpG"	"hg38"
44	630	"chr19"	"CpG"	"hg38"
44	1998	"chr2"	"CpG"	"hg38"
44	712	"chr20"	"CpG"	"hg38"
44	418	"chr21"	"CpG"	"hg38"
44	426	"chr22"	"CpG"	"hg38"
44	1494	"chr3"	"CpG"	"hg38"
44	1492	"chr4"	"CpG"	"hg38"
44	1460	"chr5"	"CpG"	"hg38"
44	1214	"chr6"	"CpG"	"hg38"
44	1322	"chr7"	"CpG"	"hg38"
44	1318	"chr8"	"CpG"	"hg38"
44	1088	"chr9"	"CpG"	"hg38"
44	846	"chrX"	"CpG"	"hg38"
44	166	"chrY"	"CpG"	"hg38"
44.1	1866	"chr1"	"CpG"	"hg38"
44.1	1226	"chr10"	"CpG"	"hg38"
44.1	1276	"chr11"	"CpG"	"hg38"
44.1	1072	"chr12"	"CpG"	"hg38"
44.1	870	"chr13"	"CpG"	"hg38"
44.1	694	"chr14"	"CpG"	"hg38"
44.1	712	"chr15"	"CpG"	"hg38"
44.1	960	"chr16"	"CpG"	"hg38"
44.1	844	"chr17"	"CpG"	"hg38"
44.1	678	"chr18"	"CpG"	"hg38"
44.1	560	"chr19"	"CpG"	"hg38"
44.1	1942	"chr2"	"CpG"	"hg38"
44.1	704	"chr20"	"CpG"	"hg38"
44.1	390	"chr21"	"CpG"	"hg38"
44.1	400	"chr22"	"CpG"	"hg38"
44.1	1480	"chr3"	"CpG"	"hg38"
44.1	1566	"chr4"	"CpG"	"hg38"
44.1	1394	"chr5"	"CpG"	"hg38"
44.1	1324	"chr6"	"CpG"	"hg38"
44.1	1344	"chr7"	"CpG"	"hg38"
44.1	1298	"chr8"	"CpG"	"hg38"
44.1	1042	"chr9"	"CpG"	"hg38"
44.1	788	"chrX"	"CpG"	"hg38"
44.1	118	"chrY"	"CpG"	"hg38"
44.2	1988	"chr1"	"CpG"	"hg38"
44.2	1276	"chr10"	"CpG"	"hg38"
44.2	1284	"chr11"	"CpG"	"hg38"
44.2	1046	"chr12"	"CpG"	"hg38"
44.2	850	"chr13"	"CpG"	"hg38"
44.2	656	"chr14"	"CpG"	"hg38"
44.2	810	"chr15"	"CpG"	"hg38"
44.2	822	"chr16"	"CpG"	"hg38"
44.2	778	"chr17"	"CpG"	"hg38"
44.2	752	"chr18"	"CpG"	"hg38"
44.2	558	"chr19"	"CpG"	"hg38"
44.2	2004	"chr2"	"CpG"	"hg38"
44.2	664	"chr20"	"CpG"	"hg38"
44.2	402	"chr21"	"CpG"	"hg38"
44.2	458	"chr22"	"CpG"	"hg38"
44.2	1544	"chr3"	"CpG"	"hg38"
44.2	1426	"chr4"	"CpG"	"hg38"
44.2	1424	"chr5"	"CpG"	"hg38"
44.2	1350	"chr6"	"CpG"	"hg38"
44.2	1294	"chr7"	"CpG"	"hg38"
44.2	1340	"chr8"	"CpG"	"hg38"
44.2	1058	"chr9"	"CpG"	"hg38"
44.2	908	"chrX"	"CpG"	"hg38"
44.2	122	"chrY"	"CpG"	"hg38"
44.3	1890	"chr1"	"CpG"	"hg38"
44.3	1338	"chr10"	"CpG"	"hg38"
44.3	1322	"chr11"	"CpG"	"hg38"
44.3	1062	"chr12"	"CpG"	"hg38"
44.3	810	"chr13"	"CpG"	"hg38"
44.3	710	"chr14"	"CpG"	"hg38"
44.3	702	"chr15"	"CpG"	"hg38"
44.3	894	"chr16"	"CpG"	"hg38"
44.3	812	"chr17"	"CpG"	"hg38"
44.3	694	"chr18"	"CpG"	"hg38"
44.3	548	"chr19"	"CpG"	"hg38"
44.3	1946	"chr2"	"CpG"	"hg38"
44.3	724	"chr20"	"CpG"	"hg38"
44.3	438	"chr21"	"CpG"	"hg38"
44.3	466	"chr22"	"CpG"	"hg38"
44.3	1552	"chr3"	"CpG"	"hg38"
44.3	1490	"chr4"	"CpG"	"hg38"
44.3	1450	"chr5"	"CpG"	"hg38"
44.3	1422	"chr6"	"CpG"	"hg38"
44.3	1372	"chr7"	"CpG"	"hg38"
44.3	1360	"chr8"	"CpG"	"hg38"
44.3	1048	"chr9"	"CpG"	"hg38"
44.3	830	"chrX"	"CpG"	"hg38"
44.3	148	"chrY"	"CpG"	"hg38"
44.4	2080	"chr1"	"CpG"	"hg38"
44.4	1262	"chr10"	"CpG"	"hg38"
44.4	1324	"chr11"	"CpG"	"hg38"
44.4	1126	"chr12"	"CpG"	"hg38"
44.4	906	"chr13"	"CpG"	"hg38"
44.4	788	"chr14"	"CpG"	"hg38"
44.4	768	"chr15"	"CpG"	"hg38"
44.4	866	"chr16"	"CpG"	"hg38"
44.4	818	"chr17"	"CpG"	"hg38"
44.4	676	"chr18"	"CpG"	"hg38"
44.4	608	"chr19"	"CpG"	"hg38"
44.4	1944	"chr2"	"CpG"	"hg38"
44.4	670	"chr20"	"CpG"	"hg38"
44.4	468	"chr21"	"CpG"	"hg38"
44.4	498	"chr22"	"CpG"	"hg38"
44.4	1502	"chr3"	"CpG"	"hg38"
44.4	1526	"chr4"	"CpG"	"hg38"
44.4	1502	"chr5"	"CpG"	"hg38"
44.4	1186	"chr6"	"CpG"	"hg38"
44.4	1430	"chr7"	"CpG"	"hg38"
44.4	1246	"chr8"	"CpG"	"hg38"
44.4	974	"chr9"	"CpG"	"hg38"
44.4	858	"chrX"	"CpG"	"hg38"
44.4	158	"chrY"	"CpG"	"hg38"
44.5	2028	"chr1"	"CpG"	"hg38"
44.5	1286	"chr10"	"CpG"	"hg38"
44.5	1216	"chr11"	"CpG"	"hg38"
44.5	1096	"chr12"	"CpG"	"hg38"
44.5	908	"chr13"	"CpG"	"hg38"
44.5	720	"chr14"	"CpG"	"hg38"
44.5	756	"chr15"	"CpG"	"hg38"
44.5	888	"chr16"	"CpG"	"hg38"
44.5	838	"chr17"	"CpG"	"hg38"
44.5	706	"chr18"	"CpG"	"hg38"
44.5	600	"chr19"	"CpG"	"hg38"
44.5	2088	"chr2"	"CpG"	"hg38"
44.5	814	"chr20"	"CpG"	"hg38"
44.5	450	"chr21"	"CpG"	"hg38"
44.5	448	"chr22"	"CpG"	"hg38"
44.5	1548	"chr3"	"CpG"	"hg38"
44.5	1500	"chr4"	"CpG"	"hg38"
44.5	1424	"chr5"	"CpG"	"hg38"
44.5	1276	"chr6"	"CpG"	"hg38"
44.5	1278	"chr7"	"CpG"	"hg38"
44.5	1224	"chr8"	"CpG"	"hg38"
44.5	1122	"chr9"	"CpG"	"hg38"
44.5	900	"chrX"	"CpG"	"hg38"
44.5	140	"chrY"	"CpG"	"hg38"
44.6	1956	"chr1"	"CpG"	"hg38"
44.6	1236	"chr10"	"CpG"	"hg38"
44.6	1162	"chr11"	"CpG"	"hg38"
44.6	1002	"chr12"	"CpG"	"hg38"
44.6	830	"chr13"	"CpG"	"hg38"
44.6	770	"chr14"	"CpG"	"hg38"
44.6	756	"chr15"	"CpG"	"hg38"
44.6	952	"chr16"	"CpG"	"hg38"
44.6	872	"chr17"	"CpG"	"hg38"
44.6	682	"chr18"	"CpG"	"hg38"
44.6	578	"chr19"	"CpG"	"hg38"
44.6	2004	"chr2"	"CpG"	"hg38"
44.6	672	"chr20"	"CpG"	"hg38"
44.6	402	"chr21"	"CpG"	"hg38"
44.6	466	"chr22"	"CpG"	"hg38"
44.6	1542	"chr3"	"CpG"	"hg38"
44.6	1532	"chr4"	"CpG"	"hg38"
44.6	1490	"chr5"	"CpG"	"hg38"
44.6	1292	"chr6"	"CpG"	"hg38"
44.6	1388	"chr7"	"CpG"	"hg38"
44.6	1318	"chr8"	"CpG"	"hg38"
44.6	1074	"chr9"	"CpG"	"hg38"
44.6	852	"chrX"	"CpG"	"hg38"
44.6	142	"chrY"	"CpG"	"hg38"
44.7	1986	"chr1"	"CpG"	"hg38"
44.7	1244	"chr10"	"CpG"	"hg38"
44.7	1212	"chr11"	"CpG"	"hg38"
44.7	1160	"chr12"	"CpG"	"hg38"
44.7	892	"chr13"	"CpG"	"hg38"
44.7	726	"chr14"	"CpG"	"hg38"
44.7	792	"chr15"	"CpG"	"hg38"
44.7	938	"chr16"	"CpG"	"hg38"
44.7	814	"chr17"	"CpG"	"hg38"
44.7	682	"chr18"	"CpG"	"hg38"
44.7	594	"chr19"	"CpG"	"hg38"
44.7	2028	"chr2"	"CpG"	"hg38"
44.7	764	"chr20"	"CpG"	"hg38"
44.7	408	"chr21"	"CpG"	"hg38"
44.7	432	"chr22"	"CpG"	"hg38"
44.7	1514	"chr3"	"CpG"	"hg38"
44.7	1484	"chr4"	"CpG"	"hg38"
44.7	1530	"chr5"	"CpG"	"hg38"
44.7	1244	"chr6"	"CpG"	"hg38"
44.7	1324	"chr7"	"CpG"	"hg38"
44.7	1364	"chr8"	"CpG"	"hg38"
44.7	992	"chr9"	"CpG"	"hg38"
44.7	894	"chrX"	"CpG"	"hg38"
44.7	156	"chrY"	"CpG"	"hg38"
44.8	2040	"chr1"	"CpG"	"hg38"
44.8	1286	"chr10"	"CpG"	"hg38"
44.8	1314	"chr11"	"CpG"	"hg38"
44.8	1020	"chr12"	"CpG"	"hg38"
44.8	858	"chr13"	"CpG"	"hg38"
44.8	812	"chr14"	"CpG"	"hg38"
44.8	700	"chr15"	"CpG"	"hg38"
44.8	862	"chr16"	"CpG"	"hg38"
44.8	804	"chr17"	"CpG"	"hg38"
44.8	770	"chr18"	"CpG"	"hg38"
44.8	584	"chr19"	"CpG"	"hg38"
44.8	2076	"chr2"	"CpG"	"hg38"
44.8	684	"chr20"	"CpG"	"hg38"
44.8	488	"chr21"	"CpG"	"hg38"
44.8	460	"chr22"	"CpG"	"hg38"
44.8	1598	"chr3"	"CpG"	"hg38"
44.8	1558	"chr4"	"CpG"	"hg38"
44.8	1404	"chr5"	"CpG"	"hg38"
44.8	1322	"chr6"	"CpG"	"hg38"
44.8	1430	"chr7"	"CpG"	"hg38"
44.8	1312	"chr8"	"CpG"	"hg38"
44.8	1052	"chr9"	"CpG"	"hg38"
44.8	926	"chrX"	"CpG"	"hg38"
44.8	180	"chrY"	"CpG"	"hg38"
44.9	1992	"chr1"	"CpG"	"hg38"
44.9	1370	"chr10"	"CpG"	"hg38"
44.9	1332	"chr11"	"CpG"	"hg38"
44.9	1184	"chr12"	"CpG"	"hg38"
44.9	900	"chr13"	"CpG"	"hg38"
44.9	674	"chr14"	"CpG"	"hg38"
44.9	814	"chr15"	"CpG"	"hg38"
44.9	874	"chr16"	"CpG"	"hg38"
44.9	846	"chr17"	"CpG"	"hg38"
44.9	632	"chr18"	"CpG"	"hg38"
44.9	566	"chr19"	"CpG"	"hg38"
44.9	1932	"chr2"	"CpG"	"hg38"
44.9	806	"chr20"	"CpG"	"hg38"
44.9	466	"chr21"	"CpG"	"hg38"
44.9	460	"chr22"	"CpG"	"hg38"
44.9	1520	"chr3"	"CpG"	"hg38"
44.9	1426	"chr4"	"CpG"	"hg38"
44.9	1520	"chr5"	"CpG"	"hg38"
44.9	1280	"chr6"	"CpG"	"hg38"
44.9	1428	"chr7"	"CpG"	"hg38"
44.9	1326	"chr8"	"CpG"	"hg38"
44.9	1052	"chr9"	"CpG"	"hg38"
44.9	834	"chrX"	"CpG"	"hg38"
44.9	158	"chrY"	"CpG"	"hg38"
45	2100	"chr1"	"CpG"	"hg38"
45	1324	"chr10"	"CpG"	"hg38"
45	1302	"chr11"	"CpG"	"hg38"
45	1120	"chr12"	"CpG"	"hg38"
45	864	"chr13"	"CpG"	"hg38"
45	772	"chr14"	"CpG"	"hg38"
45	730	"chr15"	"CpG"	"hg38"
45	934	"chr16"	"CpG"	"hg38"
45	766	"chr17"	"CpG"	"hg38"
45	784	"chr18"	"CpG"	"hg38"
45	584	"chr19"	"CpG"	"hg38"
45	1932	"chr2"	"CpG"	"hg38"
45	710	"chr20"	"CpG"	"hg38"
45	420	"chr21"	"CpG"	"hg38"
45	392	"chr22"	"CpG"	"hg38"
45	1532	"chr3"	"CpG"	"hg38"
45	1596	"chr4"	"CpG"	"hg38"
45	1434	"chr5"	"CpG"	"hg38"
45	1352	"chr6"	"CpG"	"hg38"
45	1466	"chr7"	"CpG"	"hg38"
45	1450	"chr8"	"CpG"	"hg38"
45	980	"chr9"	"CpG"	"hg38"
45	868	"chrX"	"CpG"	"hg38"
45	150	"chrY"	"CpG"	"hg38"
45.1	2090	"chr1"	"CpG"	"hg38"
45.1	1240	"chr10"	"CpG"	"hg38"
45.1	1296	"chr11"	"CpG"	"hg38"
45.1	1224	"chr12"	"CpG"	"hg38"
45.1	808	"chr13"	"CpG"	"hg38"
45.1	688	"chr14"	"CpG"	"hg38"
45.1	764	"chr15"	"CpG"	"hg38"
45.1	896	"chr16"	"CpG"	"hg38"
45.1	756	"chr17"	"CpG"	"hg38"
45.1	786	"chr18"	"CpG"	"hg38"
45.1	618	"chr19"	"CpG"	"hg38"
45.1	2078	"chr2"	"CpG"	"hg38"
45.1	752	"chr20"	"CpG"	"hg38"
45.1	438	"chr21"	"CpG"	"hg38"
45.1	454	"chr22"	"CpG"	"hg38"
45.1	1538	"chr3"	"CpG"	"hg38"
45.1	1504	"chr4"	"CpG"	"hg38"
45.1	1498	"chr5"	"CpG"	"hg38"
45.1	1290	"chr6"	"CpG"	"hg38"
45.1	1426	"chr7"	"CpG"	"hg38"
45.1	1302	"chr8"	"CpG"	"hg38"
45.1	1048	"chr9"	"CpG"	"hg38"
45.1	856	"chrX"	"CpG"	"hg38"
45.1	150	"chrY"	"CpG"	"hg38"
45.2	2020	"chr1"	"CpG"	"hg38"
45.2	1366	"chr10"	"CpG"	"hg38"
45.2	1246	"chr11"	"CpG"	"hg38"
45.2	1030	"chr12"	"CpG"	"hg38"
45.2	874	"chr13"	"CpG"	"hg38"
45.2	806	"chr14"	"CpG"	"hg38"
45.2	770	"chr15"	"CpG"	"hg38"
45.2	946	"chr16"	"CpG"	"hg38"
45.2	866	"chr17"	"CpG"	"hg38"
45.2	692	"chr18"	"CpG"	"hg38"
45.2	648	"chr19"	"CpG"	"hg38"
45.2	2036	"chr2"	"CpG"	"hg38"
45.2	750	"chr20"	"CpG"	"hg38"
45.2	426	"chr21"	"CpG"	"hg38"
45.2	470	"chr22"	"CpG"	"hg38"
45.2	1574	"chr3"	"CpG"	"hg38"
45.2	1550	"chr4"	"CpG"	"hg38"
45.2	1508	"chr5"	"CpG"	"hg38"
45.2	1376	"chr6"	"CpG"	"hg38"
45.2	1430	"chr7"	"CpG"	"hg38"
45.2	1318	"chr8"	"CpG"	"hg38"
45.2	1070	"chr9"	"CpG"	"hg38"
45.2	854	"chrX"	"CpG"	"hg38"
45.2	142	"chrY"	"CpG"	"hg38"
45.3	2174	"chr1"	"CpG"	"hg38"
45.3	1216	"chr10"	"CpG"	"hg38"
45.3	1314	"chr11"	"CpG"	"hg38"
45.3	1068	"chr12"	"CpG"	"hg38"
45.3	844	"chr13"	"CpG"	"hg38"
45.3	824	"chr14"	"CpG"	"hg38"
45.3	724	"chr15"	"CpG"	"hg38"
45.3	940	"chr16"	"CpG"	"hg38"
45.3	858	"chr17"	"CpG"	"hg38"
45.3	692	"chr18"	"CpG"	"hg38"
45.3	660	"chr19"	"CpG"	"hg38"
45.3	2090	"chr2"	"CpG"	"hg38"
45.3	778	"chr20"	"CpG"	"hg38"
45.3	402	"chr21"	"CpG"	"hg38"
45.3	496	"chr22"	"CpG"	"hg38"
45.3	1596	"chr3"	"CpG"	"hg38"
45.3	1604	"chr4"	"CpG"	"hg38"
45.3	1444	"chr5"	"CpG"	"hg38"
45.3	1252	"chr6"	"CpG"	"hg38"
45.3	1442	"chr7"	"CpG"	"hg38"
45.3	1244	"chr8"	"CpG"	"hg38"
45.3	1064	"chr9"	"CpG"	"hg38"
45.3	860	"chrX"	"CpG"	"hg38"
45.3	190	"chrY"	"CpG"	"hg38"
45.4	2116	"chr1"	"CpG"	"hg38"
45.4	1320	"chr10"	"CpG"	"hg38"
45.4	1384	"chr11"	"CpG"	"hg38"
45.4	1114	"chr12"	"CpG"	"hg38"
45.4	898	"chr13"	"CpG"	"hg38"
45.4	772	"chr14"	"CpG"	"hg38"
45.4	752	"chr15"	"CpG"	"hg38"
45.4	860	"chr16"	"CpG"	"hg38"
45.4	924	"chr17"	"CpG"	"hg38"
45.4	758	"chr18"	"CpG"	"hg38"
45.4	640	"chr19"	"CpG"	"hg38"
45.4	2108	"chr2"	"CpG"	"hg38"
45.4	724	"chr20"	"CpG"	"hg38"
45.4	468	"chr21"	"CpG"	"hg38"
45.4	430	"chr22"	"CpG"	"hg38"
45.4	1548	"chr3"	"CpG"	"hg38"
45.4	1514	"chr4"	"CpG"	"hg38"
45.4	1566	"chr5"	"CpG"	"hg38"
45.4	1386	"chr6"	"CpG"	"hg38"
45.4	1444	"chr7"	"CpG"	"hg38"
45.4	1308	"chr8"	"CpG"	"hg38"
45.4	1044	"chr9"	"CpG"	"hg38"
45.4	896	"chrX"	"CpG"	"hg38"
45.4	172	"chrY"	"CpG"	"hg38"
45.5	2166	"chr1"	"CpG"	"hg38"
45.5	1400	"chr10"	"CpG"	"hg38"
45.5	1282	"chr11"	"CpG"	"hg38"
45.5	1214	"chr12"	"CpG"	"hg38"
45.5	934	"chr13"	"CpG"	"hg38"
45.5	778	"chr14"	"CpG"	"hg38"
45.5	774	"chr15"	"CpG"	"hg38"
45.5	948	"chr16"	"CpG"	"hg38"
45.5	804	"chr17"	"CpG"	"hg38"
45.5	724	"chr18"	"CpG"	"hg38"
45.5	632	"chr19"	"CpG"	"hg38"
45.5	2076	"chr2"	"CpG"	"hg38"
45.5	730	"chr20"	"CpG"	"hg38"
45.5	458	"chr21"	"CpG"	"hg38"
45.5	538	"chr22"	"CpG"	"hg38"
45.5	1598	"chr3"	"CpG"	"hg38"
45.5	1622	"chr4"	"CpG"	"hg38"
45.5	1514	"chr5"	"CpG"	"hg38"
45.5	1312	"chr6"	"CpG"	"hg38"
45.5	1390	"chr7"	"CpG"	"hg38"
45.5	1350	"chr8"	"CpG"	"hg38"
45.5	1096	"chr9"	"CpG"	"hg38"
45.5	900	"chrX"	"CpG"	"hg38"
45.5	162	"chrY"	"CpG"	"hg38"
45.6	2076	"chr1"	"CpG"	"hg38"
45.6	1254	"chr10"	"CpG"	"hg38"
45.6	1174	"chr11"	"CpG"	"hg38"
45.6	1098	"chr12"	"CpG"	"hg38"
45.6	880	"chr13"	"CpG"	"hg38"
45.6	760	"chr14"	"CpG"	"hg38"
45.6	764	"chr15"	"CpG"	"hg38"
45.6	934	"chr16"	"CpG"	"hg38"
45.6	916	"chr17"	"CpG"	"hg38"
45.6	782	"chr18"	"CpG"	"hg38"
45.6	658	"chr19"	"CpG"	"hg38"
45.6	1978	"chr2"	"CpG"	"hg38"
45.6	708	"chr20"	"CpG"	"hg38"
45.6	466	"chr21"	"CpG"	"hg38"
45.6	502	"chr22"	"CpG"	"hg38"
45.6	1662	"chr3"	"CpG"	"hg38"
45.6	1492	"chr4"	"CpG"	"hg38"
45.6	1468	"chr5"	"CpG"	"hg38"
45.6	1346	"chr6"	"CpG"	"hg38"
45.6	1442	"chr7"	"CpG"	"hg38"
45.6	1340	"chr8"	"CpG"	"hg38"
45.6	1068	"chr9"	"CpG"	"hg38"
45.6	936	"chrX"	"CpG"	"hg38"
45.6	148	"chrY"	"CpG"	"hg38"
45.7	2022	"chr1"	"CpG"	"hg38"
45.7	1336	"chr10"	"CpG"	"hg38"
45.7	1326	"chr11"	"CpG"	"hg38"
45.7	1120	"chr12"	"CpG"	"hg38"
45.7	946	"chr13"	"CpG"	"hg38"
45.7	772	"chr14"	"CpG"	"hg38"
45.7	830	"chr15"	"CpG"	"hg38"
45.7	980	"chr16"	"CpG"	"hg38"
45.7	804	"chr17"	"CpG"	"hg38"
45.7	794	"chr18"	"CpG"	"hg38"
45.7	598	"chr19"	"CpG"	"hg38"
45.7	2084	"chr2"	"CpG"	"hg38"
45.7	796	"chr20"	"CpG"	"hg38"
45.7	448	"chr21"	"CpG"	"hg38"
45.7	580	"chr22"	"CpG"	"hg38"
45.7	1588	"chr3"	"CpG"	"hg38"
45.7	1516	"chr4"	"CpG"	"hg38"
45.7	1484	"chr5"	"CpG"	"hg38"
45.7	1302	"chr6"	"CpG"	"hg38"
45.7	1520	"chr7"	"CpG"	"hg38"
45.7	1352	"chr8"	"CpG"	"hg38"
45.7	1130	"chr9"	"CpG"	"hg38"
45.7	902	"chrX"	"CpG"	"hg38"
45.7	166	"chrY"	"CpG"	"hg38"
45.8	2090	"chr1"	"CpG"	"hg38"
45.8	1376	"chr10"	"CpG"	"hg38"
45.8	1374	"chr11"	"CpG"	"hg38"
45.8	1040	"chr12"	"CpG"	"hg38"
45.8	876	"chr13"	"CpG"	"hg38"
45.8	758	"chr14"	"CpG"	"hg38"
45.8	864	"chr15"	"CpG"	"hg38"
45.8	878	"chr16"	"CpG"	"hg38"
45.8	820	"chr17"	"CpG"	"hg38"
45.8	768	"chr18"	"CpG"	"hg38"
45.8	650	"chr19"	"CpG"	"hg38"
45.8	2344	"chr2"	"CpG"	"hg38"
45.8	822	"chr20"	"CpG"	"hg38"
45.8	442	"chr21"	"CpG"	"hg38"
45.8	448	"chr22"	"CpG"	"hg38"
45.8	1544	"chr3"	"CpG"	"hg38"
45.8	1716	"chr4"	"CpG"	"hg38"
45.8	1448	"chr5"	"CpG"	"hg38"
45.8	1274	"chr6"	"CpG"	"hg38"
45.8	1460	"chr7"	"CpG"	"hg38"
45.8	1290	"chr8"	"CpG"	"hg38"
45.8	1084	"chr9"	"CpG"	"hg38"
45.8	880	"chrX"	"CpG"	"hg38"
45.8	162	"chrY"	"CpG"	"hg38"
45.9	2118	"chr1"	"CpG"	"hg38"
45.9	1310	"chr10"	"CpG"	"hg38"
45.9	1304	"chr11"	"CpG"	"hg38"
45.9	1158	"chr12"	"CpG"	"hg38"
45.9	904	"chr13"	"CpG"	"hg38"
45.9	828	"chr14"	"CpG"	"hg38"
45.9	750	"chr15"	"CpG"	"hg38"
45.9	890	"chr16"	"CpG"	"hg38"
45.9	872	"chr17"	"CpG"	"hg38"
45.9	840	"chr18"	"CpG"	"hg38"
45.9	648	"chr19"	"CpG"	"hg38"
45.9	2030	"chr2"	"CpG"	"hg38"
45.9	694	"chr20"	"CpG"	"hg38"
45.9	472	"chr21"	"CpG"	"hg38"
45.9	538	"chr22"	"CpG"	"hg38"
45.9	1590	"chr3"	"CpG"	"hg38"
45.9	1530	"chr4"	"CpG"	"hg38"
45.9	1516	"chr5"	"CpG"	"hg38"
45.9	1348	"chr6"	"CpG"	"hg38"
45.9	1448	"chr7"	"CpG"	"hg38"
45.9	1430	"chr8"	"CpG"	"hg38"
45.9	1060	"chr9"	"CpG"	"hg38"
45.9	838	"chrX"	"CpG"	"hg38"
45.9	162	"chrY"	"CpG"	"hg38"
46	2216	"chr1"	"CpG"	"hg38"
46	1312	"chr10"	"CpG"	"hg38"
46	1460	"chr11"	"CpG"	"hg38"
46	1142	"chr12"	"CpG"	"hg38"
46	948	"chr13"	"CpG"	"hg38"
46	782	"chr14"	"CpG"	"hg38"
46	826	"chr15"	"CpG"	"hg38"
46	966	"chr16"	"CpG"	"hg38"
46	846	"chr17"	"CpG"	"hg38"
46	854	"chr18"	"CpG"	"hg38"
46	652	"chr19"	"CpG"	"hg38"
46	2086	"chr2"	"CpG"	"hg38"
46	802	"chr20"	"CpG"	"hg38"
46	488	"chr21"	"CpG"	"hg38"
46	488	"chr22"	"CpG"	"hg38"
46	1578	"chr3"	"CpG"	"hg38"
46	1602	"chr4"	"CpG"	"hg38"
46	1394	"chr5"	"CpG"	"hg38"
46	1314	"chr6"	"CpG"	"hg38"
46	1452	"chr7"	"CpG"	"hg38"
46	1364	"chr8"	"CpG"	"hg38"
46	1136	"chr9"	"CpG"	"hg38"
46	888	"chrX"	"CpG"	"hg38"
46	146	"chrY"	"CpG"	"hg38"
46.1	2196	"chr1"	"CpG"	"hg38"
46.1	1300	"chr10"	"CpG"	"hg38"
46.1	1206	"chr11"	"CpG"	"hg38"
46.1	1086	"chr12"	"CpG"	"hg38"
46.1	950	"chr13"	"CpG"	"hg38"
46.1	772	"chr14"	"CpG"	"hg38"
46.1	908	"chr15"	"CpG"	"hg38"
46.1	996	"chr16"	"CpG"	"hg38"
46.1	824	"chr17"	"CpG"	"hg38"
46.1	758	"chr18"	"CpG"	"hg38"
46.1	626	"chr19"	"CpG"	"hg38"
46.1	2092	"chr2"	"CpG"	"hg38"
46.1	748	"chr20"	"CpG"	"hg38"
46.1	442	"chr21"	"CpG"	"hg38"
46.1	464	"chr22"	"CpG"	"hg38"
46.1	1686	"chr3"	"CpG"	"hg38"
46.1	1574	"chr4"	"CpG"	"hg38"
46.1	1452	"chr5"	"CpG"	"hg38"
46.1	1378	"chr6"	"CpG"	"hg38"
46.1	1424	"chr7"	"CpG"	"hg38"
46.1	1370	"chr8"	"CpG"	"hg38"
46.1	1146	"chr9"	"CpG"	"hg38"
46.1	878	"chrX"	"CpG"	"hg38"
46.1	174	"chrY"	"CpG"	"hg38"
46.2	2174	"chr1"	"CpG"	"hg38"
46.2	1304	"chr10"	"CpG"	"hg38"
46.2	1348	"chr11"	"CpG"	"hg38"
46.2	1100	"chr12"	"CpG"	"hg38"
46.2	1022	"chr13"	"CpG"	"hg38"
46.2	710	"chr14"	"CpG"	"hg38"
46.2	920	"chr15"	"CpG"	"hg38"
46.2	898	"chr16"	"CpG"	"hg38"
46.2	824	"chr17"	"CpG"	"hg38"
46.2	788	"chr18"	"CpG"	"hg38"
46.2	674	"chr19"	"CpG"	"hg38"
46.2	2248	"chr2"	"CpG"	"hg38"
46.2	696	"chr20"	"CpG"	"hg38"
46.2	452	"chr21"	"CpG"	"hg38"
46.2	484	"chr22"	"CpG"	"hg38"
46.2	1654	"chr3"	"CpG"	"hg38"
46.2	1580	"chr4"	"CpG"	"hg38"
46.2	1556	"chr5"	"CpG"	"hg38"
46.2	1388	"chr6"	"CpG"	"hg38"
46.2	1404	"chr7"	"CpG"	"hg38"
46.2	1392	"chr8"	"CpG"	"hg38"
46.2	1166	"chr9"	"CpG"	"hg38"
46.2	866	"chrX"	"CpG"	"hg38"
46.2	134	"chrY"	"CpG"	"hg38"
46.3	2146	"chr1"	"CpG"	"hg38"
46.3	1268	"chr10"	"CpG"	"hg38"
46.3	1344	"chr11"	"CpG"	"hg38"
46.3	1212	"chr12"	"CpG"	"hg38"
46.3	840	"chr13"	"CpG"	"hg38"
46.3	794	"chr14"	"CpG"	"hg38"
46.3	810	"chr15"	"CpG"	"hg38"
46.3	882	"chr16"	"CpG"	"hg38"
46.3	950	"chr17"	"CpG"	"hg38"
46.3	808	"chr18"	"CpG"	"hg38"
46.3	622	"chr19"	"CpG"	"hg38"
46.3	2140	"chr2"	"CpG"	"hg38"
46.3	792	"chr20"	"CpG"	"hg38"
46.3	470	"chr21"	"CpG"	"hg38"
46.3	486	"chr22"	"CpG"	"hg38"
46.3	1584	"chr3"	"CpG"	"hg38"
46.3	1710	"chr4"	"CpG"	"hg38"
46.3	1458	"chr5"	"CpG"	"hg38"
46.3	1424	"chr6"	"CpG"	"hg38"
46.3	1550	"chr7"	"CpG"	"hg38"
46.3	1384	"chr8"	"CpG"	"hg38"
46.3	1178	"chr9"	"CpG"	"hg38"
46.3	934	"chrX"	"CpG"	"hg38"
46.3	132	"chrY"	"CpG"	"hg38"
46.4	2248	"chr1"	"CpG"	"hg38"
46.4	1376	"chr10"	"CpG"	"hg38"
46.4	1324	"chr11"	"CpG"	"hg38"
46.4	1126	"chr12"	"CpG"	"hg38"
46.4	978	"chr13"	"CpG"	"hg38"
46.4	774	"chr14"	"CpG"	"hg38"
46.4	808	"chr15"	"CpG"	"hg38"
46.4	960	"chr16"	"CpG"	"hg38"
46.4	876	"chr17"	"CpG"	"hg38"
46.4	806	"chr18"	"CpG"	"hg38"
46.4	578	"chr19"	"CpG"	"hg38"
46.4	2310	"chr2"	"CpG"	"hg38"
46.4	758	"chr20"	"CpG"	"hg38"
46.4	478	"chr21"	"CpG"	"hg38"
46.4	494	"chr22"	"CpG"	"hg38"
46.4	1708	"chr3"	"CpG"	"hg38"
46.4	1630	"chr4"	"CpG"	"hg38"
46.4	1570	"chr5"	"CpG"	"hg38"
46.4	1370	"chr6"	"CpG"	"hg38"
46.4	1536	"chr7"	"CpG"	"hg38"
46.4	1380	"chr8"	"CpG"	"hg38"
46.4	1102	"chr9"	"CpG"	"hg38"
46.4	916	"chrX"	"CpG"	"hg38"
46.4	172	"chrY"	"CpG"	"hg38"
46.5	2188	"chr1"	"CpG"	"hg38"
46.5	1450	"chr10"	"CpG"	"hg38"
46.5	1390	"chr11"	"CpG"	"hg38"
46.5	1048	"chr12"	"CpG"	"hg38"
46.5	934	"chr13"	"CpG"	"hg38"
46.5	850	"chr14"	"CpG"	"hg38"
46.5	878	"chr15"	"CpG"	"hg38"
46.5	1002	"chr16"	"CpG"	"hg38"
46.5	830	"chr17"	"CpG"	"hg38"
46.5	772	"chr18"	"CpG"	"hg38"
46.5	670	"chr19"	"CpG"	"hg38"
46.5	2166	"chr2"	"CpG"	"hg38"
46.5	756	"chr20"	"CpG"	"hg38"
46.5	456	"chr21"	"CpG"	"hg38"
46.5	502	"chr22"	"CpG"	"hg38"
46.5	1630	"chr3"	"CpG"	"hg38"
46.5	1628	"chr4"	"CpG"	"hg38"
46.5	1574	"chr5"	"CpG"	"hg38"
46.5	1332	"chr6"	"CpG"	"hg38"
46.5	1492	"chr7"	"CpG"	"hg38"
46.5	1408	"chr8"	"CpG"	"hg38"
46.5	1080	"chr9"	"CpG"	"hg38"
46.5	1006	"chrX"	"CpG"	"hg38"
46.5	168	"chrY"	"CpG"	"hg38"
46.6	2176	"chr1"	"CpG"	"hg38"
46.6	1422	"chr10"	"CpG"	"hg38"
46.6	1352	"chr11"	"CpG"	"hg38"
46.6	1144	"chr12"	"CpG"	"hg38"
46.6	932	"chr13"	"CpG"	"hg38"
46.6	908	"chr14"	"CpG"	"hg38"
46.6	790	"chr15"	"CpG"	"hg38"
46.6	964	"chr16"	"CpG"	"hg38"
46.6	888	"chr17"	"CpG"	"hg38"
46.6	836	"chr18"	"CpG"	"hg38"
46.6	698	"chr19"	"CpG"	"hg38"
46.6	2196	"chr2"	"CpG"	"hg38"
46.6	758	"chr20"	"CpG"	"hg38"
46.6	480	"chr21"	"CpG"	"hg38"
46.6	524	"chr22"	"CpG"	"hg38"
46.6	1678	"chr3"	"CpG"	"hg38"
46.6	1606	"chr4"	"CpG"	"hg38"
46.6	1598	"chr5"	"CpG"	"hg38"
46.6	1288	"chr6"	"CpG"	"hg38"
46.6	1522	"chr7"	"CpG"	"hg38"
46.6	1394	"chr8"	"CpG"	"hg38"
46.6	1118	"chr9"	"CpG"	"hg38"
46.6	954	"chrX"	"CpG"	"hg38"
46.6	162	"chrY"	"CpG"	"hg38"
46.7	2244	"chr1"	"CpG"	"hg38"
46.7	1272	"chr10"	"CpG"	"hg38"
46.7	1362	"chr11"	"CpG"	"hg38"
46.7	1180	"chr12"	"CpG"	"hg38"
46.7	874	"chr13"	"CpG"	"hg38"
46.7	794	"chr14"	"CpG"	"hg38"
46.7	856	"chr15"	"CpG"	"hg38"
46.7	966	"chr16"	"CpG"	"hg38"
46.7	944	"chr17"	"CpG"	"hg38"
46.7	838	"chr18"	"CpG"	"hg38"
46.7	744	"chr19"	"CpG"	"hg38"
46.7	2206	"chr2"	"CpG"	"hg38"
46.7	760	"chr20"	"CpG"	"hg38"
46.7	514	"chr21"	"CpG"	"hg38"
46.7	514	"chr22"	"CpG"	"hg38"
46.7	1644	"chr3"	"CpG"	"hg38"
46.7	1658	"chr4"	"CpG"	"hg38"
46.7	1508	"chr5"	"CpG"	"hg38"
46.7	1482	"chr6"	"CpG"	"hg38"
46.7	1576	"chr7"	"CpG"	"hg38"
46.7	1424	"chr8"	"CpG"	"hg38"
46.7	1086	"chr9"	"CpG"	"hg38"
46.7	944	"chrX"	"CpG"	"hg38"
46.7	146	"chrY"	"CpG"	"hg38"
46.8	2210	"chr1"	"CpG"	"hg38"
46.8	1372	"chr10"	"CpG"	"hg38"
46.8	1418	"chr11"	"CpG"	"hg38"
46.8	1118	"chr12"	"CpG"	"hg38"
46.8	924	"chr13"	"CpG"	"hg38"
46.8	762	"chr14"	"CpG"	"hg38"
46.8	824	"chr15"	"CpG"	"hg38"
46.8	1078	"chr16"	"CpG"	"hg38"
46.8	894	"chr17"	"CpG"	"hg38"
46.8	710	"chr18"	"CpG"	"hg38"
46.8	662	"chr19"	"CpG"	"hg38"
46.8	2036	"chr2"	"CpG"	"hg38"
46.8	732	"chr20"	"CpG"	"hg38"
46.8	532	"chr21"	"CpG"	"hg38"
46.8	586	"chr22"	"CpG"	"hg38"
46.8	1574	"chr3"	"CpG"	"hg38"
46.8	1640	"chr4"	"CpG"	"hg38"
46.8	1670	"chr5"	"CpG"	"hg38"
46.8	1432	"chr6"	"CpG"	"hg38"
46.8	1572	"chr7"	"CpG"	"hg38"
46.8	1404	"chr8"	"CpG"	"hg38"
46.8	1220	"chr9"	"CpG"	"hg38"
46.8	914	"chrX"	"CpG"	"hg38"
46.8	174	"chrY"	"CpG"	"hg38"
46.9	2220	"chr1"	"CpG"	"hg38"
46.9	1360	"chr10"	"CpG"	"hg38"
46.9	1276	"chr11"	"CpG"	"hg38"
46.9	1148	"chr12"	"CpG"	"hg38"
46.9	892	"chr13"	"CpG"	"hg38"
46.9	814	"chr14"	"CpG"	"hg38"
46.9	788	"chr15"	"CpG"	"hg38"
46.9	966	"chr16"	"CpG"	"hg38"
46.9	918	"chr17"	"CpG"	"hg38"
46.9	742	"chr18"	"CpG"	"hg38"
46.9	652	"chr19"	"CpG"	"hg38"
46.9	2102	"chr2"	"CpG"	"hg38"
46.9	816	"chr20"	"CpG"	"hg38"
46.9	498	"chr21"	"CpG"	"hg38"
46.9	514	"chr22"	"CpG"	"hg38"
46.9	1736	"chr3"	"CpG"	"hg38"
46.9	1662	"chr4"	"CpG"	"hg38"
46.9	1616	"chr5"	"CpG"	"hg38"
46.9	1422	"chr6"	"CpG"	"hg38"
46.9	1568	"chr7"	"CpG"	"hg38"
46.9	1462	"chr8"	"CpG"	"hg38"
46.9	1166	"chr9"	"CpG"	"hg38"
46.9	984	"chrX"	"CpG"	"hg38"
46.9	174	"chrY"	"CpG"	"hg38"
47	2258	"chr1"	"CpG"	"hg38"
47	1442	"chr10"	"CpG"	"hg38"
47	1408	"chr11"	"CpG"	"hg38"
47	1236	"chr12"	"CpG"	"hg38"
47	880	"chr13"	"CpG"	"hg38"
47	826	"chr14"	"CpG"	"hg38"
47	868	"chr15"	"CpG"	"hg38"
47	1032	"chr16"	"CpG"	"hg38"
47	854	"chr17"	"CpG"	"hg38"
47	790	"chr18"	"CpG"	"hg38"
47	662	"chr19"	"CpG"	"hg38"
47	2178	"chr2"	"CpG"	"hg38"
47	782	"chr20"	"CpG"	"hg38"
47	478	"chr21"	"CpG"	"hg38"
47	506	"chr22"	"CpG"	"hg38"
47	1574	"chr3"	"CpG"	"hg38"
47	1652	"chr4"	"CpG"	"hg38"
47	1644	"chr5"	"CpG"	"hg38"
47	1422	"chr6"	"CpG"	"hg38"
47	1550	"chr7"	"CpG"	"hg38"
47	1474	"chr8"	"CpG"	"hg38"
47	1230	"chr9"	"CpG"	"hg38"
47	844	"chrX"	"CpG"	"hg38"
47	164	"chrY"	"CpG"	"hg38"
47.1	2140	"chr1"	"CpG"	"hg38"
47.1	1486	"chr10"	"CpG"	"hg38"
47.1	1438	"chr11"	"CpG"	"hg38"
47.1	1214	"chr12"	"CpG"	"hg38"
47.1	968	"chr13"	"CpG"	"hg38"
47.1	814	"chr14"	"CpG"	"hg38"
47.1	856	"chr15"	"CpG"	"hg38"
47.1	1044	"chr16"	"CpG"	"hg38"
47.1	964	"chr17"	"CpG"	"hg38"
47.1	770	"chr18"	"CpG"	"hg38"
47.1	658	"chr19"	"CpG"	"hg38"
47.1	2196	"chr2"	"CpG"	"hg38"
47.1	770	"chr20"	"CpG"	"hg38"
47.1	456	"chr21"	"CpG"	"hg38"
47.1	542	"chr22"	"CpG"	"hg38"
47.1	1630	"chr3"	"CpG"	"hg38"
47.1	1670	"chr4"	"CpG"	"hg38"
47.1	1714	"chr5"	"CpG"	"hg38"
47.1	1462	"chr6"	"CpG"	"hg38"
47.1	1596	"chr7"	"CpG"	"hg38"
47.1	1380	"chr8"	"CpG"	"hg38"
47.1	1104	"chr9"	"CpG"	"hg38"
47.1	968	"chrX"	"CpG"	"hg38"
47.1	134	"chrY"	"CpG"	"hg38"
47.2	2244	"chr1"	"CpG"	"hg38"
47.2	1364	"chr10"	"CpG"	"hg38"
47.2	1376	"chr11"	"CpG"	"hg38"
47.2	1198	"chr12"	"CpG"	"hg38"
47.2	950	"chr13"	"CpG"	"hg38"
47.2	830	"chr14"	"CpG"	"hg38"
47.2	828	"chr15"	"CpG"	"hg38"
47.2	1014	"chr16"	"CpG"	"hg38"
47.2	898	"chr17"	"CpG"	"hg38"
47.2	822	"chr18"	"CpG"	"hg38"
47.2	656	"chr19"	"CpG"	"hg38"
47.2	2114	"chr2"	"CpG"	"hg38"
47.2	766	"chr20"	"CpG"	"hg38"
47.2	466	"chr21"	"CpG"	"hg38"
47.2	472	"chr22"	"CpG"	"hg38"
47.2	1652	"chr3"	"CpG"	"hg38"
47.2	1642	"chr4"	"CpG"	"hg38"
47.2	1608	"chr5"	"CpG"	"hg38"
47.2	1516	"chr6"	"CpG"	"hg38"
47.2	1558	"chr7"	"CpG"	"hg38"
47.2	1532	"chr8"	"CpG"	"hg38"
47.2	1194	"chr9"	"CpG"	"hg38"
47.2	850	"chrX"	"CpG"	"hg38"
47.2	126	"chrY"	"CpG"	"hg38"
47.3	2258	"chr1"	"CpG"	"hg38"
47.3	1420	"chr10"	"CpG"	"hg38"
47.3	1384	"chr11"	"CpG"	"hg38"
47.3	1124	"chr12"	"CpG"	"hg38"
47.3	948	"chr13"	"CpG"	"hg38"
47.3	856	"chr14"	"CpG"	"hg38"
47.3	816	"chr15"	"CpG"	"hg38"
47.3	1000	"chr16"	"CpG"	"hg38"
47.3	914	"chr17"	"CpG"	"hg38"
47.3	824	"chr18"	"CpG"	"hg38"
47.3	674	"chr19"	"CpG"	"hg38"
47.3	2258	"chr2"	"CpG"	"hg38"
47.3	830	"chr20"	"CpG"	"hg38"
47.3	520	"chr21"	"CpG"	"hg38"
47.3	500	"chr22"	"CpG"	"hg38"
47.3	1800	"chr3"	"CpG"	"hg38"
47.3	1640	"chr4"	"CpG"	"hg38"
47.3	1546	"chr5"	"CpG"	"hg38"
47.3	1464	"chr6"	"CpG"	"hg38"
47.3	1494	"chr7"	"CpG"	"hg38"
47.3	1442	"chr8"	"CpG"	"hg38"
47.3	1148	"chr9"	"CpG"	"hg38"
47.3	944	"chrX"	"CpG"	"hg38"
47.3	128	"chrY"	"CpG"	"hg38"
47.4	2274	"chr1"	"CpG"	"hg38"
47.4	1410	"chr10"	"CpG"	"hg38"
47.4	1372	"chr11"	"CpG"	"hg38"
47.4	1220	"chr12"	"CpG"	"hg38"
47.4	950	"chr13"	"CpG"	"hg38"
47.4	784	"chr14"	"CpG"	"hg38"
47.4	874	"chr15"	"CpG"	"hg38"
47.4	968	"chr16"	"CpG"	"hg38"
47.4	844	"chr17"	"CpG"	"hg38"
47.4	766	"chr18"	"CpG"	"hg38"
47.4	712	"chr19"	"CpG"	"hg38"
47.4	2160	"chr2"	"CpG"	"hg38"
47.4	804	"chr20"	"CpG"	"hg38"
47.4	516	"chr21"	"CpG"	"hg38"
47.4	546	"chr22"	"CpG"	"hg38"
47.4	1774	"chr3"	"CpG"	"hg38"
47.4	1614	"chr4"	"CpG"	"hg38"
47.4	1576	"chr5"	"CpG"	"hg38"
47.4	1456	"chr6"	"CpG"	"hg38"
47.4	1582	"chr7"	"CpG"	"hg38"
47.4	1532	"chr8"	"CpG"	"hg38"
47.4	1170	"chr9"	"CpG"	"hg38"
47.4	940	"chrX"	"CpG"	"hg38"
47.4	170	"chrY"	"CpG"	"hg38"
47.5	2296	"chr1"	"CpG"	"hg38"
47.5	1420	"chr10"	"CpG"	"hg38"
47.5	1368	"chr11"	"CpG"	"hg38"
47.5	1198	"chr12"	"CpG"	"hg38"
47.5	922	"chr13"	"CpG"	"hg38"
47.5	738	"chr14"	"CpG"	"hg38"
47.5	832	"chr15"	"CpG"	"hg38"
47.5	1042	"chr16"	"CpG"	"hg38"
47.5	918	"chr17"	"CpG"	"hg38"
47.5	738	"chr18"	"CpG"	"hg38"
47.5	746	"chr19"	"CpG"	"hg38"
47.5	2304	"chr2"	"CpG"	"hg38"
47.5	826	"chr20"	"CpG"	"hg38"
47.5	460	"chr21"	"CpG"	"hg38"
47.5	502	"chr22"	"CpG"	"hg38"
47.5	1678	"chr3"	"CpG"	"hg38"
47.5	1660	"chr4"	"CpG"	"hg38"
47.5	1642	"chr5"	"CpG"	"hg38"
47.5	1366	"chr6"	"CpG"	"hg38"
47.5	1522	"chr7"	"CpG"	"hg38"
47.5	1426	"chr8"	"CpG"	"hg38"
47.5	1176	"chr9"	"CpG"	"hg38"
47.5	966	"chrX"	"CpG"	"hg38"
47.5	174	"chrY"	"CpG"	"hg38"
47.6	2194	"chr1"	"CpG"	"hg38"
47.6	1420	"chr10"	"CpG"	"hg38"
47.6	1478	"chr11"	"CpG"	"hg38"
47.6	1188	"chr12"	"CpG"	"hg38"
47.6	908	"chr13"	"CpG"	"hg38"
47.6	866	"chr14"	"CpG"	"hg38"
47.6	858	"chr15"	"CpG"	"hg38"
47.6	988	"chr16"	"CpG"	"hg38"
47.6	920	"chr17"	"CpG"	"hg38"
47.6	730	"chr18"	"CpG"	"hg38"
47.6	736	"chr19"	"CpG"	"hg38"
47.6	2214	"chr2"	"CpG"	"hg38"
47.6	744	"chr20"	"CpG"	"hg38"
47.6	524	"chr21"	"CpG"	"hg38"
47.6	502	"chr22"	"CpG"	"hg38"
47.6	1660	"chr3"	"CpG"	"hg38"
47.6	1704	"chr4"	"CpG"	"hg38"
47.6	1626	"chr5"	"CpG"	"hg38"
47.6	1432	"chr6"	"CpG"	"hg38"
47.6	1622	"chr7"	"CpG"	"hg38"
47.6	1550	"chr8"	"CpG"	"hg38"
47.6	1298	"chr9"	"CpG"	"hg38"
47.6	912	"chrX"	"CpG"	"hg38"
47.6	156	"chrY"	"CpG"	"hg38"
47.7	2280	"chr1"	"CpG"	"hg38"
47.7	1336	"chr10"	"CpG"	"hg38"
47.7	1400	"chr11"	"CpG"	"hg38"
47.7	1122	"chr12"	"CpG"	"hg38"
47.7	1026	"chr13"	"CpG"	"hg38"
47.7	862	"chr14"	"CpG"	"hg38"
47.7	784	"chr15"	"CpG"	"hg38"
47.7	986	"chr16"	"CpG"	"hg38"
47.7	990	"chr17"	"CpG"	"hg38"
47.7	860	"chr18"	"CpG"	"hg38"
47.7	728	"chr19"	"CpG"	"hg38"
47.7	2230	"chr2"	"CpG"	"hg38"
47.7	808	"chr20"	"CpG"	"hg38"
47.7	532	"chr21"	"CpG"	"hg38"
47.7	526	"chr22"	"CpG"	"hg38"
47.7	1738	"chr3"	"CpG"	"hg38"
47.7	1674	"chr4"	"CpG"	"hg38"
47.7	1670	"chr5"	"CpG"	"hg38"
47.7	1520	"chr6"	"CpG"	"hg38"
47.7	1632	"chr7"	"CpG"	"hg38"
47.7	1396	"chr8"	"CpG"	"hg38"
47.7	1076	"chr9"	"CpG"	"hg38"
47.7	980	"chrX"	"CpG"	"hg38"
47.7	172	"chrY"	"CpG"	"hg38"
47.8	2468	"chr1"	"CpG"	"hg38"
47.8	1484	"chr10"	"CpG"	"hg38"
47.8	1396	"chr11"	"CpG"	"hg38"
47.8	1138	"chr12"	"CpG"	"hg38"
47.8	1052	"chr13"	"CpG"	"hg38"
47.8	776	"chr14"	"CpG"	"hg38"
47.8	910	"chr15"	"CpG"	"hg38"
47.8	1022	"chr16"	"CpG"	"hg38"
47.8	914	"chr17"	"CpG"	"hg38"
47.8	798	"chr18"	"CpG"	"hg38"
47.8	756	"chr19"	"CpG"	"hg38"
47.8	2158	"chr2"	"CpG"	"hg38"
47.8	832	"chr20"	"CpG"	"hg38"
47.8	474	"chr21"	"CpG"	"hg38"
47.8	506	"chr22"	"CpG"	"hg38"
47.8	1918	"chr3"	"CpG"	"hg38"
47.8	1700	"chr4"	"CpG"	"hg38"
47.8	1656	"chr5"	"CpG"	"hg38"
47.8	1434	"chr6"	"CpG"	"hg38"
47.8	1462	"chr7"	"CpG"	"hg38"
47.8	1456	"chr8"	"CpG"	"hg38"
47.8	1212	"chr9"	"CpG"	"hg38"
47.8	926	"chrX"	"CpG"	"hg38"
47.8	166	"chrY"	"CpG"	"hg38"
47.9	2250	"chr1"	"CpG"	"hg38"
47.9	1438	"chr10"	"CpG"	"hg38"
47.9	1414	"chr11"	"CpG"	"hg38"
47.9	1212	"chr12"	"CpG"	"hg38"
47.9	930	"chr13"	"CpG"	"hg38"
47.9	902	"chr14"	"CpG"	"hg38"
47.9	922	"chr15"	"CpG"	"hg38"
47.9	1102	"chr16"	"CpG"	"hg38"
47.9	942	"chr17"	"CpG"	"hg38"
47.9	832	"chr18"	"CpG"	"hg38"
47.9	706	"chr19"	"CpG"	"hg38"
47.9	2222	"chr2"	"CpG"	"hg38"
47.9	776	"chr20"	"CpG"	"hg38"
47.9	508	"chr21"	"CpG"	"hg38"
47.9	566	"chr22"	"CpG"	"hg38"
47.9	1730	"chr3"	"CpG"	"hg38"
47.9	1756	"chr4"	"CpG"	"hg38"
47.9	1566	"chr5"	"CpG"	"hg38"
47.9	1466	"chr6"	"CpG"	"hg38"
47.9	1612	"chr7"	"CpG"	"hg38"
47.9	1572	"chr8"	"CpG"	"hg38"
47.9	1300	"chr9"	"CpG"	"hg38"
47.9	958	"chrX"	"CpG"	"hg38"
47.9	156	"chrY"	"CpG"	"hg38"
48	2330	"chr1"	"CpG"	"hg38"
48	1422	"chr10"	"CpG"	"hg38"
48	1440	"chr11"	"CpG"	"hg38"
48	1266	"chr12"	"CpG"	"hg38"
48	994	"chr13"	"CpG"	"hg38"
48	830	"chr14"	"CpG"	"hg38"
48	932	"chr15"	"CpG"	"hg38"
48	974	"chr16"	"CpG"	"hg38"
48	920	"chr17"	"CpG"	"hg38"
48	792	"chr18"	"CpG"	"hg38"
48	706	"chr19"	"CpG"	"hg38"
48	2200	"chr2"	"CpG"	"hg38"
48	816	"chr20"	"CpG"	"hg38"
48	504	"chr21"	"CpG"	"hg38"
48	526	"chr22"	"CpG"	"hg38"
48	1788	"chr3"	"CpG"	"hg38"
48	1666	"chr4"	"CpG"	"hg38"
48	1614	"chr5"	"CpG"	"hg38"
48	1506	"chr6"	"CpG"	"hg38"
48	1632	"chr7"	"CpG"	"hg38"
48	1444	"chr8"	"CpG"	"hg38"
48	1180	"chr9"	"CpG"	"hg38"
48	952	"chrX"	"CpG"	"hg38"
48	180	"chrY"	"CpG"	"hg38"
48.1	2404	"chr1"	"CpG"	"hg38"
48.1	1502	"chr10"	"CpG"	"hg38"
48.1	1472	"chr11"	"CpG"	"hg38"
48.1	1326	"chr12"	"CpG"	"hg38"
48.1	984	"chr13"	"CpG"	"hg38"
48.1	868	"chr14"	"CpG"	"hg38"
48.1	924	"chr15"	"CpG"	"hg38"
48.1	1050	"chr16"	"CpG"	"hg38"
48.1	1014	"chr17"	"CpG"	"hg38"
48.1	890	"chr18"	"CpG"	"hg38"
48.1	690	"chr19"	"CpG"	"hg38"
48.1	2298	"chr2"	"CpG"	"hg38"
48.1	788	"chr20"	"CpG"	"hg38"
48.1	548	"chr21"	"CpG"	"hg38"
48.1	478	"chr22"	"CpG"	"hg38"
48.1	1772	"chr3"	"CpG"	"hg38"
48.1	1716	"chr4"	"CpG"	"hg38"
48.1	1640	"chr5"	"CpG"	"hg38"
48.1	1458	"chr6"	"CpG"	"hg38"
48.1	1688	"chr7"	"CpG"	"hg38"
48.1	1500	"chr8"	"CpG"	"hg38"
48.1	1232	"chr9"	"CpG"	"hg38"
48.1	974	"chrX"	"CpG"	"hg38"
48.1	164	"chrY"	"CpG"	"hg38"
48.2	2262	"chr1"	"CpG"	"hg38"
48.2	1514	"chr10"	"CpG"	"hg38"
48.2	1364	"chr11"	"CpG"	"hg38"
48.2	1232	"chr12"	"CpG"	"hg38"
48.2	930	"chr13"	"CpG"	"hg38"
48.2	870	"chr14"	"CpG"	"hg38"
48.2	912	"chr15"	"CpG"	"hg38"
48.2	1136	"chr16"	"CpG"	"hg38"
48.2	968	"chr17"	"CpG"	"hg38"
48.2	796	"chr18"	"CpG"	"hg38"
48.2	744	"chr19"	"CpG"	"hg38"
48.2	2252	"chr2"	"CpG"	"hg38"
48.2	876	"chr20"	"CpG"	"hg38"
48.2	508	"chr21"	"CpG"	"hg38"
48.2	544	"chr22"	"CpG"	"hg38"
48.2	1820	"chr3"	"CpG"	"hg38"
48.2	1770	"chr4"	"CpG"	"hg38"
48.2	1588	"chr5"	"CpG"	"hg38"
48.2	1474	"chr6"	"CpG"	"hg38"
48.2	1676	"chr7"	"CpG"	"hg38"
48.2	1420	"chr8"	"CpG"	"hg38"
48.2	1276	"chr9"	"CpG"	"hg38"
48.2	974	"chrX"	"CpG"	"hg38"
48.2	168	"chrY"	"CpG"	"hg38"
48.3	2392	"chr1"	"CpG"	"hg38"
48.3	1474	"chr10"	"CpG"	"hg38"
48.3	1436	"chr11"	"CpG"	"hg38"
48.3	1330	"chr12"	"CpG"	"hg38"
48.3	976	"chr13"	"CpG"	"hg38"
48.3	866	"chr14"	"CpG"	"hg38"
48.3	838	"chr15"	"CpG"	"hg38"
48.3	1048	"chr16"	"CpG"	"hg38"
48.3	960	"chr17"	"CpG"	"hg38"
48.3	836	"chr18"	"CpG"	"hg38"
48.3	714	"chr19"	"CpG"	"hg38"
48.3	2326	"chr2"	"CpG"	"hg38"
48.3	822	"chr20"	"CpG"	"hg38"
48.3	500	"chr21"	"CpG"	"hg38"
48.3	568	"chr22"	"CpG"	"hg38"
48.3	1714	"chr3"	"CpG"	"hg38"
48.3	1832	"chr4"	"CpG"	"hg38"
48.3	1588	"chr5"	"CpG"	"hg38"
48.3	1464	"chr6"	"CpG"	"hg38"
48.3	1566	"chr7"	"CpG"	"hg38"
48.3	1502	"chr8"	"CpG"	"hg38"
48.3	1210	"chr9"	"CpG"	"hg38"
48.3	1026	"chrX"	"CpG"	"hg38"
48.3	152	"chrY"	"CpG"	"hg38"
48.4	2360	"chr1"	"CpG"	"hg38"
48.4	1568	"chr10"	"CpG"	"hg38"
48.4	1374	"chr11"	"CpG"	"hg38"
48.4	1234	"chr12"	"CpG"	"hg38"
48.4	1068	"chr13"	"CpG"	"hg38"
48.4	848	"chr14"	"CpG"	"hg38"
48.4	862	"chr15"	"CpG"	"hg38"
48.4	1050	"chr16"	"CpG"	"hg38"
48.4	984	"chr17"	"CpG"	"hg38"
48.4	802	"chr18"	"CpG"	"hg38"
48.4	682	"chr19"	"CpG"	"hg38"
48.4	2226	"chr2"	"CpG"	"hg38"
48.4	880	"chr20"	"CpG"	"hg38"
48.4	510	"chr21"	"CpG"	"hg38"
48.4	502	"chr22"	"CpG"	"hg38"
48.4	1768	"chr3"	"CpG"	"hg38"
48.4	1706	"chr4"	"CpG"	"hg38"
48.4	1696	"chr5"	"CpG"	"hg38"
48.4	1520	"chr6"	"CpG"	"hg38"
48.4	1608	"chr7"	"CpG"	"hg38"
48.4	1518	"chr8"	"CpG"	"hg38"
48.4	1184	"chr9"	"CpG"	"hg38"
48.4	994	"chrX"	"CpG"	"hg38"
48.4	176	"chrY"	"CpG"	"hg38"
48.5	2210	"chr1"	"CpG"	"hg38"
48.5	1504	"chr10"	"CpG"	"hg38"
48.5	1444	"chr11"	"CpG"	"hg38"
48.5	1244	"chr12"	"CpG"	"hg38"
48.5	960	"chr13"	"CpG"	"hg38"
48.5	880	"chr14"	"CpG"	"hg38"
48.5	892	"chr15"	"CpG"	"hg38"
48.5	1104	"chr16"	"CpG"	"hg38"
48.5	964	"chr17"	"CpG"	"hg38"
48.5	846	"chr18"	"CpG"	"hg38"
48.5	748	"chr19"	"CpG"	"hg38"
48.5	2392	"chr2"	"CpG"	"hg38"
48.5	736	"chr20"	"CpG"	"hg38"
48.5	496	"chr21"	"CpG"	"hg38"
48.5	564	"chr22"	"CpG"	"hg38"
48.5	1794	"chr3"	"CpG"	"hg38"
48.5	1668	"chr4"	"CpG"	"hg38"
48.5	1666	"chr5"	"CpG"	"hg38"
48.5	1636	"chr6"	"CpG"	"hg38"
48.5	1662	"chr7"	"CpG"	"hg38"
48.5	1550	"chr8"	"CpG"	"hg38"
48.5	1214	"chr9"	"CpG"	"hg38"
48.5	940	"chrX"	"CpG"	"hg38"
48.5	174	"chrY"	"CpG"	"hg38"
48.6	2308	"chr1"	"CpG"	"hg38"
48.6	1442	"chr10"	"CpG"	"hg38"
48.6	1432	"chr11"	"CpG"	"hg38"
48.6	1214	"chr12"	"CpG"	"hg38"
48.6	940	"chr13"	"CpG"	"hg38"
48.6	856	"chr14"	"CpG"	"hg38"
48.6	930	"chr15"	"CpG"	"hg38"
48.6	1118	"chr16"	"CpG"	"hg38"
48.6	952	"chr17"	"CpG"	"hg38"
48.6	804	"chr18"	"CpG"	"hg38"
48.6	770	"chr19"	"CpG"	"hg38"
48.6	2286	"chr2"	"CpG"	"hg38"
48.6	848	"chr20"	"CpG"	"hg38"
48.6	536	"chr21"	"CpG"	"hg38"
48.6	540	"chr22"	"CpG"	"hg38"
48.6	1798	"chr3"	"CpG"	"hg38"
48.6	1740	"chr4"	"CpG"	"hg38"
48.6	1756	"chr5"	"CpG"	"hg38"
48.6	1546	"chr6"	"CpG"	"hg38"
48.6	1678	"chr7"	"CpG"	"hg38"
48.6	1504	"chr8"	"CpG"	"hg38"
48.6	1218	"chr9"	"CpG"	"hg38"
48.6	944	"chrX"	"CpG"	"hg38"
48.6	156	"chrY"	"CpG"	"hg38"
48.7	2324	"chr1"	"CpG"	"hg38"
48.7	1422	"chr10"	"CpG"	"hg38"
48.7	1500	"chr11"	"CpG"	"hg38"
48.7	1246	"chr12"	"CpG"	"hg38"
48.7	984	"chr13"	"CpG"	"hg38"
48.7	916	"chr14"	"CpG"	"hg38"
48.7	920	"chr15"	"CpG"	"hg38"
48.7	1052	"chr16"	"CpG"	"hg38"
48.7	982	"chr17"	"CpG"	"hg38"
48.7	760	"chr18"	"CpG"	"hg38"
48.7	732	"chr19"	"CpG"	"hg38"
48.7	2278	"chr2"	"CpG"	"hg38"
48.7	770	"chr20"	"CpG"	"hg38"
48.7	536	"chr21"	"CpG"	"hg38"
48.7	528	"chr22"	"CpG"	"hg38"
48.7	1744	"chr3"	"CpG"	"hg38"
48.7	1668	"chr4"	"CpG"	"hg38"
48.7	1754	"chr5"	"CpG"	"hg38"
48.7	1430	"chr6"	"CpG"	"hg38"
48.7	1612	"chr7"	"CpG"	"hg38"
48.7	1538	"chr8"	"CpG"	"hg38"
48.7	1240	"chr9"	"CpG"	"hg38"
48.7	924	"chrX"	"CpG"	"hg38"
48.7	164	"chrY"	"CpG"	"hg38"
48.8	2452	"chr1"	"CpG"	"hg38"
48.8	1436	"chr10"	"CpG"	"hg38"
48.8	1474	"chr11"	"CpG"	"hg38"
48.8	1222	"chr12"	"CpG"	"hg38"
48.8	978	"chr13"	"CpG"	"hg38"
48.8	892	"chr14"	"CpG"	"hg38"
48.8	944	"chr15"	"CpG"	"hg38"
48.8	1136	"chr16"	"CpG"	"hg38"
48.8	940	"chr17"	"CpG"	"hg38"
48.8	858	"chr18"	"CpG"	"hg38"
48.8	714	"chr19"	"CpG"	"hg38"
48.8	2242	"chr2"	"CpG"	"hg38"
48.8	796	"chr20"	"CpG"	"hg38"
48.8	554	"chr21"	"CpG"	"hg38"
48.8	522	"chr22"	"CpG"	"hg38"
48.8	1784	"chr3"	"CpG"	"hg38"
48.8	1730	"chr4"	"CpG"	"hg38"
48.8	1670	"chr5"	"CpG"	"hg38"
48.8	1460	"chr6"	"CpG"	"hg38"
48.8	1592	"chr7"	"CpG"	"hg38"
48.8	1474	"chr8"	"CpG"	"hg38"
48.8	1308	"chr9"	"CpG"	"hg38"
48.8	906	"chrX"	"CpG"	"hg38"
48.8	162	"chrY"	"CpG"	"hg38"
48.9	2362	"chr1"	"CpG"	"hg38"
48.9	1552	"chr10"	"CpG"	"hg38"
48.9	1484	"chr11"	"CpG"	"hg38"
48.9	1262	"chr12"	"CpG"	"hg38"
48.9	982	"chr13"	"CpG"	"hg38"
48.9	890	"chr14"	"CpG"	"hg38"
48.9	828	"chr15"	"CpG"	"hg38"
48.9	1062	"chr16"	"CpG"	"hg38"
48.9	930	"chr17"	"CpG"	"hg38"
48.9	888	"chr18"	"CpG"	"hg38"
48.9	736	"chr19"	"CpG"	"hg38"
48.9	2338	"chr2"	"CpG"	"hg38"
48.9	888	"chr20"	"CpG"	"hg38"
48.9	456	"chr21"	"CpG"	"hg38"
48.9	618	"chr22"	"CpG"	"hg38"
48.9	1738	"chr3"	"CpG"	"hg38"
48.9	1730	"chr4"	"CpG"	"hg38"
48.9	1676	"chr5"	"CpG"	"hg38"
48.9	1564	"chr6"	"CpG"	"hg38"
48.9	1696	"chr7"	"CpG"	"hg38"
48.9	1496	"chr8"	"CpG"	"hg38"
48.9	1260	"chr9"	"CpG"	"hg38"
48.9	1018	"chrX"	"CpG"	"hg38"
48.9	212	"chrY"	"CpG"	"hg38"
49	2354	"chr1"	"CpG"	"hg38"
49	1448	"chr10"	"CpG"	"hg38"
49	1512	"chr11"	"CpG"	"hg38"
49	1350	"chr12"	"CpG"	"hg38"
49	1042	"chr13"	"CpG"	"hg38"
49	856	"chr14"	"CpG"	"hg38"
49	960	"chr15"	"CpG"	"hg38"
49	1130	"chr16"	"CpG"	"hg38"
49	1052	"chr17"	"CpG"	"hg38"
49	840	"chr18"	"CpG"	"hg38"
49	850	"chr19"	"CpG"	"hg38"
49	2252	"chr2"	"CpG"	"hg38"
49	816	"chr20"	"CpG"	"hg38"
49	534	"chr21"	"CpG"	"hg38"
49	578	"chr22"	"CpG"	"hg38"
49	1660	"chr3"	"CpG"	"hg38"
49	1780	"chr4"	"CpG"	"hg38"
49	1646	"chr5"	"CpG"	"hg38"
49	1508	"chr6"	"CpG"	"hg38"
49	1660	"chr7"	"CpG"	"hg38"
49	1542	"chr8"	"CpG"	"hg38"
49	1272	"chr9"	"CpG"	"hg38"
49	952	"chrX"	"CpG"	"hg38"
49	164	"chrY"	"CpG"	"hg38"
49.1	2362	"chr1"	"CpG"	"hg38"
49.1	1574	"chr10"	"CpG"	"hg38"
49.1	1470	"chr11"	"CpG"	"hg38"
49.1	1234	"chr12"	"CpG"	"hg38"
49.1	978	"chr13"	"CpG"	"hg38"
49.1	772	"chr14"	"CpG"	"hg38"
49.1	894	"chr15"	"CpG"	"hg38"
49.1	1022	"chr16"	"CpG"	"hg38"
49.1	926	"chr17"	"CpG"	"hg38"
49.1	862	"chr18"	"CpG"	"hg38"
49.1	778	"chr19"	"CpG"	"hg38"
49.1	2428	"chr2"	"CpG"	"hg38"
49.1	892	"chr20"	"CpG"	"hg38"
49.1	532	"chr21"	"CpG"	"hg38"
49.1	644	"chr22"	"CpG"	"hg38"
49.1	1824	"chr3"	"CpG"	"hg38"
49.1	1698	"chr4"	"CpG"	"hg38"
49.1	1630	"chr5"	"CpG"	"hg38"
49.1	1626	"chr6"	"CpG"	"hg38"
49.1	1556	"chr7"	"CpG"	"hg38"
49.1	1600	"chr8"	"CpG"	"hg38"
49.1	1202	"chr9"	"CpG"	"hg38"
49.1	1060	"chrX"	"CpG"	"hg38"
49.1	130	"chrY"	"CpG"	"hg38"
49.2	2354	"chr1"	"CpG"	"hg38"
49.2	1550	"chr10"	"CpG"	"hg38"
49.2	1510	"chr11"	"CpG"	"hg38"
49.2	1314	"chr12"	"CpG"	"hg38"
49.2	1016	"chr13"	"CpG"	"hg38"
49.2	852	"chr14"	"CpG"	"hg38"
49.2	926	"chr15"	"CpG"	"hg38"
49.2	1042	"chr16"	"CpG"	"hg38"
49.2	966	"chr17"	"CpG"	"hg38"
49.2	868	"chr18"	"CpG"	"hg38"
49.2	816	"chr19"	"CpG"	"hg38"
49.2	2344	"chr2"	"CpG"	"hg38"
49.2	922	"chr20"	"CpG"	"hg38"
49.2	566	"chr21"	"CpG"	"hg38"
49.2	510	"chr22"	"CpG"	"hg38"
49.2	1774	"chr3"	"CpG"	"hg38"
49.2	1766	"chr4"	"CpG"	"hg38"
49.2	1792	"chr5"	"CpG"	"hg38"
49.2	1580	"chr6"	"CpG"	"hg38"
49.2	1712	"chr7"	"CpG"	"hg38"
49.2	1502	"chr8"	"CpG"	"hg38"
49.2	1250	"chr9"	"CpG"	"hg38"
49.2	952	"chrX"	"CpG"	"hg38"
49.2	142	"chrY"	"CpG"	"hg38"
49.3	2282	"chr1"	"CpG"	"hg38"
49.3	1590	"chr10"	"CpG"	"hg38"
49.3	1474	"chr11"	"CpG"	"hg38"
49.3	1330	"chr12"	"CpG"	"hg38"
49.3	968	"chr13"	"CpG"	"hg38"
49.3	844	"chr14"	"CpG"	"hg38"
49.3	926	"chr15"	"CpG"	"hg38"
49.3	1140	"chr16"	"CpG"	"hg38"
49.3	994	"chr17"	"CpG"	"hg38"
49.3	916	"chr18"	"CpG"	"hg38"
49.3	748	"chr19"	"CpG"	"hg38"
49.3	2408	"chr2"	"CpG"	"hg38"
49.3	914	"chr20"	"CpG"	"hg38"
49.3	558	"chr21"	"CpG"	"hg38"
49.3	558	"chr22"	"CpG"	"hg38"
49.3	1778	"chr3"	"CpG"	"hg38"
49.3	1786	"chr4"	"CpG"	"hg38"
49.3	1598	"chr5"	"CpG"	"hg38"
49.3	1544	"chr6"	"CpG"	"hg38"
49.3	1730	"chr7"	"CpG"	"hg38"
49.3	1622	"chr8"	"CpG"	"hg38"
49.3	1188	"chr9"	"CpG"	"hg38"
49.3	1056	"chrX"	"CpG"	"hg38"
49.3	126	"chrY"	"CpG"	"hg38"
49.4	2350	"chr1"	"CpG"	"hg38"
49.4	1584	"chr10"	"CpG"	"hg38"
49.4	1480	"chr11"	"CpG"	"hg38"
49.4	1228	"chr12"	"CpG"	"hg38"
49.4	938	"chr13"	"CpG"	"hg38"
49.4	890	"chr14"	"CpG"	"hg38"
49.4	916	"chr15"	"CpG"	"hg38"
49.4	1062	"chr16"	"CpG"	"hg38"
49.4	978	"chr17"	"CpG"	"hg38"
49.4	802	"chr18"	"CpG"	"hg38"
49.4	808	"chr19"	"CpG"	"hg38"
49.4	2364	"chr2"	"CpG"	"hg38"
49.4	830	"chr20"	"CpG"	"hg38"
49.4	510	"chr21"	"CpG"	"hg38"
49.4	586	"chr22"	"CpG"	"hg38"
49.4	1878	"chr3"	"CpG"	"hg38"
49.4	1698	"chr4"	"CpG"	"hg38"
49.4	1662	"chr5"	"CpG"	"hg38"
49.4	1524	"chr6"	"CpG"	"hg38"
49.4	1744	"chr7"	"CpG"	"hg38"
49.4	1594	"chr8"	"CpG"	"hg38"
49.4	1272	"chr9"	"CpG"	"hg38"
49.4	972	"chrX"	"CpG"	"hg38"
49.4	168	"chrY"	"CpG"	"hg38"
49.5	2456	"chr1"	"CpG"	"hg38"
49.5	1504	"chr10"	"CpG"	"hg38"
49.5	1586	"chr11"	"CpG"	"hg38"
49.5	1300	"chr12"	"CpG"	"hg38"
49.5	1004	"chr13"	"CpG"	"hg38"
49.5	882	"chr14"	"CpG"	"hg38"
49.5	852	"chr15"	"CpG"	"hg38"
49.5	1086	"chr16"	"CpG"	"hg38"
49.5	1028	"chr17"	"CpG"	"hg38"
49.5	840	"chr18"	"CpG"	"hg38"
49.5	750	"chr19"	"CpG"	"hg38"
49.5	2456	"chr2"	"CpG"	"hg38"
49.5	848	"chr20"	"CpG"	"hg38"
49.5	472	"chr21"	"CpG"	"hg38"
49.5	628	"chr22"	"CpG"	"hg38"
49.5	1830	"chr3"	"CpG"	"hg38"
49.5	1864	"chr4"	"CpG"	"hg38"
49.5	1704	"chr5"	"CpG"	"hg38"
49.5	1476	"chr6"	"CpG"	"hg38"
49.5	1694	"chr7"	"CpG"	"hg38"
49.5	1500	"chr8"	"CpG"	"hg38"
49.5	1274	"chr9"	"CpG"	"hg38"
49.5	916	"chrX"	"CpG"	"hg38"
49.5	176	"chrY"	"CpG"	"hg38"
49.6	2524	"chr1"	"CpG"	"hg38"
49.6	1556	"chr10"	"CpG"	"hg38"
49.6	1556	"chr11"	"CpG"	"hg38"
49.6	1292	"chr12"	"CpG"	"hg38"
49.6	1022	"chr13"	"CpG"	"hg38"
49.6	878	"chr14"	"CpG"	"hg38"
49.6	938	"chr15"	"CpG"	"hg38"
49.6	1092	"chr16"	"CpG"	"hg38"
49.6	952	"chr17"	"CpG"	"hg38"
49.6	928	"chr18"	"CpG"	"hg38"
49.6	718	"chr19"	"CpG"	"hg38"
49.6	2404	"chr2"	"CpG"	"hg38"
49.6	864	"chr20"	"CpG"	"hg38"
49.6	546	"chr21"	"CpG"	"hg38"
49.6	612	"chr22"	"CpG"	"hg38"
49.6	1864	"chr3"	"CpG"	"hg38"
49.6	1886	"chr4"	"CpG"	"hg38"
49.6	1620	"chr5"	"CpG"	"hg38"
49.6	1544	"chr6"	"CpG"	"hg38"
49.6	1610	"chr7"	"CpG"	"hg38"
49.6	1570	"chr8"	"CpG"	"hg38"
49.6	1194	"chr9"	"CpG"	"hg38"
49.6	948	"chrX"	"CpG"	"hg38"
49.6	170	"chrY"	"CpG"	"hg38"
49.7	2478	"chr1"	"CpG"	"hg38"
49.7	1510	"chr10"	"CpG"	"hg38"
49.7	1508	"chr11"	"CpG"	"hg38"
49.7	1306	"chr12"	"CpG"	"hg38"
49.7	1090	"chr13"	"CpG"	"hg38"
49.7	882	"chr14"	"CpG"	"hg38"
49.7	870	"chr15"	"CpG"	"hg38"
49.7	1076	"chr16"	"CpG"	"hg38"
49.7	974	"chr17"	"CpG"	"hg38"
49.7	866	"chr18"	"CpG"	"hg38"
49.7	808	"chr19"	"CpG"	"hg38"
49.7	2406	"chr2"	"CpG"	"hg38"
49.7	908	"chr20"	"CpG"	"hg38"
49.7	448	"chr21"	"CpG"	"hg38"
49.7	468	"chr22"	"CpG"	"hg38"
49.7	1858	"chr3"	"CpG"	"hg38"
49.7	1916	"chr4"	"CpG"	"hg38"
49.7	1758	"chr5"	"CpG"	"hg38"
49.7	1530	"chr6"	"CpG"	"hg38"
49.7	1808	"chr7"	"CpG"	"hg38"
49.7	1668	"chr8"	"CpG"	"hg38"
49.7	1282	"chr9"	"CpG"	"hg38"
49.7	1034	"chrX"	"CpG"	"hg38"
49.7	164	"chrY"	"CpG"	"hg38"
49.8	2540	"chr1"	"CpG"	"hg38"
49.8	1572	"chr10"	"CpG"	"hg38"
49.8	1430	"chr11"	"CpG"	"hg38"
49.8	1274	"chr12"	"CpG"	"hg38"
49.8	1076	"chr13"	"CpG"	"hg38"
49.8	920	"chr14"	"CpG"	"hg38"
49.8	866	"chr15"	"CpG"	"hg38"
49.8	1036	"chr16"	"CpG"	"hg38"
49.8	1076	"chr17"	"CpG"	"hg38"
49.8	868	"chr18"	"CpG"	"hg38"
49.8	762	"chr19"	"CpG"	"hg38"
49.8	2458	"chr2"	"CpG"	"hg38"
49.8	896	"chr20"	"CpG"	"hg38"
49.8	554	"chr21"	"CpG"	"hg38"
49.8	632	"chr22"	"CpG"	"hg38"
49.8	1814	"chr3"	"CpG"	"hg38"
49.8	1906	"chr4"	"CpG"	"hg38"
49.8	1704	"chr5"	"CpG"	"hg38"
49.8	1606	"chr6"	"CpG"	"hg38"
49.8	1766	"chr7"	"CpG"	"hg38"
49.8	1650	"chr8"	"CpG"	"hg38"
49.8	1250	"chr9"	"CpG"	"hg38"
49.8	1028	"chrX"	"CpG"	"hg38"
49.8	158	"chrY"	"CpG"	"hg38"
49.9	2444	"chr1"	"CpG"	"hg38"
49.9	1586	"chr10"	"CpG"	"hg38"
49.9	1496	"chr11"	"CpG"	"hg38"
49.9	1364	"chr12"	"CpG"	"hg38"
49.9	964	"chr13"	"CpG"	"hg38"
49.9	962	"chr14"	"CpG"	"hg38"
49.9	948	"chr15"	"CpG"	"hg38"
49.9	1136	"chr16"	"CpG"	"hg38"
49.9	1062	"chr17"	"CpG"	"hg38"
49.9	876	"chr18"	"CpG"	"hg38"
49.9	732	"chr19"	"CpG"	"hg38"
49.9	2474	"chr2"	"CpG"	"hg38"
49.9	838	"chr20"	"CpG"	"hg38"
49.9	480	"chr21"	"CpG"	"hg38"
49.9	636	"chr22"	"CpG"	"hg38"
49.9	1806	"chr3"	"CpG"	"hg38"
49.9	1784	"chr4"	"CpG"	"hg38"
49.9	1666	"chr5"	"CpG"	"hg38"
49.9	1596	"chr6"	"CpG"	"hg38"
49.9	1736	"chr7"	"CpG"	"hg38"
49.9	1450	"chr8"	"CpG"	"hg38"
49.9	1256	"chr9"	"CpG"	"hg38"
49.9	1032	"chrX"	"CpG"	"hg38"
49.9	138	"chrY"	"CpG"	"hg38"
50	2368	"chr1"	"CpG"	"hg38"
50	1568	"chr10"	"CpG"	"hg38"
50	1430	"chr11"	"CpG"	"hg38"
50	1274	"chr12"	"CpG"	"hg38"
50	1110	"chr13"	"CpG"	"hg38"
50	876	"chr14"	"CpG"	"hg38"
50	912	"chr15"	"CpG"	"hg38"
50	1146	"chr16"	"CpG"	"hg38"
50	1040	"chr17"	"CpG"	"hg38"
50	848	"chr18"	"CpG"	"hg38"
50	778	"chr19"	"CpG"	"hg38"
50	2488	"chr2"	"CpG"	"hg38"
50	858	"chr20"	"CpG"	"hg38"
50	534	"chr21"	"CpG"	"hg38"
50	538	"chr22"	"CpG"	"hg38"
50	1816	"chr3"	"CpG"	"hg38"
50	1888	"chr4"	"CpG"	"hg38"
50	1720	"chr5"	"CpG"	"hg38"
50	1526	"chr6"	"CpG"	"hg38"
50	1744	"chr7"	"CpG"	"hg38"
50	1574	"chr8"	"CpG"	"hg38"
50	1332	"chr9"	"CpG"	"hg38"
50	1032	"chrX"	"CpG"	"hg38"
50	180	"chrY"	"CpG"	"hg38"
50.1	2574	"chr1"	"CpG"	"hg38"
50.1	1598	"chr10"	"CpG"	"hg38"
50.1	1548	"chr11"	"CpG"	"hg38"
50.1	1372	"chr12"	"CpG"	"hg38"
50.1	1000	"chr13"	"CpG"	"hg38"
50.1	864	"chr14"	"CpG"	"hg38"
50.1	974	"chr15"	"CpG"	"hg38"
50.1	1080	"chr16"	"CpG"	"hg38"
50.1	1094	"chr17"	"CpG"	"hg38"
50.1	878	"chr18"	"CpG"	"hg38"
50.1	714	"chr19"	"CpG"	"hg38"
50.1	2508	"chr2"	"CpG"	"hg38"
50.1	920	"chr20"	"CpG"	"hg38"
50.1	600	"chr21"	"CpG"	"hg38"
50.1	570	"chr22"	"CpG"	"hg38"
50.1	1740	"chr3"	"CpG"	"hg38"
50.1	1830	"chr4"	"CpG"	"hg38"
50.1	1806	"chr5"	"CpG"	"hg38"
50.1	1508	"chr6"	"CpG"	"hg38"
50.1	1734	"chr7"	"CpG"	"hg38"
50.1	1602	"chr8"	"CpG"	"hg38"
50.1	1260	"chr9"	"CpG"	"hg38"
50.1	1028	"chrX"	"CpG"	"hg38"
50.1	172	"chrY"	"CpG"	"hg38"
50.2	2594	"chr1"	"CpG"	"hg38"
50.2	1636	"chr10"	"CpG"	"hg38"
50.2	1482	"chr11"	"CpG"	"hg38"
50.2	1388	"chr12"	"CpG"	"hg38"
50.2	1006	"chr13"	"CpG"	"hg38"
50.2	912	"chr14"	"CpG"	"hg38"
50.2	954	"chr15"	"CpG"	"hg38"
50.2	1154	"chr16"	"CpG"	"hg38"
50.2	1004	"chr17"	"CpG"	"hg38"
50.2	886	"chr18"	"CpG"	"hg38"
50.2	742	"chr19"	"CpG"	"hg38"
50.2	2434	"chr2"	"CpG"	"hg38"
50.2	858	"chr20"	"CpG"	"hg38"
50.2	512	"chr21"	"CpG"	"hg38"
50.2	624	"chr22"	"CpG"	"hg38"
50.2	1834	"chr3"	"CpG"	"hg38"
50.2	1802	"chr4"	"CpG"	"hg38"
50.2	1844	"chr5"	"CpG"	"hg38"
50.2	1588	"chr6"	"CpG"	"hg38"
50.2	1712	"chr7"	"CpG"	"hg38"
50.2	1662	"chr8"	"CpG"	"hg38"
50.2	1326	"chr9"	"CpG"	"hg38"
50.2	956	"chrX"	"CpG"	"hg38"
50.2	150	"chrY"	"CpG"	"hg38"
50.3	2520	"chr1"	"CpG"	"hg38"
50.3	1640	"chr10"	"CpG"	"hg38"
50.3	1560	"chr11"	"CpG"	"hg38"
50.3	1362	"chr12"	"CpG"	"hg38"
50.3	1120	"chr13"	"CpG"	"hg38"
50.3	888	"chr14"	"CpG"	"hg38"
50.3	972	"chr15"	"CpG"	"hg38"
50.3	1094	"chr16"	"CpG"	"hg38"
50.3	982	"chr17"	"CpG"	"hg38"
50.3	884	"chr18"	"CpG"	"hg38"
50.3	834	"chr19"	"CpG"	"hg38"
50.3	2436	"chr2"	"CpG"	"hg38"
50.3	876	"chr20"	"CpG"	"hg38"
50.3	484	"chr21"	"CpG"	"hg38"
50.3	594	"chr22"	"CpG"	"hg38"
50.3	1880	"chr3"	"CpG"	"hg38"
50.3	1802	"chr4"	"CpG"	"hg38"
50.3	1720	"chr5"	"CpG"	"hg38"
50.3	1578	"chr6"	"CpG"	"hg38"
50.3	1784	"chr7"	"CpG"	"hg38"
50.3	1566	"chr8"	"CpG"	"hg38"
50.3	1302	"chr9"	"CpG"	"hg38"
50.3	1140	"chrX"	"CpG"	"hg38"
50.3	188	"chrY"	"CpG"	"hg38"
50.4	2440	"chr1"	"CpG"	"hg38"
50.4	1668	"chr10"	"CpG"	"hg38"
50.4	1482	"chr11"	"CpG"	"hg38"
50.4	1394	"chr12"	"CpG"	"hg38"
50.4	998	"chr13"	"CpG"	"hg38"
50.4	860	"chr14"	"CpG"	"hg38"
50.4	876	"chr15"	"CpG"	"hg38"
50.4	1080	"chr16"	"CpG"	"hg38"
50.4	1012	"chr17"	"CpG"	"hg38"
50.4	902	"chr18"	"CpG"	"hg38"
50.4	840	"chr19"	"CpG"	"hg38"
50.4	2408	"chr2"	"CpG"	"hg38"
50.4	794	"chr20"	"CpG"	"hg38"
50.4	514	"chr21"	"CpG"	"hg38"
50.4	672	"chr22"	"CpG"	"hg38"
50.4	1794	"chr3"	"CpG"	"hg38"
50.4	1800	"chr4"	"CpG"	"hg38"
50.4	1680	"chr5"	"CpG"	"hg38"
50.4	1592	"chr6"	"CpG"	"hg38"
50.4	1772	"chr7"	"CpG"	"hg38"
50.4	1602	"chr8"	"CpG"	"hg38"
50.4	1280	"chr9"	"CpG"	"hg38"
50.4	964	"chrX"	"CpG"	"hg38"
50.4	146	"chrY"	"CpG"	"hg38"
50.5	2350	"chr1"	"CpG"	"hg38"
50.5	1582	"chr10"	"CpG"	"hg38"
50.5	1574	"chr11"	"CpG"	"hg38"
50.5	1328	"chr12"	"CpG"	"hg38"
50.5	1076	"chr13"	"CpG"	"hg38"
50.5	880	"chr14"	"CpG"	"hg38"
50.5	994	"chr15"	"CpG"	"hg38"
50.5	1200	"chr16"	"CpG"	"hg38"
50.5	1076	"chr17"	"CpG"	"hg38"
50.5	776	"chr18"	"CpG"	"hg38"
50.5	856	"chr19"	"CpG"	"hg38"
50.5	2406	"chr2"	"CpG"	"hg38"
50.5	926	"chr20"	"CpG"	"hg38"
50.5	550	"chr21"	"CpG"	"hg38"
50.5	646	"chr22"	"CpG"	"hg38"
50.5	1956	"chr3"	"CpG"	"hg38"
50.5	1888	"chr4"	"CpG"	"hg38"
50.5	1696	"chr5"	"CpG"	"hg38"
50.5	1686	"chr6"	"CpG"	"hg38"
50.5	1814	"chr7"	"CpG"	"hg38"
50.5	1612	"chr8"	"CpG"	"hg38"
50.5	1280	"chr9"	"CpG"	"hg38"
50.5	1080	"chrX"	"CpG"	"hg38"
50.5	164	"chrY"	"CpG"	"hg38"
50.6	2534	"chr1"	"CpG"	"hg38"
50.6	1534	"chr10"	"CpG"	"hg38"
50.6	1598	"chr11"	"CpG"	"hg38"
50.6	1324	"chr12"	"CpG"	"hg38"
50.6	964	"chr13"	"CpG"	"hg38"
50.6	838	"chr14"	"CpG"	"hg38"
50.6	954	"chr15"	"CpG"	"hg38"
50.6	1132	"chr16"	"CpG"	"hg38"
50.6	1042	"chr17"	"CpG"	"hg38"
50.6	926	"chr18"	"CpG"	"hg38"
50.6	814	"chr19"	"CpG"	"hg38"
50.6	2468	"chr2"	"CpG"	"hg38"
50.6	882	"chr20"	"CpG"	"hg38"
50.6	520	"chr21"	"CpG"	"hg38"
50.6	598	"chr22"	"CpG"	"hg38"
50.6	1968	"chr3"	"CpG"	"hg38"
50.6	1822	"chr4"	"CpG"	"hg38"
50.6	1792	"chr5"	"CpG"	"hg38"
50.6	1668	"chr6"	"CpG"	"hg38"
50.6	1768	"chr7"	"CpG"	"hg38"
50.6	1584	"chr8"	"CpG"	"hg38"
50.6	1386	"chr9"	"CpG"	"hg38"
50.6	1064	"chrX"	"CpG"	"hg38"
50.6	154	"chrY"	"CpG"	"hg38"
50.7	2476	"chr1"	"CpG"	"hg38"
50.7	1632	"chr10"	"CpG"	"hg38"
50.7	1514	"chr11"	"CpG"	"hg38"
50.7	1320	"chr12"	"CpG"	"hg38"
50.7	1014	"chr13"	"CpG"	"hg38"
50.7	908	"chr14"	"CpG"	"hg38"
50.7	892	"chr15"	"CpG"	"hg38"
50.7	1146	"chr16"	"CpG"	"hg38"
50.7	1084	"chr17"	"CpG"	"hg38"
50.7	912	"chr18"	"CpG"	"hg38"
50.7	734	"chr19"	"CpG"	"hg38"
50.7	2376	"chr2"	"CpG"	"hg38"
50.7	848	"chr20"	"CpG"	"hg38"
50.7	506	"chr21"	"CpG"	"hg38"
50.7	576	"chr22"	"CpG"	"hg38"
50.7	1946	"chr3"	"CpG"	"hg38"
50.7	1756	"chr4"	"CpG"	"hg38"
50.7	1710	"chr5"	"CpG"	"hg38"
50.7	1702	"chr6"	"CpG"	"hg38"
50.7	1658	"chr7"	"CpG"	"hg38"
50.7	1622	"chr8"	"CpG"	"hg38"
50.7	1354	"chr9"	"CpG"	"hg38"
50.7	1024	"chrX"	"CpG"	"hg38"
50.7	168	"chrY"	"CpG"	"hg38"
50.8	2490	"chr1"	"CpG"	"hg38"
50.8	1560	"chr10"	"CpG"	"hg38"
50.8	1518	"chr11"	"CpG"	"hg38"
50.8	1384	"chr12"	"CpG"	"hg38"
50.8	1076	"chr13"	"CpG"	"hg38"
50.8	922	"chr14"	"CpG"	"hg38"
50.8	956	"chr15"	"CpG"	"hg38"
50.8	1130	"chr16"	"CpG"	"hg38"
50.8	1074	"chr17"	"CpG"	"hg38"
50.8	936	"chr18"	"CpG"	"hg38"
50.8	892	"chr19"	"CpG"	"hg38"
50.8	2452	"chr2"	"CpG"	"hg38"
50.8	864	"chr20"	"CpG"	"hg38"
50.8	510	"chr21"	"CpG"	"hg38"
50.8	596	"chr22"	"CpG"	"hg38"
50.8	1904	"chr3"	"CpG"	"hg38"
50.8	1836	"chr4"	"CpG"	"hg38"
50.8	1684	"chr5"	"CpG"	"hg38"
50.8	1526	"chr6"	"CpG"	"hg38"
50.8	1790	"chr7"	"CpG"	"hg38"
50.8	1568	"chr8"	"CpG"	"hg38"
50.8	1370	"chr9"	"CpG"	"hg38"
50.8	1050	"chrX"	"CpG"	"hg38"
50.8	142	"chrY"	"CpG"	"hg38"
50.9	2558	"chr1"	"CpG"	"hg38"
50.9	1514	"chr10"	"CpG"	"hg38"
50.9	1498	"chr11"	"CpG"	"hg38"
50.9	1338	"chr12"	"CpG"	"hg38"
50.9	1052	"chr13"	"CpG"	"hg38"
50.9	908	"chr14"	"CpG"	"hg38"
50.9	1018	"chr15"	"CpG"	"hg38"
50.9	1306	"chr16"	"CpG"	"hg38"
50.9	1026	"chr17"	"CpG"	"hg38"
50.9	918	"chr18"	"CpG"	"hg38"
50.9	814	"chr19"	"CpG"	"hg38"
50.9	2346	"chr2"	"CpG"	"hg38"
50.9	790	"chr20"	"CpG"	"hg38"
50.9	578	"chr21"	"CpG"	"hg38"
50.9	642	"chr22"	"CpG"	"hg38"
50.9	1790	"chr3"	"CpG"	"hg38"
50.9	1920	"chr4"	"CpG"	"hg38"
50.9	1826	"chr5"	"CpG"	"hg38"
50.9	1660	"chr6"	"CpG"	"hg38"
50.9	1798	"chr7"	"CpG"	"hg38"
50.9	1584	"chr8"	"CpG"	"hg38"
50.9	1384	"chr9"	"CpG"	"hg38"
50.9	1040	"chrX"	"CpG"	"hg38"
50.9	178	"chrY"	"CpG"	"hg38"
51	2460	"chr1"	"CpG"	"hg38"
51	1494	"chr10"	"CpG"	"hg38"
51	1556	"chr11"	"CpG"	"hg38"
51	1418	"chr12"	"CpG"	"hg38"
51	1028	"chr13"	"CpG"	"hg38"
51	882	"chr14"	"CpG"	"hg38"
51	952	"chr15"	"CpG"	"hg38"
51	1184	"chr16"	"CpG"	"hg38"
51	1010	"chr17"	"CpG"	"hg38"
51	978	"chr18"	"CpG"	"hg38"
51	808	"chr19"	"CpG"	"hg38"
51	2314	"chr2"	"CpG"	"hg38"
51	840	"chr20"	"CpG"	"hg38"
51	516	"chr21"	"CpG"	"hg38"
51	580	"chr22"	"CpG"	"hg38"
51	1910	"chr3"	"CpG"	"hg38"
51	1856	"chr4"	"CpG"	"hg38"
51	1840	"chr5"	"CpG"	"hg38"
51	1568	"chr6"	"CpG"	"hg38"
51	1788	"chr7"	"CpG"	"hg38"
51	1658	"chr8"	"CpG"	"hg38"
51	1236	"chr9"	"CpG"	"hg38"
51	1002	"chrX"	"CpG"	"hg38"
51	156	"chrY"	"CpG"	"hg38"
51.1	2674	"chr1"	"CpG"	"hg38"
51.1	1552	"chr10"	"CpG"	"hg38"
51.1	1620	"chr11"	"CpG"	"hg38"
51.1	1292	"chr12"	"CpG"	"hg38"
51.1	1108	"chr13"	"CpG"	"hg38"
51.1	954	"chr14"	"CpG"	"hg38"
51.1	1012	"chr15"	"CpG"	"hg38"
51.1	1116	"chr16"	"CpG"	"hg38"
51.1	1010	"chr17"	"CpG"	"hg38"
51.1	844	"chr18"	"CpG"	"hg38"
51.1	820	"chr19"	"CpG"	"hg38"
51.1	2482	"chr2"	"CpG"	"hg38"
51.1	898	"chr20"	"CpG"	"hg38"
51.1	526	"chr21"	"CpG"	"hg38"
51.1	530	"chr22"	"CpG"	"hg38"
51.1	1860	"chr3"	"CpG"	"hg38"
51.1	1778	"chr4"	"CpG"	"hg38"
51.1	1802	"chr5"	"CpG"	"hg38"
51.1	1616	"chr6"	"CpG"	"hg38"
51.1	1822	"chr7"	"CpG"	"hg38"
51.1	1556	"chr8"	"CpG"	"hg38"
51.1	1360	"chr9"	"CpG"	"hg38"
51.1	1020	"chrX"	"CpG"	"hg38"
51.1	182	"chrY"	"CpG"	"hg38"
51.2	2564	"chr1"	"CpG"	"hg38"
51.2	1708	"chr10"	"CpG"	"hg38"
51.2	1638	"chr11"	"CpG"	"hg38"
51.2	1270	"chr12"	"CpG"	"hg38"
51.2	1064	"chr13"	"CpG"	"hg38"
51.2	942	"chr14"	"CpG"	"hg38"
51.2	930	"chr15"	"CpG"	"hg38"
51.2	1158	"chr16"	"CpG"	"hg38"
51.2	1072	"chr17"	"CpG"	"hg38"
51.2	910	"chr18"	"CpG"	"hg38"
51.2	796	"chr19"	"CpG"	"hg38"
51.2	2530	"chr2"	"CpG"	"hg38"
51.2	880	"chr20"	"CpG"	"hg38"
51.2	532	"chr21"	"CpG"	"hg38"
51.2	624	"chr22"	"CpG"	"hg38"
51.2	1978	"chr3"	"CpG"	"hg38"
51.2	1998	"chr4"	"CpG"	"hg38"
51.2	1714	"chr5"	"CpG"	"hg38"
51.2	1638	"chr6"	"CpG"	"hg38"
51.2	1800	"chr7"	"CpG"	"hg38"
51.2	1698	"chr8"	"CpG"	"hg38"
51.2	1280	"chr9"	"CpG"	"hg38"
51.2	942	"chrX"	"CpG"	"hg38"
51.2	192	"chrY"	"CpG"	"hg38"
51.3	2576	"chr1"	"CpG"	"hg38"
51.3	1560	"chr10"	"CpG"	"hg38"
51.3	1548	"chr11"	"CpG"	"hg38"
51.3	1370	"chr12"	"CpG"	"hg38"
51.3	1046	"chr13"	"CpG"	"hg38"
51.3	962	"chr14"	"CpG"	"hg38"
51.3	1010	"chr15"	"CpG"	"hg38"
51.3	1122	"chr16"	"CpG"	"hg38"
51.3	1050	"chr17"	"CpG"	"hg38"
51.3	912	"chr18"	"CpG"	"hg38"
51.3	784	"chr19"	"CpG"	"hg38"
51.3	2454	"chr2"	"CpG"	"hg38"
51.3	922	"chr20"	"CpG"	"hg38"
51.3	552	"chr21"	"CpG"	"hg38"
51.3	604	"chr22"	"CpG"	"hg38"
51.3	2016	"chr3"	"CpG"	"hg38"
51.3	1816	"chr4"	"CpG"	"hg38"
51.3	1802	"chr5"	"CpG"	"hg38"
51.3	1642	"chr6"	"CpG"	"hg38"
51.3	1730	"chr7"	"CpG"	"hg38"
51.3	1576	"chr8"	"CpG"	"hg38"
51.3	1312	"chr9"	"CpG"	"hg38"
51.3	1084	"chrX"	"CpG"	"hg38"
51.3	194	"chrY"	"CpG"	"hg38"
51.4	2494	"chr1"	"CpG"	"hg38"
51.4	1730	"chr10"	"CpG"	"hg38"
51.4	1476	"chr11"	"CpG"	"hg38"
51.4	1370	"chr12"	"CpG"	"hg38"
51.4	1014	"chr13"	"CpG"	"hg38"
51.4	910	"chr14"	"CpG"	"hg38"
51.4	992	"chr15"	"CpG"	"hg38"
51.4	1120	"chr16"	"CpG"	"hg38"
51.4	1058	"chr17"	"CpG"	"hg38"
51.4	904	"chr18"	"CpG"	"hg38"
51.4	858	"chr19"	"CpG"	"hg38"
51.4	2380	"chr2"	"CpG"	"hg38"
51.4	874	"chr20"	"CpG"	"hg38"
51.4	472	"chr21"	"CpG"	"hg38"
51.4	616	"chr22"	"CpG"	"hg38"
51.4	1974	"chr3"	"CpG"	"hg38"
51.4	1786	"chr4"	"CpG"	"hg38"
51.4	1842	"chr5"	"CpG"	"hg38"
51.4	1578	"chr6"	"CpG"	"hg38"
51.4	1746	"chr7"	"CpG"	"hg38"
51.4	1628	"chr8"	"CpG"	"hg38"
51.4	1390	"chr9"	"CpG"	"hg38"
51.4	964	"chrX"	"CpG"	"hg38"
51.4	174	"chrY"	"CpG"	"hg38"
51.5	2504	"chr1"	"CpG"	"hg38"
51.5	1734	"chr10"	"CpG"	"hg38"
51.5	1442	"chr11"	"CpG"	"hg38"
51.5	1380	"chr12"	"CpG"	"hg38"
51.5	1022	"chr13"	"CpG"	"hg38"
51.5	900	"chr14"	"CpG"	"hg38"
51.5	1008	"chr15"	"CpG"	"hg38"
51.5	1294	"chr16"	"CpG"	"hg38"
51.5	1038	"chr17"	"CpG"	"hg38"
51.5	1104	"chr18"	"CpG"	"hg38"
51.5	892	"chr19"	"CpG"	"hg38"
51.5	2356	"chr2"	"CpG"	"hg38"
51.5	880	"chr20"	"CpG"	"hg38"
51.5	544	"chr21"	"CpG"	"hg38"
51.5	632	"chr22"	"CpG"	"hg38"
51.5	2010	"chr3"	"CpG"	"hg38"
51.5	2048	"chr4"	"CpG"	"hg38"
51.5	1744	"chr5"	"CpG"	"hg38"
51.5	1732	"chr6"	"CpG"	"hg38"
51.5	1738	"chr7"	"CpG"	"hg38"
51.5	1714	"chr8"	"CpG"	"hg38"
51.5	1364	"chr9"	"CpG"	"hg38"
51.5	1056	"chrX"	"CpG"	"hg38"
51.5	176	"chrY"	"CpG"	"hg38"
51.6	2492	"chr1"	"CpG"	"hg38"
51.6	1596	"chr10"	"CpG"	"hg38"
51.6	1576	"chr11"	"CpG"	"hg38"
51.6	1332	"chr12"	"CpG"	"hg38"
51.6	1002	"chr13"	"CpG"	"hg38"
51.6	964	"chr14"	"CpG"	"hg38"
51.6	1008	"chr15"	"CpG"	"hg38"
51.6	1138	"chr16"	"CpG"	"hg38"
51.6	1124	"chr17"	"CpG"	"hg38"
51.6	878	"chr18"	"CpG"	"hg38"
51.6	808	"chr19"	"CpG"	"hg38"
51.6	2384	"chr2"	"CpG"	"hg38"
51.6	928	"chr20"	"CpG"	"hg38"
51.6	494	"chr21"	"CpG"	"hg38"
51.6	598	"chr22"	"CpG"	"hg38"
51.6	1884	"chr3"	"CpG"	"hg38"
51.6	1814	"chr4"	"CpG"	"hg38"
51.6	1814	"chr5"	"CpG"	"hg38"
51.6	1662	"chr6"	"CpG"	"hg38"
51.6	1782	"chr7"	"CpG"	"hg38"
51.6	1566	"chr8"	"CpG"	"hg38"
51.6	1404	"chr9"	"CpG"	"hg38"
51.6	1116	"chrX"	"CpG"	"hg38"
51.6	148	"chrY"	"CpG"	"hg38"
51.7	2486	"chr1"	"CpG"	"hg38"
51.7	1534	"chr10"	"CpG"	"hg38"
51.7	1546	"chr11"	"CpG"	"hg38"
51.7	1430	"chr12"	"CpG"	"hg38"
51.7	1076	"chr13"	"CpG"	"hg38"
51.7	922	"chr14"	"CpG"	"hg38"
51.7	1028	"chr15"	"CpG"	"hg38"
51.7	1142	"chr16"	"CpG"	"hg38"
51.7	1186	"chr17"	"CpG"	"hg38"
51.7	806	"chr18"	"CpG"	"hg38"
51.7	768	"chr19"	"CpG"	"hg38"
51.7	2614	"chr2"	"CpG"	"hg38"
51.7	942	"chr20"	"CpG"	"hg38"
51.7	488	"chr21"	"CpG"	"hg38"
51.7	626	"chr22"	"CpG"	"hg38"
51.7	1936	"chr3"	"CpG"	"hg38"
51.7	1756	"chr4"	"CpG"	"hg38"
51.7	1884	"chr5"	"CpG"	"hg38"
51.7	1638	"chr6"	"CpG"	"hg38"
51.7	1818	"chr7"	"CpG"	"hg38"
51.7	1544	"chr8"	"CpG"	"hg38"
51.7	1298	"chr9"	"CpG"	"hg38"
51.7	1082	"chrX"	"CpG"	"hg38"
51.7	194	"chrY"	"CpG"	"hg38"
51.8	2508	"chr1"	"CpG"	"hg38"
51.8	1550	"chr10"	"CpG"	"hg38"
51.8	1542	"chr11"	"CpG"	"hg38"
51.8	1432	"chr12"	"CpG"	"hg38"
51.8	1136	"chr13"	"CpG"	"hg38"
51.8	924	"chr14"	"CpG"	"hg38"
51.8	974	"chr15"	"CpG"	"hg38"
51.8	1182	"chr16"	"CpG"	"hg38"
51.8	1082	"chr17"	"CpG"	"hg38"
51.8	864	"chr18"	"CpG"	"hg38"
51.8	872	"chr19"	"CpG"	"hg38"
51.8	2318	"chr2"	"CpG"	"hg38"
51.8	956	"chr20"	"CpG"	"hg38"
51.8	538	"chr21"	"CpG"	"hg38"
51.8	568	"chr22"	"CpG"	"hg38"
51.8	1932	"chr3"	"CpG"	"hg38"
51.8	1772	"chr4"	"CpG"	"hg38"
51.8	1802	"chr5"	"CpG"	"hg38"
51.8	1726	"chr6"	"CpG"	"hg38"
51.8	1818	"chr7"	"CpG"	"hg38"
51.8	1526	"chr8"	"CpG"	"hg38"
51.8	1380	"chr9"	"CpG"	"hg38"
51.8	1062	"chrX"	"CpG"	"hg38"
51.8	200	"chrY"	"CpG"	"hg38"
51.9	2470	"chr1"	"CpG"	"hg38"
51.9	1688	"chr10"	"CpG"	"hg38"
51.9	1478	"chr11"	"CpG"	"hg38"
51.9	1422	"chr12"	"CpG"	"hg38"
51.9	1068	"chr13"	"CpG"	"hg38"
51.9	906	"chr14"	"CpG"	"hg38"
51.9	958	"chr15"	"CpG"	"hg38"
51.9	1178	"chr16"	"CpG"	"hg38"
51.9	1018	"chr17"	"CpG"	"hg38"
51.9	1008	"chr18"	"CpG"	"hg38"
51.9	782	"chr19"	"CpG"	"hg38"
51.9	2496	"chr2"	"CpG"	"hg38"
51.9	816	"chr20"	"CpG"	"hg38"
51.9	536	"chr21"	"CpG"	"hg38"
51.9	596	"chr22"	"CpG"	"hg38"
51.9	2026	"chr3"	"CpG"	"hg38"
51.9	1912	"chr4"	"CpG"	"hg38"
51.9	1780	"chr5"	"CpG"	"hg38"
51.9	1658	"chr6"	"CpG"	"hg38"
51.9	1882	"chr7"	"CpG"	"hg38"
51.9	1618	"chr8"	"CpG"	"hg38"
51.9	1408	"chr9"	"CpG"	"hg38"
51.9	1044	"chrX"	"CpG"	"hg38"
51.9	190	"chrY"	"CpG"	"hg38"
52	2572	"chr1"	"CpG"	"hg38"
52	1614	"chr10"	"CpG"	"hg38"
52	1560	"chr11"	"CpG"	"hg38"
52	1466	"chr12"	"CpG"	"hg38"
52	1064	"chr13"	"CpG"	"hg38"
52	946	"chr14"	"CpG"	"hg38"
52	986	"chr15"	"CpG"	"hg38"
52	1124	"chr16"	"CpG"	"hg38"
52	1160	"chr17"	"CpG"	"hg38"
52	876	"chr18"	"CpG"	"hg38"
52	812	"chr19"	"CpG"	"hg38"
52	2504	"chr2"	"CpG"	"hg38"
52	922	"chr20"	"CpG"	"hg38"
52	454	"chr21"	"CpG"	"hg38"
52	602	"chr22"	"CpG"	"hg38"
52	1916	"chr3"	"CpG"	"hg38"
52	1788	"chr4"	"CpG"	"hg38"
52	1710	"chr5"	"CpG"	"hg38"
52	1548	"chr6"	"CpG"	"hg38"
52	1816	"chr7"	"CpG"	"hg38"
52	1586	"chr8"	"CpG"	"hg38"
52	1358	"chr9"	"CpG"	"hg38"
52	1058	"chrX"	"CpG"	"hg38"
52	170	"chrY"	"CpG"	"hg38"
52.1	2438	"chr1"	"CpG"	"hg38"
52.1	1582	"chr10"	"CpG"	"hg38"
52.1	1468	"chr11"	"CpG"	"hg38"
52.1	1362	"chr12"	"CpG"	"hg38"
52.1	1148	"chr13"	"CpG"	"hg38"
52.1	948	"chr14"	"CpG"	"hg38"
52.1	974	"chr15"	"CpG"	"hg38"
52.1	1214	"chr16"	"CpG"	"hg38"
52.1	1034	"chr17"	"CpG"	"hg38"
52.1	994	"chr18"	"CpG"	"hg38"
52.1	754	"chr19"	"CpG"	"hg38"
52.1	2426	"chr2"	"CpG"	"hg38"
52.1	974	"chr20"	"CpG"	"hg38"
52.1	504	"chr21"	"CpG"	"hg38"
52.1	634	"chr22"	"CpG"	"hg38"
52.1	1952	"chr3"	"CpG"	"hg38"
52.1	1806	"chr4"	"CpG"	"hg38"
52.1	1784	"chr5"	"CpG"	"hg38"
52.1	1632	"chr6"	"CpG"	"hg38"
52.1	1866	"chr7"	"CpG"	"hg38"
52.1	1698	"chr8"	"CpG"	"hg38"
52.1	1266	"chr9"	"CpG"	"hg38"
52.1	1064	"chrX"	"CpG"	"hg38"
52.1	208	"chrY"	"CpG"	"hg38"
52.2	2646	"chr1"	"CpG"	"hg38"
52.2	1622	"chr10"	"CpG"	"hg38"
52.2	1474	"chr11"	"CpG"	"hg38"
52.2	1360	"chr12"	"CpG"	"hg38"
52.2	1070	"chr13"	"CpG"	"hg38"
52.2	898	"chr14"	"CpG"	"hg38"
52.2	938	"chr15"	"CpG"	"hg38"
52.2	1200	"chr16"	"CpG"	"hg38"
52.2	1084	"chr17"	"CpG"	"hg38"
52.2	866	"chr18"	"CpG"	"hg38"
52.2	854	"chr19"	"CpG"	"hg38"
52.2	2478	"chr2"	"CpG"	"hg38"
52.2	928	"chr20"	"CpG"	"hg38"
52.2	500	"chr21"	"CpG"	"hg38"
52.2	612	"chr22"	"CpG"	"hg38"
52.2	1904	"chr3"	"CpG"	"hg38"
52.2	1850	"chr4"	"CpG"	"hg38"
52.2	1750	"chr5"	"CpG"	"hg38"
52.2	1738	"chr6"	"CpG"	"hg38"
52.2	1756	"chr7"	"CpG"	"hg38"
52.2	1642	"chr8"	"CpG"	"hg38"
52.2	1302	"chr9"	"CpG"	"hg38"
52.2	1022	"chrX"	"CpG"	"hg38"
52.2	196	"chrY"	"CpG"	"hg38"
52.3	2454	"chr1"	"CpG"	"hg38"
52.3	1668	"chr10"	"CpG"	"hg38"
52.3	1570	"chr11"	"CpG"	"hg38"
52.3	1428	"chr12"	"CpG"	"hg38"
52.3	1138	"chr13"	"CpG"	"hg38"
52.3	914	"chr14"	"CpG"	"hg38"
52.3	1056	"chr15"	"CpG"	"hg38"
52.3	1210	"chr16"	"CpG"	"hg38"
52.3	1136	"chr17"	"CpG"	"hg38"
52.3	1022	"chr18"	"CpG"	"hg38"
52.3	860	"chr19"	"CpG"	"hg38"
52.3	2602	"chr2"	"CpG"	"hg38"
52.3	916	"chr20"	"CpG"	"hg38"
52.3	584	"chr21"	"CpG"	"hg38"
52.3	636	"chr22"	"CpG"	"hg38"
52.3	1968	"chr3"	"CpG"	"hg38"
52.3	1832	"chr4"	"CpG"	"hg38"
52.3	1730	"chr5"	"CpG"	"hg38"
52.3	1690	"chr6"	"CpG"	"hg38"
52.3	1880	"chr7"	"CpG"	"hg38"
52.3	1640	"chr8"	"CpG"	"hg38"
52.3	1330	"chr9"	"CpG"	"hg38"
52.3	1040	"chrX"	"CpG"	"hg38"
52.3	184	"chrY"	"CpG"	"hg38"
52.4	2654	"chr1"	"CpG"	"hg38"
52.4	1590	"chr10"	"CpG"	"hg38"
52.4	1586	"chr11"	"CpG"	"hg38"
52.4	1402	"chr12"	"CpG"	"hg38"
52.4	1094	"chr13"	"CpG"	"hg38"
52.4	916	"chr14"	"CpG"	"hg38"
52.4	956	"chr15"	"CpG"	"hg38"
52.4	1222	"chr16"	"CpG"	"hg38"
52.4	1072	"chr17"	"CpG"	"hg38"
52.4	932	"chr18"	"CpG"	"hg38"
52.4	850	"chr19"	"CpG"	"hg38"
52.4	2438	"chr2"	"CpG"	"hg38"
52.4	880	"chr20"	"CpG"	"hg38"
52.4	508	"chr21"	"CpG"	"hg38"
52.4	630	"chr22"	"CpG"	"hg38"
52.4	2054	"chr3"	"CpG"	"hg38"
52.4	1872	"chr4"	"CpG"	"hg38"
52.4	1838	"chr5"	"CpG"	"hg38"
52.4	1620	"chr6"	"CpG"	"hg38"
52.4	1810	"chr7"	"CpG"	"hg38"
52.4	1596	"chr8"	"CpG"	"hg38"
52.4	1428	"chr9"	"CpG"	"hg38"
52.4	1120	"chrX"	"CpG"	"hg38"
52.4	212	"chrY"	"CpG"	"hg38"
52.5	2534	"chr1"	"CpG"	"hg38"
52.5	1702	"chr10"	"CpG"	"hg38"
52.5	1496	"chr11"	"CpG"	"hg38"
52.5	1414	"chr12"	"CpG"	"hg38"
52.5	1082	"chr13"	"CpG"	"hg38"
52.5	940	"chr14"	"CpG"	"hg38"
52.5	960	"chr15"	"CpG"	"hg38"
52.5	1240	"chr16"	"CpG"	"hg38"
52.5	1096	"chr17"	"CpG"	"hg38"
52.5	940	"chr18"	"CpG"	"hg38"
52.5	862	"chr19"	"CpG"	"hg38"
52.5	2478	"chr2"	"CpG"	"hg38"
52.5	946	"chr20"	"CpG"	"hg38"
52.5	528	"chr21"	"CpG"	"hg38"
52.5	568	"chr22"	"CpG"	"hg38"
52.5	1856	"chr3"	"CpG"	"hg38"
52.5	1864	"chr4"	"CpG"	"hg38"
52.5	1772	"chr5"	"CpG"	"hg38"
52.5	1588	"chr6"	"CpG"	"hg38"
52.5	1936	"chr7"	"CpG"	"hg38"
52.5	1766	"chr8"	"CpG"	"hg38"
52.5	1344	"chr9"	"CpG"	"hg38"
52.5	1082	"chrX"	"CpG"	"hg38"
52.5	166	"chrY"	"CpG"	"hg38"
52.6	2484	"chr1"	"CpG"	"hg38"
52.6	1658	"chr10"	"CpG"	"hg38"
52.6	1566	"chr11"	"CpG"	"hg38"
52.6	1404	"chr12"	"CpG"	"hg38"
52.6	1082	"chr13"	"CpG"	"hg38"
52.6	872	"chr14"	"CpG"	"hg38"
52.6	948	"chr15"	"CpG"	"hg38"
52.6	1206	"chr16"	"CpG"	"hg38"
52.6	1072	"chr17"	"CpG"	"hg38"
52.6	986	"chr18"	"CpG"	"hg38"
52.6	766	"chr19"	"CpG"	"hg38"
52.6	2642	"chr2"	"CpG"	"hg38"
52.6	898	"chr20"	"CpG"	"hg38"
52.6	512	"chr21"	"CpG"	"hg38"
52.6	574	"chr22"	"CpG"	"hg38"
52.6	1962	"chr3"	"CpG"	"hg38"
52.6	1934	"chr4"	"CpG"	"hg38"
52.6	1840	"chr5"	"CpG"	"hg38"
52.6	1634	"chr6"	"CpG"	"hg38"
52.6	1810	"chr7"	"CpG"	"hg38"
52.6	1542	"chr8"	"CpG"	"hg38"
52.6	1356	"chr9"	"CpG"	"hg38"
52.6	1120	"chrX"	"CpG"	"hg38"
52.6	164	"chrY"	"CpG"	"hg38"
52.7	2548	"chr1"	"CpG"	"hg38"
52.7	1586	"chr10"	"CpG"	"hg38"
52.7	1612	"chr11"	"CpG"	"hg38"
52.7	1318	"chr12"	"CpG"	"hg38"
52.7	1058	"chr13"	"CpG"	"hg38"
52.7	944	"chr14"	"CpG"	"hg38"
52.7	986	"chr15"	"CpG"	"hg38"
52.7	1162	"chr16"	"CpG"	"hg38"
52.7	1058	"chr17"	"CpG"	"hg38"
52.7	936	"chr18"	"CpG"	"hg38"
52.7	824	"chr19"	"CpG"	"hg38"
52.7	2398	"chr2"	"CpG"	"hg38"
52.7	798	"chr20"	"CpG"	"hg38"
52.7	558	"chr21"	"CpG"	"hg38"
52.7	616	"chr22"	"CpG"	"hg38"
52.7	1936	"chr3"	"CpG"	"hg38"
52.7	1876	"chr4"	"CpG"	"hg38"
52.7	1738	"chr5"	"CpG"	"hg38"
52.7	1728	"chr6"	"CpG"	"hg38"
52.7	1860	"chr7"	"CpG"	"hg38"
52.7	1494	"chr8"	"CpG"	"hg38"
52.7	1332	"chr9"	"CpG"	"hg38"
52.7	998	"chrX"	"CpG"	"hg38"
52.7	174	"chrY"	"CpG"	"hg38"
52.8	2624	"chr1"	"CpG"	"hg38"
52.8	1516	"chr10"	"CpG"	"hg38"
52.8	1632	"chr11"	"CpG"	"hg38"
52.8	1392	"chr12"	"CpG"	"hg38"
52.8	1056	"chr13"	"CpG"	"hg38"
52.8	894	"chr14"	"CpG"	"hg38"
52.8	974	"chr15"	"CpG"	"hg38"
52.8	1168	"chr16"	"CpG"	"hg38"
52.8	1120	"chr17"	"CpG"	"hg38"
52.8	980	"chr18"	"CpG"	"hg38"
52.8	886	"chr19"	"CpG"	"hg38"
52.8	2394	"chr2"	"CpG"	"hg38"
52.8	948	"chr20"	"CpG"	"hg38"
52.8	518	"chr21"	"CpG"	"hg38"
52.8	566	"chr22"	"CpG"	"hg38"
52.8	2020	"chr3"	"CpG"	"hg38"
52.8	1870	"chr4"	"CpG"	"hg38"
52.8	1900	"chr5"	"CpG"	"hg38"
52.8	1678	"chr6"	"CpG"	"hg38"
52.8	1876	"chr7"	"CpG"	"hg38"
52.8	1570	"chr8"	"CpG"	"hg38"
52.8	1364	"chr9"	"CpG"	"hg38"
52.8	1052	"chrX"	"CpG"	"hg38"
52.8	178	"chrY"	"CpG"	"hg38"
52.9	2520	"chr1"	"CpG"	"hg38"
52.9	1624	"chr10"	"CpG"	"hg38"
52.9	1586	"chr11"	"CpG"	"hg38"
52.9	1384	"chr12"	"CpG"	"hg38"
52.9	1062	"chr13"	"CpG"	"hg38"
52.9	998	"chr14"	"CpG"	"hg38"
52.9	988	"chr15"	"CpG"	"hg38"
52.9	1258	"chr16"	"CpG"	"hg38"
52.9	1156	"chr17"	"CpG"	"hg38"
52.9	934	"chr18"	"CpG"	"hg38"
52.9	824	"chr19"	"CpG"	"hg38"
52.9	2464	"chr2"	"CpG"	"hg38"
52.9	814	"chr20"	"CpG"	"hg38"
52.9	508	"chr21"	"CpG"	"hg38"
52.9	668	"chr22"	"CpG"	"hg38"
52.9	1934	"chr3"	"CpG"	"hg38"
52.9	1882	"chr4"	"CpG"	"hg38"
52.9	1714	"chr5"	"CpG"	"hg38"
52.9	1714	"chr6"	"CpG"	"hg38"
52.9	1866	"chr7"	"CpG"	"hg38"
52.9	1708	"chr8"	"CpG"	"hg38"
52.9	1374	"chr9"	"CpG"	"hg38"
52.9	984	"chrX"	"CpG"	"hg38"
52.9	150	"chrY"	"CpG"	"hg38"
53	2534	"chr1"	"CpG"	"hg38"
53	1628	"chr10"	"CpG"	"hg38"
53	1548	"chr11"	"CpG"	"hg38"
53	1578	"chr12"	"CpG"	"hg38"
53	1128	"chr13"	"CpG"	"hg38"
53	1018	"chr14"	"CpG"	"hg38"
53	994	"chr15"	"CpG"	"hg38"
53	1176	"chr16"	"CpG"	"hg38"
53	1042	"chr17"	"CpG"	"hg38"
53	968	"chr18"	"CpG"	"hg38"
53	800	"chr19"	"CpG"	"hg38"
53	2456	"chr2"	"CpG"	"hg38"
53	928	"chr20"	"CpG"	"hg38"
53	506	"chr21"	"CpG"	"hg38"
53	576	"chr22"	"CpG"	"hg38"
53	1844	"chr3"	"CpG"	"hg38"
53	1818	"chr4"	"CpG"	"hg38"
53	1822	"chr5"	"CpG"	"hg38"
53	1652	"chr6"	"CpG"	"hg38"
53	1852	"chr7"	"CpG"	"hg38"
53	1690	"chr8"	"CpG"	"hg38"
53	1292	"chr9"	"CpG"	"hg38"
53	1090	"chrX"	"CpG"	"hg38"
53	170	"chrY"	"CpG"	"hg38"
53.1	2518	"chr1"	"CpG"	"hg38"
53.1	1614	"chr10"	"CpG"	"hg38"
53.1	1542	"chr11"	"CpG"	"hg38"
53.1	1426	"chr12"	"CpG"	"hg38"
53.1	1112	"chr13"	"CpG"	"hg38"
53.1	960	"chr14"	"CpG"	"hg38"
53.1	968	"chr15"	"CpG"	"hg38"
53.1	1158	"chr16"	"CpG"	"hg38"
53.1	1062	"chr17"	"CpG"	"hg38"
53.1	930	"chr18"	"CpG"	"hg38"
53.1	846	"chr19"	"CpG"	"hg38"
53.1	2476	"chr2"	"CpG"	"hg38"
53.1	996	"chr20"	"CpG"	"hg38"
53.1	600	"chr21"	"CpG"	"hg38"
53.1	596	"chr22"	"CpG"	"hg38"
53.1	1966	"chr3"	"CpG"	"hg38"
53.1	1856	"chr4"	"CpG"	"hg38"
53.1	1792	"chr5"	"CpG"	"hg38"
53.1	1622	"chr6"	"CpG"	"hg38"
53.1	1900	"chr7"	"CpG"	"hg38"
53.1	1616	"chr8"	"CpG"	"hg38"
53.1	1350	"chr9"	"CpG"	"hg38"
53.1	1080	"chrX"	"CpG"	"hg38"
53.1	184	"chrY"	"CpG"	"hg38"
53.2	2614	"chr1"	"CpG"	"hg38"
53.2	1566	"chr10"	"CpG"	"hg38"
53.2	1604	"chr11"	"CpG"	"hg38"
53.2	1436	"chr12"	"CpG"	"hg38"
53.2	996	"chr13"	"CpG"	"hg38"
53.2	918	"chr14"	"CpG"	"hg38"
53.2	1030	"chr15"	"CpG"	"hg38"
53.2	1220	"chr16"	"CpG"	"hg38"
53.2	1110	"chr17"	"CpG"	"hg38"
53.2	976	"chr18"	"CpG"	"hg38"
53.2	862	"chr19"	"CpG"	"hg38"
53.2	2466	"chr2"	"CpG"	"hg38"
53.2	860	"chr20"	"CpG"	"hg38"
53.2	542	"chr21"	"CpG"	"hg38"
53.2	590	"chr22"	"CpG"	"hg38"
53.2	1890	"chr3"	"CpG"	"hg38"
53.2	1884	"chr4"	"CpG"	"hg38"
53.2	1808	"chr5"	"CpG"	"hg38"
53.2	1678	"chr6"	"CpG"	"hg38"
53.2	1858	"chr7"	"CpG"	"hg38"
53.2	1706	"chr8"	"CpG"	"hg38"
53.2	1284	"chr9"	"CpG"	"hg38"
53.2	1100	"chrX"	"CpG"	"hg38"
53.2	182	"chrY"	"CpG"	"hg38"
53.3	2740	"chr1"	"CpG"	"hg38"
53.3	1710	"chr10"	"CpG"	"hg38"
53.3	1600	"chr11"	"CpG"	"hg38"
53.3	1390	"chr12"	"CpG"	"hg38"
53.3	1108	"chr13"	"CpG"	"hg38"
53.3	940	"chr14"	"CpG"	"hg38"
53.3	920	"chr15"	"CpG"	"hg38"
53.3	1240	"chr16"	"CpG"	"hg38"
53.3	1038	"chr17"	"CpG"	"hg38"
53.3	910	"chr18"	"CpG"	"hg38"
53.3	808	"chr19"	"CpG"	"hg38"
53.3	2482	"chr2"	"CpG"	"hg38"
53.3	986	"chr20"	"CpG"	"hg38"
53.3	544	"chr21"	"CpG"	"hg38"
53.3	610	"chr22"	"CpG"	"hg38"
53.3	1974	"chr3"	"CpG"	"hg38"
53.3	1832	"chr4"	"CpG"	"hg38"
53.3	1748	"chr5"	"CpG"	"hg38"
53.3	1592	"chr6"	"CpG"	"hg38"
53.3	1838	"chr7"	"CpG"	"hg38"
53.3	1622	"chr8"	"CpG"	"hg38"
53.3	1386	"chr9"	"CpG"	"hg38"
53.3	1104	"chrX"	"CpG"	"hg38"
53.3	188	"chrY"	"CpG"	"hg38"
53.4	2610	"chr1"	"CpG"	"hg38"
53.4	1600	"chr10"	"CpG"	"hg38"
53.4	1552	"chr11"	"CpG"	"hg38"
53.4	1388	"chr12"	"CpG"	"hg38"
53.4	1060	"chr13"	"CpG"	"hg38"
53.4	984	"chr14"	"CpG"	"hg38"
53.4	1016	"chr15"	"CpG"	"hg38"
53.4	1208	"chr16"	"CpG"	"hg38"
53.4	1022	"chr17"	"CpG"	"hg38"
53.4	950	"chr18"	"CpG"	"hg38"
53.4	782	"chr19"	"CpG"	"hg38"
53.4	2414	"chr2"	"CpG"	"hg38"
53.4	886	"chr20"	"CpG"	"hg38"
53.4	596	"chr21"	"CpG"	"hg38"
53.4	596	"chr22"	"CpG"	"hg38"
53.4	1928	"chr3"	"CpG"	"hg38"
53.4	1822	"chr4"	"CpG"	"hg38"
53.4	1716	"chr5"	"CpG"	"hg38"
53.4	1628	"chr6"	"CpG"	"hg38"
53.4	1784	"chr7"	"CpG"	"hg38"
53.4	1598	"chr8"	"CpG"	"hg38"
53.4	1332	"chr9"	"CpG"	"hg38"
53.4	1132	"chrX"	"CpG"	"hg38"
53.4	182	"chrY"	"CpG"	"hg38"
53.5	2600	"chr1"	"CpG"	"hg38"
53.5	1560	"chr10"	"CpG"	"hg38"
53.5	1544	"chr11"	"CpG"	"hg38"
53.5	1334	"chr12"	"CpG"	"hg38"
53.5	1090	"chr13"	"CpG"	"hg38"
53.5	838	"chr14"	"CpG"	"hg38"
53.5	926	"chr15"	"CpG"	"hg38"
53.5	1196	"chr16"	"CpG"	"hg38"
53.5	1152	"chr17"	"CpG"	"hg38"
53.5	894	"chr18"	"CpG"	"hg38"
53.5	934	"chr19"	"CpG"	"hg38"
53.5	2492	"chr2"	"CpG"	"hg38"
53.5	912	"chr20"	"CpG"	"hg38"
53.5	500	"chr21"	"CpG"	"hg38"
53.5	646	"chr22"	"CpG"	"hg38"
53.5	1792	"chr3"	"CpG"	"hg38"
53.5	1814	"chr4"	"CpG"	"hg38"
53.5	1836	"chr5"	"CpG"	"hg38"
53.5	1598	"chr6"	"CpG"	"hg38"
53.5	1708	"chr7"	"CpG"	"hg38"
53.5	1624	"chr8"	"CpG"	"hg38"
53.5	1230	"chr9"	"CpG"	"hg38"
53.5	1036	"chrX"	"CpG"	"hg38"
53.5	172	"chrY"	"CpG"	"hg38"
53.6	2512	"chr1"	"CpG"	"hg38"
53.6	1538	"chr10"	"CpG"	"hg38"
53.6	1494	"chr11"	"CpG"	"hg38"
53.6	1300	"chr12"	"CpG"	"hg38"
53.6	1020	"chr13"	"CpG"	"hg38"
53.6	912	"chr14"	"CpG"	"hg38"
53.6	944	"chr15"	"CpG"	"hg38"
53.6	1264	"chr16"	"CpG"	"hg38"
53.6	1046	"chr17"	"CpG"	"hg38"
53.6	924	"chr18"	"CpG"	"hg38"
53.6	866	"chr19"	"CpG"	"hg38"
53.6	2398	"chr2"	"CpG"	"hg38"
53.6	860	"chr20"	"CpG"	"hg38"
53.6	502	"chr21"	"CpG"	"hg38"
53.6	650	"chr22"	"CpG"	"hg38"
53.6	2028	"chr3"	"CpG"	"hg38"
53.6	1826	"chr4"	"CpG"	"hg38"
53.6	1864	"chr5"	"CpG"	"hg38"
53.6	1728	"chr6"	"CpG"	"hg38"
53.6	1732	"chr7"	"CpG"	"hg38"
53.6	1532	"chr8"	"CpG"	"hg38"
53.6	1328	"chr9"	"CpG"	"hg38"
53.6	1038	"chrX"	"CpG"	"hg38"
53.6	218	"chrY"	"CpG"	"hg38"
53.7	2626	"chr1"	"CpG"	"hg38"
53.7	1692	"chr10"	"CpG"	"hg38"
53.7	1548	"chr11"	"CpG"	"hg38"
53.7	1372	"chr12"	"CpG"	"hg38"
53.7	1132	"chr13"	"CpG"	"hg38"
53.7	898	"chr14"	"CpG"	"hg38"
53.7	1002	"chr15"	"CpG"	"hg38"
53.7	1186	"chr16"	"CpG"	"hg38"
53.7	1030	"chr17"	"CpG"	"hg38"
53.7	990	"chr18"	"CpG"	"hg38"
53.7	902	"chr19"	"CpG"	"hg38"
53.7	2482	"chr2"	"CpG"	"hg38"
53.7	822	"chr20"	"CpG"	"hg38"
53.7	584	"chr21"	"CpG"	"hg38"
53.7	638	"chr22"	"CpG"	"hg38"
53.7	1974	"chr3"	"CpG"	"hg38"
53.7	1792	"chr4"	"CpG"	"hg38"
53.7	1840	"chr5"	"CpG"	"hg38"
53.7	1620	"chr6"	"CpG"	"hg38"
53.7	1756	"chr7"	"CpG"	"hg38"
53.7	1666	"chr8"	"CpG"	"hg38"
53.7	1438	"chr9"	"CpG"	"hg38"
53.7	1052	"chrX"	"CpG"	"hg38"
53.7	182	"chrY"	"CpG"	"hg38"
53.8	2650	"chr1"	"CpG"	"hg38"
53.8	1574	"chr10"	"CpG"	"hg38"
53.8	1522	"chr11"	"CpG"	"hg38"
53.8	1482	"chr12"	"CpG"	"hg38"
53.8	1094	"chr13"	"CpG"	"hg38"
53.8	944	"chr14"	"CpG"	"hg38"
53.8	966	"chr15"	"CpG"	"hg38"
53.8	1158	"chr16"	"CpG"	"hg38"
53.8	1064	"chr17"	"CpG"	"hg38"
53.8	948	"chr18"	"CpG"	"hg38"
53.8	816	"chr19"	"CpG"	"hg38"
53.8	2442	"chr2"	"CpG"	"hg38"
53.8	938	"chr20"	"CpG"	"hg38"
53.8	502	"chr21"	"CpG"	"hg38"
53.8	626	"chr22"	"CpG"	"hg38"
53.8	2012	"chr3"	"CpG"	"hg38"
53.8	1902	"chr4"	"CpG"	"hg38"
53.8	1702	"chr5"	"CpG"	"hg38"
53.8	1770	"chr6"	"CpG"	"hg38"
53.8	1838	"chr7"	"CpG"	"hg38"
53.8	1704	"chr8"	"CpG"	"hg38"
53.8	1384	"chr9"	"CpG"	"hg38"
53.8	1104	"chrX"	"CpG"	"hg38"
53.8	178	"chrY"	"CpG"	"hg38"
53.9	2536	"chr1"	"CpG"	"hg38"
53.9	1588	"chr10"	"CpG"	"hg38"
53.9	1644	"chr11"	"CpG"	"hg38"
53.9	1354	"chr12"	"CpG"	"hg38"
53.9	1114	"chr13"	"CpG"	"hg38"
53.9	824	"chr14"	"CpG"	"hg38"
53.9	1008	"chr15"	"CpG"	"hg38"
53.9	1184	"chr16"	"CpG"	"hg38"
53.9	1150	"chr17"	"CpG"	"hg38"
53.9	938	"chr18"	"CpG"	"hg38"
53.9	860	"chr19"	"CpG"	"hg38"
53.9	2492	"chr2"	"CpG"	"hg38"
53.9	872	"chr20"	"CpG"	"hg38"
53.9	510	"chr21"	"CpG"	"hg38"
53.9	690	"chr22"	"CpG"	"hg38"
53.9	1958	"chr3"	"CpG"	"hg38"
53.9	1952	"chr4"	"CpG"	"hg38"
53.9	1780	"chr5"	"CpG"	"hg38"
53.9	1712	"chr6"	"CpG"	"hg38"
53.9	1960	"chr7"	"CpG"	"hg38"
53.9	1676	"chr8"	"CpG"	"hg38"
53.9	1310	"chr9"	"CpG"	"hg38"
53.9	1148	"chrX"	"CpG"	"hg38"
53.9	158	"chrY"	"CpG"	"hg38"
54	2686	"chr1"	"CpG"	"hg38"
54	1694	"chr10"	"CpG"	"hg38"
54	1570	"chr11"	"CpG"	"hg38"
54	1454	"chr12"	"CpG"	"hg38"
54	1092	"chr13"	"CpG"	"hg38"
54	970	"chr14"	"CpG"	"hg38"
54	1068	"chr15"	"CpG"	"hg38"
54	1198	"chr16"	"CpG"	"hg38"
54	1082	"chr17"	"CpG"	"hg38"
54	942	"chr18"	"CpG"	"hg38"
54	820	"chr19"	"CpG"	"hg38"
54	2498	"chr2"	"CpG"	"hg38"
54	880	"chr20"	"CpG"	"hg38"
54	520	"chr21"	"CpG"	"hg38"
54	640	"chr22"	"CpG"	"hg38"
54	1984	"chr3"	"CpG"	"hg38"
54	1730	"chr4"	"CpG"	"hg38"
54	1800	"chr5"	"CpG"	"hg38"
54	1676	"chr6"	"CpG"	"hg38"
54	1838	"chr7"	"CpG"	"hg38"
54	1672	"chr8"	"CpG"	"hg38"
54	1466	"chr9"	"CpG"	"hg38"
54	1022	"chrX"	"CpG"	"hg38"
54	170	"chrY"	"CpG"	"hg38"
54.1	2490	"chr1"	"CpG"	"hg38"
54.1	1530	"chr10"	"CpG"	"hg38"
54.1	1594	"chr11"	"CpG"	"hg38"
54.1	1440	"chr12"	"CpG"	"hg38"
54.1	1084	"chr13"	"CpG"	"hg38"
54.1	976	"chr14"	"CpG"	"hg38"
54.1	964	"chr15"	"CpG"	"hg38"
54.1	1192	"chr16"	"CpG"	"hg38"
54.1	1092	"chr17"	"CpG"	"hg38"
54.1	918	"chr18"	"CpG"	"hg38"
54.1	816	"chr19"	"CpG"	"hg38"
54.1	2394	"chr2"	"CpG"	"hg38"
54.1	842	"chr20"	"CpG"	"hg38"
54.1	474	"chr21"	"CpG"	"hg38"
54.1	580	"chr22"	"CpG"	"hg38"
54.1	2042	"chr3"	"CpG"	"hg38"
54.1	1812	"chr4"	"CpG"	"hg38"
54.1	1796	"chr5"	"CpG"	"hg38"
54.1	1522	"chr6"	"CpG"	"hg38"
54.1	1810	"chr7"	"CpG"	"hg38"
54.1	1662	"chr8"	"CpG"	"hg38"
54.1	1480	"chr9"	"CpG"	"hg38"
54.1	1130	"chrX"	"CpG"	"hg38"
54.1	168	"chrY"	"CpG"	"hg38"
54.2	2656	"chr1"	"CpG"	"hg38"
54.2	1550	"chr10"	"CpG"	"hg38"
54.2	1546	"chr11"	"CpG"	"hg38"
54.2	1406	"chr12"	"CpG"	"hg38"
54.2	1020	"chr13"	"CpG"	"hg38"
54.2	902	"chr14"	"CpG"	"hg38"
54.2	910	"chr15"	"CpG"	"hg38"
54.2	1192	"chr16"	"CpG"	"hg38"
54.2	1090	"chr17"	"CpG"	"hg38"
54.2	912	"chr18"	"CpG"	"hg38"
54.2	924	"chr19"	"CpG"	"hg38"
54.2	2468	"chr2"	"CpG"	"hg38"
54.2	890	"chr20"	"CpG"	"hg38"
54.2	520	"chr21"	"CpG"	"hg38"
54.2	578	"chr22"	"CpG"	"hg38"
54.2	1972	"chr3"	"CpG"	"hg38"
54.2	1932	"chr4"	"CpG"	"hg38"
54.2	1730	"chr5"	"CpG"	"hg38"
54.2	1682	"chr6"	"CpG"	"hg38"
54.2	1794	"chr7"	"CpG"	"hg38"
54.2	1526	"chr8"	"CpG"	"hg38"
54.2	1284	"chr9"	"CpG"	"hg38"
54.2	1110	"chrX"	"CpG"	"hg38"
54.2	202	"chrY"	"CpG"	"hg38"
54.3	2676	"chr1"	"CpG"	"hg38"
54.3	1628	"chr10"	"CpG"	"hg38"
54.3	1570	"chr11"	"CpG"	"hg38"
54.3	1358	"chr12"	"CpG"	"hg38"
54.3	1134	"chr13"	"CpG"	"hg38"
54.3	982	"chr14"	"CpG"	"hg38"
54.3	1008	"chr15"	"CpG"	"hg38"
54.3	1208	"chr16"	"CpG"	"hg38"
54.3	1134	"chr17"	"CpG"	"hg38"
54.3	900	"chr18"	"CpG"	"hg38"
54.3	904	"chr19"	"CpG"	"hg38"
54.3	2510	"chr2"	"CpG"	"hg38"
54.3	872	"chr20"	"CpG"	"hg38"
54.3	486	"chr21"	"CpG"	"hg38"
54.3	542	"chr22"	"CpG"	"hg38"
54.3	1968	"chr3"	"CpG"	"hg38"
54.3	1936	"chr4"	"CpG"	"hg38"
54.3	1778	"chr5"	"CpG"	"hg38"
54.3	1654	"chr6"	"CpG"	"hg38"
54.3	1818	"chr7"	"CpG"	"hg38"
54.3	1606	"chr8"	"CpG"	"hg38"
54.3	1292	"chr9"	"CpG"	"hg38"
54.3	1122	"chrX"	"CpG"	"hg38"
54.3	216	"chrY"	"CpG"	"hg38"
54.4	2624	"chr1"	"CpG"	"hg38"
54.4	1746	"chr10"	"CpG"	"hg38"
54.4	1540	"chr11"	"CpG"	"hg38"
54.4	1406	"chr12"	"CpG"	"hg38"
54.4	1046	"chr13"	"CpG"	"hg38"
54.4	898	"chr14"	"CpG"	"hg38"
54.4	944	"chr15"	"CpG"	"hg38"
54.4	1230	"chr16"	"CpG"	"hg38"
54.4	1032	"chr17"	"CpG"	"hg38"
54.4	924	"chr18"	"CpG"	"hg38"
54.4	788	"chr19"	"CpG"	"hg38"
54.4	2440	"chr2"	"CpG"	"hg38"
54.4	850	"chr20"	"CpG"	"hg38"
54.4	504	"chr21"	"CpG"	"hg38"
54.4	566	"chr22"	"CpG"	"hg38"
54.4	2060	"chr3"	"CpG"	"hg38"
54.4	1800	"chr4"	"CpG"	"hg38"
54.4	1762	"chr5"	"CpG"	"hg38"
54.4	1602	"chr6"	"CpG"	"hg38"
54.4	1832	"chr7"	"CpG"	"hg38"
54.4	1610	"chr8"	"CpG"	"hg38"
54.4	1312	"chr9"	"CpG"	"hg38"
54.4	1112	"chrX"	"CpG"	"hg38"
54.4	168	"chrY"	"CpG"	"hg38"
54.5	2608	"chr1"	"CpG"	"hg38"
54.5	1616	"chr10"	"CpG"	"hg38"
54.5	1480	"chr11"	"CpG"	"hg38"
54.5	1344	"chr12"	"CpG"	"hg38"
54.5	1100	"chr13"	"CpG"	"hg38"
54.5	928	"chr14"	"CpG"	"hg38"
54.5	946	"chr15"	"CpG"	"hg38"
54.5	1226	"chr16"	"CpG"	"hg38"
54.5	1060	"chr17"	"CpG"	"hg38"
54.5	890	"chr18"	"CpG"	"hg38"
54.5	848	"chr19"	"CpG"	"hg38"
54.5	2508	"chr2"	"CpG"	"hg38"
54.5	868	"chr20"	"CpG"	"hg38"
54.5	548	"chr21"	"CpG"	"hg38"
54.5	586	"chr22"	"CpG"	"hg38"
54.5	1858	"chr3"	"CpG"	"hg38"
54.5	1852	"chr4"	"CpG"	"hg38"
54.5	1750	"chr5"	"CpG"	"hg38"
54.5	1644	"chr6"	"CpG"	"hg38"
54.5	1824	"chr7"	"CpG"	"hg38"
54.5	1762	"chr8"	"CpG"	"hg38"
54.5	1438	"chr9"	"CpG"	"hg38"
54.5	1070	"chrX"	"CpG"	"hg38"
54.5	198	"chrY"	"CpG"	"hg38"
54.6	2494	"chr1"	"CpG"	"hg38"
54.6	1754	"chr10"	"CpG"	"hg38"
54.6	1610	"chr11"	"CpG"	"hg38"
54.6	1284	"chr12"	"CpG"	"hg38"
54.6	1012	"chr13"	"CpG"	"hg38"
54.6	930	"chr14"	"CpG"	"hg38"
54.6	960	"chr15"	"CpG"	"hg38"
54.6	1180	"chr16"	"CpG"	"hg38"
54.6	1116	"chr17"	"CpG"	"hg38"
54.6	936	"chr18"	"CpG"	"hg38"
54.6	958	"chr19"	"CpG"	"hg38"
54.6	2374	"chr2"	"CpG"	"hg38"
54.6	870	"chr20"	"CpG"	"hg38"
54.6	464	"chr21"	"CpG"	"hg38"
54.6	640	"chr22"	"CpG"	"hg38"
54.6	1798	"chr3"	"CpG"	"hg38"
54.6	1818	"chr4"	"CpG"	"hg38"
54.6	1678	"chr5"	"CpG"	"hg38"
54.6	1644	"chr6"	"CpG"	"hg38"
54.6	1800	"chr7"	"CpG"	"hg38"
54.6	1624	"chr8"	"CpG"	"hg38"
54.6	1320	"chr9"	"CpG"	"hg38"
54.6	1050	"chrX"	"CpG"	"hg38"
54.6	160	"chrY"	"CpG"	"hg38"
54.7	2560	"chr1"	"CpG"	"hg38"
54.7	1584	"chr10"	"CpG"	"hg38"
54.7	1566	"chr11"	"CpG"	"hg38"
54.7	1356	"chr12"	"CpG"	"hg38"
54.7	1004	"chr13"	"CpG"	"hg38"
54.7	868	"chr14"	"CpG"	"hg38"
54.7	944	"chr15"	"CpG"	"hg38"
54.7	1224	"chr16"	"CpG"	"hg38"
54.7	1062	"chr17"	"CpG"	"hg38"
54.7	946	"chr18"	"CpG"	"hg38"
54.7	812	"chr19"	"CpG"	"hg38"
54.7	2574	"chr2"	"CpG"	"hg38"
54.7	898	"chr20"	"CpG"	"hg38"
54.7	518	"chr21"	"CpG"	"hg38"
54.7	632	"chr22"	"CpG"	"hg38"
54.7	1866	"chr3"	"CpG"	"hg38"
54.7	1882	"chr4"	"CpG"	"hg38"
54.7	1724	"chr5"	"CpG"	"hg38"
54.7	1722	"chr6"	"CpG"	"hg38"
54.7	1754	"chr7"	"CpG"	"hg38"
54.7	1560	"chr8"	"CpG"	"hg38"
54.7	1322	"chr9"	"CpG"	"hg38"
54.7	1102	"chrX"	"CpG"	"hg38"
54.7	208	"chrY"	"CpG"	"hg38"
54.8	2562	"chr1"	"CpG"	"hg38"
54.8	1598	"chr10"	"CpG"	"hg38"
54.8	1558	"chr11"	"CpG"	"hg38"
54.8	1430	"chr12"	"CpG"	"hg38"
54.8	1122	"chr13"	"CpG"	"hg38"
54.8	996	"chr14"	"CpG"	"hg38"
54.8	954	"chr15"	"CpG"	"hg38"
54.8	1216	"chr16"	"CpG"	"hg38"
54.8	1100	"chr17"	"CpG"	"hg38"
54.8	904	"chr18"	"CpG"	"hg38"
54.8	758	"chr19"	"CpG"	"hg38"
54.8	2384	"chr2"	"CpG"	"hg38"
54.8	846	"chr20"	"CpG"	"hg38"
54.8	554	"chr21"	"CpG"	"hg38"
54.8	638	"chr22"	"CpG"	"hg38"
54.8	1896	"chr3"	"CpG"	"hg38"
54.8	1782	"chr4"	"CpG"	"hg38"
54.8	1704	"chr5"	"CpG"	"hg38"
54.8	1688	"chr6"	"CpG"	"hg38"
54.8	1684	"chr7"	"CpG"	"hg38"
54.8	1540	"chr8"	"CpG"	"hg38"
54.8	1210	"chr9"	"CpG"	"hg38"
54.8	1092	"chrX"	"CpG"	"hg38"
54.8	164	"chrY"	"CpG"	"hg38"
54.9	2580	"chr1"	"CpG"	"hg38"
54.9	1546	"chr10"	"CpG"	"hg38"
54.9	1570	"chr11"	"CpG"	"hg38"
54.9	1364	"chr12"	"CpG"	"hg38"
54.9	1006	"chr13"	"CpG"	"hg38"
54.9	880	"chr14"	"CpG"	"hg38"
54.9	944	"chr15"	"CpG"	"hg38"
54.9	1252	"chr16"	"CpG"	"hg38"
54.9	1154	"chr17"	"CpG"	"hg38"
54.9	904	"chr18"	"CpG"	"hg38"
54.9	820	"chr19"	"CpG"	"hg38"
54.9	2524	"chr2"	"CpG"	"hg38"
54.9	874	"chr20"	"CpG"	"hg38"
54.9	470	"chr21"	"CpG"	"hg38"
54.9	630	"chr22"	"CpG"	"hg38"
54.9	1838	"chr3"	"CpG"	"hg38"
54.9	1830	"chr4"	"CpG"	"hg38"
54.9	1804	"chr5"	"CpG"	"hg38"
54.9	1566	"chr6"	"CpG"	"hg38"
54.9	1832	"chr7"	"CpG"	"hg38"
54.9	1558	"chr8"	"CpG"	"hg38"
54.9	1286	"chr9"	"CpG"	"hg38"
54.9	1076	"chrX"	"CpG"	"hg38"
54.9	166	"chrY"	"CpG"	"hg38"
55	2584	"chr1"	"CpG"	"hg38"
55	1602	"chr10"	"CpG"	"hg38"
55	1504	"chr11"	"CpG"	"hg38"
55	1448	"chr12"	"CpG"	"hg38"
55	1012	"chr13"	"CpG"	"hg38"
55	936	"chr14"	"CpG"	"hg38"
55	968	"chr15"	"CpG"	"hg38"
55	1164	"chr16"	"CpG"	"hg38"
55	1142	"chr17"	"CpG"	"hg38"
55	960	"chr18"	"CpG"	"hg38"
55	840	"chr19"	"CpG"	"hg38"
55	2428	"chr2"	"CpG"	"hg38"
55	926	"chr20"	"CpG"	"hg38"
55	486	"chr21"	"CpG"	"hg38"
55	648	"chr22"	"CpG"	"hg38"
55	1882	"chr3"	"CpG"	"hg38"
55	1912	"chr4"	"CpG"	"hg38"
55	1682	"chr5"	"CpG"	"hg38"
55	1634	"chr6"	"CpG"	"hg38"
55	1794	"chr7"	"CpG"	"hg38"
55	1674	"chr8"	"CpG"	"hg38"
55	1286	"chr9"	"CpG"	"hg38"
55	1156	"chrX"	"CpG"	"hg38"
55	154	"chrY"	"CpG"	"hg38"
55.1	2556	"chr1"	"CpG"	"hg38"
55.1	1688	"chr10"	"CpG"	"hg38"
55.1	1530	"chr11"	"CpG"	"hg38"
55.1	1434	"chr12"	"CpG"	"hg38"
55.1	1054	"chr13"	"CpG"	"hg38"
55.1	920	"chr14"	"CpG"	"hg38"
55.1	976	"chr15"	"CpG"	"hg38"
55.1	1286	"chr16"	"CpG"	"hg38"
55.1	1022	"chr17"	"CpG"	"hg38"
55.1	998	"chr18"	"CpG"	"hg38"
55.1	894	"chr19"	"CpG"	"hg38"
55.1	2520	"chr2"	"CpG"	"hg38"
55.1	912	"chr20"	"CpG"	"hg38"
55.1	514	"chr21"	"CpG"	"hg38"
55.1	630	"chr22"	"CpG"	"hg38"
55.1	1872	"chr3"	"CpG"	"hg38"
55.1	1814	"chr4"	"CpG"	"hg38"
55.1	1708	"chr5"	"CpG"	"hg38"
55.1	1636	"chr6"	"CpG"	"hg38"
55.1	1788	"chr7"	"CpG"	"hg38"
55.1	1638	"chr8"	"CpG"	"hg38"
55.1	1312	"chr9"	"CpG"	"hg38"
55.1	1164	"chrX"	"CpG"	"hg38"
55.1	148	"chrY"	"CpG"	"hg38"
55.2	2544	"chr1"	"CpG"	"hg38"
55.2	1588	"chr10"	"CpG"	"hg38"
55.2	1482	"chr11"	"CpG"	"hg38"
55.2	1376	"chr12"	"CpG"	"hg38"
55.2	994	"chr13"	"CpG"	"hg38"
55.2	900	"chr14"	"CpG"	"hg38"
55.2	920	"chr15"	"CpG"	"hg38"
55.2	1208	"chr16"	"CpG"	"hg38"
55.2	1092	"chr17"	"CpG"	"hg38"
55.2	884	"chr18"	"CpG"	"hg38"
55.2	774	"chr19"	"CpG"	"hg38"
55.2	2486	"chr2"	"CpG"	"hg38"
55.2	872	"chr20"	"CpG"	"hg38"
55.2	446	"chr21"	"CpG"	"hg38"
55.2	640	"chr22"	"CpG"	"hg38"
55.2	1928	"chr3"	"CpG"	"hg38"
55.2	1880	"chr4"	"CpG"	"hg38"
55.2	1708	"chr5"	"CpG"	"hg38"
55.2	1590	"chr6"	"CpG"	"hg38"
55.2	1804	"chr7"	"CpG"	"hg38"
55.2	1548	"chr8"	"CpG"	"hg38"
55.2	1350	"chr9"	"CpG"	"hg38"
55.2	1134	"chrX"	"CpG"	"hg38"
55.2	176	"chrY"	"CpG"	"hg38"
55.3	2574	"chr1"	"CpG"	"hg38"
55.3	1656	"chr10"	"CpG"	"hg38"
55.3	1492	"chr11"	"CpG"	"hg38"
55.3	1440	"chr12"	"CpG"	"hg38"
55.3	1062	"chr13"	"CpG"	"hg38"
55.3	932	"chr14"	"CpG"	"hg38"
55.3	860	"chr15"	"CpG"	"hg38"
55.3	1296	"chr16"	"CpG"	"hg38"
55.3	1094	"chr17"	"CpG"	"hg38"
55.3	954	"chr18"	"CpG"	"hg38"
55.3	786	"chr19"	"CpG"	"hg38"
55.3	2354	"chr2"	"CpG"	"hg38"
55.3	926	"chr20"	"CpG"	"hg38"
55.3	490	"chr21"	"CpG"	"hg38"
55.3	560	"chr22"	"CpG"	"hg38"
55.3	1858	"chr3"	"CpG"	"hg38"
55.3	1838	"chr4"	"CpG"	"hg38"
55.3	1806	"chr5"	"CpG"	"hg38"
55.3	1570	"chr6"	"CpG"	"hg38"
55.3	1726	"chr7"	"CpG"	"hg38"
55.3	1572	"chr8"	"CpG"	"hg38"
55.3	1354	"chr9"	"CpG"	"hg38"
55.3	974	"chrX"	"CpG"	"hg38"
55.3	154	"chrY"	"CpG"	"hg38"
55.4	2640	"chr1"	"CpG"	"hg38"
55.4	1604	"chr10"	"CpG"	"hg38"
55.4	1536	"chr11"	"CpG"	"hg38"
55.4	1458	"chr12"	"CpG"	"hg38"
55.4	1028	"chr13"	"CpG"	"hg38"
55.4	916	"chr14"	"CpG"	"hg38"
55.4	904	"chr15"	"CpG"	"hg38"
55.4	1244	"chr16"	"CpG"	"hg38"
55.4	1092	"chr17"	"CpG"	"hg38"
55.4	956	"chr18"	"CpG"	"hg38"
55.4	814	"chr19"	"CpG"	"hg38"
55.4	2466	"chr2"	"CpG"	"hg38"
55.4	846	"chr20"	"CpG"	"hg38"
55.4	440	"chr21"	"CpG"	"hg38"
55.4	578	"chr22"	"CpG"	"hg38"
55.4	1856	"chr3"	"CpG"	"hg38"
55.4	1788	"chr4"	"CpG"	"hg38"
55.4	1704	"chr5"	"CpG"	"hg38"
55.4	1638	"chr6"	"CpG"	"hg38"
55.4	1740	"chr7"	"CpG"	"hg38"
55.4	1628	"chr8"	"CpG"	"hg38"
55.4	1348	"chr9"	"CpG"	"hg38"
55.4	1110	"chrX"	"CpG"	"hg38"
55.4	224	"chrY"	"CpG"	"hg38"
55.5	2378	"chr1"	"CpG"	"hg38"
55.5	1560	"chr10"	"CpG"	"hg38"
55.5	1566	"chr11"	"CpG"	"hg38"
55.5	1322	"chr12"	"CpG"	"hg38"
55.5	1022	"chr13"	"CpG"	"hg38"
55.5	1012	"chr14"	"CpG"	"hg38"
55.5	1012	"chr15"	"CpG"	"hg38"
55.5	1210	"chr16"	"CpG"	"hg38"
55.5	1126	"chr17"	"CpG"	"hg38"
55.5	926	"chr18"	"CpG"	"hg38"
55.5	836	"chr19"	"CpG"	"hg38"
55.5	2476	"chr2"	"CpG"	"hg38"
55.5	850	"chr20"	"CpG"	"hg38"
55.5	514	"chr21"	"CpG"	"hg38"
55.5	586	"chr22"	"CpG"	"hg38"
55.5	1916	"chr3"	"CpG"	"hg38"
55.5	1834	"chr4"	"CpG"	"hg38"
55.5	1708	"chr5"	"CpG"	"hg38"
55.5	1656	"chr6"	"CpG"	"hg38"
55.5	1792	"chr7"	"CpG"	"hg38"
55.5	1642	"chr8"	"CpG"	"hg38"
55.5	1308	"chr9"	"CpG"	"hg38"
55.5	1096	"chrX"	"CpG"	"hg38"
55.5	204	"chrY"	"CpG"	"hg38"
55.6	2592	"chr1"	"CpG"	"hg38"
55.6	1586	"chr10"	"CpG"	"hg38"
55.6	1560	"chr11"	"CpG"	"hg38"
55.6	1384	"chr12"	"CpG"	"hg38"
55.6	958	"chr13"	"CpG"	"hg38"
55.6	960	"chr14"	"CpG"	"hg38"
55.6	886	"chr15"	"CpG"	"hg38"
55.6	1134	"chr16"	"CpG"	"hg38"
55.6	1108	"chr17"	"CpG"	"hg38"
55.6	976	"chr18"	"CpG"	"hg38"
55.6	810	"chr19"	"CpG"	"hg38"
55.6	2434	"chr2"	"CpG"	"hg38"
55.6	768	"chr20"	"CpG"	"hg38"
55.6	466	"chr21"	"CpG"	"hg38"
55.6	608	"chr22"	"CpG"	"hg38"
55.6	1858	"chr3"	"CpG"	"hg38"
55.6	1842	"chr4"	"CpG"	"hg38"
55.6	1740	"chr5"	"CpG"	"hg38"
55.6	1662	"chr6"	"CpG"	"hg38"
55.6	1756	"chr7"	"CpG"	"hg38"
55.6	1560	"chr8"	"CpG"	"hg38"
55.6	1372	"chr9"	"CpG"	"hg38"
55.6	1056	"chrX"	"CpG"	"hg38"
55.6	156	"chrY"	"CpG"	"hg38"
55.7	2572	"chr1"	"CpG"	"hg38"
55.7	1680	"chr10"	"CpG"	"hg38"
55.7	1536	"chr11"	"CpG"	"hg38"
55.7	1360	"chr12"	"CpG"	"hg38"
55.7	990	"chr13"	"CpG"	"hg38"
55.7	956	"chr14"	"CpG"	"hg38"
55.7	940	"chr15"	"CpG"	"hg38"
55.7	1198	"chr16"	"CpG"	"hg38"
55.7	1054	"chr17"	"CpG"	"hg38"
55.7	926	"chr18"	"CpG"	"hg38"
55.7	764	"chr19"	"CpG"	"hg38"
55.7	2430	"chr2"	"CpG"	"hg38"
55.7	894	"chr20"	"CpG"	"hg38"
55.7	492	"chr21"	"CpG"	"hg38"
55.7	568	"chr22"	"CpG"	"hg38"
55.7	1866	"chr3"	"CpG"	"hg38"
55.7	1788	"chr4"	"CpG"	"hg38"
55.7	1782	"chr5"	"CpG"	"hg38"
55.7	1564	"chr6"	"CpG"	"hg38"
55.7	1658	"chr7"	"CpG"	"hg38"
55.7	1556	"chr8"	"CpG"	"hg38"
55.7	1310	"chr9"	"CpG"	"hg38"
55.7	960	"chrX"	"CpG"	"hg38"
55.7	152	"chrY"	"CpG"	"hg38"
55.8	2492	"chr1"	"CpG"	"hg38"
55.8	1566	"chr10"	"CpG"	"hg38"
55.8	1474	"chr11"	"CpG"	"hg38"
55.8	1326	"chr12"	"CpG"	"hg38"
55.8	1070	"chr13"	"CpG"	"hg38"
55.8	974	"chr14"	"CpG"	"hg38"
55.8	932	"chr15"	"CpG"	"hg38"
55.8	1228	"chr16"	"CpG"	"hg38"
55.8	1054	"chr17"	"CpG"	"hg38"
55.8	968	"chr18"	"CpG"	"hg38"
55.8	860	"chr19"	"CpG"	"hg38"
55.8	2446	"chr2"	"CpG"	"hg38"
55.8	814	"chr20"	"CpG"	"hg38"
55.8	480	"chr21"	"CpG"	"hg38"
55.8	594	"chr22"	"CpG"	"hg38"
55.8	1924	"chr3"	"CpG"	"hg38"
55.8	1878	"chr4"	"CpG"	"hg38"
55.8	1708	"chr5"	"CpG"	"hg38"
55.8	1544	"chr6"	"CpG"	"hg38"
55.8	1730	"chr7"	"CpG"	"hg38"
55.8	1538	"chr8"	"CpG"	"hg38"
55.8	1310	"chr9"	"CpG"	"hg38"
55.8	1144	"chrX"	"CpG"	"hg38"
55.8	188	"chrY"	"CpG"	"hg38"
55.9	2526	"chr1"	"CpG"	"hg38"
55.9	1552	"chr10"	"CpG"	"hg38"
55.9	1506	"chr11"	"CpG"	"hg38"
55.9	1314	"chr12"	"CpG"	"hg38"
55.9	1008	"chr13"	"CpG"	"hg38"
55.9	850	"chr14"	"CpG"	"hg38"
55.9	1014	"chr15"	"CpG"	"hg38"
55.9	1092	"chr16"	"CpG"	"hg38"
55.9	1076	"chr17"	"CpG"	"hg38"
55.9	884	"chr18"	"CpG"	"hg38"
55.9	776	"chr19"	"CpG"	"hg38"
55.9	2518	"chr2"	"CpG"	"hg38"
55.9	812	"chr20"	"CpG"	"hg38"
55.9	496	"chr21"	"CpG"	"hg38"
55.9	594	"chr22"	"CpG"	"hg38"
55.9	1928	"chr3"	"CpG"	"hg38"
55.9	1768	"chr4"	"CpG"	"hg38"
55.9	1718	"chr5"	"CpG"	"hg38"
55.9	1498	"chr6"	"CpG"	"hg38"
55.9	1664	"chr7"	"CpG"	"hg38"
55.9	1550	"chr8"	"CpG"	"hg38"
55.9	1276	"chr9"	"CpG"	"hg38"
55.9	1168	"chrX"	"CpG"	"hg38"
55.9	198	"chrY"	"CpG"	"hg38"
56	2412	"chr1"	"CpG"	"hg38"
56	1692	"chr10"	"CpG"	"hg38"
56	1472	"chr11"	"CpG"	"hg38"
56	1306	"chr12"	"CpG"	"hg38"
56	1052	"chr13"	"CpG"	"hg38"
56	826	"chr14"	"CpG"	"hg38"
56	992	"chr15"	"CpG"	"hg38"
56	1144	"chr16"	"CpG"	"hg38"
56	986	"chr17"	"CpG"	"hg38"
56	970	"chr18"	"CpG"	"hg38"
56	784	"chr19"	"CpG"	"hg38"
56	2404	"chr2"	"CpG"	"hg38"
56	882	"chr20"	"CpG"	"hg38"
56	520	"chr21"	"CpG"	"hg38"
56	646	"chr22"	"CpG"	"hg38"
56	1844	"chr3"	"CpG"	"hg38"
56	1762	"chr4"	"CpG"	"hg38"
56	1724	"chr5"	"CpG"	"hg38"
56	1674	"chr6"	"CpG"	"hg38"
56	1738	"chr7"	"CpG"	"hg38"
56	1642	"chr8"	"CpG"	"hg38"
56	1308	"chr9"	"CpG"	"hg38"
56	1082	"chrX"	"CpG"	"hg38"
56	166	"chrY"	"CpG"	"hg38"
56.1	2658	"chr1"	"CpG"	"hg38"
56.1	1602	"chr10"	"CpG"	"hg38"
56.1	1564	"chr11"	"CpG"	"hg38"
56.1	1352	"chr12"	"CpG"	"hg38"
56.1	1108	"chr13"	"CpG"	"hg38"
56.1	906	"chr14"	"CpG"	"hg38"
56.1	958	"chr15"	"CpG"	"hg38"
56.1	1226	"chr16"	"CpG"	"hg38"
56.1	1086	"chr17"	"CpG"	"hg38"
56.1	882	"chr18"	"CpG"	"hg38"
56.1	760	"chr19"	"CpG"	"hg38"
56.1	2464	"chr2"	"CpG"	"hg38"
56.1	834	"chr20"	"CpG"	"hg38"
56.1	488	"chr21"	"CpG"	"hg38"
56.1	566	"chr22"	"CpG"	"hg38"
56.1	1858	"chr3"	"CpG"	"hg38"
56.1	1862	"chr4"	"CpG"	"hg38"
56.1	1806	"chr5"	"CpG"	"hg38"
56.1	1660	"chr6"	"CpG"	"hg38"
56.1	1778	"chr7"	"CpG"	"hg38"
56.1	1570	"chr8"	"CpG"	"hg38"
56.1	1330	"chr9"	"CpG"	"hg38"
56.1	1020	"chrX"	"CpG"	"hg38"
56.1	212	"chrY"	"CpG"	"hg38"
56.2	2480	"chr1"	"CpG"	"hg38"
56.2	1560	"chr10"	"CpG"	"hg38"
56.2	1508	"chr11"	"CpG"	"hg38"
56.2	1376	"chr12"	"CpG"	"hg38"
56.2	986	"chr13"	"CpG"	"hg38"
56.2	830	"chr14"	"CpG"	"hg38"
56.2	968	"chr15"	"CpG"	"hg38"
56.2	1232	"chr16"	"CpG"	"hg38"
56.2	1076	"chr17"	"CpG"	"hg38"
56.2	868	"chr18"	"CpG"	"hg38"
56.2	758	"chr19"	"CpG"	"hg38"
56.2	2364	"chr2"	"CpG"	"hg38"
56.2	908	"chr20"	"CpG"	"hg38"
56.2	536	"chr21"	"CpG"	"hg38"
56.2	630	"chr22"	"CpG"	"hg38"
56.2	1874	"chr3"	"CpG"	"hg38"
56.2	1808	"chr4"	"CpG"	"hg38"
56.2	1786	"chr5"	"CpG"	"hg38"
56.2	1700	"chr6"	"CpG"	"hg38"
56.2	1776	"chr7"	"CpG"	"hg38"
56.2	1658	"chr8"	"CpG"	"hg38"
56.2	1350	"chr9"	"CpG"	"hg38"
56.2	1122	"chrX"	"CpG"	"hg38"
56.2	164	"chrY"	"CpG"	"hg38"
56.3	2388	"chr1"	"CpG"	"hg38"
56.3	1578	"chr10"	"CpG"	"hg38"
56.3	1534	"chr11"	"CpG"	"hg38"
56.3	1400	"chr12"	"CpG"	"hg38"
56.3	970	"chr13"	"CpG"	"hg38"
56.3	900	"chr14"	"CpG"	"hg38"
56.3	964	"chr15"	"CpG"	"hg38"
56.3	1162	"chr16"	"CpG"	"hg38"
56.3	1052	"chr17"	"CpG"	"hg38"
56.3	886	"chr18"	"CpG"	"hg38"
56.3	750	"chr19"	"CpG"	"hg38"
56.3	2400	"chr2"	"CpG"	"hg38"
56.3	858	"chr20"	"CpG"	"hg38"
56.3	534	"chr21"	"CpG"	"hg38"
56.3	558	"chr22"	"CpG"	"hg38"
56.3	1960	"chr3"	"CpG"	"hg38"
56.3	1774	"chr4"	"CpG"	"hg38"
56.3	1640	"chr5"	"CpG"	"hg38"
56.3	1536	"chr6"	"CpG"	"hg38"
56.3	1824	"chr7"	"CpG"	"hg38"
56.3	1628	"chr8"	"CpG"	"hg38"
56.3	1282	"chr9"	"CpG"	"hg38"
56.3	1096	"chrX"	"CpG"	"hg38"
56.3	178	"chrY"	"CpG"	"hg38"
56.4	2480	"chr1"	"CpG"	"hg38"
56.4	1578	"chr10"	"CpG"	"hg38"
56.4	1442	"chr11"	"CpG"	"hg38"
56.4	1344	"chr12"	"CpG"	"hg38"
56.4	1038	"chr13"	"CpG"	"hg38"
56.4	864	"chr14"	"CpG"	"hg38"
56.4	1016	"chr15"	"CpG"	"hg38"
56.4	1166	"chr16"	"CpG"	"hg38"
56.4	1066	"chr17"	"CpG"	"hg38"
56.4	830	"chr18"	"CpG"	"hg38"
56.4	846	"chr19"	"CpG"	"hg38"
56.4	2476	"chr2"	"CpG"	"hg38"
56.4	882	"chr20"	"CpG"	"hg38"
56.4	514	"chr21"	"CpG"	"hg38"
56.4	580	"chr22"	"CpG"	"hg38"
56.4	1704	"chr3"	"CpG"	"hg38"
56.4	1774	"chr4"	"CpG"	"hg38"
56.4	1734	"chr5"	"CpG"	"hg38"
56.4	1634	"chr6"	"CpG"	"hg38"
56.4	1708	"chr7"	"CpG"	"hg38"
56.4	1630	"chr8"	"CpG"	"hg38"
56.4	1290	"chr9"	"CpG"	"hg38"
56.4	1078	"chrX"	"CpG"	"hg38"
56.4	176	"chrY"	"CpG"	"hg38"
56.5	2490	"chr1"	"CpG"	"hg38"
56.5	1500	"chr10"	"CpG"	"hg38"
56.5	1550	"chr11"	"CpG"	"hg38"
56.5	1366	"chr12"	"CpG"	"hg38"
56.5	1052	"chr13"	"CpG"	"hg38"
56.5	876	"chr14"	"CpG"	"hg38"
56.5	990	"chr15"	"CpG"	"hg38"
56.5	1208	"chr16"	"CpG"	"hg38"
56.5	1094	"chr17"	"CpG"	"hg38"
56.5	924	"chr18"	"CpG"	"hg38"
56.5	722	"chr19"	"CpG"	"hg38"
56.5	2418	"chr2"	"CpG"	"hg38"
56.5	900	"chr20"	"CpG"	"hg38"
56.5	468	"chr21"	"CpG"	"hg38"
56.5	632	"chr22"	"CpG"	"hg38"
56.5	1794	"chr3"	"CpG"	"hg38"
56.5	1746	"chr4"	"CpG"	"hg38"
56.5	1784	"chr5"	"CpG"	"hg38"
56.5	1600	"chr6"	"CpG"	"hg38"
56.5	1618	"chr7"	"CpG"	"hg38"
56.5	1628	"chr8"	"CpG"	"hg38"
56.5	1288	"chr9"	"CpG"	"hg38"
56.5	1152	"chrX"	"CpG"	"hg38"
56.5	144	"chrY"	"CpG"	"hg38"
56.6	2498	"chr1"	"CpG"	"hg38"
56.6	1660	"chr10"	"CpG"	"hg38"
56.6	1516	"chr11"	"CpG"	"hg38"
56.6	1322	"chr12"	"CpG"	"hg38"
56.6	1066	"chr13"	"CpG"	"hg38"
56.6	918	"chr14"	"CpG"	"hg38"
56.6	940	"chr15"	"CpG"	"hg38"
56.6	1246	"chr16"	"CpG"	"hg38"
56.6	1124	"chr17"	"CpG"	"hg38"
56.6	978	"chr18"	"CpG"	"hg38"
56.6	824	"chr19"	"CpG"	"hg38"
56.6	2370	"chr2"	"CpG"	"hg38"
56.6	920	"chr20"	"CpG"	"hg38"
56.6	452	"chr21"	"CpG"	"hg38"
56.6	576	"chr22"	"CpG"	"hg38"
56.6	1886	"chr3"	"CpG"	"hg38"
56.6	1822	"chr4"	"CpG"	"hg38"
56.6	1740	"chr5"	"CpG"	"hg38"
56.6	1566	"chr6"	"CpG"	"hg38"
56.6	1708	"chr7"	"CpG"	"hg38"
56.6	1524	"chr8"	"CpG"	"hg38"
56.6	1218	"chr9"	"CpG"	"hg38"
56.6	1070	"chrX"	"CpG"	"hg38"
56.6	178	"chrY"	"CpG"	"hg38"
56.7	2612	"chr1"	"CpG"	"hg38"
56.7	1672	"chr10"	"CpG"	"hg38"
56.7	1578	"chr11"	"CpG"	"hg38"
56.7	1270	"chr12"	"CpG"	"hg38"
56.7	1036	"chr13"	"CpG"	"hg38"
56.7	864	"chr14"	"CpG"	"hg38"
56.7	960	"chr15"	"CpG"	"hg38"
56.7	1140	"chr16"	"CpG"	"hg38"
56.7	986	"chr17"	"CpG"	"hg38"
56.7	962	"chr18"	"CpG"	"hg38"
56.7	878	"chr19"	"CpG"	"hg38"
56.7	2474	"chr2"	"CpG"	"hg38"
56.7	882	"chr20"	"CpG"	"hg38"
56.7	484	"chr21"	"CpG"	"hg38"
56.7	642	"chr22"	"CpG"	"hg38"
56.7	1820	"chr3"	"CpG"	"hg38"
56.7	1804	"chr4"	"CpG"	"hg38"
56.7	1740	"chr5"	"CpG"	"hg38"
56.7	1550	"chr6"	"CpG"	"hg38"
56.7	1804	"chr7"	"CpG"	"hg38"
56.7	1582	"chr8"	"CpG"	"hg38"
56.7	1342	"chr9"	"CpG"	"hg38"
56.7	1098	"chrX"	"CpG"	"hg38"
56.7	192	"chrY"	"CpG"	"hg38"
56.8	2596	"chr1"	"CpG"	"hg38"
56.8	1596	"chr10"	"CpG"	"hg38"
56.8	1586	"chr11"	"CpG"	"hg38"
56.8	1364	"chr12"	"CpG"	"hg38"
56.8	1056	"chr13"	"CpG"	"hg38"
56.8	858	"chr14"	"CpG"	"hg38"
56.8	860	"chr15"	"CpG"	"hg38"
56.8	1236	"chr16"	"CpG"	"hg38"
56.8	1086	"chr17"	"CpG"	"hg38"
56.8	926	"chr18"	"CpG"	"hg38"
56.8	826	"chr19"	"CpG"	"hg38"
56.8	2392	"chr2"	"CpG"	"hg38"
56.8	928	"chr20"	"CpG"	"hg38"
56.8	516	"chr21"	"CpG"	"hg38"
56.8	572	"chr22"	"CpG"	"hg38"
56.8	1994	"chr3"	"CpG"	"hg38"
56.8	1918	"chr4"	"CpG"	"hg38"
56.8	1762	"chr5"	"CpG"	"hg38"
56.8	1604	"chr6"	"CpG"	"hg38"
56.8	1798	"chr7"	"CpG"	"hg38"
56.8	1504	"chr8"	"CpG"	"hg38"
56.8	1268	"chr9"	"CpG"	"hg38"
56.8	1114	"chrX"	"CpG"	"hg38"
56.8	182	"chrY"	"CpG"	"hg38"
56.9	2492	"chr1"	"CpG"	"hg38"
56.9	1498	"chr10"	"CpG"	"hg38"
56.9	1426	"chr11"	"CpG"	"hg38"
56.9	1402	"chr12"	"CpG"	"hg38"
56.9	1048	"chr13"	"CpG"	"hg38"
56.9	900	"chr14"	"CpG"	"hg38"
56.9	976	"chr15"	"CpG"	"hg38"
56.9	1156	"chr16"	"CpG"	"hg38"
56.9	1086	"chr17"	"CpG"	"hg38"
56.9	972	"chr18"	"CpG"	"hg38"
56.9	852	"chr19"	"CpG"	"hg38"
56.9	2384	"chr2"	"CpG"	"hg38"
56.9	832	"chr20"	"CpG"	"hg38"
56.9	410	"chr21"	"CpG"	"hg38"
56.9	586	"chr22"	"CpG"	"hg38"
56.9	1830	"chr3"	"CpG"	"hg38"
56.9	1720	"chr4"	"CpG"	"hg38"
56.9	1704	"chr5"	"CpG"	"hg38"
56.9	1678	"chr6"	"CpG"	"hg38"
56.9	1778	"chr7"	"CpG"	"hg38"
56.9	1556	"chr8"	"CpG"	"hg38"
56.9	1330	"chr9"	"CpG"	"hg38"
56.9	1106	"chrX"	"CpG"	"hg38"
56.9	188	"chrY"	"CpG"	"hg38"
57	2500	"chr1"	"CpG"	"hg38"
57	1530	"chr10"	"CpG"	"hg38"
57	1412	"chr11"	"CpG"	"hg38"
57	1280	"chr12"	"CpG"	"hg38"
57	1020	"chr13"	"CpG"	"hg38"
57	842	"chr14"	"CpG"	"hg38"
57	1008	"chr15"	"CpG"	"hg38"
57	1210	"chr16"	"CpG"	"hg38"
57	1076	"chr17"	"CpG"	"hg38"
57	920	"chr18"	"CpG"	"hg38"
57	840	"chr19"	"CpG"	"hg38"
57	2502	"chr2"	"CpG"	"hg38"
57	912	"chr20"	"CpG"	"hg38"
57	516	"chr21"	"CpG"	"hg38"
57	662	"chr22"	"CpG"	"hg38"
57	1926	"chr3"	"CpG"	"hg38"
57	1762	"chr4"	"CpG"	"hg38"
57	1742	"chr5"	"CpG"	"hg38"
57	1538	"chr6"	"CpG"	"hg38"
57	1796	"chr7"	"CpG"	"hg38"
57	1540	"chr8"	"CpG"	"hg38"
57	1160	"chr9"	"CpG"	"hg38"
57	1110	"chrX"	"CpG"	"hg38"
57	190	"chrY"	"CpG"	"hg38"
57.1	2454	"chr1"	"CpG"	"hg38"
57.1	1632	"chr10"	"CpG"	"hg38"
57.1	1512	"chr11"	"CpG"	"hg38"
57.1	1384	"chr12"	"CpG"	"hg38"
57.1	1078	"chr13"	"CpG"	"hg38"
57.1	920	"chr14"	"CpG"	"hg38"
57.1	996	"chr15"	"CpG"	"hg38"
57.1	1122	"chr16"	"CpG"	"hg38"
57.1	1102	"chr17"	"CpG"	"hg38"
57.1	1018	"chr18"	"CpG"	"hg38"
57.1	814	"chr19"	"CpG"	"hg38"
57.1	2508	"chr2"	"CpG"	"hg38"
57.1	862	"chr20"	"CpG"	"hg38"
57.1	498	"chr21"	"CpG"	"hg38"
57.1	644	"chr22"	"CpG"	"hg38"
57.1	1840	"chr3"	"CpG"	"hg38"
57.1	1682	"chr4"	"CpG"	"hg38"
57.1	1716	"chr5"	"CpG"	"hg38"
57.1	1598	"chr6"	"CpG"	"hg38"
57.1	1890	"chr7"	"CpG"	"hg38"
57.1	1620	"chr8"	"CpG"	"hg38"
57.1	1294	"chr9"	"CpG"	"hg38"
57.1	1102	"chrX"	"CpG"	"hg38"
57.1	178	"chrY"	"CpG"	"hg38"
57.2	2510	"chr1"	"CpG"	"hg38"
57.2	1594	"chr10"	"CpG"	"hg38"
57.2	1632	"chr11"	"CpG"	"hg38"
57.2	1470	"chr12"	"CpG"	"hg38"
57.2	956	"chr13"	"CpG"	"hg38"
57.2	916	"chr14"	"CpG"	"hg38"
57.2	926	"chr15"	"CpG"	"hg38"
57.2	1232	"chr16"	"CpG"	"hg38"
57.2	1018	"chr17"	"CpG"	"hg38"
57.2	914	"chr18"	"CpG"	"hg38"
57.2	896	"chr19"	"CpG"	"hg38"
57.2	2476	"chr2"	"CpG"	"hg38"
57.2	914	"chr20"	"CpG"	"hg38"
57.2	456	"chr21"	"CpG"	"hg38"
57.2	566	"chr22"	"CpG"	"hg38"
57.2	1918	"chr3"	"CpG"	"hg38"
57.2	1746	"chr4"	"CpG"	"hg38"
57.2	1862	"chr5"	"CpG"	"hg38"
57.2	1620	"chr6"	"CpG"	"hg38"
57.2	1808	"chr7"	"CpG"	"hg38"
57.2	1544	"chr8"	"CpG"	"hg38"
57.2	1280	"chr9"	"CpG"	"hg38"
57.2	1050	"chrX"	"CpG"	"hg38"
57.2	178	"chrY"	"CpG"	"hg38"
57.3	2622	"chr1"	"CpG"	"hg38"
57.3	1684	"chr10"	"CpG"	"hg38"
57.3	1576	"chr11"	"CpG"	"hg38"
57.3	1352	"chr12"	"CpG"	"hg38"
57.3	1052	"chr13"	"CpG"	"hg38"
57.3	970	"chr14"	"CpG"	"hg38"
57.3	944	"chr15"	"CpG"	"hg38"
57.3	1102	"chr16"	"CpG"	"hg38"
57.3	1006	"chr17"	"CpG"	"hg38"
57.3	898	"chr18"	"CpG"	"hg38"
57.3	798	"chr19"	"CpG"	"hg38"
57.3	2594	"chr2"	"CpG"	"hg38"
57.3	958	"chr20"	"CpG"	"hg38"
57.3	504	"chr21"	"CpG"	"hg38"
57.3	608	"chr22"	"CpG"	"hg38"
57.3	1816	"chr3"	"CpG"	"hg38"
57.3	1716	"chr4"	"CpG"	"hg38"
57.3	1720	"chr5"	"CpG"	"hg38"
57.3	1610	"chr6"	"CpG"	"hg38"
57.3	1742	"chr7"	"CpG"	"hg38"
57.3	1524	"chr8"	"CpG"	"hg38"
57.3	1316	"chr9"	"CpG"	"hg38"
57.3	1148	"chrX"	"CpG"	"hg38"
57.3	174	"chrY"	"CpG"	"hg38"
57.4	2490	"chr1"	"CpG"	"hg38"
57.4	1510	"chr10"	"CpG"	"hg38"
57.4	1478	"chr11"	"CpG"	"hg38"
57.4	1318	"chr12"	"CpG"	"hg38"
57.4	1126	"chr13"	"CpG"	"hg38"
57.4	850	"chr14"	"CpG"	"hg38"
57.4	866	"chr15"	"CpG"	"hg38"
57.4	1268	"chr16"	"CpG"	"hg38"
57.4	1018	"chr17"	"CpG"	"hg38"
57.4	934	"chr18"	"CpG"	"hg38"
57.4	846	"chr19"	"CpG"	"hg38"
57.4	2326	"chr2"	"CpG"	"hg38"
57.4	834	"chr20"	"CpG"	"hg38"
57.4	458	"chr21"	"CpG"	"hg38"
57.4	626	"chr22"	"CpG"	"hg38"
57.4	1776	"chr3"	"CpG"	"hg38"
57.4	1840	"chr4"	"CpG"	"hg38"
57.4	1884	"chr5"	"CpG"	"hg38"
57.4	1554	"chr6"	"CpG"	"hg38"
57.4	1730	"chr7"	"CpG"	"hg38"
57.4	1582	"chr8"	"CpG"	"hg38"
57.4	1322	"chr9"	"CpG"	"hg38"
57.4	1150	"chrX"	"CpG"	"hg38"
57.4	198	"chrY"	"CpG"	"hg38"
57.5	2556	"chr1"	"CpG"	"hg38"
57.5	1512	"chr10"	"CpG"	"hg38"
57.5	1562	"chr11"	"CpG"	"hg38"
57.5	1394	"chr12"	"CpG"	"hg38"
57.5	1012	"chr13"	"CpG"	"hg38"
57.5	964	"chr14"	"CpG"	"hg38"
57.5	978	"chr15"	"CpG"	"hg38"
57.5	1242	"chr16"	"CpG"	"hg38"
57.5	1002	"chr17"	"CpG"	"hg38"
57.5	914	"chr18"	"CpG"	"hg38"
57.5	870	"chr19"	"CpG"	"hg38"
57.5	2506	"chr2"	"CpG"	"hg38"
57.5	872	"chr20"	"CpG"	"hg38"
57.5	514	"chr21"	"CpG"	"hg38"
57.5	524	"chr22"	"CpG"	"hg38"
57.5	1920	"chr3"	"CpG"	"hg38"
57.5	1772	"chr4"	"CpG"	"hg38"
57.5	1778	"chr5"	"CpG"	"hg38"
57.5	1526	"chr6"	"CpG"	"hg38"
57.5	1732	"chr7"	"CpG"	"hg38"
57.5	1526	"chr8"	"CpG"	"hg38"
57.5	1234	"chr9"	"CpG"	"hg38"
57.5	1178	"chrX"	"CpG"	"hg38"
57.5	166	"chrY"	"CpG"	"hg38"
57.6	2456	"chr1"	"CpG"	"hg38"
57.6	1580	"chr10"	"CpG"	"hg38"
57.6	1552	"chr11"	"CpG"	"hg38"
57.6	1318	"chr12"	"CpG"	"hg38"
57.6	1028	"chr13"	"CpG"	"hg38"
57.6	876	"chr14"	"CpG"	"hg38"
57.6	920	"chr15"	"CpG"	"hg38"
57.6	1264	"chr16"	"CpG"	"hg38"
57.6	984	"chr17"	"CpG"	"hg38"
57.6	912	"chr18"	"CpG"	"hg38"
57.6	768	"chr19"	"CpG"	"hg38"
57.6	2422	"chr2"	"CpG"	"hg38"
57.6	880	"chr20"	"CpG"	"hg38"
57.6	484	"chr21"	"CpG"	"hg38"
57.6	594	"chr22"	"CpG"	"hg38"
57.6	1842	"chr3"	"CpG"	"hg38"
57.6	1820	"chr4"	"CpG"	"hg38"
57.6	1714	"chr5"	"CpG"	"hg38"
57.6	1462	"chr6"	"CpG"	"hg38"
57.6	1750	"chr7"	"CpG"	"hg38"
57.6	1542	"chr8"	"CpG"	"hg38"
57.6	1334	"chr9"	"CpG"	"hg38"
57.6	1166	"chrX"	"CpG"	"hg38"
57.6	170	"chrY"	"CpG"	"hg38"
57.7	2512	"chr1"	"CpG"	"hg38"
57.7	1536	"chr10"	"CpG"	"hg38"
57.7	1512	"chr11"	"CpG"	"hg38"
57.7	1400	"chr12"	"CpG"	"hg38"
57.7	1068	"chr13"	"CpG"	"hg38"
57.7	836	"chr14"	"CpG"	"hg38"
57.7	968	"chr15"	"CpG"	"hg38"
57.7	1180	"chr16"	"CpG"	"hg38"
57.7	1094	"chr17"	"CpG"	"hg38"
57.7	948	"chr18"	"CpG"	"hg38"
57.7	800	"chr19"	"CpG"	"hg38"
57.7	2404	"chr2"	"CpG"	"hg38"
57.7	912	"chr20"	"CpG"	"hg38"
57.7	490	"chr21"	"CpG"	"hg38"
57.7	644	"chr22"	"CpG"	"hg38"
57.7	1842	"chr3"	"CpG"	"hg38"
57.7	1610	"chr4"	"CpG"	"hg38"
57.7	1734	"chr5"	"CpG"	"hg38"
57.7	1554	"chr6"	"CpG"	"hg38"
57.7	1736	"chr7"	"CpG"	"hg38"
57.7	1510	"chr8"	"CpG"	"hg38"
57.7	1340	"chr9"	"CpG"	"hg38"
57.7	1160	"chrX"	"CpG"	"hg38"
57.7	190	"chrY"	"CpG"	"hg38"
57.8	2490	"chr1"	"CpG"	"hg38"
57.8	1554	"chr10"	"CpG"	"hg38"
57.8	1556	"chr11"	"CpG"	"hg38"
57.8	1388	"chr12"	"CpG"	"hg38"
57.8	1038	"chr13"	"CpG"	"hg38"
57.8	904	"chr14"	"CpG"	"hg38"
57.8	932	"chr15"	"CpG"	"hg38"
57.8	1196	"chr16"	"CpG"	"hg38"
57.8	998	"chr17"	"CpG"	"hg38"
57.8	900	"chr18"	"CpG"	"hg38"
57.8	862	"chr19"	"CpG"	"hg38"
57.8	2408	"chr2"	"CpG"	"hg38"
57.8	806	"chr20"	"CpG"	"hg38"
57.8	528	"chr21"	"CpG"	"hg38"
57.8	626	"chr22"	"CpG"	"hg38"
57.8	1802	"chr3"	"CpG"	"hg38"
57.8	1730	"chr4"	"CpG"	"hg38"
57.8	1618	"chr5"	"CpG"	"hg38"
57.8	1624	"chr6"	"CpG"	"hg38"
57.8	1790	"chr7"	"CpG"	"hg38"
57.8	1642	"chr8"	"CpG"	"hg38"
57.8	1318	"chr9"	"CpG"	"hg38"
57.8	1178	"chrX"	"CpG"	"hg38"
57.8	176	"chrY"	"CpG"	"hg38"
57.9	2428	"chr1"	"CpG"	"hg38"
57.9	1568	"chr10"	"CpG"	"hg38"
57.9	1550	"chr11"	"CpG"	"hg38"
57.9	1328	"chr12"	"CpG"	"hg38"
57.9	944	"chr13"	"CpG"	"hg38"
57.9	872	"chr14"	"CpG"	"hg38"
57.9	958	"chr15"	"CpG"	"hg38"
57.9	1144	"chr16"	"CpG"	"hg38"
57.9	1032	"chr17"	"CpG"	"hg38"
57.9	920	"chr18"	"CpG"	"hg38"
57.9	830	"chr19"	"CpG"	"hg38"
57.9	2308	"chr2"	"CpG"	"hg38"
57.9	884	"chr20"	"CpG"	"hg38"
57.9	472	"chr21"	"CpG"	"hg38"
57.9	562	"chr22"	"CpG"	"hg38"
57.9	1914	"chr3"	"CpG"	"hg38"
57.9	1796	"chr4"	"CpG"	"hg38"
57.9	1736	"chr5"	"CpG"	"hg38"
57.9	1482	"chr6"	"CpG"	"hg38"
57.9	1816	"chr7"	"CpG"	"hg38"
57.9	1654	"chr8"	"CpG"	"hg38"
57.9	1298	"chr9"	"CpG"	"hg38"
57.9	1090	"chrX"	"CpG"	"hg38"
57.9	148	"chrY"	"CpG"	"hg38"
58	2442	"chr1"	"CpG"	"hg38"
58	1504	"chr10"	"CpG"	"hg38"
58	1500	"chr11"	"CpG"	"hg38"
58	1326	"chr12"	"CpG"	"hg38"
58	1022	"chr13"	"CpG"	"hg38"
58	954	"chr14"	"CpG"	"hg38"
58	962	"chr15"	"CpG"	"hg38"
58	1186	"chr16"	"CpG"	"hg38"
58	1000	"chr17"	"CpG"	"hg38"
58	892	"chr18"	"CpG"	"hg38"
58	782	"chr19"	"CpG"	"hg38"
58	2442	"chr2"	"CpG"	"hg38"
58	818	"chr20"	"CpG"	"hg38"
58	470	"chr21"	"CpG"	"hg38"
58	618	"chr22"	"CpG"	"hg38"
58	1854	"chr3"	"CpG"	"hg38"
58	1896	"chr4"	"CpG"	"hg38"
58	1740	"chr5"	"CpG"	"hg38"
58	1624	"chr6"	"CpG"	"hg38"
58	1818	"chr7"	"CpG"	"hg38"
58	1538	"chr8"	"CpG"	"hg38"
58	1384	"chr9"	"CpG"	"hg38"
58	1088	"chrX"	"CpG"	"hg38"
58	186	"chrY"	"CpG"	"hg38"
58.1	2542	"chr1"	"CpG"	"hg38"
58.1	1642	"chr10"	"CpG"	"hg38"
58.1	1538	"chr11"	"CpG"	"hg38"
58.1	1382	"chr12"	"CpG"	"hg38"
58.1	956	"chr13"	"CpG"	"hg38"
58.1	950	"chr14"	"CpG"	"hg38"
58.1	996	"chr15"	"CpG"	"hg38"
58.1	1198	"chr16"	"CpG"	"hg38"
58.1	990	"chr17"	"CpG"	"hg38"
58.1	936	"chr18"	"CpG"	"hg38"
58.1	876	"chr19"	"CpG"	"hg38"
58.1	2254	"chr2"	"CpG"	"hg38"
58.1	880	"chr20"	"CpG"	"hg38"
58.1	488	"chr21"	"CpG"	"hg38"
58.1	522	"chr22"	"CpG"	"hg38"
58.1	1832	"chr3"	"CpG"	"hg38"
58.1	1758	"chr4"	"CpG"	"hg38"
58.1	1732	"chr5"	"CpG"	"hg38"
58.1	1578	"chr6"	"CpG"	"hg38"
58.1	1690	"chr7"	"CpG"	"hg38"
58.1	1530	"chr8"	"CpG"	"hg38"
58.1	1364	"chr9"	"CpG"	"hg38"
58.1	1140	"chrX"	"CpG"	"hg38"
58.1	192	"chrY"	"CpG"	"hg38"
58.2	2482	"chr1"	"CpG"	"hg38"
58.2	1556	"chr10"	"CpG"	"hg38"
58.2	1488	"chr11"	"CpG"	"hg38"
58.2	1318	"chr12"	"CpG"	"hg38"
58.2	1090	"chr13"	"CpG"	"hg38"
58.2	908	"chr14"	"CpG"	"hg38"
58.2	958	"chr15"	"CpG"	"hg38"
58.2	1136	"chr16"	"CpG"	"hg38"
58.2	1028	"chr17"	"CpG"	"hg38"
58.2	910	"chr18"	"CpG"	"hg38"
58.2	844	"chr19"	"CpG"	"hg38"
58.2	2490	"chr2"	"CpG"	"hg38"
58.2	876	"chr20"	"CpG"	"hg38"
58.2	444	"chr21"	"CpG"	"hg38"
58.2	616	"chr22"	"CpG"	"hg38"
58.2	1842	"chr3"	"CpG"	"hg38"
58.2	1756	"chr4"	"CpG"	"hg38"
58.2	1784	"chr5"	"CpG"	"hg38"
58.2	1588	"chr6"	"CpG"	"hg38"
58.2	1854	"chr7"	"CpG"	"hg38"
58.2	1574	"chr8"	"CpG"	"hg38"
58.2	1264	"chr9"	"CpG"	"hg38"
58.2	1156	"chrX"	"CpG"	"hg38"
58.2	182	"chrY"	"CpG"	"hg38"
58.3	2466	"chr1"	"CpG"	"hg38"
58.3	1606	"chr10"	"CpG"	"hg38"
58.3	1484	"chr11"	"CpG"	"hg38"
58.3	1368	"chr12"	"CpG"	"hg38"
58.3	960	"chr13"	"CpG"	"hg38"
58.3	902	"chr14"	"CpG"	"hg38"
58.3	990	"chr15"	"CpG"	"hg38"
58.3	1238	"chr16"	"CpG"	"hg38"
58.3	1086	"chr17"	"CpG"	"hg38"
58.3	872	"chr18"	"CpG"	"hg38"
58.3	796	"chr19"	"CpG"	"hg38"
58.3	2390	"chr2"	"CpG"	"hg38"
58.3	822	"chr20"	"CpG"	"hg38"
58.3	498	"chr21"	"CpG"	"hg38"
58.3	566	"chr22"	"CpG"	"hg38"
58.3	2072	"chr3"	"CpG"	"hg38"
58.3	1754	"chr4"	"CpG"	"hg38"
58.3	1712	"chr5"	"CpG"	"hg38"
58.3	1596	"chr6"	"CpG"	"hg38"
58.3	1700	"chr7"	"CpG"	"hg38"
58.3	1498	"chr8"	"CpG"	"hg38"
58.3	1220	"chr9"	"CpG"	"hg38"
58.3	1070	"chrX"	"CpG"	"hg38"
58.3	180	"chrY"	"CpG"	"hg38"
58.4	2426	"chr1"	"CpG"	"hg38"
58.4	1600	"chr10"	"CpG"	"hg38"
58.4	1534	"chr11"	"CpG"	"hg38"
58.4	1314	"chr12"	"CpG"	"hg38"
58.4	1086	"chr13"	"CpG"	"hg38"
58.4	830	"chr14"	"CpG"	"hg38"
58.4	1072	"chr15"	"CpG"	"hg38"
58.4	1210	"chr16"	"CpG"	"hg38"
58.4	1096	"chr17"	"CpG"	"hg38"
58.4	880	"chr18"	"CpG"	"hg38"
58.4	808	"chr19"	"CpG"	"hg38"
58.4	2456	"chr2"	"CpG"	"hg38"
58.4	848	"chr20"	"CpG"	"hg38"
58.4	510	"chr21"	"CpG"	"hg38"
58.4	594	"chr22"	"CpG"	"hg38"
58.4	1824	"chr3"	"CpG"	"hg38"
58.4	1802	"chr4"	"CpG"	"hg38"
58.4	1696	"chr5"	"CpG"	"hg38"
58.4	1580	"chr6"	"CpG"	"hg38"
58.4	1698	"chr7"	"CpG"	"hg38"
58.4	1596	"chr8"	"CpG"	"hg38"
58.4	1264	"chr9"	"CpG"	"hg38"
58.4	1092	"chrX"	"CpG"	"hg38"
58.4	200	"chrY"	"CpG"	"hg38"
58.5	2572	"chr1"	"CpG"	"hg38"
58.5	1630	"chr10"	"CpG"	"hg38"
58.5	1618	"chr11"	"CpG"	"hg38"
58.5	1330	"chr12"	"CpG"	"hg38"
58.5	1040	"chr13"	"CpG"	"hg38"
58.5	820	"chr14"	"CpG"	"hg38"
58.5	882	"chr15"	"CpG"	"hg38"
58.5	1230	"chr16"	"CpG"	"hg38"
58.5	1026	"chr17"	"CpG"	"hg38"
58.5	910	"chr18"	"CpG"	"hg38"
58.5	824	"chr19"	"CpG"	"hg38"
58.5	2296	"chr2"	"CpG"	"hg38"
58.5	894	"chr20"	"CpG"	"hg38"
58.5	454	"chr21"	"CpG"	"hg38"
58.5	620	"chr22"	"CpG"	"hg38"
58.5	1856	"chr3"	"CpG"	"hg38"
58.5	1796	"chr4"	"CpG"	"hg38"
58.5	1744	"chr5"	"CpG"	"hg38"
58.5	1560	"chr6"	"CpG"	"hg38"
58.5	1762	"chr7"	"CpG"	"hg38"
58.5	1572	"chr8"	"CpG"	"hg38"
58.5	1336	"chr9"	"CpG"	"hg38"
58.5	1088	"chrX"	"CpG"	"hg38"
58.5	174	"chrY"	"CpG"	"hg38"
58.6	2564	"chr1"	"CpG"	"hg38"
58.6	1570	"chr10"	"CpG"	"hg38"
58.6	1550	"chr11"	"CpG"	"hg38"
58.6	1400	"chr12"	"CpG"	"hg38"
58.6	994	"chr13"	"CpG"	"hg38"
58.6	850	"chr14"	"CpG"	"hg38"
58.6	964	"chr15"	"CpG"	"hg38"
58.6	1286	"chr16"	"CpG"	"hg38"
58.6	1090	"chr17"	"CpG"	"hg38"
58.6	934	"chr18"	"CpG"	"hg38"
58.6	824	"chr19"	"CpG"	"hg38"
58.6	2378	"chr2"	"CpG"	"hg38"
58.6	896	"chr20"	"CpG"	"hg38"
58.6	416	"chr21"	"CpG"	"hg38"
58.6	634	"chr22"	"CpG"	"hg38"
58.6	1912	"chr3"	"CpG"	"hg38"
58.6	1842	"chr4"	"CpG"	"hg38"
58.6	1754	"chr5"	"CpG"	"hg38"
58.6	1554	"chr6"	"CpG"	"hg38"
58.6	1790	"chr7"	"CpG"	"hg38"
58.6	1530	"chr8"	"CpG"	"hg38"
58.6	1270	"chr9"	"CpG"	"hg38"
58.6	1108	"chrX"	"CpG"	"hg38"
58.6	202	"chrY"	"CpG"	"hg38"
58.7	2496	"chr1"	"CpG"	"hg38"
58.7	1588	"chr10"	"CpG"	"hg38"
58.7	1502	"chr11"	"CpG"	"hg38"
58.7	1270	"chr12"	"CpG"	"hg38"
58.7	1048	"chr13"	"CpG"	"hg38"
58.7	842	"chr14"	"CpG"	"hg38"
58.7	1038	"chr15"	"CpG"	"hg38"
58.7	1188	"chr16"	"CpG"	"hg38"
58.7	1166	"chr17"	"CpG"	"hg38"
58.7	902	"chr18"	"CpG"	"hg38"
58.7	734	"chr19"	"CpG"	"hg38"
58.7	2242	"chr2"	"CpG"	"hg38"
58.7	932	"chr20"	"CpG"	"hg38"
58.7	440	"chr21"	"CpG"	"hg38"
58.7	622	"chr22"	"CpG"	"hg38"
58.7	1780	"chr3"	"CpG"	"hg38"
58.7	1838	"chr4"	"CpG"	"hg38"
58.7	1738	"chr5"	"CpG"	"hg38"
58.7	1648	"chr6"	"CpG"	"hg38"
58.7	1792	"chr7"	"CpG"	"hg38"
58.7	1588	"chr8"	"CpG"	"hg38"
58.7	1258	"chr9"	"CpG"	"hg38"
58.7	1188	"chrX"	"CpG"	"hg38"
58.7	162	"chrY"	"CpG"	"hg38"
58.8	2518	"chr1"	"CpG"	"hg38"
58.8	1596	"chr10"	"CpG"	"hg38"
58.8	1522	"chr11"	"CpG"	"hg38"
58.8	1278	"chr12"	"CpG"	"hg38"
58.8	1022	"chr13"	"CpG"	"hg38"
58.8	870	"chr14"	"CpG"	"hg38"
58.8	952	"chr15"	"CpG"	"hg38"
58.8	1276	"chr16"	"CpG"	"hg38"
58.8	1008	"chr17"	"CpG"	"hg38"
58.8	904	"chr18"	"CpG"	"hg38"
58.8	836	"chr19"	"CpG"	"hg38"
58.8	2302	"chr2"	"CpG"	"hg38"
58.8	886	"chr20"	"CpG"	"hg38"
58.8	502	"chr21"	"CpG"	"hg38"
58.8	570	"chr22"	"CpG"	"hg38"
58.8	1792	"chr3"	"CpG"	"hg38"
58.8	1830	"chr4"	"CpG"	"hg38"
58.8	1726	"chr5"	"CpG"	"hg38"
58.8	1614	"chr6"	"CpG"	"hg38"
58.8	1760	"chr7"	"CpG"	"hg38"
58.8	1498	"chr8"	"CpG"	"hg38"
58.8	1360	"chr9"	"CpG"	"hg38"
58.8	1116	"chrX"	"CpG"	"hg38"
58.8	192	"chrY"	"CpG"	"hg38"
58.9	2562	"chr1"	"CpG"	"hg38"
58.9	1584	"chr10"	"CpG"	"hg38"
58.9	1512	"chr11"	"CpG"	"hg38"
58.9	1382	"chr12"	"CpG"	"hg38"
58.9	1134	"chr13"	"CpG"	"hg38"
58.9	918	"chr14"	"CpG"	"hg38"
58.9	970	"chr15"	"CpG"	"hg38"
58.9	1180	"chr16"	"CpG"	"hg38"
58.9	1026	"chr17"	"CpG"	"hg38"
58.9	1030	"chr18"	"CpG"	"hg38"
58.9	862	"chr19"	"CpG"	"hg38"
58.9	2414	"chr2"	"CpG"	"hg38"
58.9	810	"chr20"	"CpG"	"hg38"
58.9	482	"chr21"	"CpG"	"hg38"
58.9	612	"chr22"	"CpG"	"hg38"
58.9	1846	"chr3"	"CpG"	"hg38"
58.9	1690	"chr4"	"CpG"	"hg38"
58.9	1734	"chr5"	"CpG"	"hg38"
58.9	1606	"chr6"	"CpG"	"hg38"
58.9	1740	"chr7"	"CpG"	"hg38"
58.9	1520	"chr8"	"CpG"	"hg38"
58.9	1292	"chr9"	"CpG"	"hg38"
58.9	1068	"chrX"	"CpG"	"hg38"
58.9	198	"chrY"	"CpG"	"hg38"
59	2492	"chr1"	"CpG"	"hg38"
59	1644	"chr10"	"CpG"	"hg38"
59	1528	"chr11"	"CpG"	"hg38"
59	1296	"chr12"	"CpG"	"hg38"
59	1068	"chr13"	"CpG"	"hg38"
59	950	"chr14"	"CpG"	"hg38"
59	936	"chr15"	"CpG"	"hg38"
59	1130	"chr16"	"CpG"	"hg38"
59	1076	"chr17"	"CpG"	"hg38"
59	922	"chr18"	"CpG"	"hg38"
59	810	"chr19"	"CpG"	"hg38"
59	2514	"chr2"	"CpG"	"hg38"
59	880	"chr20"	"CpG"	"hg38"
59	508	"chr21"	"CpG"	"hg38"
59	558	"chr22"	"CpG"	"hg38"
59	1770	"chr3"	"CpG"	"hg38"
59	1734	"chr4"	"CpG"	"hg38"
59	1774	"chr5"	"CpG"	"hg38"
59	1536	"chr6"	"CpG"	"hg38"
59	1744	"chr7"	"CpG"	"hg38"
59	1578	"chr8"	"CpG"	"hg38"
59	1256	"chr9"	"CpG"	"hg38"
59	1124	"chrX"	"CpG"	"hg38"
59	168	"chrY"	"CpG"	"hg38"
59.1	2494	"chr1"	"CpG"	"hg38"
59.1	1544	"chr10"	"CpG"	"hg38"
59.1	1466	"chr11"	"CpG"	"hg38"
59.1	1404	"chr12"	"CpG"	"hg38"
59.1	1060	"chr13"	"CpG"	"hg38"
59.1	908	"chr14"	"CpG"	"hg38"
59.1	888	"chr15"	"CpG"	"hg38"
59.1	1142	"chr16"	"CpG"	"hg38"
59.1	1120	"chr17"	"CpG"	"hg38"
59.1	952	"chr18"	"CpG"	"hg38"
59.1	740	"chr19"	"CpG"	"hg38"
59.1	2362	"chr2"	"CpG"	"hg38"
59.1	918	"chr20"	"CpG"	"hg38"
59.1	468	"chr21"	"CpG"	"hg38"
59.1	608	"chr22"	"CpG"	"hg38"
59.1	1838	"chr3"	"CpG"	"hg38"
59.1	1852	"chr4"	"CpG"	"hg38"
59.1	1708	"chr5"	"CpG"	"hg38"
59.1	1498	"chr6"	"CpG"	"hg38"
59.1	1826	"chr7"	"CpG"	"hg38"
59.1	1502	"chr8"	"CpG"	"hg38"
59.1	1292	"chr9"	"CpG"	"hg38"
59.1	1138	"chrX"	"CpG"	"hg38"
59.1	150	"chrY"	"CpG"	"hg38"
59.2	2594	"chr1"	"CpG"	"hg38"
59.2	1534	"chr10"	"CpG"	"hg38"
59.2	1566	"chr11"	"CpG"	"hg38"
59.2	1364	"chr12"	"CpG"	"hg38"
59.2	1030	"chr13"	"CpG"	"hg38"
59.2	900	"chr14"	"CpG"	"hg38"
59.2	972	"chr15"	"CpG"	"hg38"
59.2	1190	"chr16"	"CpG"	"hg38"
59.2	1112	"chr17"	"CpG"	"hg38"
59.2	1082	"chr18"	"CpG"	"hg38"
59.2	802	"chr19"	"CpG"	"hg38"
59.2	2398	"chr2"	"CpG"	"hg38"
59.2	858	"chr20"	"CpG"	"hg38"
59.2	420	"chr21"	"CpG"	"hg38"
59.2	570	"chr22"	"CpG"	"hg38"
59.2	1790	"chr3"	"CpG"	"hg38"
59.2	1776	"chr4"	"CpG"	"hg38"
59.2	1690	"chr5"	"CpG"	"hg38"
59.2	1552	"chr6"	"CpG"	"hg38"
59.2	1722	"chr7"	"CpG"	"hg38"
59.2	1552	"chr8"	"CpG"	"hg38"
59.2	1408	"chr9"	"CpG"	"hg38"
59.2	1180	"chrX"	"CpG"	"hg38"
59.2	180	"chrY"	"CpG"	"hg38"
59.3	2416	"chr1"	"CpG"	"hg38"
59.3	1650	"chr10"	"CpG"	"hg38"
59.3	1484	"chr11"	"CpG"	"hg38"
59.3	1344	"chr12"	"CpG"	"hg38"
59.3	1032	"chr13"	"CpG"	"hg38"
59.3	898	"chr14"	"CpG"	"hg38"
59.3	984	"chr15"	"CpG"	"hg38"
59.3	1178	"chr16"	"CpG"	"hg38"
59.3	1012	"chr17"	"CpG"	"hg38"
59.3	950	"chr18"	"CpG"	"hg38"
59.3	826	"chr19"	"CpG"	"hg38"
59.3	2466	"chr2"	"CpG"	"hg38"
59.3	822	"chr20"	"CpG"	"hg38"
59.3	488	"chr21"	"CpG"	"hg38"
59.3	596	"chr22"	"CpG"	"hg38"
59.3	1816	"chr3"	"CpG"	"hg38"
59.3	1680	"chr4"	"CpG"	"hg38"
59.3	1674	"chr5"	"CpG"	"hg38"
59.3	1548	"chr6"	"CpG"	"hg38"
59.3	1736	"chr7"	"CpG"	"hg38"
59.3	1632	"chr8"	"CpG"	"hg38"
59.3	1312	"chr9"	"CpG"	"hg38"
59.3	1060	"chrX"	"CpG"	"hg38"
59.3	196	"chrY"	"CpG"	"hg38"
59.4	2580	"chr1"	"CpG"	"hg38"
59.4	1604	"chr10"	"CpG"	"hg38"
59.4	1476	"chr11"	"CpG"	"hg38"
59.4	1416	"chr12"	"CpG"	"hg38"
59.4	992	"chr13"	"CpG"	"hg38"
59.4	970	"chr14"	"CpG"	"hg38"
59.4	984	"chr15"	"CpG"	"hg38"
59.4	1266	"chr16"	"CpG"	"hg38"
59.4	996	"chr17"	"CpG"	"hg38"
59.4	936	"chr18"	"CpG"	"hg38"
59.4	784	"chr19"	"CpG"	"hg38"
59.4	2392	"chr2"	"CpG"	"hg38"
59.4	876	"chr20"	"CpG"	"hg38"
59.4	452	"chr21"	"CpG"	"hg38"
59.4	550	"chr22"	"CpG"	"hg38"
59.4	1796	"chr3"	"CpG"	"hg38"
59.4	1766	"chr4"	"CpG"	"hg38"
59.4	1796	"chr5"	"CpG"	"hg38"
59.4	1616	"chr6"	"CpG"	"hg38"
59.4	1704	"chr7"	"CpG"	"hg38"
59.4	1488	"chr8"	"CpG"	"hg38"
59.4	1262	"chr9"	"CpG"	"hg38"
59.4	1116	"chrX"	"CpG"	"hg38"
59.4	136	"chrY"	"CpG"	"hg38"
59.5	2504	"chr1"	"CpG"	"hg38"
59.5	1538	"chr10"	"CpG"	"hg38"
59.5	1508	"chr11"	"CpG"	"hg38"
59.5	1310	"chr12"	"CpG"	"hg38"
59.5	1070	"chr13"	"CpG"	"hg38"
59.5	900	"chr14"	"CpG"	"hg38"
59.5	942	"chr15"	"CpG"	"hg38"
59.5	1278	"chr16"	"CpG"	"hg38"
59.5	992	"chr17"	"CpG"	"hg38"
59.5	946	"chr18"	"CpG"	"hg38"
59.5	768	"chr19"	"CpG"	"hg38"
59.5	2328	"chr2"	"CpG"	"hg38"
59.5	818	"chr20"	"CpG"	"hg38"
59.5	474	"chr21"	"CpG"	"hg38"
59.5	654	"chr22"	"CpG"	"hg38"
59.5	1754	"chr3"	"CpG"	"hg38"
59.5	1736	"chr4"	"CpG"	"hg38"
59.5	1624	"chr5"	"CpG"	"hg38"
59.5	1638	"chr6"	"CpG"	"hg38"
59.5	1804	"chr7"	"CpG"	"hg38"
59.5	1596	"chr8"	"CpG"	"hg38"
59.5	1336	"chr9"	"CpG"	"hg38"
59.5	1088	"chrX"	"CpG"	"hg38"
59.5	172	"chrY"	"CpG"	"hg38"
59.6	2570	"chr1"	"CpG"	"hg38"
59.6	1568	"chr10"	"CpG"	"hg38"
59.6	1442	"chr11"	"CpG"	"hg38"
59.6	1262	"chr12"	"CpG"	"hg38"
59.6	1078	"chr13"	"CpG"	"hg38"
59.6	826	"chr14"	"CpG"	"hg38"
59.6	982	"chr15"	"CpG"	"hg38"
59.6	1176	"chr16"	"CpG"	"hg38"
59.6	954	"chr17"	"CpG"	"hg38"
59.6	954	"chr18"	"CpG"	"hg38"
59.6	840	"chr19"	"CpG"	"hg38"
59.6	2358	"chr2"	"CpG"	"hg38"
59.6	874	"chr20"	"CpG"	"hg38"
59.6	498	"chr21"	"CpG"	"hg38"
59.6	564	"chr22"	"CpG"	"hg38"
59.6	1814	"chr3"	"CpG"	"hg38"
59.6	1762	"chr4"	"CpG"	"hg38"
59.6	1630	"chr5"	"CpG"	"hg38"
59.6	1584	"chr6"	"CpG"	"hg38"
59.6	1700	"chr7"	"CpG"	"hg38"
59.6	1590	"chr8"	"CpG"	"hg38"
59.6	1330	"chr9"	"CpG"	"hg38"
59.6	1148	"chrX"	"CpG"	"hg38"
59.6	166	"chrY"	"CpG"	"hg38"
59.7	2464	"chr1"	"CpG"	"hg38"
59.7	1554	"chr10"	"CpG"	"hg38"
59.7	1442	"chr11"	"CpG"	"hg38"
59.7	1322	"chr12"	"CpG"	"hg38"
59.7	1034	"chr13"	"CpG"	"hg38"
59.7	836	"chr14"	"CpG"	"hg38"
59.7	908	"chr15"	"CpG"	"hg38"
59.7	1156	"chr16"	"CpG"	"hg38"
59.7	1098	"chr17"	"CpG"	"hg38"
59.7	974	"chr18"	"CpG"	"hg38"
59.7	816	"chr19"	"CpG"	"hg38"
59.7	2334	"chr2"	"CpG"	"hg38"
59.7	884	"chr20"	"CpG"	"hg38"
59.7	518	"chr21"	"CpG"	"hg38"
59.7	690	"chr22"	"CpG"	"hg38"
59.7	1770	"chr3"	"CpG"	"hg38"
59.7	1744	"chr4"	"CpG"	"hg38"
59.7	1700	"chr5"	"CpG"	"hg38"
59.7	1536	"chr6"	"CpG"	"hg38"
59.7	1788	"chr7"	"CpG"	"hg38"
59.7	1578	"chr8"	"CpG"	"hg38"
59.7	1340	"chr9"	"CpG"	"hg38"
59.7	1136	"chrX"	"CpG"	"hg38"
59.7	174	"chrY"	"CpG"	"hg38"
59.8	2606	"chr1"	"CpG"	"hg38"
59.8	1506	"chr10"	"CpG"	"hg38"
59.8	1494	"chr11"	"CpG"	"hg38"
59.8	1388	"chr12"	"CpG"	"hg38"
59.8	1026	"chr13"	"CpG"	"hg38"
59.8	896	"chr14"	"CpG"	"hg38"
59.8	904	"chr15"	"CpG"	"hg38"
59.8	1168	"chr16"	"CpG"	"hg38"
59.8	1166	"chr17"	"CpG"	"hg38"
59.8	848	"chr18"	"CpG"	"hg38"
59.8	848	"chr19"	"CpG"	"hg38"
59.8	2350	"chr2"	"CpG"	"hg38"
59.8	834	"chr20"	"CpG"	"hg38"
59.8	482	"chr21"	"CpG"	"hg38"
59.8	552	"chr22"	"CpG"	"hg38"
59.8	1826	"chr3"	"CpG"	"hg38"
59.8	1838	"chr4"	"CpG"	"hg38"
59.8	1718	"chr5"	"CpG"	"hg38"
59.8	1614	"chr6"	"CpG"	"hg38"
59.8	1776	"chr7"	"CpG"	"hg38"
59.8	1708	"chr8"	"CpG"	"hg38"
59.8	1256	"chr9"	"CpG"	"hg38"
59.8	1130	"chrX"	"CpG"	"hg38"
59.8	194	"chrY"	"CpG"	"hg38"
59.9	2496	"chr1"	"CpG"	"hg38"
59.9	1614	"chr10"	"CpG"	"hg38"
59.9	1562	"chr11"	"CpG"	"hg38"
59.9	1410	"chr12"	"CpG"	"hg38"
59.9	1022	"chr13"	"CpG"	"hg38"
59.9	882	"chr14"	"CpG"	"hg38"
59.9	974	"chr15"	"CpG"	"hg38"
59.9	1230	"chr16"	"CpG"	"hg38"
59.9	1018	"chr17"	"CpG"	"hg38"
59.9	856	"chr18"	"CpG"	"hg38"
59.9	858	"chr19"	"CpG"	"hg38"
59.9	2436	"chr2"	"CpG"	"hg38"
59.9	820	"chr20"	"CpG"	"hg38"
59.9	546	"chr21"	"CpG"	"hg38"
59.9	592	"chr22"	"CpG"	"hg38"
59.9	1924	"chr3"	"CpG"	"hg38"
59.9	1892	"chr4"	"CpG"	"hg38"
59.9	1724	"chr5"	"CpG"	"hg38"
59.9	1560	"chr6"	"CpG"	"hg38"
59.9	1746	"chr7"	"CpG"	"hg38"
59.9	1494	"chr8"	"CpG"	"hg38"
59.9	1338	"chr9"	"CpG"	"hg38"
59.9	1142	"chrX"	"CpG"	"hg38"
59.9	166	"chrY"	"CpG"	"hg38"
60	2522	"chr1"	"CpG"	"hg38"
60	1624	"chr10"	"CpG"	"hg38"
60	1474	"chr11"	"CpG"	"hg38"
60	1414	"chr12"	"CpG"	"hg38"
60	1094	"chr13"	"CpG"	"hg38"
60	910	"chr14"	"CpG"	"hg38"
60	952	"chr15"	"CpG"	"hg38"
60	1130	"chr16"	"CpG"	"hg38"
60	1042	"chr17"	"CpG"	"hg38"
60	908	"chr18"	"CpG"	"hg38"
60	874	"chr19"	"CpG"	"hg38"
60	2500	"chr2"	"CpG"	"hg38"
60	846	"chr20"	"CpG"	"hg38"
60	410	"chr21"	"CpG"	"hg38"
60	550	"chr22"	"CpG"	"hg38"
60	1870	"chr3"	"CpG"	"hg38"
60	1802	"chr4"	"CpG"	"hg38"
60	1668	"chr5"	"CpG"	"hg38"
60	1558	"chr6"	"CpG"	"hg38"
60	1700	"chr7"	"CpG"	"hg38"
60	1470	"chr8"	"CpG"	"hg38"
60	1302	"chr9"	"CpG"	"hg38"
60	1118	"chrX"	"CpG"	"hg38"
60	178	"chrY"	"CpG"	"hg38"
60.1	2536	"chr1"	"CpG"	"hg38"
60.1	1600	"chr10"	"CpG"	"hg38"
60.1	1572	"chr11"	"CpG"	"hg38"
60.1	1244	"chr12"	"CpG"	"hg38"
60.1	1004	"chr13"	"CpG"	"hg38"
60.1	950	"chr14"	"CpG"	"hg38"
60.1	950	"chr15"	"CpG"	"hg38"
60.1	1094	"chr16"	"CpG"	"hg38"
60.1	1048	"chr17"	"CpG"	"hg38"
60.1	936	"chr18"	"CpG"	"hg38"
60.1	910	"chr19"	"CpG"	"hg38"
60.1	2366	"chr2"	"CpG"	"hg38"
60.1	850	"chr20"	"CpG"	"hg38"
60.1	408	"chr21"	"CpG"	"hg38"
60.1	550	"chr22"	"CpG"	"hg38"
60.1	1820	"chr3"	"CpG"	"hg38"
60.1	1828	"chr4"	"CpG"	"hg38"
60.1	1694	"chr5"	"CpG"	"hg38"
60.1	1660	"chr6"	"CpG"	"hg38"
60.1	1702	"chr7"	"CpG"	"hg38"
60.1	1556	"chr8"	"CpG"	"hg38"
60.1	1344	"chr9"	"CpG"	"hg38"
60.1	1170	"chrX"	"CpG"	"hg38"
60.1	146	"chrY"	"CpG"	"hg38"
60.2	2510	"chr1"	"CpG"	"hg38"
60.2	1592	"chr10"	"CpG"	"hg38"
60.2	1498	"chr11"	"CpG"	"hg38"
60.2	1320	"chr12"	"CpG"	"hg38"
60.2	1026	"chr13"	"CpG"	"hg38"
60.2	828	"chr14"	"CpG"	"hg38"
60.2	834	"chr15"	"CpG"	"hg38"
60.2	1246	"chr16"	"CpG"	"hg38"
60.2	1070	"chr17"	"CpG"	"hg38"
60.2	946	"chr18"	"CpG"	"hg38"
60.2	888	"chr19"	"CpG"	"hg38"
60.2	2452	"chr2"	"CpG"	"hg38"
60.2	842	"chr20"	"CpG"	"hg38"
60.2	448	"chr21"	"CpG"	"hg38"
60.2	650	"chr22"	"CpG"	"hg38"
60.2	1880	"chr3"	"CpG"	"hg38"
60.2	1778	"chr4"	"CpG"	"hg38"
60.2	1638	"chr5"	"CpG"	"hg38"
60.2	1580	"chr6"	"CpG"	"hg38"
60.2	1726	"chr7"	"CpG"	"hg38"
60.2	1588	"chr8"	"CpG"	"hg38"
60.2	1318	"chr9"	"CpG"	"hg38"
60.2	1152	"chrX"	"CpG"	"hg38"
60.2	168	"chrY"	"CpG"	"hg38"
60.3	2540	"chr1"	"CpG"	"hg38"
60.3	1696	"chr10"	"CpG"	"hg38"
60.3	1510	"chr11"	"CpG"	"hg38"
60.3	1386	"chr12"	"CpG"	"hg38"
60.3	1002	"chr13"	"CpG"	"hg38"
60.3	966	"chr14"	"CpG"	"hg38"
60.3	940	"chr15"	"CpG"	"hg38"
60.3	1160	"chr16"	"CpG"	"hg38"
60.3	1046	"chr17"	"CpG"	"hg38"
60.3	916	"chr18"	"CpG"	"hg38"
60.3	898	"chr19"	"CpG"	"hg38"
60.3	2416	"chr2"	"CpG"	"hg38"
60.3	840	"chr20"	"CpG"	"hg38"
60.3	480	"chr21"	"CpG"	"hg38"
60.3	570	"chr22"	"CpG"	"hg38"
60.3	1790	"chr3"	"CpG"	"hg38"
60.3	1798	"chr4"	"CpG"	"hg38"
60.3	1768	"chr5"	"CpG"	"hg38"
60.3	1590	"chr6"	"CpG"	"hg38"
60.3	1862	"chr7"	"CpG"	"hg38"
60.3	1528	"chr8"	"CpG"	"hg38"
60.3	1370	"chr9"	"CpG"	"hg38"
60.3	1096	"chrX"	"CpG"	"hg38"
60.3	170	"chrY"	"CpG"	"hg38"
60.4	2468	"chr1"	"CpG"	"hg38"
60.4	1574	"chr10"	"CpG"	"hg38"
60.4	1480	"chr11"	"CpG"	"hg38"
60.4	1324	"chr12"	"CpG"	"hg38"
60.4	1032	"chr13"	"CpG"	"hg38"
60.4	916	"chr14"	"CpG"	"hg38"
60.4	990	"chr15"	"CpG"	"hg38"
60.4	1224	"chr16"	"CpG"	"hg38"
60.4	1050	"chr17"	"CpG"	"hg38"
60.4	902	"chr18"	"CpG"	"hg38"
60.4	806	"chr19"	"CpG"	"hg38"
60.4	2484	"chr2"	"CpG"	"hg38"
60.4	846	"chr20"	"CpG"	"hg38"
60.4	448	"chr21"	"CpG"	"hg38"
60.4	562	"chr22"	"CpG"	"hg38"
60.4	1892	"chr3"	"CpG"	"hg38"
60.4	1770	"chr4"	"CpG"	"hg38"
60.4	1734	"chr5"	"CpG"	"hg38"
60.4	1580	"chr6"	"CpG"	"hg38"
60.4	1686	"chr7"	"CpG"	"hg38"
60.4	1644	"chr8"	"CpG"	"hg38"
60.4	1298	"chr9"	"CpG"	"hg38"
60.4	1162	"chrX"	"CpG"	"hg38"
60.4	184	"chrY"	"CpG"	"hg38"
60.5	2396	"chr1"	"CpG"	"hg38"
60.5	1524	"chr10"	"CpG"	"hg38"
60.5	1476	"chr11"	"CpG"	"hg38"
60.5	1286	"chr12"	"CpG"	"hg38"
60.5	1018	"chr13"	"CpG"	"hg38"
60.5	918	"chr14"	"CpG"	"hg38"
60.5	924	"chr15"	"CpG"	"hg38"
60.5	1118	"chr16"	"CpG"	"hg38"
60.5	1160	"chr17"	"CpG"	"hg38"
60.5	986	"chr18"	"CpG"	"hg38"
60.5	788	"chr19"	"CpG"	"hg38"
60.5	2378	"chr2"	"CpG"	"hg38"
60.5	850	"chr20"	"CpG"	"hg38"
60.5	482	"chr21"	"CpG"	"hg38"
60.5	680	"chr22"	"CpG"	"hg38"
60.5	1912	"chr3"	"CpG"	"hg38"
60.5	1766	"chr4"	"CpG"	"hg38"
60.5	1734	"chr5"	"CpG"	"hg38"
60.5	1562	"chr6"	"CpG"	"hg38"
60.5	1792	"chr7"	"CpG"	"hg38"
60.5	1468	"chr8"	"CpG"	"hg38"
60.5	1372	"chr9"	"CpG"	"hg38"
60.5	1068	"chrX"	"CpG"	"hg38"
60.5	178	"chrY"	"CpG"	"hg38"
60.6	2520	"chr1"	"CpG"	"hg38"
60.6	1658	"chr10"	"CpG"	"hg38"
60.6	1452	"chr11"	"CpG"	"hg38"
60.6	1314	"chr12"	"CpG"	"hg38"
60.6	998	"chr13"	"CpG"	"hg38"
60.6	820	"chr14"	"CpG"	"hg38"
60.6	964	"chr15"	"CpG"	"hg38"
60.6	1202	"chr16"	"CpG"	"hg38"
60.6	1084	"chr17"	"CpG"	"hg38"
60.6	960	"chr18"	"CpG"	"hg38"
60.6	812	"chr19"	"CpG"	"hg38"
60.6	2386	"chr2"	"CpG"	"hg38"
60.6	814	"chr20"	"CpG"	"hg38"
60.6	506	"chr21"	"CpG"	"hg38"
60.6	568	"chr22"	"CpG"	"hg38"
60.6	1864	"chr3"	"CpG"	"hg38"
60.6	1774	"chr4"	"CpG"	"hg38"
60.6	1736	"chr5"	"CpG"	"hg38"
60.6	1528	"chr6"	"CpG"	"hg38"
60.6	1808	"chr7"	"CpG"	"hg38"
60.6	1556	"chr8"	"CpG"	"hg38"
60.6	1304	"chr9"	"CpG"	"hg38"
60.6	1128	"chrX"	"CpG"	"hg38"
60.6	170	"chrY"	"CpG"	"hg38"
60.7	2596	"chr1"	"CpG"	"hg38"
60.7	1486	"chr10"	"CpG"	"hg38"
60.7	1476	"chr11"	"CpG"	"hg38"
60.7	1420	"chr12"	"CpG"	"hg38"
60.7	1010	"chr13"	"CpG"	"hg38"
60.7	872	"chr14"	"CpG"	"hg38"
60.7	972	"chr15"	"CpG"	"hg38"
60.7	1248	"chr16"	"CpG"	"hg38"
60.7	1032	"chr17"	"CpG"	"hg38"
60.7	912	"chr18"	"CpG"	"hg38"
60.7	782	"chr19"	"CpG"	"hg38"
60.7	2334	"chr2"	"CpG"	"hg38"
60.7	944	"chr20"	"CpG"	"hg38"
60.7	488	"chr21"	"CpG"	"hg38"
60.7	592	"chr22"	"CpG"	"hg38"
60.7	1958	"chr3"	"CpG"	"hg38"
60.7	1754	"chr4"	"CpG"	"hg38"
60.7	1716	"chr5"	"CpG"	"hg38"
60.7	1600	"chr6"	"CpG"	"hg38"
60.7	1792	"chr7"	"CpG"	"hg38"
60.7	1502	"chr8"	"CpG"	"hg38"
60.7	1246	"chr9"	"CpG"	"hg38"
60.7	1054	"chrX"	"CpG"	"hg38"
60.7	174	"chrY"	"CpG"	"hg38"
60.8	2504	"chr1"	"CpG"	"hg38"
60.8	1544	"chr10"	"CpG"	"hg38"
60.8	1504	"chr11"	"CpG"	"hg38"
60.8	1296	"chr12"	"CpG"	"hg38"
60.8	1084	"chr13"	"CpG"	"hg38"
60.8	884	"chr14"	"CpG"	"hg38"
60.8	1004	"chr15"	"CpG"	"hg38"
60.8	1220	"chr16"	"CpG"	"hg38"
60.8	934	"chr17"	"CpG"	"hg38"
60.8	952	"chr18"	"CpG"	"hg38"
60.8	836	"chr19"	"CpG"	"hg38"
60.8	2414	"chr2"	"CpG"	"hg38"
60.8	868	"chr20"	"CpG"	"hg38"
60.8	422	"chr21"	"CpG"	"hg38"
60.8	588	"chr22"	"CpG"	"hg38"
60.8	1890	"chr3"	"CpG"	"hg38"
60.8	1738	"chr4"	"CpG"	"hg38"
60.8	1788	"chr5"	"CpG"	"hg38"
60.8	1580	"chr6"	"CpG"	"hg38"
60.8	1688	"chr7"	"CpG"	"hg38"
60.8	1606	"chr8"	"CpG"	"hg38"
60.8	1260	"chr9"	"CpG"	"hg38"
60.8	1058	"chrX"	"CpG"	"hg38"
60.8	154	"chrY"	"CpG"	"hg38"
60.9	2472	"chr1"	"CpG"	"hg38"
60.9	1558	"chr10"	"CpG"	"hg38"
60.9	1542	"chr11"	"CpG"	"hg38"
60.9	1316	"chr12"	"CpG"	"hg38"
60.9	1020	"chr13"	"CpG"	"hg38"
60.9	858	"chr14"	"CpG"	"hg38"
60.9	912	"chr15"	"CpG"	"hg38"
60.9	1208	"chr16"	"CpG"	"hg38"
60.9	1112	"chr17"	"CpG"	"hg38"
60.9	888	"chr18"	"CpG"	"hg38"
60.9	814	"chr19"	"CpG"	"hg38"
60.9	2308	"chr2"	"CpG"	"hg38"
60.9	816	"chr20"	"CpG"	"hg38"
60.9	522	"chr21"	"CpG"	"hg38"
60.9	650	"chr22"	"CpG"	"hg38"
60.9	1874	"chr3"	"CpG"	"hg38"
60.9	1786	"chr4"	"CpG"	"hg38"
60.9	1798	"chr5"	"CpG"	"hg38"
60.9	1556	"chr6"	"CpG"	"hg38"
60.9	1836	"chr7"	"CpG"	"hg38"
60.9	1598	"chr8"	"CpG"	"hg38"
60.9	1344	"chr9"	"CpG"	"hg38"
60.9	1032	"chrX"	"CpG"	"hg38"
60.9	158	"chrY"	"CpG"	"hg38"
61	2536	"chr1"	"CpG"	"hg38"
61	1646	"chr10"	"CpG"	"hg38"
61	1388	"chr11"	"CpG"	"hg38"
61	1366	"chr12"	"CpG"	"hg38"
61	1096	"chr13"	"CpG"	"hg38"
61	918	"chr14"	"CpG"	"hg38"
61	958	"chr15"	"CpG"	"hg38"
61	1218	"chr16"	"CpG"	"hg38"
61	1108	"chr17"	"CpG"	"hg38"
61	982	"chr18"	"CpG"	"hg38"
61	844	"chr19"	"CpG"	"hg38"
61	2438	"chr2"	"CpG"	"hg38"
61	918	"chr20"	"CpG"	"hg38"
61	480	"chr21"	"CpG"	"hg38"
61	604	"chr22"	"CpG"	"hg38"
61	1864	"chr3"	"CpG"	"hg38"
61	1778	"chr4"	"CpG"	"hg38"
61	1630	"chr5"	"CpG"	"hg38"
61	1546	"chr6"	"CpG"	"hg38"
61	1788	"chr7"	"CpG"	"hg38"
61	1452	"chr8"	"CpG"	"hg38"
61	1406	"chr9"	"CpG"	"hg38"
61	1118	"chrX"	"CpG"	"hg38"
61	188	"chrY"	"CpG"	"hg38"
61.1	2500	"chr1"	"CpG"	"hg38"
61.1	1586	"chr10"	"CpG"	"hg38"
61.1	1538	"chr11"	"CpG"	"hg38"
61.1	1414	"chr12"	"CpG"	"hg38"
61.1	882	"chr13"	"CpG"	"hg38"
61.1	896	"chr14"	"CpG"	"hg38"
61.1	926	"chr15"	"CpG"	"hg38"
61.1	1124	"chr16"	"CpG"	"hg38"
61.1	1054	"chr17"	"CpG"	"hg38"
61.1	946	"chr18"	"CpG"	"hg38"
61.1	886	"chr19"	"CpG"	"hg38"
61.1	2450	"chr2"	"CpG"	"hg38"
61.1	846	"chr20"	"CpG"	"hg38"
61.1	442	"chr21"	"CpG"	"hg38"
61.1	608	"chr22"	"CpG"	"hg38"
61.1	1830	"chr3"	"CpG"	"hg38"
61.1	1758	"chr4"	"CpG"	"hg38"
61.1	1734	"chr5"	"CpG"	"hg38"
61.1	1662	"chr6"	"CpG"	"hg38"
61.1	1788	"chr7"	"CpG"	"hg38"
61.1	1524	"chr8"	"CpG"	"hg38"
61.1	1282	"chr9"	"CpG"	"hg38"
61.1	1154	"chrX"	"CpG"	"hg38"
61.1	178	"chrY"	"CpG"	"hg38"
61.2	2486	"chr1"	"CpG"	"hg38"
61.2	1508	"chr10"	"CpG"	"hg38"
61.2	1546	"chr11"	"CpG"	"hg38"
61.2	1300	"chr12"	"CpG"	"hg38"
61.2	990	"chr13"	"CpG"	"hg38"
61.2	840	"chr14"	"CpG"	"hg38"
61.2	890	"chr15"	"CpG"	"hg38"
61.2	1298	"chr16"	"CpG"	"hg38"
61.2	1026	"chr17"	"CpG"	"hg38"
61.2	998	"chr18"	"CpG"	"hg38"
61.2	830	"chr19"	"CpG"	"hg38"
61.2	2282	"chr2"	"CpG"	"hg38"
61.2	830	"chr20"	"CpG"	"hg38"
61.2	424	"chr21"	"CpG"	"hg38"
61.2	652	"chr22"	"CpG"	"hg38"
61.2	1850	"chr3"	"CpG"	"hg38"
61.2	1790	"chr4"	"CpG"	"hg38"
61.2	1670	"chr5"	"CpG"	"hg38"
61.2	1596	"chr6"	"CpG"	"hg38"
61.2	1734	"chr7"	"CpG"	"hg38"
61.2	1556	"chr8"	"CpG"	"hg38"
61.2	1308	"chr9"	"CpG"	"hg38"
61.2	1138	"chrX"	"CpG"	"hg38"
61.2	178	"chrY"	"CpG"	"hg38"
61.3	2592	"chr1"	"CpG"	"hg38"
61.3	1456	"chr10"	"CpG"	"hg38"
61.3	1508	"chr11"	"CpG"	"hg38"
61.3	1388	"chr12"	"CpG"	"hg38"
61.3	986	"chr13"	"CpG"	"hg38"
61.3	946	"chr14"	"CpG"	"hg38"
61.3	942	"chr15"	"CpG"	"hg38"
61.3	1240	"chr16"	"CpG"	"hg38"
61.3	1080	"chr17"	"CpG"	"hg38"
61.3	970	"chr18"	"CpG"	"hg38"
61.3	838	"chr19"	"CpG"	"hg38"
61.3	2434	"chr2"	"CpG"	"hg38"
61.3	832	"chr20"	"CpG"	"hg38"
61.3	422	"chr21"	"CpG"	"hg38"
61.3	612	"chr22"	"CpG"	"hg38"
61.3	1786	"chr3"	"CpG"	"hg38"
61.3	1796	"chr4"	"CpG"	"hg38"
61.3	1710	"chr5"	"CpG"	"hg38"
61.3	1540	"chr6"	"CpG"	"hg38"
61.3	1738	"chr7"	"CpG"	"hg38"
61.3	1526	"chr8"	"CpG"	"hg38"
61.3	1240	"chr9"	"CpG"	"hg38"
61.3	1208	"chrX"	"CpG"	"hg38"
61.3	184	"chrY"	"CpG"	"hg38"
61.4	2468	"chr1"	"CpG"	"hg38"
61.4	1600	"chr10"	"CpG"	"hg38"
61.4	1494	"chr11"	"CpG"	"hg38"
61.4	1312	"chr12"	"CpG"	"hg38"
61.4	998	"chr13"	"CpG"	"hg38"
61.4	886	"chr14"	"CpG"	"hg38"
61.4	936	"chr15"	"CpG"	"hg38"
61.4	1232	"chr16"	"CpG"	"hg38"
61.4	1028	"chr17"	"CpG"	"hg38"
61.4	888	"chr18"	"CpG"	"hg38"
61.4	880	"chr19"	"CpG"	"hg38"
61.4	2422	"chr2"	"CpG"	"hg38"
61.4	892	"chr20"	"CpG"	"hg38"
61.4	482	"chr21"	"CpG"	"hg38"
61.4	576	"chr22"	"CpG"	"hg38"
61.4	1888	"chr3"	"CpG"	"hg38"
61.4	1768	"chr4"	"CpG"	"hg38"
61.4	1788	"chr5"	"CpG"	"hg38"
61.4	1562	"chr6"	"CpG"	"hg38"
61.4	1724	"chr7"	"CpG"	"hg38"
61.4	1570	"chr8"	"CpG"	"hg38"
61.4	1298	"chr9"	"CpG"	"hg38"
61.4	1216	"chrX"	"CpG"	"hg38"
61.4	152	"chrY"	"CpG"	"hg38"
61.5	2484	"chr1"	"CpG"	"hg38"
61.5	1632	"chr10"	"CpG"	"hg38"
61.5	1498	"chr11"	"CpG"	"hg38"
61.5	1318	"chr12"	"CpG"	"hg38"
61.5	1052	"chr13"	"CpG"	"hg38"
61.5	950	"chr14"	"CpG"	"hg38"
61.5	978	"chr15"	"CpG"	"hg38"
61.5	1176	"chr16"	"CpG"	"hg38"
61.5	1106	"chr17"	"CpG"	"hg38"
61.5	912	"chr18"	"CpG"	"hg38"
61.5	890	"chr19"	"CpG"	"hg38"
61.5	2442	"chr2"	"CpG"	"hg38"
61.5	820	"chr20"	"CpG"	"hg38"
61.5	508	"chr21"	"CpG"	"hg38"
61.5	528	"chr22"	"CpG"	"hg38"
61.5	1838	"chr3"	"CpG"	"hg38"
61.5	1776	"chr4"	"CpG"	"hg38"
61.5	1820	"chr5"	"CpG"	"hg38"
61.5	1544	"chr6"	"CpG"	"hg38"
61.5	1828	"chr7"	"CpG"	"hg38"
61.5	1608	"chr8"	"CpG"	"hg38"
61.5	1222	"chr9"	"CpG"	"hg38"
61.5	1172	"chrX"	"CpG"	"hg38"
61.5	202	"chrY"	"CpG"	"hg38"
61.6	2498	"chr1"	"CpG"	"hg38"
61.6	1624	"chr10"	"CpG"	"hg38"
61.6	1460	"chr11"	"CpG"	"hg38"
61.6	1308	"chr12"	"CpG"	"hg38"
61.6	1010	"chr13"	"CpG"	"hg38"
61.6	904	"chr14"	"CpG"	"hg38"
61.6	982	"chr15"	"CpG"	"hg38"
61.6	1296	"chr16"	"CpG"	"hg38"
61.6	1084	"chr17"	"CpG"	"hg38"
61.6	924	"chr18"	"CpG"	"hg38"
61.6	850	"chr19"	"CpG"	"hg38"
61.6	2410	"chr2"	"CpG"	"hg38"
61.6	878	"chr20"	"CpG"	"hg38"
61.6	452	"chr21"	"CpG"	"hg38"
61.6	580	"chr22"	"CpG"	"hg38"
61.6	1872	"chr3"	"CpG"	"hg38"
61.6	1720	"chr4"	"CpG"	"hg38"
61.6	1656	"chr5"	"CpG"	"hg38"
61.6	1516	"chr6"	"CpG"	"hg38"
61.6	1788	"chr7"	"CpG"	"hg38"
61.6	1494	"chr8"	"CpG"	"hg38"
61.6	1342	"chr9"	"CpG"	"hg38"
61.6	1076	"chrX"	"CpG"	"hg38"
61.6	186	"chrY"	"CpG"	"hg38"
61.7	2512	"chr1"	"CpG"	"hg38"
61.7	1492	"chr10"	"CpG"	"hg38"
61.7	1470	"chr11"	"CpG"	"hg38"
61.7	1316	"chr12"	"CpG"	"hg38"
61.7	990	"chr13"	"CpG"	"hg38"
61.7	890	"chr14"	"CpG"	"hg38"
61.7	968	"chr15"	"CpG"	"hg38"
61.7	1164	"chr16"	"CpG"	"hg38"
61.7	1006	"chr17"	"CpG"	"hg38"
61.7	926	"chr18"	"CpG"	"hg38"
61.7	934	"chr19"	"CpG"	"hg38"
61.7	2462	"chr2"	"CpG"	"hg38"
61.7	932	"chr20"	"CpG"	"hg38"
61.7	418	"chr21"	"CpG"	"hg38"
61.7	608	"chr22"	"CpG"	"hg38"
61.7	1946	"chr3"	"CpG"	"hg38"
61.7	1702	"chr4"	"CpG"	"hg38"
61.7	1596	"chr5"	"CpG"	"hg38"
61.7	1634	"chr6"	"CpG"	"hg38"
61.7	1828	"chr7"	"CpG"	"hg38"
61.7	1610	"chr8"	"CpG"	"hg38"
61.7	1288	"chr9"	"CpG"	"hg38"
61.7	1026	"chrX"	"CpG"	"hg38"
61.7	182	"chrY"	"CpG"	"hg38"
61.8	2486	"chr1"	"CpG"	"hg38"
61.8	1568	"chr10"	"CpG"	"hg38"
61.8	1450	"chr11"	"CpG"	"hg38"
61.8	1260	"chr12"	"CpG"	"hg38"
61.8	1022	"chr13"	"CpG"	"hg38"
61.8	928	"chr14"	"CpG"	"hg38"
61.8	980	"chr15"	"CpG"	"hg38"
61.8	1182	"chr16"	"CpG"	"hg38"
61.8	1246	"chr17"	"CpG"	"hg38"
61.8	934	"chr18"	"CpG"	"hg38"
61.8	810	"chr19"	"CpG"	"hg38"
61.8	2424	"chr2"	"CpG"	"hg38"
61.8	778	"chr20"	"CpG"	"hg38"
61.8	476	"chr21"	"CpG"	"hg38"
61.8	564	"chr22"	"CpG"	"hg38"
61.8	1816	"chr3"	"CpG"	"hg38"
61.8	1746	"chr4"	"CpG"	"hg38"
61.8	1724	"chr5"	"CpG"	"hg38"
61.8	1706	"chr6"	"CpG"	"hg38"
61.8	1816	"chr7"	"CpG"	"hg38"
61.8	1650	"chr8"	"CpG"	"hg38"
61.8	1326	"chr9"	"CpG"	"hg38"
61.8	1160	"chrX"	"CpG"	"hg38"
61.8	170	"chrY"	"CpG"	"hg38"
61.9	2526	"chr1"	"CpG"	"hg38"
61.9	1598	"chr10"	"CpG"	"hg38"
61.9	1546	"chr11"	"CpG"	"hg38"
61.9	1308	"chr12"	"CpG"	"hg38"
61.9	966	"chr13"	"CpG"	"hg38"
61.9	888	"chr14"	"CpG"	"hg38"
61.9	1034	"chr15"	"CpG"	"hg38"
61.9	1168	"chr16"	"CpG"	"hg38"
61.9	1118	"chr17"	"CpG"	"hg38"
61.9	906	"chr18"	"CpG"	"hg38"
61.9	844	"chr19"	"CpG"	"hg38"
61.9	2334	"chr2"	"CpG"	"hg38"
61.9	834	"chr20"	"CpG"	"hg38"
61.9	482	"chr21"	"CpG"	"hg38"
61.9	652	"chr22"	"CpG"	"hg38"
61.9	1892	"chr3"	"CpG"	"hg38"
61.9	1764	"chr4"	"CpG"	"hg38"
61.9	1806	"chr5"	"CpG"	"hg38"
61.9	1672	"chr6"	"CpG"	"hg38"
61.9	1698	"chr7"	"CpG"	"hg38"
61.9	1652	"chr8"	"CpG"	"hg38"
61.9	1312	"chr9"	"CpG"	"hg38"
61.9	1216	"chrX"	"CpG"	"hg38"
61.9	118	"chrY"	"CpG"	"hg38"
62	2586	"chr1"	"CpG"	"hg38"
62	1664	"chr10"	"CpG"	"hg38"
62	1470	"chr11"	"CpG"	"hg38"
62	1376	"chr12"	"CpG"	"hg38"
62	1032	"chr13"	"CpG"	"hg38"
62	818	"chr14"	"CpG"	"hg38"
62	958	"chr15"	"CpG"	"hg38"
62	1204	"chr16"	"CpG"	"hg38"
62	1044	"chr17"	"CpG"	"hg38"
62	908	"chr18"	"CpG"	"hg38"
62	812	"chr19"	"CpG"	"hg38"
62	2458	"chr2"	"CpG"	"hg38"
62	848	"chr20"	"CpG"	"hg38"
62	434	"chr21"	"CpG"	"hg38"
62	632	"chr22"	"CpG"	"hg38"
62	1840	"chr3"	"CpG"	"hg38"
62	1776	"chr4"	"CpG"	"hg38"
62	1766	"chr5"	"CpG"	"hg38"
62	1536	"chr6"	"CpG"	"hg38"
62	1774	"chr7"	"CpG"	"hg38"
62	1536	"chr8"	"CpG"	"hg38"
62	1306	"chr9"	"CpG"	"hg38"
62	1048	"chrX"	"CpG"	"hg38"
62	178	"chrY"	"CpG"	"hg38"
62.1	2546	"chr1"	"CpG"	"hg38"
62.1	1590	"chr10"	"CpG"	"hg38"
62.1	1476	"chr11"	"CpG"	"hg38"
62.1	1418	"chr12"	"CpG"	"hg38"
62.1	990	"chr13"	"CpG"	"hg38"
62.1	860	"chr14"	"CpG"	"hg38"
62.1	922	"chr15"	"CpG"	"hg38"
62.1	1232	"chr16"	"CpG"	"hg38"
62.1	1142	"chr17"	"CpG"	"hg38"
62.1	1010	"chr18"	"CpG"	"hg38"
62.1	894	"chr19"	"CpG"	"hg38"
62.1	2260	"chr2"	"CpG"	"hg38"
62.1	906	"chr20"	"CpG"	"hg38"
62.1	504	"chr21"	"CpG"	"hg38"
62.1	584	"chr22"	"CpG"	"hg38"
62.1	1834	"chr3"	"CpG"	"hg38"
62.1	1706	"chr4"	"CpG"	"hg38"
62.1	1632	"chr5"	"CpG"	"hg38"
62.1	1522	"chr6"	"CpG"	"hg38"
62.1	1736	"chr7"	"CpG"	"hg38"
62.1	1566	"chr8"	"CpG"	"hg38"
62.1	1386	"chr9"	"CpG"	"hg38"
62.1	1116	"chrX"	"CpG"	"hg38"
62.1	148	"chrY"	"CpG"	"hg38"
62.2	2588	"chr1"	"CpG"	"hg38"
62.2	1600	"chr10"	"CpG"	"hg38"
62.2	1490	"chr11"	"CpG"	"hg38"
62.2	1372	"chr12"	"CpG"	"hg38"
62.2	1028	"chr13"	"CpG"	"hg38"
62.2	878	"chr14"	"CpG"	"hg38"
62.2	976	"chr15"	"CpG"	"hg38"
62.2	1146	"chr16"	"CpG"	"hg38"
62.2	1082	"chr17"	"CpG"	"hg38"
62.2	948	"chr18"	"CpG"	"hg38"
62.2	862	"chr19"	"CpG"	"hg38"
62.2	2438	"chr2"	"CpG"	"hg38"
62.2	774	"chr20"	"CpG"	"hg38"
62.2	434	"chr21"	"CpG"	"hg38"
62.2	552	"chr22"	"CpG"	"hg38"
62.2	1848	"chr3"	"CpG"	"hg38"
62.2	1674	"chr4"	"CpG"	"hg38"
62.2	1704	"chr5"	"CpG"	"hg38"
62.2	1564	"chr6"	"CpG"	"hg38"
62.2	1588	"chr7"	"CpG"	"hg38"
62.2	1550	"chr8"	"CpG"	"hg38"
62.2	1208	"chr9"	"CpG"	"hg38"
62.2	1106	"chrX"	"CpG"	"hg38"
62.2	194	"chrY"	"CpG"	"hg38"
62.3	2574	"chr1"	"CpG"	"hg38"
62.3	1540	"chr10"	"CpG"	"hg38"
62.3	1512	"chr11"	"CpG"	"hg38"
62.3	1328	"chr12"	"CpG"	"hg38"
62.3	1110	"chr13"	"CpG"	"hg38"
62.3	862	"chr14"	"CpG"	"hg38"
62.3	928	"chr15"	"CpG"	"hg38"
62.3	1258	"chr16"	"CpG"	"hg38"
62.3	1072	"chr17"	"CpG"	"hg38"
62.3	940	"chr18"	"CpG"	"hg38"
62.3	872	"chr19"	"CpG"	"hg38"
62.3	2380	"chr2"	"CpG"	"hg38"
62.3	822	"chr20"	"CpG"	"hg38"
62.3	490	"chr21"	"CpG"	"hg38"
62.3	624	"chr22"	"CpG"	"hg38"
62.3	1908	"chr3"	"CpG"	"hg38"
62.3	1812	"chr4"	"CpG"	"hg38"
62.3	1550	"chr5"	"CpG"	"hg38"
62.3	1596	"chr6"	"CpG"	"hg38"
62.3	1730	"chr7"	"CpG"	"hg38"
62.3	1504	"chr8"	"CpG"	"hg38"
62.3	1354	"chr9"	"CpG"	"hg38"
62.3	1128	"chrX"	"CpG"	"hg38"
62.3	188	"chrY"	"CpG"	"hg38"
62.4	2586	"chr1"	"CpG"	"hg38"
62.4	1570	"chr10"	"CpG"	"hg38"
62.4	1432	"chr11"	"CpG"	"hg38"
62.4	1442	"chr12"	"CpG"	"hg38"
62.4	1060	"chr13"	"CpG"	"hg38"
62.4	812	"chr14"	"CpG"	"hg38"
62.4	970	"chr15"	"CpG"	"hg38"
62.4	1270	"chr16"	"CpG"	"hg38"
62.4	1124	"chr17"	"CpG"	"hg38"
62.4	944	"chr18"	"CpG"	"hg38"
62.4	854	"chr19"	"CpG"	"hg38"
62.4	2368	"chr2"	"CpG"	"hg38"
62.4	916	"chr20"	"CpG"	"hg38"
62.4	520	"chr21"	"CpG"	"hg38"
62.4	576	"chr22"	"CpG"	"hg38"
62.4	1844	"chr3"	"CpG"	"hg38"
62.4	1656	"chr4"	"CpG"	"hg38"
62.4	1742	"chr5"	"CpG"	"hg38"
62.4	1578	"chr6"	"CpG"	"hg38"
62.4	1810	"chr7"	"CpG"	"hg38"
62.4	1522	"chr8"	"CpG"	"hg38"
62.4	1402	"chr9"	"CpG"	"hg38"
62.4	1152	"chrX"	"CpG"	"hg38"
62.4	214	"chrY"	"CpG"	"hg38"
62.5	2530	"chr1"	"CpG"	"hg38"
62.5	1462	"chr10"	"CpG"	"hg38"
62.5	1458	"chr11"	"CpG"	"hg38"
62.5	1352	"chr12"	"CpG"	"hg38"
62.5	952	"chr13"	"CpG"	"hg38"
62.5	830	"chr14"	"CpG"	"hg38"
62.5	954	"chr15"	"CpG"	"hg38"
62.5	1304	"chr16"	"CpG"	"hg38"
62.5	1032	"chr17"	"CpG"	"hg38"
62.5	854	"chr18"	"CpG"	"hg38"
62.5	768	"chr19"	"CpG"	"hg38"
62.5	2434	"chr2"	"CpG"	"hg38"
62.5	866	"chr20"	"CpG"	"hg38"
62.5	448	"chr21"	"CpG"	"hg38"
62.5	590	"chr22"	"CpG"	"hg38"
62.5	1960	"chr3"	"CpG"	"hg38"
62.5	1808	"chr4"	"CpG"	"hg38"
62.5	1748	"chr5"	"CpG"	"hg38"
62.5	1624	"chr6"	"CpG"	"hg38"
62.5	1768	"chr7"	"CpG"	"hg38"
62.5	1574	"chr8"	"CpG"	"hg38"
62.5	1262	"chr9"	"CpG"	"hg38"
62.5	1174	"chrX"	"CpG"	"hg38"
62.5	196	"chrY"	"CpG"	"hg38"
62.6	2548	"chr1"	"CpG"	"hg38"
62.6	1548	"chr10"	"CpG"	"hg38"
62.6	1428	"chr11"	"CpG"	"hg38"
62.6	1392	"chr12"	"CpG"	"hg38"
62.6	964	"chr13"	"CpG"	"hg38"
62.6	802	"chr14"	"CpG"	"hg38"
62.6	936	"chr15"	"CpG"	"hg38"
62.6	1182	"chr16"	"CpG"	"hg38"
62.6	1020	"chr17"	"CpG"	"hg38"
62.6	920	"chr18"	"CpG"	"hg38"
62.6	928	"chr19"	"CpG"	"hg38"
62.6	2426	"chr2"	"CpG"	"hg38"
62.6	892	"chr20"	"CpG"	"hg38"
62.6	470	"chr21"	"CpG"	"hg38"
62.6	590	"chr22"	"CpG"	"hg38"
62.6	1834	"chr3"	"CpG"	"hg38"
62.6	1720	"chr4"	"CpG"	"hg38"
62.6	1798	"chr5"	"CpG"	"hg38"
62.6	1654	"chr6"	"CpG"	"hg38"
62.6	1722	"chr7"	"CpG"	"hg38"
62.6	1570	"chr8"	"CpG"	"hg38"
62.6	1356	"chr9"	"CpG"	"hg38"
62.6	1142	"chrX"	"CpG"	"hg38"
62.6	194	"chrY"	"CpG"	"hg38"
62.7	2470	"chr1"	"CpG"	"hg38"
62.7	1624	"chr10"	"CpG"	"hg38"
62.7	1572	"chr11"	"CpG"	"hg38"
62.7	1338	"chr12"	"CpG"	"hg38"
62.7	934	"chr13"	"CpG"	"hg38"
62.7	872	"chr14"	"CpG"	"hg38"
62.7	940	"chr15"	"CpG"	"hg38"
62.7	1160	"chr16"	"CpG"	"hg38"
62.7	1144	"chr17"	"CpG"	"hg38"
62.7	918	"chr18"	"CpG"	"hg38"
62.7	882	"chr19"	"CpG"	"hg38"
62.7	2494	"chr2"	"CpG"	"hg38"
62.7	950	"chr20"	"CpG"	"hg38"
62.7	486	"chr21"	"CpG"	"hg38"
62.7	654	"chr22"	"CpG"	"hg38"
62.7	1856	"chr3"	"CpG"	"hg38"
62.7	1784	"chr4"	"CpG"	"hg38"
62.7	1668	"chr5"	"CpG"	"hg38"
62.7	1572	"chr6"	"CpG"	"hg38"
62.7	1670	"chr7"	"CpG"	"hg38"
62.7	1618	"chr8"	"CpG"	"hg38"
62.7	1280	"chr9"	"CpG"	"hg38"
62.7	1158	"chrX"	"CpG"	"hg38"
62.7	164	"chrY"	"CpG"	"hg38"
62.8	2494	"chr1"	"CpG"	"hg38"
62.8	1588	"chr10"	"CpG"	"hg38"
62.8	1506	"chr11"	"CpG"	"hg38"
62.8	1358	"chr12"	"CpG"	"hg38"
62.8	1006	"chr13"	"CpG"	"hg38"
62.8	858	"chr14"	"CpG"	"hg38"
62.8	834	"chr15"	"CpG"	"hg38"
62.8	1200	"chr16"	"CpG"	"hg38"
62.8	960	"chr17"	"CpG"	"hg38"
62.8	942	"chr18"	"CpG"	"hg38"
62.8	864	"chr19"	"CpG"	"hg38"
62.8	2472	"chr2"	"CpG"	"hg38"
62.8	838	"chr20"	"CpG"	"hg38"
62.8	500	"chr21"	"CpG"	"hg38"
62.8	568	"chr22"	"CpG"	"hg38"
62.8	1888	"chr3"	"CpG"	"hg38"
62.8	1752	"chr4"	"CpG"	"hg38"
62.8	1592	"chr5"	"CpG"	"hg38"
62.8	1546	"chr6"	"CpG"	"hg38"
62.8	1726	"chr7"	"CpG"	"hg38"
62.8	1520	"chr8"	"CpG"	"hg38"
62.8	1398	"chr9"	"CpG"	"hg38"
62.8	1156	"chrX"	"CpG"	"hg38"
62.8	212	"chrY"	"CpG"	"hg38"
62.9	2610	"chr1"	"CpG"	"hg38"
62.9	1526	"chr10"	"CpG"	"hg38"
62.9	1516	"chr11"	"CpG"	"hg38"
62.9	1404	"chr12"	"CpG"	"hg38"
62.9	952	"chr13"	"CpG"	"hg38"
62.9	896	"chr14"	"CpG"	"hg38"
62.9	956	"chr15"	"CpG"	"hg38"
62.9	1350	"chr16"	"CpG"	"hg38"
62.9	1104	"chr17"	"CpG"	"hg38"
62.9	870	"chr18"	"CpG"	"hg38"
62.9	786	"chr19"	"CpG"	"hg38"
62.9	2336	"chr2"	"CpG"	"hg38"
62.9	854	"chr20"	"CpG"	"hg38"
62.9	450	"chr21"	"CpG"	"hg38"
62.9	544	"chr22"	"CpG"	"hg38"
62.9	1850	"chr3"	"CpG"	"hg38"
62.9	1742	"chr4"	"CpG"	"hg38"
62.9	1624	"chr5"	"CpG"	"hg38"
62.9	1678	"chr6"	"CpG"	"hg38"
62.9	1702	"chr7"	"CpG"	"hg38"
62.9	1546	"chr8"	"CpG"	"hg38"
62.9	1304	"chr9"	"CpG"	"hg38"
62.9	1230	"chrX"	"CpG"	"hg38"
62.9	198	"chrY"	"CpG"	"hg38"
63	2466	"chr1"	"CpG"	"hg38"
63	1556	"chr10"	"CpG"	"hg38"
63	1484	"chr11"	"CpG"	"hg38"
63	1350	"chr12"	"CpG"	"hg38"
63	1110	"chr13"	"CpG"	"hg38"
63	902	"chr14"	"CpG"	"hg38"
63	968	"chr15"	"CpG"	"hg38"
63	1154	"chr16"	"CpG"	"hg38"
63	1090	"chr17"	"CpG"	"hg38"
63	916	"chr18"	"CpG"	"hg38"
63	834	"chr19"	"CpG"	"hg38"
63	2356	"chr2"	"CpG"	"hg38"
63	798	"chr20"	"CpG"	"hg38"
63	482	"chr21"	"CpG"	"hg38"
63	612	"chr22"	"CpG"	"hg38"
63	1866	"chr3"	"CpG"	"hg38"
63	1682	"chr4"	"CpG"	"hg38"
63	1668	"chr5"	"CpG"	"hg38"
63	1552	"chr6"	"CpG"	"hg38"
63	1812	"chr7"	"CpG"	"hg38"
63	1660	"chr8"	"CpG"	"hg38"
63	1328	"chr9"	"CpG"	"hg38"
63	1130	"chrX"	"CpG"	"hg38"
63	184	"chrY"	"CpG"	"hg38"
63.1	2542	"chr1"	"CpG"	"hg38"
63.1	1690	"chr10"	"CpG"	"hg38"
63.1	1460	"chr11"	"CpG"	"hg38"
63.1	1424	"chr12"	"CpG"	"hg38"
63.1	952	"chr13"	"CpG"	"hg38"
63.1	796	"chr14"	"CpG"	"hg38"
63.1	922	"chr15"	"CpG"	"hg38"
63.1	1206	"chr16"	"CpG"	"hg38"
63.1	1038	"chr17"	"CpG"	"hg38"
63.1	908	"chr18"	"CpG"	"hg38"
63.1	814	"chr19"	"CpG"	"hg38"
63.1	2346	"chr2"	"CpG"	"hg38"
63.1	884	"chr20"	"CpG"	"hg38"
63.1	488	"chr21"	"CpG"	"hg38"
63.1	554	"chr22"	"CpG"	"hg38"
63.1	1800	"chr3"	"CpG"	"hg38"
63.1	1716	"chr4"	"CpG"	"hg38"
63.1	1580	"chr5"	"CpG"	"hg38"
63.1	1568	"chr6"	"CpG"	"hg38"
63.1	1716	"chr7"	"CpG"	"hg38"
63.1	1598	"chr8"	"CpG"	"hg38"
63.1	1320	"chr9"	"CpG"	"hg38"
63.1	1144	"chrX"	"CpG"	"hg38"
63.1	188	"chrY"	"CpG"	"hg38"
63.2	2594	"chr1"	"CpG"	"hg38"
63.2	1562	"chr10"	"CpG"	"hg38"
63.2	1486	"chr11"	"CpG"	"hg38"
63.2	1272	"chr12"	"CpG"	"hg38"
63.2	1008	"chr13"	"CpG"	"hg38"
63.2	876	"chr14"	"CpG"	"hg38"
63.2	892	"chr15"	"CpG"	"hg38"
63.2	1088	"chr16"	"CpG"	"hg38"
63.2	1120	"chr17"	"CpG"	"hg38"
63.2	966	"chr18"	"CpG"	"hg38"
63.2	802	"chr19"	"CpG"	"hg38"
63.2	2394	"chr2"	"CpG"	"hg38"
63.2	818	"chr20"	"CpG"	"hg38"
63.2	438	"chr21"	"CpG"	"hg38"
63.2	574	"chr22"	"CpG"	"hg38"
63.2	1892	"chr3"	"CpG"	"hg38"
63.2	1720	"chr4"	"CpG"	"hg38"
63.2	1866	"chr5"	"CpG"	"hg38"
63.2	1630	"chr6"	"CpG"	"hg38"
63.2	1642	"chr7"	"CpG"	"hg38"
63.2	1412	"chr8"	"CpG"	"hg38"
63.2	1272	"chr9"	"CpG"	"hg38"
63.2	1154	"chrX"	"CpG"	"hg38"
63.2	150	"chrY"	"CpG"	"hg38"
63.3	2484	"chr1"	"CpG"	"hg38"
63.3	1696	"chr10"	"CpG"	"hg38"
63.3	1500	"chr11"	"CpG"	"hg38"
63.3	1274	"chr12"	"CpG"	"hg38"
63.3	1010	"chr13"	"CpG"	"hg38"
63.3	882	"chr14"	"CpG"	"hg38"
63.3	968	"chr15"	"CpG"	"hg38"
63.3	1198	"chr16"	"CpG"	"hg38"
63.3	1058	"chr17"	"CpG"	"hg38"
63.3	846	"chr18"	"CpG"	"hg38"
63.3	830	"chr19"	"CpG"	"hg38"
63.3	2358	"chr2"	"CpG"	"hg38"
63.3	880	"chr20"	"CpG"	"hg38"
63.3	450	"chr21"	"CpG"	"hg38"
63.3	604	"chr22"	"CpG"	"hg38"
63.3	1896	"chr3"	"CpG"	"hg38"
63.3	1784	"chr4"	"CpG"	"hg38"
63.3	1670	"chr5"	"CpG"	"hg38"
63.3	1584	"chr6"	"CpG"	"hg38"
63.3	1710	"chr7"	"CpG"	"hg38"
63.3	1490	"chr8"	"CpG"	"hg38"
63.3	1360	"chr9"	"CpG"	"hg38"
63.3	1170	"chrX"	"CpG"	"hg38"
63.3	192	"chrY"	"CpG"	"hg38"
63.4	2474	"chr1"	"CpG"	"hg38"
63.4	1504	"chr10"	"CpG"	"hg38"
63.4	1518	"chr11"	"CpG"	"hg38"
63.4	1230	"chr12"	"CpG"	"hg38"
63.4	928	"chr13"	"CpG"	"hg38"
63.4	914	"chr14"	"CpG"	"hg38"
63.4	938	"chr15"	"CpG"	"hg38"
63.4	1216	"chr16"	"CpG"	"hg38"
63.4	1078	"chr17"	"CpG"	"hg38"
63.4	886	"chr18"	"CpG"	"hg38"
63.4	784	"chr19"	"CpG"	"hg38"
63.4	2446	"chr2"	"CpG"	"hg38"
63.4	880	"chr20"	"CpG"	"hg38"
63.4	438	"chr21"	"CpG"	"hg38"
63.4	604	"chr22"	"CpG"	"hg38"
63.4	1818	"chr3"	"CpG"	"hg38"
63.4	1730	"chr4"	"CpG"	"hg38"
63.4	1752	"chr5"	"CpG"	"hg38"
63.4	1590	"chr6"	"CpG"	"hg38"
63.4	1798	"chr7"	"CpG"	"hg38"
63.4	1688	"chr8"	"CpG"	"hg38"
63.4	1246	"chr9"	"CpG"	"hg38"
63.4	1104	"chrX"	"CpG"	"hg38"
63.4	184	"chrY"	"CpG"	"hg38"
63.5	2468	"chr1"	"CpG"	"hg38"
63.5	1690	"chr10"	"CpG"	"hg38"
63.5	1530	"chr11"	"CpG"	"hg38"
63.5	1456	"chr12"	"CpG"	"hg38"
63.5	928	"chr13"	"CpG"	"hg38"
63.5	876	"chr14"	"CpG"	"hg38"
63.5	976	"chr15"	"CpG"	"hg38"
63.5	1206	"chr16"	"CpG"	"hg38"
63.5	1056	"chr17"	"CpG"	"hg38"
63.5	898	"chr18"	"CpG"	"hg38"
63.5	808	"chr19"	"CpG"	"hg38"
63.5	2410	"chr2"	"CpG"	"hg38"
63.5	892	"chr20"	"CpG"	"hg38"
63.5	490	"chr21"	"CpG"	"hg38"
63.5	614	"chr22"	"CpG"	"hg38"
63.5	1838	"chr3"	"CpG"	"hg38"
63.5	1850	"chr4"	"CpG"	"hg38"
63.5	1672	"chr5"	"CpG"	"hg38"
63.5	1566	"chr6"	"CpG"	"hg38"
63.5	1744	"chr7"	"CpG"	"hg38"
63.5	1504	"chr8"	"CpG"	"hg38"
63.5	1332	"chr9"	"CpG"	"hg38"
63.5	1116	"chrX"	"CpG"	"hg38"
63.5	168	"chrY"	"CpG"	"hg38"
63.6	2520	"chr1"	"CpG"	"hg38"
63.6	1528	"chr10"	"CpG"	"hg38"
63.6	1434	"chr11"	"CpG"	"hg38"
63.6	1272	"chr12"	"CpG"	"hg38"
63.6	1060	"chr13"	"CpG"	"hg38"
63.6	832	"chr14"	"CpG"	"hg38"
63.6	990	"chr15"	"CpG"	"hg38"
63.6	1116	"chr16"	"CpG"	"hg38"
63.6	1094	"chr17"	"CpG"	"hg38"
63.6	932	"chr18"	"CpG"	"hg38"
63.6	848	"chr19"	"CpG"	"hg38"
63.6	2466	"chr2"	"CpG"	"hg38"
63.6	870	"chr20"	"CpG"	"hg38"
63.6	450	"chr21"	"CpG"	"hg38"
63.6	560	"chr22"	"CpG"	"hg38"
63.6	1842	"chr3"	"CpG"	"hg38"
63.6	1798	"chr4"	"CpG"	"hg38"
63.6	1634	"chr5"	"CpG"	"hg38"
63.6	1576	"chr6"	"CpG"	"hg38"
63.6	1750	"chr7"	"CpG"	"hg38"
63.6	1602	"chr8"	"CpG"	"hg38"
63.6	1334	"chr9"	"CpG"	"hg38"
63.6	1192	"chrX"	"CpG"	"hg38"
63.6	186	"chrY"	"CpG"	"hg38"
63.7	2516	"chr1"	"CpG"	"hg38"
63.7	1440	"chr10"	"CpG"	"hg38"
63.7	1410	"chr11"	"CpG"	"hg38"
63.7	1384	"chr12"	"CpG"	"hg38"
63.7	1016	"chr13"	"CpG"	"hg38"
63.7	940	"chr14"	"CpG"	"hg38"
63.7	1008	"chr15"	"CpG"	"hg38"
63.7	1158	"chr16"	"CpG"	"hg38"
63.7	1004	"chr17"	"CpG"	"hg38"
63.7	892	"chr18"	"CpG"	"hg38"
63.7	874	"chr19"	"CpG"	"hg38"
63.7	2354	"chr2"	"CpG"	"hg38"
63.7	860	"chr20"	"CpG"	"hg38"
63.7	440	"chr21"	"CpG"	"hg38"
63.7	648	"chr22"	"CpG"	"hg38"
63.7	1778	"chr3"	"CpG"	"hg38"
63.7	1636	"chr4"	"CpG"	"hg38"
63.7	1692	"chr5"	"CpG"	"hg38"
63.7	1644	"chr6"	"CpG"	"hg38"
63.7	1696	"chr7"	"CpG"	"hg38"
63.7	1544	"chr8"	"CpG"	"hg38"
63.7	1268	"chr9"	"CpG"	"hg38"
63.7	1238	"chrX"	"CpG"	"hg38"
63.7	182	"chrY"	"CpG"	"hg38"
63.8	2454	"chr1"	"CpG"	"hg38"
63.8	1534	"chr10"	"CpG"	"hg38"
63.8	1424	"chr11"	"CpG"	"hg38"
63.8	1304	"chr12"	"CpG"	"hg38"
63.8	1034	"chr13"	"CpG"	"hg38"
63.8	856	"chr14"	"CpG"	"hg38"
63.8	940	"chr15"	"CpG"	"hg38"
63.8	1210	"chr16"	"CpG"	"hg38"
63.8	924	"chr17"	"CpG"	"hg38"
63.8	968	"chr18"	"CpG"	"hg38"
63.8	820	"chr19"	"CpG"	"hg38"
63.8	2394	"chr2"	"CpG"	"hg38"
63.8	832	"chr20"	"CpG"	"hg38"
63.8	474	"chr21"	"CpG"	"hg38"
63.8	582	"chr22"	"CpG"	"hg38"
63.8	1962	"chr3"	"CpG"	"hg38"
63.8	1828	"chr4"	"CpG"	"hg38"
63.8	1716	"chr5"	"CpG"	"hg38"
63.8	1554	"chr6"	"CpG"	"hg38"
63.8	1702	"chr7"	"CpG"	"hg38"
63.8	1486	"chr8"	"CpG"	"hg38"
63.8	1326	"chr9"	"CpG"	"hg38"
63.8	1134	"chrX"	"CpG"	"hg38"
63.8	192	"chrY"	"CpG"	"hg38"
63.9	2528	"chr1"	"CpG"	"hg38"
63.9	1510	"chr10"	"CpG"	"hg38"
63.9	1388	"chr11"	"CpG"	"hg38"
63.9	1278	"chr12"	"CpG"	"hg38"
63.9	982	"chr13"	"CpG"	"hg38"
63.9	836	"chr14"	"CpG"	"hg38"
63.9	964	"chr15"	"CpG"	"hg38"
63.9	1128	"chr16"	"CpG"	"hg38"
63.9	1038	"chr17"	"CpG"	"hg38"
63.9	962	"chr18"	"CpG"	"hg38"
63.9	856	"chr19"	"CpG"	"hg38"
63.9	2248	"chr2"	"CpG"	"hg38"
63.9	846	"chr20"	"CpG"	"hg38"
63.9	486	"chr21"	"CpG"	"hg38"
63.9	590	"chr22"	"CpG"	"hg38"
63.9	1756	"chr3"	"CpG"	"hg38"
63.9	1736	"chr4"	"CpG"	"hg38"
63.9	1678	"chr5"	"CpG"	"hg38"
63.9	1644	"chr6"	"CpG"	"hg38"
63.9	1650	"chr7"	"CpG"	"hg38"
63.9	1496	"chr8"	"CpG"	"hg38"
63.9	1308	"chr9"	"CpG"	"hg38"
63.9	1170	"chrX"	"CpG"	"hg38"
63.9	186	"chrY"	"CpG"	"hg38"
64	2634	"chr1"	"CpG"	"hg38"
64	1526	"chr10"	"CpG"	"hg38"
64	1504	"chr11"	"CpG"	"hg38"
64	1416	"chr12"	"CpG"	"hg38"
64	992	"chr13"	"CpG"	"hg38"
64	880	"chr14"	"CpG"	"hg38"
64	800	"chr15"	"CpG"	"hg38"
64	1192	"chr16"	"CpG"	"hg38"
64	1020	"chr17"	"CpG"	"hg38"
64	944	"chr18"	"CpG"	"hg38"
64	838	"chr19"	"CpG"	"hg38"
64	2434	"chr2"	"CpG"	"hg38"
64	924	"chr20"	"CpG"	"hg38"
64	492	"chr21"	"CpG"	"hg38"
64	548	"chr22"	"CpG"	"hg38"
64	1828	"chr3"	"CpG"	"hg38"
64	1720	"chr4"	"CpG"	"hg38"
64	1638	"chr5"	"CpG"	"hg38"
64	1592	"chr6"	"CpG"	"hg38"
64	1806	"chr7"	"CpG"	"hg38"
64	1526	"chr8"	"CpG"	"hg38"
64	1372	"chr9"	"CpG"	"hg38"
64	1212	"chrX"	"CpG"	"hg38"
64	178	"chrY"	"CpG"	"hg38"
64.1	2552	"chr1"	"CpG"	"hg38"
64.1	1536	"chr10"	"CpG"	"hg38"
64.1	1564	"chr11"	"CpG"	"hg38"
64.1	1314	"chr12"	"CpG"	"hg38"
64.1	1002	"chr13"	"CpG"	"hg38"
64.1	856	"chr14"	"CpG"	"hg38"
64.1	924	"chr15"	"CpG"	"hg38"
64.1	1222	"chr16"	"CpG"	"hg38"
64.1	1046	"chr17"	"CpG"	"hg38"
64.1	940	"chr18"	"CpG"	"hg38"
64.1	894	"chr19"	"CpG"	"hg38"
64.1	2398	"chr2"	"CpG"	"hg38"
64.1	860	"chr20"	"CpG"	"hg38"
64.1	480	"chr21"	"CpG"	"hg38"
64.1	590	"chr22"	"CpG"	"hg38"
64.1	1836	"chr3"	"CpG"	"hg38"
64.1	1708	"chr4"	"CpG"	"hg38"
64.1	1798	"chr5"	"CpG"	"hg38"
64.1	1526	"chr6"	"CpG"	"hg38"
64.1	1754	"chr7"	"CpG"	"hg38"
64.1	1524	"chr8"	"CpG"	"hg38"
64.1	1216	"chr9"	"CpG"	"hg38"
64.1	1204	"chrX"	"CpG"	"hg38"
64.1	156	"chrY"	"CpG"	"hg38"
64.2	2610	"chr1"	"CpG"	"hg38"
64.2	1628	"chr10"	"CpG"	"hg38"
64.2	1438	"chr11"	"CpG"	"hg38"
64.2	1360	"chr12"	"CpG"	"hg38"
64.2	1048	"chr13"	"CpG"	"hg38"
64.2	840	"chr14"	"CpG"	"hg38"
64.2	872	"chr15"	"CpG"	"hg38"
64.2	1248	"chr16"	"CpG"	"hg38"
64.2	1106	"chr17"	"CpG"	"hg38"
64.2	960	"chr18"	"CpG"	"hg38"
64.2	872	"chr19"	"CpG"	"hg38"
64.2	2430	"chr2"	"CpG"	"hg38"
64.2	866	"chr20"	"CpG"	"hg38"
64.2	414	"chr21"	"CpG"	"hg38"
64.2	630	"chr22"	"CpG"	"hg38"
64.2	1894	"chr3"	"CpG"	"hg38"
64.2	1768	"chr4"	"CpG"	"hg38"
64.2	1732	"chr5"	"CpG"	"hg38"
64.2	1680	"chr6"	"CpG"	"hg38"
64.2	1654	"chr7"	"CpG"	"hg38"
64.2	1576	"chr8"	"CpG"	"hg38"
64.2	1252	"chr9"	"CpG"	"hg38"
64.2	1078	"chrX"	"CpG"	"hg38"
64.2	182	"chrY"	"CpG"	"hg38"
64.3	2494	"chr1"	"CpG"	"hg38"
64.3	1618	"chr10"	"CpG"	"hg38"
64.3	1538	"chr11"	"CpG"	"hg38"
64.3	1374	"chr12"	"CpG"	"hg38"
64.3	994	"chr13"	"CpG"	"hg38"
64.3	910	"chr14"	"CpG"	"hg38"
64.3	1010	"chr15"	"CpG"	"hg38"
64.3	1162	"chr16"	"CpG"	"hg38"
64.3	1066	"chr17"	"CpG"	"hg38"
64.3	922	"chr18"	"CpG"	"hg38"
64.3	848	"chr19"	"CpG"	"hg38"
64.3	2436	"chr2"	"CpG"	"hg38"
64.3	824	"chr20"	"CpG"	"hg38"
64.3	500	"chr21"	"CpG"	"hg38"
64.3	572	"chr22"	"CpG"	"hg38"
64.3	1734	"chr3"	"CpG"	"hg38"
64.3	1854	"chr4"	"CpG"	"hg38"
64.3	1660	"chr5"	"CpG"	"hg38"
64.3	1634	"chr6"	"CpG"	"hg38"
64.3	1802	"chr7"	"CpG"	"hg38"
64.3	1540	"chr8"	"CpG"	"hg38"
64.3	1258	"chr9"	"CpG"	"hg38"
64.3	1174	"chrX"	"CpG"	"hg38"
64.3	194	"chrY"	"CpG"	"hg38"
64.4	2534	"chr1"	"CpG"	"hg38"
64.4	1538	"chr10"	"CpG"	"hg38"
64.4	1454	"chr11"	"CpG"	"hg38"
64.4	1350	"chr12"	"CpG"	"hg38"
64.4	1036	"chr13"	"CpG"	"hg38"
64.4	922	"chr14"	"CpG"	"hg38"
64.4	1006	"chr15"	"CpG"	"hg38"
64.4	1174	"chr16"	"CpG"	"hg38"
64.4	1072	"chr17"	"CpG"	"hg38"
64.4	890	"chr18"	"CpG"	"hg38"
64.4	784	"chr19"	"CpG"	"hg38"
64.4	2320	"chr2"	"CpG"	"hg38"
64.4	810	"chr20"	"CpG"	"hg38"
64.4	468	"chr21"	"CpG"	"hg38"
64.4	580	"chr22"	"CpG"	"hg38"
64.4	1830	"chr3"	"CpG"	"hg38"
64.4	1856	"chr4"	"CpG"	"hg38"
64.4	1678	"chr5"	"CpG"	"hg38"
64.4	1642	"chr6"	"CpG"	"hg38"
64.4	1718	"chr7"	"CpG"	"hg38"
64.4	1576	"chr8"	"CpG"	"hg38"
64.4	1298	"chr9"	"CpG"	"hg38"
64.4	1166	"chrX"	"CpG"	"hg38"
64.4	182	"chrY"	"CpG"	"hg38"
64.5	2524	"chr1"	"CpG"	"hg38"
64.5	1526	"chr10"	"CpG"	"hg38"
64.5	1486	"chr11"	"CpG"	"hg38"
64.5	1288	"chr12"	"CpG"	"hg38"
64.5	1048	"chr13"	"CpG"	"hg38"
64.5	834	"chr14"	"CpG"	"hg38"
64.5	890	"chr15"	"CpG"	"hg38"
64.5	1234	"chr16"	"CpG"	"hg38"
64.5	1102	"chr17"	"CpG"	"hg38"
64.5	924	"chr18"	"CpG"	"hg38"
64.5	820	"chr19"	"CpG"	"hg38"
64.5	2370	"chr2"	"CpG"	"hg38"
64.5	818	"chr20"	"CpG"	"hg38"
64.5	454	"chr21"	"CpG"	"hg38"
64.5	660	"chr22"	"CpG"	"hg38"
64.5	1750	"chr3"	"CpG"	"hg38"
64.5	1730	"chr4"	"CpG"	"hg38"
64.5	1650	"chr5"	"CpG"	"hg38"
64.5	1602	"chr6"	"CpG"	"hg38"
64.5	1854	"chr7"	"CpG"	"hg38"
64.5	1486	"chr8"	"CpG"	"hg38"
64.5	1312	"chr9"	"CpG"	"hg38"
64.5	1158	"chrX"	"CpG"	"hg38"
64.5	192	"chrY"	"CpG"	"hg38"
64.6	2340	"chr1"	"CpG"	"hg38"
64.6	1602	"chr10"	"CpG"	"hg38"
64.6	1544	"chr11"	"CpG"	"hg38"
64.6	1424	"chr12"	"CpG"	"hg38"
64.6	1080	"chr13"	"CpG"	"hg38"
64.6	814	"chr14"	"CpG"	"hg38"
64.6	974	"chr15"	"CpG"	"hg38"
64.6	1134	"chr16"	"CpG"	"hg38"
64.6	1124	"chr17"	"CpG"	"hg38"
64.6	900	"chr18"	"CpG"	"hg38"
64.6	896	"chr19"	"CpG"	"hg38"
64.6	2418	"chr2"	"CpG"	"hg38"
64.6	858	"chr20"	"CpG"	"hg38"
64.6	500	"chr21"	"CpG"	"hg38"
64.6	578	"chr22"	"CpG"	"hg38"
64.6	1858	"chr3"	"CpG"	"hg38"
64.6	1764	"chr4"	"CpG"	"hg38"
64.6	1752	"chr5"	"CpG"	"hg38"
64.6	1666	"chr6"	"CpG"	"hg38"
64.6	1698	"chr7"	"CpG"	"hg38"
64.6	1542	"chr8"	"CpG"	"hg38"
64.6	1344	"chr9"	"CpG"	"hg38"
64.6	1138	"chrX"	"CpG"	"hg38"
64.6	198	"chrY"	"CpG"	"hg38"
64.7	2448	"chr1"	"CpG"	"hg38"
64.7	1572	"chr10"	"CpG"	"hg38"
64.7	1412	"chr11"	"CpG"	"hg38"
64.7	1428	"chr12"	"CpG"	"hg38"
64.7	910	"chr13"	"CpG"	"hg38"
64.7	836	"chr14"	"CpG"	"hg38"
64.7	936	"chr15"	"CpG"	"hg38"
64.7	1144	"chr16"	"CpG"	"hg38"
64.7	1102	"chr17"	"CpG"	"hg38"
64.7	850	"chr18"	"CpG"	"hg38"
64.7	822	"chr19"	"CpG"	"hg38"
64.7	2272	"chr2"	"CpG"	"hg38"
64.7	920	"chr20"	"CpG"	"hg38"
64.7	446	"chr21"	"CpG"	"hg38"
64.7	610	"chr22"	"CpG"	"hg38"
64.7	1774	"chr3"	"CpG"	"hg38"
64.7	1700	"chr4"	"CpG"	"hg38"
64.7	1664	"chr5"	"CpG"	"hg38"
64.7	1532	"chr6"	"CpG"	"hg38"
64.7	1610	"chr7"	"CpG"	"hg38"
64.7	1544	"chr8"	"CpG"	"hg38"
64.7	1248	"chr9"	"CpG"	"hg38"
64.7	1180	"chrX"	"CpG"	"hg38"
64.7	140	"chrY"	"CpG"	"hg38"
64.8	2422	"chr1"	"CpG"	"hg38"
64.8	1566	"chr10"	"CpG"	"hg38"
64.8	1430	"chr11"	"CpG"	"hg38"
64.8	1368	"chr12"	"CpG"	"hg38"
64.8	1078	"chr13"	"CpG"	"hg38"
64.8	828	"chr14"	"CpG"	"hg38"
64.8	1008	"chr15"	"CpG"	"hg38"
64.8	1234	"chr16"	"CpG"	"hg38"
64.8	1072	"chr17"	"CpG"	"hg38"
64.8	940	"chr18"	"CpG"	"hg38"
64.8	784	"chr19"	"CpG"	"hg38"
64.8	2226	"chr2"	"CpG"	"hg38"
64.8	890	"chr20"	"CpG"	"hg38"
64.8	458	"chr21"	"CpG"	"hg38"
64.8	618	"chr22"	"CpG"	"hg38"
64.8	1786	"chr3"	"CpG"	"hg38"
64.8	1706	"chr4"	"CpG"	"hg38"
64.8	1702	"chr5"	"CpG"	"hg38"
64.8	1620	"chr6"	"CpG"	"hg38"
64.8	1688	"chr7"	"CpG"	"hg38"
64.8	1538	"chr8"	"CpG"	"hg38"
64.8	1286	"chr9"	"CpG"	"hg38"
64.8	1216	"chrX"	"CpG"	"hg38"
64.8	196	"chrY"	"CpG"	"hg38"
64.9	2542	"chr1"	"CpG"	"hg38"
64.9	1652	"chr10"	"CpG"	"hg38"
64.9	1480	"chr11"	"CpG"	"hg38"
64.9	1388	"chr12"	"CpG"	"hg38"
64.9	1090	"chr13"	"CpG"	"hg38"
64.9	810	"chr14"	"CpG"	"hg38"
64.9	918	"chr15"	"CpG"	"hg38"
64.9	1258	"chr16"	"CpG"	"hg38"
64.9	982	"chr17"	"CpG"	"hg38"
64.9	976	"chr18"	"CpG"	"hg38"
64.9	824	"chr19"	"CpG"	"hg38"
64.9	2542	"chr2"	"CpG"	"hg38"
64.9	888	"chr20"	"CpG"	"hg38"
64.9	434	"chr21"	"CpG"	"hg38"
64.9	570	"chr22"	"CpG"	"hg38"
64.9	1822	"chr3"	"CpG"	"hg38"
64.9	1794	"chr4"	"CpG"	"hg38"
64.9	1700	"chr5"	"CpG"	"hg38"
64.9	1702	"chr6"	"CpG"	"hg38"
64.9	1762	"chr7"	"CpG"	"hg38"
64.9	1522	"chr8"	"CpG"	"hg38"
64.9	1346	"chr9"	"CpG"	"hg38"
64.9	1144	"chrX"	"CpG"	"hg38"
64.9	200	"chrY"	"CpG"	"hg38"
65	2492	"chr1"	"CpG"	"hg38"
65	1634	"chr10"	"CpG"	"hg38"
65	1490	"chr11"	"CpG"	"hg38"
65	1306	"chr12"	"CpG"	"hg38"
65	940	"chr13"	"CpG"	"hg38"
65	878	"chr14"	"CpG"	"hg38"
65	934	"chr15"	"CpG"	"hg38"
65	1160	"chr16"	"CpG"	"hg38"
65	1112	"chr17"	"CpG"	"hg38"
65	914	"chr18"	"CpG"	"hg38"
65	792	"chr19"	"CpG"	"hg38"
65	2418	"chr2"	"CpG"	"hg38"
65	858	"chr20"	"CpG"	"hg38"
65	504	"chr21"	"CpG"	"hg38"
65	608	"chr22"	"CpG"	"hg38"
65	1862	"chr3"	"CpG"	"hg38"
65	1780	"chr4"	"CpG"	"hg38"
65	1806	"chr5"	"CpG"	"hg38"
65	1590	"chr6"	"CpG"	"hg38"
65	1758	"chr7"	"CpG"	"hg38"
65	1584	"chr8"	"CpG"	"hg38"
65	1334	"chr9"	"CpG"	"hg38"
65	1134	"chrX"	"CpG"	"hg38"
65	186	"chrY"	"CpG"	"hg38"
65.1	2666	"chr1"	"CpG"	"hg38"
65.1	1562	"chr10"	"CpG"	"hg38"
65.1	1536	"chr11"	"CpG"	"hg38"
65.1	1410	"chr12"	"CpG"	"hg38"
65.1	948	"chr13"	"CpG"	"hg38"
65.1	924	"chr14"	"CpG"	"hg38"
65.1	960	"chr15"	"CpG"	"hg38"
65.1	1202	"chr16"	"CpG"	"hg38"
65.1	1036	"chr17"	"CpG"	"hg38"
65.1	868	"chr18"	"CpG"	"hg38"
65.1	810	"chr19"	"CpG"	"hg38"
65.1	2324	"chr2"	"CpG"	"hg38"
65.1	864	"chr20"	"CpG"	"hg38"
65.1	476	"chr21"	"CpG"	"hg38"
65.1	560	"chr22"	"CpG"	"hg38"
65.1	1842	"chr3"	"CpG"	"hg38"
65.1	1756	"chr4"	"CpG"	"hg38"
65.1	1686	"chr5"	"CpG"	"hg38"
65.1	1720	"chr6"	"CpG"	"hg38"
65.1	1738	"chr7"	"CpG"	"hg38"
65.1	1522	"chr8"	"CpG"	"hg38"
65.1	1238	"chr9"	"CpG"	"hg38"
65.1	1076	"chrX"	"CpG"	"hg38"
65.1	182	"chrY"	"CpG"	"hg38"
65.2	2506	"chr1"	"CpG"	"hg38"
65.2	1688	"chr10"	"CpG"	"hg38"
65.2	1470	"chr11"	"CpG"	"hg38"
65.2	1354	"chr12"	"CpG"	"hg38"
65.2	1020	"chr13"	"CpG"	"hg38"
65.2	950	"chr14"	"CpG"	"hg38"
65.2	936	"chr15"	"CpG"	"hg38"
65.2	1266	"chr16"	"CpG"	"hg38"
65.2	1058	"chr17"	"CpG"	"hg38"
65.2	934	"chr18"	"CpG"	"hg38"
65.2	872	"chr19"	"CpG"	"hg38"
65.2	2574	"chr2"	"CpG"	"hg38"
65.2	836	"chr20"	"CpG"	"hg38"
65.2	428	"chr21"	"CpG"	"hg38"
65.2	566	"chr22"	"CpG"	"hg38"
65.2	1780	"chr3"	"CpG"	"hg38"
65.2	1816	"chr4"	"CpG"	"hg38"
65.2	1744	"chr5"	"CpG"	"hg38"
65.2	1656	"chr6"	"CpG"	"hg38"
65.2	1768	"chr7"	"CpG"	"hg38"
65.2	1562	"chr8"	"CpG"	"hg38"
65.2	1230	"chr9"	"CpG"	"hg38"
65.2	1200	"chrX"	"CpG"	"hg38"
65.2	214	"chrY"	"CpG"	"hg38"
65.3	2464	"chr1"	"CpG"	"hg38"
65.3	1590	"chr10"	"CpG"	"hg38"
65.3	1484	"chr11"	"CpG"	"hg38"
65.3	1366	"chr12"	"CpG"	"hg38"
65.3	1000	"chr13"	"CpG"	"hg38"
65.3	882	"chr14"	"CpG"	"hg38"
65.3	902	"chr15"	"CpG"	"hg38"
65.3	1218	"chr16"	"CpG"	"hg38"
65.3	1070	"chr17"	"CpG"	"hg38"
65.3	898	"chr18"	"CpG"	"hg38"
65.3	810	"chr19"	"CpG"	"hg38"
65.3	2530	"chr2"	"CpG"	"hg38"
65.3	870	"chr20"	"CpG"	"hg38"
65.3	432	"chr21"	"CpG"	"hg38"
65.3	598	"chr22"	"CpG"	"hg38"
65.3	1826	"chr3"	"CpG"	"hg38"
65.3	1816	"chr4"	"CpG"	"hg38"
65.3	1696	"chr5"	"CpG"	"hg38"
65.3	1462	"chr6"	"CpG"	"hg38"
65.3	1716	"chr7"	"CpG"	"hg38"
65.3	1482	"chr8"	"CpG"	"hg38"
65.3	1332	"chr9"	"CpG"	"hg38"
65.3	1086	"chrX"	"CpG"	"hg38"
65.3	158	"chrY"	"CpG"	"hg38"
65.4	2626	"chr1"	"CpG"	"hg38"
65.4	1586	"chr10"	"CpG"	"hg38"
65.4	1412	"chr11"	"CpG"	"hg38"
65.4	1352	"chr12"	"CpG"	"hg38"
65.4	1040	"chr13"	"CpG"	"hg38"
65.4	900	"chr14"	"CpG"	"hg38"
65.4	938	"chr15"	"CpG"	"hg38"
65.4	1258	"chr16"	"CpG"	"hg38"
65.4	1026	"chr17"	"CpG"	"hg38"
65.4	952	"chr18"	"CpG"	"hg38"
65.4	816	"chr19"	"CpG"	"hg38"
65.4	2332	"chr2"	"CpG"	"hg38"
65.4	826	"chr20"	"CpG"	"hg38"
65.4	466	"chr21"	"CpG"	"hg38"
65.4	576	"chr22"	"CpG"	"hg38"
65.4	1890	"chr3"	"CpG"	"hg38"
65.4	1768	"chr4"	"CpG"	"hg38"
65.4	1736	"chr5"	"CpG"	"hg38"
65.4	1606	"chr6"	"CpG"	"hg38"
65.4	1774	"chr7"	"CpG"	"hg38"
65.4	1698	"chr8"	"CpG"	"hg38"
65.4	1278	"chr9"	"CpG"	"hg38"
65.4	1144	"chrX"	"CpG"	"hg38"
65.4	200	"chrY"	"CpG"	"hg38"
65.5	2398	"chr1"	"CpG"	"hg38"
65.5	1702	"chr10"	"CpG"	"hg38"
65.5	1402	"chr11"	"CpG"	"hg38"
65.5	1444	"chr12"	"CpG"	"hg38"
65.5	1010	"chr13"	"CpG"	"hg38"
65.5	914	"chr14"	"CpG"	"hg38"
65.5	932	"chr15"	"CpG"	"hg38"
65.5	1234	"chr16"	"CpG"	"hg38"
65.5	1048	"chr17"	"CpG"	"hg38"
65.5	918	"chr18"	"CpG"	"hg38"
65.5	822	"chr19"	"CpG"	"hg38"
65.5	2416	"chr2"	"CpG"	"hg38"
65.5	810	"chr20"	"CpG"	"hg38"
65.5	498	"chr21"	"CpG"	"hg38"
65.5	618	"chr22"	"CpG"	"hg38"
65.5	1784	"chr3"	"CpG"	"hg38"
65.5	1810	"chr4"	"CpG"	"hg38"
65.5	1740	"chr5"	"CpG"	"hg38"
65.5	1614	"chr6"	"CpG"	"hg38"
65.5	1786	"chr7"	"CpG"	"hg38"
65.5	1624	"chr8"	"CpG"	"hg38"
65.5	1310	"chr9"	"CpG"	"hg38"
65.5	1202	"chrX"	"CpG"	"hg38"
65.5	172	"chrY"	"CpG"	"hg38"
65.6	2658	"chr1"	"CpG"	"hg38"
65.6	1564	"chr10"	"CpG"	"hg38"
65.6	1438	"chr11"	"CpG"	"hg38"
65.6	1316	"chr12"	"CpG"	"hg38"
65.6	946	"chr13"	"CpG"	"hg38"
65.6	854	"chr14"	"CpG"	"hg38"
65.6	986	"chr15"	"CpG"	"hg38"
65.6	1172	"chr16"	"CpG"	"hg38"
65.6	1030	"chr17"	"CpG"	"hg38"
65.6	932	"chr18"	"CpG"	"hg38"
65.6	894	"chr19"	"CpG"	"hg38"
65.6	2418	"chr2"	"CpG"	"hg38"
65.6	820	"chr20"	"CpG"	"hg38"
65.6	454	"chr21"	"CpG"	"hg38"
65.6	602	"chr22"	"CpG"	"hg38"
65.6	1852	"chr3"	"CpG"	"hg38"
65.6	1632	"chr4"	"CpG"	"hg38"
65.6	1760	"chr5"	"CpG"	"hg38"
65.6	1500	"chr6"	"CpG"	"hg38"
65.6	1634	"chr7"	"CpG"	"hg38"
65.6	1524	"chr8"	"CpG"	"hg38"
65.6	1326	"chr9"	"CpG"	"hg38"
65.6	1242	"chrX"	"CpG"	"hg38"
65.6	162	"chrY"	"CpG"	"hg38"
65.7	2470	"chr1"	"CpG"	"hg38"
65.7	1574	"chr10"	"CpG"	"hg38"
65.7	1388	"chr11"	"CpG"	"hg38"
65.7	1332	"chr12"	"CpG"	"hg38"
65.7	1034	"chr13"	"CpG"	"hg38"
65.7	874	"chr14"	"CpG"	"hg38"
65.7	852	"chr15"	"CpG"	"hg38"
65.7	1132	"chr16"	"CpG"	"hg38"
65.7	1070	"chr17"	"CpG"	"hg38"
65.7	950	"chr18"	"CpG"	"hg38"
65.7	814	"chr19"	"CpG"	"hg38"
65.7	2384	"chr2"	"CpG"	"hg38"
65.7	882	"chr20"	"CpG"	"hg38"
65.7	432	"chr21"	"CpG"	"hg38"
65.7	530	"chr22"	"CpG"	"hg38"
65.7	1818	"chr3"	"CpG"	"hg38"
65.7	1818	"chr4"	"CpG"	"hg38"
65.7	1770	"chr5"	"CpG"	"hg38"
65.7	1462	"chr6"	"CpG"	"hg38"
65.7	1692	"chr7"	"CpG"	"hg38"
65.7	1492	"chr8"	"CpG"	"hg38"
65.7	1396	"chr9"	"CpG"	"hg38"
65.7	1240	"chrX"	"CpG"	"hg38"
65.7	170	"chrY"	"CpG"	"hg38"
65.8	2402	"chr1"	"CpG"	"hg38"
65.8	1514	"chr10"	"CpG"	"hg38"
65.8	1462	"chr11"	"CpG"	"hg38"
65.8	1324	"chr12"	"CpG"	"hg38"
65.8	1002	"chr13"	"CpG"	"hg38"
65.8	826	"chr14"	"CpG"	"hg38"
65.8	940	"chr15"	"CpG"	"hg38"
65.8	1186	"chr16"	"CpG"	"hg38"
65.8	1032	"chr17"	"CpG"	"hg38"
65.8	892	"chr18"	"CpG"	"hg38"
65.8	860	"chr19"	"CpG"	"hg38"
65.8	2356	"chr2"	"CpG"	"hg38"
65.8	864	"chr20"	"CpG"	"hg38"
65.8	442	"chr21"	"CpG"	"hg38"
65.8	640	"chr22"	"CpG"	"hg38"
65.8	1722	"chr3"	"CpG"	"hg38"
65.8	1814	"chr4"	"CpG"	"hg38"
65.8	1814	"chr5"	"CpG"	"hg38"
65.8	1602	"chr6"	"CpG"	"hg38"
65.8	1770	"chr7"	"CpG"	"hg38"
65.8	1524	"chr8"	"CpG"	"hg38"
65.8	1344	"chr9"	"CpG"	"hg38"
65.8	1114	"chrX"	"CpG"	"hg38"
65.8	158	"chrY"	"CpG"	"hg38"
65.9	2504	"chr1"	"CpG"	"hg38"
65.9	1582	"chr10"	"CpG"	"hg38"
65.9	1506	"chr11"	"CpG"	"hg38"
65.9	1402	"chr12"	"CpG"	"hg38"
65.9	988	"chr13"	"CpG"	"hg38"
65.9	848	"chr14"	"CpG"	"hg38"
65.9	900	"chr15"	"CpG"	"hg38"
65.9	1242	"chr16"	"CpG"	"hg38"
65.9	1074	"chr17"	"CpG"	"hg38"
65.9	928	"chr18"	"CpG"	"hg38"
65.9	758	"chr19"	"CpG"	"hg38"
65.9	2406	"chr2"	"CpG"	"hg38"
65.9	906	"chr20"	"CpG"	"hg38"
65.9	440	"chr21"	"CpG"	"hg38"
65.9	606	"chr22"	"CpG"	"hg38"
65.9	1756	"chr3"	"CpG"	"hg38"
65.9	1750	"chr4"	"CpG"	"hg38"
65.9	1618	"chr5"	"CpG"	"hg38"
65.9	1618	"chr6"	"CpG"	"hg38"
65.9	1766	"chr7"	"CpG"	"hg38"
65.9	1486	"chr8"	"CpG"	"hg38"
65.9	1408	"chr9"	"CpG"	"hg38"
65.9	1106	"chrX"	"CpG"	"hg38"
65.9	186	"chrY"	"CpG"	"hg38"
66	2494	"chr1"	"CpG"	"hg38"
66	1514	"chr10"	"CpG"	"hg38"
66	1498	"chr11"	"CpG"	"hg38"
66	1326	"chr12"	"CpG"	"hg38"
66	994	"chr13"	"CpG"	"hg38"
66	966	"chr14"	"CpG"	"hg38"
66	898	"chr15"	"CpG"	"hg38"
66	1234	"chr16"	"CpG"	"hg38"
66	1084	"chr17"	"CpG"	"hg38"
66	908	"chr18"	"CpG"	"hg38"
66	860	"chr19"	"CpG"	"hg38"
66	2418	"chr2"	"CpG"	"hg38"
66	914	"chr20"	"CpG"	"hg38"
66	472	"chr21"	"CpG"	"hg38"
66	588	"chr22"	"CpG"	"hg38"
66	1852	"chr3"	"CpG"	"hg38"
66	1826	"chr4"	"CpG"	"hg38"
66	1628	"chr5"	"CpG"	"hg38"
66	1566	"chr6"	"CpG"	"hg38"
66	1646	"chr7"	"CpG"	"hg38"
66	1486	"chr8"	"CpG"	"hg38"
66	1414	"chr9"	"CpG"	"hg38"
66	1138	"chrX"	"CpG"	"hg38"
66	230	"chrY"	"CpG"	"hg38"
66.1	2478	"chr1"	"CpG"	"hg38"
66.1	1642	"chr10"	"CpG"	"hg38"
66.1	1430	"chr11"	"CpG"	"hg38"
66.1	1290	"chr12"	"CpG"	"hg38"
66.1	982	"chr13"	"CpG"	"hg38"
66.1	878	"chr14"	"CpG"	"hg38"
66.1	900	"chr15"	"CpG"	"hg38"
66.1	1214	"chr16"	"CpG"	"hg38"
66.1	1070	"chr17"	"CpG"	"hg38"
66.1	874	"chr18"	"CpG"	"hg38"
66.1	850	"chr19"	"CpG"	"hg38"
66.1	2326	"chr2"	"CpG"	"hg38"
66.1	846	"chr20"	"CpG"	"hg38"
66.1	458	"chr21"	"CpG"	"hg38"
66.1	624	"chr22"	"CpG"	"hg38"
66.1	1900	"chr3"	"CpG"	"hg38"
66.1	1624	"chr4"	"CpG"	"hg38"
66.1	1596	"chr5"	"CpG"	"hg38"
66.1	1546	"chr6"	"CpG"	"hg38"
66.1	1748	"chr7"	"CpG"	"hg38"
66.1	1560	"chr8"	"CpG"	"hg38"
66.1	1268	"chr9"	"CpG"	"hg38"
66.1	1260	"chrX"	"CpG"	"hg38"
66.1	132	"chrY"	"CpG"	"hg38"
66.2	2438	"chr1"	"CpG"	"hg38"
66.2	1570	"chr10"	"CpG"	"hg38"
66.2	1480	"chr11"	"CpG"	"hg38"
66.2	1404	"chr12"	"CpG"	"hg38"
66.2	1078	"chr13"	"CpG"	"hg38"
66.2	940	"chr14"	"CpG"	"hg38"
66.2	848	"chr15"	"CpG"	"hg38"
66.2	1198	"chr16"	"CpG"	"hg38"
66.2	1092	"chr17"	"CpG"	"hg38"
66.2	848	"chr18"	"CpG"	"hg38"
66.2	834	"chr19"	"CpG"	"hg38"
66.2	2386	"chr2"	"CpG"	"hg38"
66.2	796	"chr20"	"CpG"	"hg38"
66.2	446	"chr21"	"CpG"	"hg38"
66.2	570	"chr22"	"CpG"	"hg38"
66.2	1814	"chr3"	"CpG"	"hg38"
66.2	1726	"chr4"	"CpG"	"hg38"
66.2	1700	"chr5"	"CpG"	"hg38"
66.2	1560	"chr6"	"CpG"	"hg38"
66.2	1696	"chr7"	"CpG"	"hg38"
66.2	1492	"chr8"	"CpG"	"hg38"
66.2	1278	"chr9"	"CpG"	"hg38"
66.2	1216	"chrX"	"CpG"	"hg38"
66.2	204	"chrY"	"CpG"	"hg38"
66.3	2466	"chr1"	"CpG"	"hg38"
66.3	1696	"chr10"	"CpG"	"hg38"
66.3	1398	"chr11"	"CpG"	"hg38"
66.3	1292	"chr12"	"CpG"	"hg38"
66.3	1046	"chr13"	"CpG"	"hg38"
66.3	948	"chr14"	"CpG"	"hg38"
66.3	918	"chr15"	"CpG"	"hg38"
66.3	1150	"chr16"	"CpG"	"hg38"
66.3	1028	"chr17"	"CpG"	"hg38"
66.3	974	"chr18"	"CpG"	"hg38"
66.3	826	"chr19"	"CpG"	"hg38"
66.3	2288	"chr2"	"CpG"	"hg38"
66.3	908	"chr20"	"CpG"	"hg38"
66.3	452	"chr21"	"CpG"	"hg38"
66.3	636	"chr22"	"CpG"	"hg38"
66.3	1864	"chr3"	"CpG"	"hg38"
66.3	1638	"chr4"	"CpG"	"hg38"
66.3	1738	"chr5"	"CpG"	"hg38"
66.3	1594	"chr6"	"CpG"	"hg38"
66.3	1654	"chr7"	"CpG"	"hg38"
66.3	1498	"chr8"	"CpG"	"hg38"
66.3	1260	"chr9"	"CpG"	"hg38"
66.3	1238	"chrX"	"CpG"	"hg38"
66.3	194	"chrY"	"CpG"	"hg38"
66.4	2566	"chr1"	"CpG"	"hg38"
66.4	1676	"chr10"	"CpG"	"hg38"
66.4	1480	"chr11"	"CpG"	"hg38"
66.4	1318	"chr12"	"CpG"	"hg38"
66.4	998	"chr13"	"CpG"	"hg38"
66.4	866	"chr14"	"CpG"	"hg38"
66.4	858	"chr15"	"CpG"	"hg38"
66.4	1160	"chr16"	"CpG"	"hg38"
66.4	1024	"chr17"	"CpG"	"hg38"
66.4	924	"chr18"	"CpG"	"hg38"
66.4	868	"chr19"	"CpG"	"hg38"
66.4	2564	"chr2"	"CpG"	"hg38"
66.4	808	"chr20"	"CpG"	"hg38"
66.4	498	"chr21"	"CpG"	"hg38"
66.4	606	"chr22"	"CpG"	"hg38"
66.4	1790	"chr3"	"CpG"	"hg38"
66.4	1716	"chr4"	"CpG"	"hg38"
66.4	1790	"chr5"	"CpG"	"hg38"
66.4	1528	"chr6"	"CpG"	"hg38"
66.4	1842	"chr7"	"CpG"	"hg38"
66.4	1440	"chr8"	"CpG"	"hg38"
66.4	1312	"chr9"	"CpG"	"hg38"
66.4	1058	"chrX"	"CpG"	"hg38"
66.4	156	"chrY"	"CpG"	"hg38"
66.5	2442	"chr1"	"CpG"	"hg38"
66.5	1658	"chr10"	"CpG"	"hg38"
66.5	1570	"chr11"	"CpG"	"hg38"
66.5	1390	"chr12"	"CpG"	"hg38"
66.5	908	"chr13"	"CpG"	"hg38"
66.5	872	"chr14"	"CpG"	"hg38"
66.5	928	"chr15"	"CpG"	"hg38"
66.5	1210	"chr16"	"CpG"	"hg38"
66.5	1016	"chr17"	"CpG"	"hg38"
66.5	900	"chr18"	"CpG"	"hg38"
66.5	870	"chr19"	"CpG"	"hg38"
66.5	2368	"chr2"	"CpG"	"hg38"
66.5	788	"chr20"	"CpG"	"hg38"
66.5	520	"chr21"	"CpG"	"hg38"
66.5	616	"chr22"	"CpG"	"hg38"
66.5	1842	"chr3"	"CpG"	"hg38"
66.5	1780	"chr4"	"CpG"	"hg38"
66.5	1784	"chr5"	"CpG"	"hg38"
66.5	1640	"chr6"	"CpG"	"hg38"
66.5	1796	"chr7"	"CpG"	"hg38"
66.5	1614	"chr8"	"CpG"	"hg38"
66.5	1284	"chr9"	"CpG"	"hg38"
66.5	1144	"chrX"	"CpG"	"hg38"
66.5	200	"chrY"	"CpG"	"hg38"
66.6	2624	"chr1"	"CpG"	"hg38"
66.6	1642	"chr10"	"CpG"	"hg38"
66.6	1466	"chr11"	"CpG"	"hg38"
66.6	1348	"chr12"	"CpG"	"hg38"
66.6	946	"chr13"	"CpG"	"hg38"
66.6	864	"chr14"	"CpG"	"hg38"
66.6	960	"chr15"	"CpG"	"hg38"
66.6	1230	"chr16"	"CpG"	"hg38"
66.6	1108	"chr17"	"CpG"	"hg38"
66.6	940	"chr18"	"CpG"	"hg38"
66.6	806	"chr19"	"CpG"	"hg38"
66.6	2504	"chr2"	"CpG"	"hg38"
66.6	946	"chr20"	"CpG"	"hg38"
66.6	482	"chr21"	"CpG"	"hg38"
66.6	598	"chr22"	"CpG"	"hg38"
66.6	1922	"chr3"	"CpG"	"hg38"
66.6	1820	"chr4"	"CpG"	"hg38"
66.6	1788	"chr5"	"CpG"	"hg38"
66.6	1554	"chr6"	"CpG"	"hg38"
66.6	1744	"chr7"	"CpG"	"hg38"
66.6	1590	"chr8"	"CpG"	"hg38"
66.6	1316	"chr9"	"CpG"	"hg38"
66.6	1198	"chrX"	"CpG"	"hg38"
66.6	206	"chrY"	"CpG"	"hg38"
66.7	2606	"chr1"	"CpG"	"hg38"
66.7	1630	"chr10"	"CpG"	"hg38"
66.7	1484	"chr11"	"CpG"	"hg38"
66.7	1368	"chr12"	"CpG"	"hg38"
66.7	992	"chr13"	"CpG"	"hg38"
66.7	836	"chr14"	"CpG"	"hg38"
66.7	922	"chr15"	"CpG"	"hg38"
66.7	1252	"chr16"	"CpG"	"hg38"
66.7	1070	"chr17"	"CpG"	"hg38"
66.7	882	"chr18"	"CpG"	"hg38"
66.7	852	"chr19"	"CpG"	"hg38"
66.7	2494	"chr2"	"CpG"	"hg38"
66.7	842	"chr20"	"CpG"	"hg38"
66.7	500	"chr21"	"CpG"	"hg38"
66.7	554	"chr22"	"CpG"	"hg38"
66.7	1850	"chr3"	"CpG"	"hg38"
66.7	1732	"chr4"	"CpG"	"hg38"
66.7	1700	"chr5"	"CpG"	"hg38"
66.7	1570	"chr6"	"CpG"	"hg38"
66.7	1786	"chr7"	"CpG"	"hg38"
66.7	1582	"chr8"	"CpG"	"hg38"
66.7	1356	"chr9"	"CpG"	"hg38"
66.7	1150	"chrX"	"CpG"	"hg38"
66.7	142	"chrY"	"CpG"	"hg38"
66.8	2502	"chr1"	"CpG"	"hg38"
66.8	1570	"chr10"	"CpG"	"hg38"
66.8	1498	"chr11"	"CpG"	"hg38"
66.8	1312	"chr12"	"CpG"	"hg38"
66.8	1062	"chr13"	"CpG"	"hg38"
66.8	882	"chr14"	"CpG"	"hg38"
66.8	956	"chr15"	"CpG"	"hg38"
66.8	1220	"chr16"	"CpG"	"hg38"
66.8	1106	"chr17"	"CpG"	"hg38"
66.8	966	"chr18"	"CpG"	"hg38"
66.8	798	"chr19"	"CpG"	"hg38"
66.8	2366	"chr2"	"CpG"	"hg38"
66.8	830	"chr20"	"CpG"	"hg38"
66.8	472	"chr21"	"CpG"	"hg38"
66.8	576	"chr22"	"CpG"	"hg38"
66.8	1752	"chr3"	"CpG"	"hg38"
66.8	1738	"chr4"	"CpG"	"hg38"
66.8	1680	"chr5"	"CpG"	"hg38"
66.8	1550	"chr6"	"CpG"	"hg38"
66.8	1728	"chr7"	"CpG"	"hg38"
66.8	1556	"chr8"	"CpG"	"hg38"
66.8	1324	"chr9"	"CpG"	"hg38"
66.8	1274	"chrX"	"CpG"	"hg38"
66.8	204	"chrY"	"CpG"	"hg38"
66.9	2434	"chr1"	"CpG"	"hg38"
66.9	1654	"chr10"	"CpG"	"hg38"
66.9	1434	"chr11"	"CpG"	"hg38"
66.9	1320	"chr12"	"CpG"	"hg38"
66.9	944	"chr13"	"CpG"	"hg38"
66.9	944	"chr14"	"CpG"	"hg38"
66.9	968	"chr15"	"CpG"	"hg38"
66.9	1292	"chr16"	"CpG"	"hg38"
66.9	1006	"chr17"	"CpG"	"hg38"
66.9	846	"chr18"	"CpG"	"hg38"
66.9	822	"chr19"	"CpG"	"hg38"
66.9	2344	"chr2"	"CpG"	"hg38"
66.9	808	"chr20"	"CpG"	"hg38"
66.9	512	"chr21"	"CpG"	"hg38"
66.9	576	"chr22"	"CpG"	"hg38"
66.9	1890	"chr3"	"CpG"	"hg38"
66.9	1676	"chr4"	"CpG"	"hg38"
66.9	1684	"chr5"	"CpG"	"hg38"
66.9	1550	"chr6"	"CpG"	"hg38"
66.9	1740	"chr7"	"CpG"	"hg38"
66.9	1466	"chr8"	"CpG"	"hg38"
66.9	1344	"chr9"	"CpG"	"hg38"
66.9	1142	"chrX"	"CpG"	"hg38"
66.9	182	"chrY"	"CpG"	"hg38"
67	2558	"chr1"	"CpG"	"hg38"
67	1536	"chr10"	"CpG"	"hg38"
67	1486	"chr11"	"CpG"	"hg38"
67	1336	"chr12"	"CpG"	"hg38"
67	1008	"chr13"	"CpG"	"hg38"
67	882	"chr14"	"CpG"	"hg38"
67	1026	"chr15"	"CpG"	"hg38"
67	1146	"chr16"	"CpG"	"hg38"
67	1030	"chr17"	"CpG"	"hg38"
67	1046	"chr18"	"CpG"	"hg38"
67	842	"chr19"	"CpG"	"hg38"
67	2320	"chr2"	"CpG"	"hg38"
67	846	"chr20"	"CpG"	"hg38"
67	450	"chr21"	"CpG"	"hg38"
67	618	"chr22"	"CpG"	"hg38"
67	1818	"chr3"	"CpG"	"hg38"
67	1832	"chr4"	"CpG"	"hg38"
67	1810	"chr5"	"CpG"	"hg38"
67	1702	"chr6"	"CpG"	"hg38"
67	1768	"chr7"	"CpG"	"hg38"
67	1490	"chr8"	"CpG"	"hg38"
67	1352	"chr9"	"CpG"	"hg38"
67	1122	"chrX"	"CpG"	"hg38"
67	210	"chrY"	"CpG"	"hg38"
67.1	2544	"chr1"	"CpG"	"hg38"
67.1	1556	"chr10"	"CpG"	"hg38"
67.1	1370	"chr11"	"CpG"	"hg38"
67.1	1312	"chr12"	"CpG"	"hg38"
67.1	938	"chr13"	"CpG"	"hg38"
67.1	870	"chr14"	"CpG"	"hg38"
67.1	900	"chr15"	"CpG"	"hg38"
67.1	1164	"chr16"	"CpG"	"hg38"
67.1	1084	"chr17"	"CpG"	"hg38"
67.1	900	"chr18"	"CpG"	"hg38"
67.1	882	"chr19"	"CpG"	"hg38"
67.1	2430	"chr2"	"CpG"	"hg38"
67.1	840	"chr20"	"CpG"	"hg38"
67.1	468	"chr21"	"CpG"	"hg38"
67.1	562	"chr22"	"CpG"	"hg38"
67.1	1932	"chr3"	"CpG"	"hg38"
67.1	1788	"chr4"	"CpG"	"hg38"
67.1	1740	"chr5"	"CpG"	"hg38"
67.1	1522	"chr6"	"CpG"	"hg38"
67.1	1738	"chr7"	"CpG"	"hg38"
67.1	1586	"chr8"	"CpG"	"hg38"
67.1	1298	"chr9"	"CpG"	"hg38"
67.1	1232	"chrX"	"CpG"	"hg38"
67.1	166	"chrY"	"CpG"	"hg38"
67.2	2618	"chr1"	"CpG"	"hg38"
67.2	1594	"chr10"	"CpG"	"hg38"
67.2	1406	"chr11"	"CpG"	"hg38"
67.2	1426	"chr12"	"CpG"	"hg38"
67.2	1012	"chr13"	"CpG"	"hg38"
67.2	866	"chr14"	"CpG"	"hg38"
67.2	950	"chr15"	"CpG"	"hg38"
67.2	1290	"chr16"	"CpG"	"hg38"
67.2	1100	"chr17"	"CpG"	"hg38"
67.2	882	"chr18"	"CpG"	"hg38"
67.2	838	"chr19"	"CpG"	"hg38"
67.2	2430	"chr2"	"CpG"	"hg38"
67.2	794	"chr20"	"CpG"	"hg38"
67.2	520	"chr21"	"CpG"	"hg38"
67.2	622	"chr22"	"CpG"	"hg38"
67.2	1866	"chr3"	"CpG"	"hg38"
67.2	1736	"chr4"	"CpG"	"hg38"
67.2	1754	"chr5"	"CpG"	"hg38"
67.2	1656	"chr6"	"CpG"	"hg38"
67.2	1732	"chr7"	"CpG"	"hg38"
67.2	1628	"chr8"	"CpG"	"hg38"
67.2	1312	"chr9"	"CpG"	"hg38"
67.2	1210	"chrX"	"CpG"	"hg38"
67.2	184	"chrY"	"CpG"	"hg38"
67.3	2450	"chr1"	"CpG"	"hg38"
67.3	1504	"chr10"	"CpG"	"hg38"
67.3	1464	"chr11"	"CpG"	"hg38"
67.3	1402	"chr12"	"CpG"	"hg38"
67.3	1026	"chr13"	"CpG"	"hg38"
67.3	906	"chr14"	"CpG"	"hg38"
67.3	956	"chr15"	"CpG"	"hg38"
67.3	1278	"chr16"	"CpG"	"hg38"
67.3	1036	"chr17"	"CpG"	"hg38"
67.3	892	"chr18"	"CpG"	"hg38"
67.3	824	"chr19"	"CpG"	"hg38"
67.3	2494	"chr2"	"CpG"	"hg38"
67.3	866	"chr20"	"CpG"	"hg38"
67.3	428	"chr21"	"CpG"	"hg38"
67.3	570	"chr22"	"CpG"	"hg38"
67.3	1778	"chr3"	"CpG"	"hg38"
67.3	1754	"chr4"	"CpG"	"hg38"
67.3	1664	"chr5"	"CpG"	"hg38"
67.3	1508	"chr6"	"CpG"	"hg38"
67.3	1842	"chr7"	"CpG"	"hg38"
67.3	1572	"chr8"	"CpG"	"hg38"
67.3	1324	"chr9"	"CpG"	"hg38"
67.3	1142	"chrX"	"CpG"	"hg38"
67.3	202	"chrY"	"CpG"	"hg38"
67.4	2536	"chr1"	"CpG"	"hg38"
67.4	1558	"chr10"	"CpG"	"hg38"
67.4	1482	"chr11"	"CpG"	"hg38"
67.4	1358	"chr12"	"CpG"	"hg38"
67.4	1012	"chr13"	"CpG"	"hg38"
67.4	882	"chr14"	"CpG"	"hg38"
67.4	942	"chr15"	"CpG"	"hg38"
67.4	1160	"chr16"	"CpG"	"hg38"
67.4	1024	"chr17"	"CpG"	"hg38"
67.4	904	"chr18"	"CpG"	"hg38"
67.4	904	"chr19"	"CpG"	"hg38"
67.4	2512	"chr2"	"CpG"	"hg38"
67.4	866	"chr20"	"CpG"	"hg38"
67.4	460	"chr21"	"CpG"	"hg38"
67.4	624	"chr22"	"CpG"	"hg38"
67.4	1888	"chr3"	"CpG"	"hg38"
67.4	1726	"chr4"	"CpG"	"hg38"
67.4	1720	"chr5"	"CpG"	"hg38"
67.4	1650	"chr6"	"CpG"	"hg38"
67.4	1818	"chr7"	"CpG"	"hg38"
67.4	1450	"chr8"	"CpG"	"hg38"
67.4	1352	"chr9"	"CpG"	"hg38"
67.4	1168	"chrX"	"CpG"	"hg38"
67.4	204	"chrY"	"CpG"	"hg38"
67.5	2574	"chr1"	"CpG"	"hg38"
67.5	1648	"chr10"	"CpG"	"hg38"
67.5	1430	"chr11"	"CpG"	"hg38"
67.5	1378	"chr12"	"CpG"	"hg38"
67.5	974	"chr13"	"CpG"	"hg38"
67.5	912	"chr14"	"CpG"	"hg38"
67.5	918	"chr15"	"CpG"	"hg38"
67.5	1228	"chr16"	"CpG"	"hg38"
67.5	1040	"chr17"	"CpG"	"hg38"
67.5	968	"chr18"	"CpG"	"hg38"
67.5	848	"chr19"	"CpG"	"hg38"
67.5	2330	"chr2"	"CpG"	"hg38"
67.5	844	"chr20"	"CpG"	"hg38"
67.5	460	"chr21"	"CpG"	"hg38"
67.5	628	"chr22"	"CpG"	"hg38"
67.5	1874	"chr3"	"CpG"	"hg38"
67.5	1814	"chr4"	"CpG"	"hg38"
67.5	1682	"chr5"	"CpG"	"hg38"
67.5	1578	"chr6"	"CpG"	"hg38"
67.5	1668	"chr7"	"CpG"	"hg38"
67.5	1582	"chr8"	"CpG"	"hg38"
67.5	1320	"chr9"	"CpG"	"hg38"
67.5	1208	"chrX"	"CpG"	"hg38"
67.5	200	"chrY"	"CpG"	"hg38"
67.6	2456	"chr1"	"CpG"	"hg38"
67.6	1674	"chr10"	"CpG"	"hg38"
67.6	1486	"chr11"	"CpG"	"hg38"
67.6	1302	"chr12"	"CpG"	"hg38"
67.6	986	"chr13"	"CpG"	"hg38"
67.6	854	"chr14"	"CpG"	"hg38"
67.6	894	"chr15"	"CpG"	"hg38"
67.6	1290	"chr16"	"CpG"	"hg38"
67.6	1116	"chr17"	"CpG"	"hg38"
67.6	900	"chr18"	"CpG"	"hg38"
67.6	786	"chr19"	"CpG"	"hg38"
67.6	2328	"chr2"	"CpG"	"hg38"
67.6	866	"chr20"	"CpG"	"hg38"
67.6	438	"chr21"	"CpG"	"hg38"
67.6	576	"chr22"	"CpG"	"hg38"
67.6	1744	"chr3"	"CpG"	"hg38"
67.6	1696	"chr4"	"CpG"	"hg38"
67.6	1676	"chr5"	"CpG"	"hg38"
67.6	1514	"chr6"	"CpG"	"hg38"
67.6	1814	"chr7"	"CpG"	"hg38"
67.6	1630	"chr8"	"CpG"	"hg38"
67.6	1284	"chr9"	"CpG"	"hg38"
67.6	1238	"chrX"	"CpG"	"hg38"
67.6	176	"chrY"	"CpG"	"hg38"
67.7	2576	"chr1"	"CpG"	"hg38"
67.7	1570	"chr10"	"CpG"	"hg38"
67.7	1534	"chr11"	"CpG"	"hg38"
67.7	1364	"chr12"	"CpG"	"hg38"
67.7	974	"chr13"	"CpG"	"hg38"
67.7	902	"chr14"	"CpG"	"hg38"
67.7	922	"chr15"	"CpG"	"hg38"
67.7	1230	"chr16"	"CpG"	"hg38"
67.7	1118	"chr17"	"CpG"	"hg38"
67.7	934	"chr18"	"CpG"	"hg38"
67.7	902	"chr19"	"CpG"	"hg38"
67.7	2524	"chr2"	"CpG"	"hg38"
67.7	782	"chr20"	"CpG"	"hg38"
67.7	438	"chr21"	"CpG"	"hg38"
67.7	544	"chr22"	"CpG"	"hg38"
67.7	1874	"chr3"	"CpG"	"hg38"
67.7	1750	"chr4"	"CpG"	"hg38"
67.7	1768	"chr5"	"CpG"	"hg38"
67.7	1632	"chr6"	"CpG"	"hg38"
67.7	1794	"chr7"	"CpG"	"hg38"
67.7	1618	"chr8"	"CpG"	"hg38"
67.7	1406	"chr9"	"CpG"	"hg38"
67.7	1192	"chrX"	"CpG"	"hg38"
67.7	202	"chrY"	"CpG"	"hg38"
67.8	2702	"chr1"	"CpG"	"hg38"
67.8	1470	"chr10"	"CpG"	"hg38"
67.8	1444	"chr11"	"CpG"	"hg38"
67.8	1326	"chr12"	"CpG"	"hg38"
67.8	1072	"chr13"	"CpG"	"hg38"
67.8	922	"chr14"	"CpG"	"hg38"
67.8	908	"chr15"	"CpG"	"hg38"
67.8	1170	"chr16"	"CpG"	"hg38"
67.8	1034	"chr17"	"CpG"	"hg38"
67.8	916	"chr18"	"CpG"	"hg38"
67.8	900	"chr19"	"CpG"	"hg38"
67.8	2400	"chr2"	"CpG"	"hg38"
67.8	888	"chr20"	"CpG"	"hg38"
67.8	482	"chr21"	"CpG"	"hg38"
67.8	570	"chr22"	"CpG"	"hg38"
67.8	1854	"chr3"	"CpG"	"hg38"
67.8	1748	"chr4"	"CpG"	"hg38"
67.8	1686	"chr5"	"CpG"	"hg38"
67.8	1674	"chr6"	"CpG"	"hg38"
67.8	1630	"chr7"	"CpG"	"hg38"
67.8	1544	"chr8"	"CpG"	"hg38"
67.8	1480	"chr9"	"CpG"	"hg38"
67.8	1216	"chrX"	"CpG"	"hg38"
67.8	200	"chrY"	"CpG"	"hg38"
67.9	2566	"chr1"	"CpG"	"hg38"
67.9	1536	"chr10"	"CpG"	"hg38"
67.9	1510	"chr11"	"CpG"	"hg38"
67.9	1422	"chr12"	"CpG"	"hg38"
67.9	1072	"chr13"	"CpG"	"hg38"
67.9	914	"chr14"	"CpG"	"hg38"
67.9	864	"chr15"	"CpG"	"hg38"
67.9	1106	"chr16"	"CpG"	"hg38"
67.9	1088	"chr17"	"CpG"	"hg38"
67.9	1002	"chr18"	"CpG"	"hg38"
67.9	846	"chr19"	"CpG"	"hg38"
67.9	2444	"chr2"	"CpG"	"hg38"
67.9	868	"chr20"	"CpG"	"hg38"
67.9	450	"chr21"	"CpG"	"hg38"
67.9	634	"chr22"	"CpG"	"hg38"
67.9	1820	"chr3"	"CpG"	"hg38"
67.9	1726	"chr4"	"CpG"	"hg38"
67.9	1660	"chr5"	"CpG"	"hg38"
67.9	1686	"chr6"	"CpG"	"hg38"
67.9	1714	"chr7"	"CpG"	"hg38"
67.9	1576	"chr8"	"CpG"	"hg38"
67.9	1268	"chr9"	"CpG"	"hg38"
67.9	1224	"chrX"	"CpG"	"hg38"
67.9	164	"chrY"	"CpG"	"hg38"
68	2474	"chr1"	"CpG"	"hg38"
68	1600	"chr10"	"CpG"	"hg38"
68	1588	"chr11"	"CpG"	"hg38"
68	1374	"chr12"	"CpG"	"hg38"
68	966	"chr13"	"CpG"	"hg38"
68	964	"chr14"	"CpG"	"hg38"
68	966	"chr15"	"CpG"	"hg38"
68	1246	"chr16"	"CpG"	"hg38"
68	1092	"chr17"	"CpG"	"hg38"
68	936	"chr18"	"CpG"	"hg38"
68	872	"chr19"	"CpG"	"hg38"
68	2534	"chr2"	"CpG"	"hg38"
68	884	"chr20"	"CpG"	"hg38"
68	486	"chr21"	"CpG"	"hg38"
68	626	"chr22"	"CpG"	"hg38"
68	1950	"chr3"	"CpG"	"hg38"
68	1706	"chr4"	"CpG"	"hg38"
68	1738	"chr5"	"CpG"	"hg38"
68	1686	"chr6"	"CpG"	"hg38"
68	1854	"chr7"	"CpG"	"hg38"
68	1480	"chr8"	"CpG"	"hg38"
68	1434	"chr9"	"CpG"	"hg38"
68	1238	"chrX"	"CpG"	"hg38"
68	174	"chrY"	"CpG"	"hg38"
68.1	2522	"chr1"	"CpG"	"hg38"
68.1	1538	"chr10"	"CpG"	"hg38"
68.1	1440	"chr11"	"CpG"	"hg38"
68.1	1296	"chr12"	"CpG"	"hg38"
68.1	1008	"chr13"	"CpG"	"hg38"
68.1	814	"chr14"	"CpG"	"hg38"
68.1	950	"chr15"	"CpG"	"hg38"
68.1	1168	"chr16"	"CpG"	"hg38"
68.1	1114	"chr17"	"CpG"	"hg38"
68.1	964	"chr18"	"CpG"	"hg38"
68.1	738	"chr19"	"CpG"	"hg38"
68.1	2334	"chr2"	"CpG"	"hg38"
68.1	828	"chr20"	"CpG"	"hg38"
68.1	414	"chr21"	"CpG"	"hg38"
68.1	660	"chr22"	"CpG"	"hg38"
68.1	1950	"chr3"	"CpG"	"hg38"
68.1	1786	"chr4"	"CpG"	"hg38"
68.1	1716	"chr5"	"CpG"	"hg38"
68.1	1682	"chr6"	"CpG"	"hg38"
68.1	1794	"chr7"	"CpG"	"hg38"
68.1	1544	"chr8"	"CpG"	"hg38"
68.1	1276	"chr9"	"CpG"	"hg38"
68.1	1186	"chrX"	"CpG"	"hg38"
68.1	216	"chrY"	"CpG"	"hg38"
68.2	2520	"chr1"	"CpG"	"hg38"
68.2	1618	"chr10"	"CpG"	"hg38"
68.2	1482	"chr11"	"CpG"	"hg38"
68.2	1420	"chr12"	"CpG"	"hg38"
68.2	956	"chr13"	"CpG"	"hg38"
68.2	926	"chr14"	"CpG"	"hg38"
68.2	934	"chr15"	"CpG"	"hg38"
68.2	1292	"chr16"	"CpG"	"hg38"
68.2	1114	"chr17"	"CpG"	"hg38"
68.2	950	"chr18"	"CpG"	"hg38"
68.2	830	"chr19"	"CpG"	"hg38"
68.2	2376	"chr2"	"CpG"	"hg38"
68.2	858	"chr20"	"CpG"	"hg38"
68.2	514	"chr21"	"CpG"	"hg38"
68.2	634	"chr22"	"CpG"	"hg38"
68.2	1740	"chr3"	"CpG"	"hg38"
68.2	1750	"chr4"	"CpG"	"hg38"
68.2	1700	"chr5"	"CpG"	"hg38"
68.2	1626	"chr6"	"CpG"	"hg38"
68.2	1712	"chr7"	"CpG"	"hg38"
68.2	1530	"chr8"	"CpG"	"hg38"
68.2	1332	"chr9"	"CpG"	"hg38"
68.2	1192	"chrX"	"CpG"	"hg38"
68.2	172	"chrY"	"CpG"	"hg38"
68.3	2632	"chr1"	"CpG"	"hg38"
68.3	1508	"chr10"	"CpG"	"hg38"
68.3	1448	"chr11"	"CpG"	"hg38"
68.3	1268	"chr12"	"CpG"	"hg38"
68.3	1074	"chr13"	"CpG"	"hg38"
68.3	996	"chr14"	"CpG"	"hg38"
68.3	934	"chr15"	"CpG"	"hg38"
68.3	1216	"chr16"	"CpG"	"hg38"
68.3	1044	"chr17"	"CpG"	"hg38"
68.3	926	"chr18"	"CpG"	"hg38"
68.3	892	"chr19"	"CpG"	"hg38"
68.3	2364	"chr2"	"CpG"	"hg38"
68.3	792	"chr20"	"CpG"	"hg38"
68.3	438	"chr21"	"CpG"	"hg38"
68.3	626	"chr22"	"CpG"	"hg38"
68.3	1902	"chr3"	"CpG"	"hg38"
68.3	1742	"chr4"	"CpG"	"hg38"
68.3	1706	"chr5"	"CpG"	"hg38"
68.3	1646	"chr6"	"CpG"	"hg38"
68.3	1684	"chr7"	"CpG"	"hg38"
68.3	1480	"chr8"	"CpG"	"hg38"
68.3	1374	"chr9"	"CpG"	"hg38"
68.3	1114	"chrX"	"CpG"	"hg38"
68.3	198	"chrY"	"CpG"	"hg38"
68.4	2524	"chr1"	"CpG"	"hg38"
68.4	1628	"chr10"	"CpG"	"hg38"
68.4	1498	"chr11"	"CpG"	"hg38"
68.4	1290	"chr12"	"CpG"	"hg38"
68.4	1014	"chr13"	"CpG"	"hg38"
68.4	922	"chr14"	"CpG"	"hg38"
68.4	950	"chr15"	"CpG"	"hg38"
68.4	1246	"chr16"	"CpG"	"hg38"
68.4	1046	"chr17"	"CpG"	"hg38"
68.4	946	"chr18"	"CpG"	"hg38"
68.4	848	"chr19"	"CpG"	"hg38"
68.4	2476	"chr2"	"CpG"	"hg38"
68.4	856	"chr20"	"CpG"	"hg38"
68.4	444	"chr21"	"CpG"	"hg38"
68.4	576	"chr22"	"CpG"	"hg38"
68.4	1848	"chr3"	"CpG"	"hg38"
68.4	1678	"chr4"	"CpG"	"hg38"
68.4	1696	"chr5"	"CpG"	"hg38"
68.4	1550	"chr6"	"CpG"	"hg38"
68.4	1728	"chr7"	"CpG"	"hg38"
68.4	1548	"chr8"	"CpG"	"hg38"
68.4	1264	"chr9"	"CpG"	"hg38"
68.4	1286	"chrX"	"CpG"	"hg38"
68.4	190	"chrY"	"CpG"	"hg38"
68.5	2700	"chr1"	"CpG"	"hg38"
68.5	1520	"chr10"	"CpG"	"hg38"
68.5	1448	"chr11"	"CpG"	"hg38"
68.5	1336	"chr12"	"CpG"	"hg38"
68.5	1018	"chr13"	"CpG"	"hg38"
68.5	864	"chr14"	"CpG"	"hg38"
68.5	964	"chr15"	"CpG"	"hg38"
68.5	1174	"chr16"	"CpG"	"hg38"
68.5	1114	"chr17"	"CpG"	"hg38"
68.5	938	"chr18"	"CpG"	"hg38"
68.5	858	"chr19"	"CpG"	"hg38"
68.5	2364	"chr2"	"CpG"	"hg38"
68.5	800	"chr20"	"CpG"	"hg38"
68.5	454	"chr21"	"CpG"	"hg38"
68.5	524	"chr22"	"CpG"	"hg38"
68.5	1790	"chr3"	"CpG"	"hg38"
68.5	1788	"chr4"	"CpG"	"hg38"
68.5	1716	"chr5"	"CpG"	"hg38"
68.5	1602	"chr6"	"CpG"	"hg38"
68.5	1844	"chr7"	"CpG"	"hg38"
68.5	1556	"chr8"	"CpG"	"hg38"
68.5	1356	"chr9"	"CpG"	"hg38"
68.5	1202	"chrX"	"CpG"	"hg38"
68.5	200	"chrY"	"CpG"	"hg38"
68.6	2436	"chr1"	"CpG"	"hg38"
68.6	1556	"chr10"	"CpG"	"hg38"
68.6	1426	"chr11"	"CpG"	"hg38"
68.6	1452	"chr12"	"CpG"	"hg38"
68.6	1012	"chr13"	"CpG"	"hg38"
68.6	914	"chr14"	"CpG"	"hg38"
68.6	978	"chr15"	"CpG"	"hg38"
68.6	1236	"chr16"	"CpG"	"hg38"
68.6	1060	"chr17"	"CpG"	"hg38"
68.6	914	"chr18"	"CpG"	"hg38"
68.6	840	"chr19"	"CpG"	"hg38"
68.6	2442	"chr2"	"CpG"	"hg38"
68.6	928	"chr20"	"CpG"	"hg38"
68.6	426	"chr21"	"CpG"	"hg38"
68.6	590	"chr22"	"CpG"	"hg38"
68.6	1758	"chr3"	"CpG"	"hg38"
68.6	1806	"chr4"	"CpG"	"hg38"
68.6	1698	"chr5"	"CpG"	"hg38"
68.6	1706	"chr6"	"CpG"	"hg38"
68.6	1696	"chr7"	"CpG"	"hg38"
68.6	1516	"chr8"	"CpG"	"hg38"
68.6	1246	"chr9"	"CpG"	"hg38"
68.6	1254	"chrX"	"CpG"	"hg38"
68.6	208	"chrY"	"CpG"	"hg38"
68.7	2544	"chr1"	"CpG"	"hg38"
68.7	1582	"chr10"	"CpG"	"hg38"
68.7	1570	"chr11"	"CpG"	"hg38"
68.7	1320	"chr12"	"CpG"	"hg38"
68.7	1056	"chr13"	"CpG"	"hg38"
68.7	938	"chr14"	"CpG"	"hg38"
68.7	864	"chr15"	"CpG"	"hg38"
68.7	1272	"chr16"	"CpG"	"hg38"
68.7	1124	"chr17"	"CpG"	"hg38"
68.7	958	"chr18"	"CpG"	"hg38"
68.7	870	"chr19"	"CpG"	"hg38"
68.7	2362	"chr2"	"CpG"	"hg38"
68.7	854	"chr20"	"CpG"	"hg38"
68.7	418	"chr21"	"CpG"	"hg38"
68.7	556	"chr22"	"CpG"	"hg38"
68.7	1828	"chr3"	"CpG"	"hg38"
68.7	1798	"chr4"	"CpG"	"hg38"
68.7	1642	"chr5"	"CpG"	"hg38"
68.7	1670	"chr6"	"CpG"	"hg38"
68.7	1884	"chr7"	"CpG"	"hg38"
68.7	1536	"chr8"	"CpG"	"hg38"
68.7	1314	"chr9"	"CpG"	"hg38"
68.7	1228	"chrX"	"CpG"	"hg38"
68.7	158	"chrY"	"CpG"	"hg38"
68.8	2484	"chr1"	"CpG"	"hg38"
68.8	1564	"chr10"	"CpG"	"hg38"
68.8	1490	"chr11"	"CpG"	"hg38"
68.8	1268	"chr12"	"CpG"	"hg38"
68.8	1082	"chr13"	"CpG"	"hg38"
68.8	856	"chr14"	"CpG"	"hg38"
68.8	936	"chr15"	"CpG"	"hg38"
68.8	1162	"chr16"	"CpG"	"hg38"
68.8	1134	"chr17"	"CpG"	"hg38"
68.8	940	"chr18"	"CpG"	"hg38"
68.8	762	"chr19"	"CpG"	"hg38"
68.8	2334	"chr2"	"CpG"	"hg38"
68.8	864	"chr20"	"CpG"	"hg38"
68.8	456	"chr21"	"CpG"	"hg38"
68.8	580	"chr22"	"CpG"	"hg38"
68.8	1830	"chr3"	"CpG"	"hg38"
68.8	1832	"chr4"	"CpG"	"hg38"
68.8	1672	"chr5"	"CpG"	"hg38"
68.8	1666	"chr6"	"CpG"	"hg38"
68.8	1828	"chr7"	"CpG"	"hg38"
68.8	1606	"chr8"	"CpG"	"hg38"
68.8	1240	"chr9"	"CpG"	"hg38"
68.8	1202	"chrX"	"CpG"	"hg38"
68.8	224	"chrY"	"CpG"	"hg38"
68.9	2522	"chr1"	"CpG"	"hg38"
68.9	1554	"chr10"	"CpG"	"hg38"
68.9	1414	"chr11"	"CpG"	"hg38"
68.9	1380	"chr12"	"CpG"	"hg38"
68.9	1000	"chr13"	"CpG"	"hg38"
68.9	942	"chr14"	"CpG"	"hg38"
68.9	900	"chr15"	"CpG"	"hg38"
68.9	1244	"chr16"	"CpG"	"hg38"
68.9	1150	"chr17"	"CpG"	"hg38"
68.9	902	"chr18"	"CpG"	"hg38"
68.9	822	"chr19"	"CpG"	"hg38"
68.9	2354	"chr2"	"CpG"	"hg38"
68.9	888	"chr20"	"CpG"	"hg38"
68.9	462	"chr21"	"CpG"	"hg38"
68.9	566	"chr22"	"CpG"	"hg38"
68.9	1730	"chr3"	"CpG"	"hg38"
68.9	1762	"chr4"	"CpG"	"hg38"
68.9	1672	"chr5"	"CpG"	"hg38"
68.9	1674	"chr6"	"CpG"	"hg38"
68.9	1734	"chr7"	"CpG"	"hg38"
68.9	1522	"chr8"	"CpG"	"hg38"
68.9	1340	"chr9"	"CpG"	"hg38"
68.9	1224	"chrX"	"CpG"	"hg38"
68.9	168	"chrY"	"CpG"	"hg38"
69	2640	"chr1"	"CpG"	"hg38"
69	1614	"chr10"	"CpG"	"hg38"
69	1410	"chr11"	"CpG"	"hg38"
69	1296	"chr12"	"CpG"	"hg38"
69	1020	"chr13"	"CpG"	"hg38"
69	940	"chr14"	"CpG"	"hg38"
69	914	"chr15"	"CpG"	"hg38"
69	1224	"chr16"	"CpG"	"hg38"
69	1118	"chr17"	"CpG"	"hg38"
69	886	"chr18"	"CpG"	"hg38"
69	846	"chr19"	"CpG"	"hg38"
69	2370	"chr2"	"CpG"	"hg38"
69	812	"chr20"	"CpG"	"hg38"
69	482	"chr21"	"CpG"	"hg38"
69	608	"chr22"	"CpG"	"hg38"
69	1910	"chr3"	"CpG"	"hg38"
69	1782	"chr4"	"CpG"	"hg38"
69	1722	"chr5"	"CpG"	"hg38"
69	1586	"chr6"	"CpG"	"hg38"
69	1818	"chr7"	"CpG"	"hg38"
69	1548	"chr8"	"CpG"	"hg38"
69	1358	"chr9"	"CpG"	"hg38"
69	1202	"chrX"	"CpG"	"hg38"
69	184	"chrY"	"CpG"	"hg38"
69.1	2592	"chr1"	"CpG"	"hg38"
69.1	1794	"chr10"	"CpG"	"hg38"
69.1	1578	"chr11"	"CpG"	"hg38"
69.1	1458	"chr12"	"CpG"	"hg38"
69.1	1056	"chr13"	"CpG"	"hg38"
69.1	916	"chr14"	"CpG"	"hg38"
69.1	950	"chr15"	"CpG"	"hg38"
69.1	1226	"chr16"	"CpG"	"hg38"
69.1	1072	"chr17"	"CpG"	"hg38"
69.1	958	"chr18"	"CpG"	"hg38"
69.1	846	"chr19"	"CpG"	"hg38"
69.1	2438	"chr2"	"CpG"	"hg38"
69.1	856	"chr20"	"CpG"	"hg38"
69.1	482	"chr21"	"CpG"	"hg38"
69.1	616	"chr22"	"CpG"	"hg38"
69.1	1798	"chr3"	"CpG"	"hg38"
69.1	1752	"chr4"	"CpG"	"hg38"
69.1	1634	"chr5"	"CpG"	"hg38"
69.1	1578	"chr6"	"CpG"	"hg38"
69.1	1804	"chr7"	"CpG"	"hg38"
69.1	1494	"chr8"	"CpG"	"hg38"
69.1	1370	"chr9"	"CpG"	"hg38"
69.1	1194	"chrX"	"CpG"	"hg38"
69.1	218	"chrY"	"CpG"	"hg38"
69.2	2692	"chr1"	"CpG"	"hg38"
69.2	1560	"chr10"	"CpG"	"hg38"
69.2	1498	"chr11"	"CpG"	"hg38"
69.2	1368	"chr12"	"CpG"	"hg38"
69.2	1078	"chr13"	"CpG"	"hg38"
69.2	972	"chr14"	"CpG"	"hg38"
69.2	962	"chr15"	"CpG"	"hg38"
69.2	1206	"chr16"	"CpG"	"hg38"
69.2	1054	"chr17"	"CpG"	"hg38"
69.2	916	"chr18"	"CpG"	"hg38"
69.2	926	"chr19"	"CpG"	"hg38"
69.2	2434	"chr2"	"CpG"	"hg38"
69.2	910	"chr20"	"CpG"	"hg38"
69.2	466	"chr21"	"CpG"	"hg38"
69.2	648	"chr22"	"CpG"	"hg38"
69.2	1854	"chr3"	"CpG"	"hg38"
69.2	1870	"chr4"	"CpG"	"hg38"
69.2	1688	"chr5"	"CpG"	"hg38"
69.2	1674	"chr6"	"CpG"	"hg38"
69.2	1820	"chr7"	"CpG"	"hg38"
69.2	1522	"chr8"	"CpG"	"hg38"
69.2	1338	"chr9"	"CpG"	"hg38"
69.2	1202	"chrX"	"CpG"	"hg38"
69.2	206	"chrY"	"CpG"	"hg38"
69.3	2526	"chr1"	"CpG"	"hg38"
69.3	1574	"chr10"	"CpG"	"hg38"
69.3	1466	"chr11"	"CpG"	"hg38"
69.3	1338	"chr12"	"CpG"	"hg38"
69.3	1002	"chr13"	"CpG"	"hg38"
69.3	908	"chr14"	"CpG"	"hg38"
69.3	930	"chr15"	"CpG"	"hg38"
69.3	1182	"chr16"	"CpG"	"hg38"
69.3	1038	"chr17"	"CpG"	"hg38"
69.3	912	"chr18"	"CpG"	"hg38"
69.3	834	"chr19"	"CpG"	"hg38"
69.3	2254	"chr2"	"CpG"	"hg38"
69.3	850	"chr20"	"CpG"	"hg38"
69.3	528	"chr21"	"CpG"	"hg38"
69.3	548	"chr22"	"CpG"	"hg38"
69.3	1864	"chr3"	"CpG"	"hg38"
69.3	1828	"chr4"	"CpG"	"hg38"
69.3	1692	"chr5"	"CpG"	"hg38"
69.3	1648	"chr6"	"CpG"	"hg38"
69.3	1654	"chr7"	"CpG"	"hg38"
69.3	1616	"chr8"	"CpG"	"hg38"
69.3	1342	"chr9"	"CpG"	"hg38"
69.3	1182	"chrX"	"CpG"	"hg38"
69.3	246	"chrY"	"CpG"	"hg38"
69.4	2638	"chr1"	"CpG"	"hg38"
69.4	1566	"chr10"	"CpG"	"hg38"
69.4	1408	"chr11"	"CpG"	"hg38"
69.4	1370	"chr12"	"CpG"	"hg38"
69.4	1032	"chr13"	"CpG"	"hg38"
69.4	844	"chr14"	"CpG"	"hg38"
69.4	1000	"chr15"	"CpG"	"hg38"
69.4	1278	"chr16"	"CpG"	"hg38"
69.4	1042	"chr17"	"CpG"	"hg38"
69.4	912	"chr18"	"CpG"	"hg38"
69.4	804	"chr19"	"CpG"	"hg38"
69.4	2466	"chr2"	"CpG"	"hg38"
69.4	818	"chr20"	"CpG"	"hg38"
69.4	478	"chr21"	"CpG"	"hg38"
69.4	626	"chr22"	"CpG"	"hg38"
69.4	1774	"chr3"	"CpG"	"hg38"
69.4	1704	"chr4"	"CpG"	"hg38"
69.4	1640	"chr5"	"CpG"	"hg38"
69.4	1586	"chr6"	"CpG"	"hg38"
69.4	1764	"chr7"	"CpG"	"hg38"
69.4	1494	"chr8"	"CpG"	"hg38"
69.4	1372	"chr9"	"CpG"	"hg38"
69.4	1262	"chrX"	"CpG"	"hg38"
69.4	186	"chrY"	"CpG"	"hg38"
69.5	2486	"chr1"	"CpG"	"hg38"
69.5	1722	"chr10"	"CpG"	"hg38"
69.5	1486	"chr11"	"CpG"	"hg38"
69.5	1332	"chr12"	"CpG"	"hg38"
69.5	1056	"chr13"	"CpG"	"hg38"
69.5	852	"chr14"	"CpG"	"hg38"
69.5	902	"chr15"	"CpG"	"hg38"
69.5	1158	"chr16"	"CpG"	"hg38"
69.5	1144	"chr17"	"CpG"	"hg38"
69.5	898	"chr18"	"CpG"	"hg38"
69.5	908	"chr19"	"CpG"	"hg38"
69.5	2392	"chr2"	"CpG"	"hg38"
69.5	864	"chr20"	"CpG"	"hg38"
69.5	490	"chr21"	"CpG"	"hg38"
69.5	560	"chr22"	"CpG"	"hg38"
69.5	1836	"chr3"	"CpG"	"hg38"
69.5	1882	"chr4"	"CpG"	"hg38"
69.5	1680	"chr5"	"CpG"	"hg38"
69.5	1614	"chr6"	"CpG"	"hg38"
69.5	1748	"chr7"	"CpG"	"hg38"
69.5	1660	"chr8"	"CpG"	"hg38"
69.5	1284	"chr9"	"CpG"	"hg38"
69.5	1232	"chrX"	"CpG"	"hg38"
69.5	188	"chrY"	"CpG"	"hg38"
69.6	2546	"chr1"	"CpG"	"hg38"
69.6	1520	"chr10"	"CpG"	"hg38"
69.6	1450	"chr11"	"CpG"	"hg38"
69.6	1356	"chr12"	"CpG"	"hg38"
69.6	1038	"chr13"	"CpG"	"hg38"
69.6	828	"chr14"	"CpG"	"hg38"
69.6	954	"chr15"	"CpG"	"hg38"
69.6	1278	"chr16"	"CpG"	"hg38"
69.6	1094	"chr17"	"CpG"	"hg38"
69.6	886	"chr18"	"CpG"	"hg38"
69.6	888	"chr19"	"CpG"	"hg38"
69.6	2418	"chr2"	"CpG"	"hg38"
69.6	912	"chr20"	"CpG"	"hg38"
69.6	446	"chr21"	"CpG"	"hg38"
69.6	624	"chr22"	"CpG"	"hg38"
69.6	1866	"chr3"	"CpG"	"hg38"
69.6	1770	"chr4"	"CpG"	"hg38"
69.6	1706	"chr5"	"CpG"	"hg38"
69.6	1684	"chr6"	"CpG"	"hg38"
69.6	1856	"chr7"	"CpG"	"hg38"
69.6	1506	"chr8"	"CpG"	"hg38"
69.6	1348	"chr9"	"CpG"	"hg38"
69.6	1188	"chrX"	"CpG"	"hg38"
69.6	170	"chrY"	"CpG"	"hg38"
69.7	2484	"chr1"	"CpG"	"hg38"
69.7	1796	"chr10"	"CpG"	"hg38"
69.7	1464	"chr11"	"CpG"	"hg38"
69.7	1378	"chr12"	"CpG"	"hg38"
69.7	1044	"chr13"	"CpG"	"hg38"
69.7	926	"chr14"	"CpG"	"hg38"
69.7	962	"chr15"	"CpG"	"hg38"
69.7	1252	"chr16"	"CpG"	"hg38"
69.7	1070	"chr17"	"CpG"	"hg38"
69.7	978	"chr18"	"CpG"	"hg38"
69.7	818	"chr19"	"CpG"	"hg38"
69.7	2276	"chr2"	"CpG"	"hg38"
69.7	818	"chr20"	"CpG"	"hg38"
69.7	536	"chr21"	"CpG"	"hg38"
69.7	642	"chr22"	"CpG"	"hg38"
69.7	1810	"chr3"	"CpG"	"hg38"
69.7	1866	"chr4"	"CpG"	"hg38"
69.7	1652	"chr5"	"CpG"	"hg38"
69.7	1500	"chr6"	"CpG"	"hg38"
69.7	1670	"chr7"	"CpG"	"hg38"
69.7	1552	"chr8"	"CpG"	"hg38"
69.7	1350	"chr9"	"CpG"	"hg38"
69.7	1268	"chrX"	"CpG"	"hg38"
69.7	184	"chrY"	"CpG"	"hg38"
69.8	2516	"chr1"	"CpG"	"hg38"
69.8	1546	"chr10"	"CpG"	"hg38"
69.8	1476	"chr11"	"CpG"	"hg38"
69.8	1430	"chr12"	"CpG"	"hg38"
69.8	1030	"chr13"	"CpG"	"hg38"
69.8	854	"chr14"	"CpG"	"hg38"
69.8	1000	"chr15"	"CpG"	"hg38"
69.8	1170	"chr16"	"CpG"	"hg38"
69.8	1086	"chr17"	"CpG"	"hg38"
69.8	936	"chr18"	"CpG"	"hg38"
69.8	880	"chr19"	"CpG"	"hg38"
69.8	2454	"chr2"	"CpG"	"hg38"
69.8	790	"chr20"	"CpG"	"hg38"
69.8	460	"chr21"	"CpG"	"hg38"
69.8	574	"chr22"	"CpG"	"hg38"
69.8	1834	"chr3"	"CpG"	"hg38"
69.8	1732	"chr4"	"CpG"	"hg38"
69.8	1754	"chr5"	"CpG"	"hg38"
69.8	1558	"chr6"	"CpG"	"hg38"
69.8	1888	"chr7"	"CpG"	"hg38"
69.8	1464	"chr8"	"CpG"	"hg38"
69.8	1250	"chr9"	"CpG"	"hg38"
69.8	1176	"chrX"	"CpG"	"hg38"
69.8	212	"chrY"	"CpG"	"hg38"
69.9	2748	"chr1"	"CpG"	"hg38"
69.9	1542	"chr10"	"CpG"	"hg38"
69.9	1638	"chr11"	"CpG"	"hg38"
69.9	1364	"chr12"	"CpG"	"hg38"
69.9	1074	"chr13"	"CpG"	"hg38"
69.9	840	"chr14"	"CpG"	"hg38"
69.9	1002	"chr15"	"CpG"	"hg38"
69.9	1178	"chr16"	"CpG"	"hg38"
69.9	1064	"chr17"	"CpG"	"hg38"
69.9	982	"chr18"	"CpG"	"hg38"
69.9	866	"chr19"	"CpG"	"hg38"
69.9	2506	"chr2"	"CpG"	"hg38"
69.9	822	"chr20"	"CpG"	"hg38"
69.9	428	"chr21"	"CpG"	"hg38"
69.9	672	"chr22"	"CpG"	"hg38"
69.9	1820	"chr3"	"CpG"	"hg38"
69.9	1848	"chr4"	"CpG"	"hg38"
69.9	1714	"chr5"	"CpG"	"hg38"
69.9	1670	"chr6"	"CpG"	"hg38"
69.9	1742	"chr7"	"CpG"	"hg38"
69.9	1688	"chr8"	"CpG"	"hg38"
69.9	1304	"chr9"	"CpG"	"hg38"
69.9	1236	"chrX"	"CpG"	"hg38"
69.9	172	"chrY"	"CpG"	"hg38"
70	2552	"chr1"	"CpG"	"hg38"
70	1650	"chr10"	"CpG"	"hg38"
70	1584	"chr11"	"CpG"	"hg38"
70	1266	"chr12"	"CpG"	"hg38"
70	1016	"chr13"	"CpG"	"hg38"
70	868	"chr14"	"CpG"	"hg38"
70	888	"chr15"	"CpG"	"hg38"
70	1252	"chr16"	"CpG"	"hg38"
70	1122	"chr17"	"CpG"	"hg38"
70	996	"chr18"	"CpG"	"hg38"
70	886	"chr19"	"CpG"	"hg38"
70	2442	"chr2"	"CpG"	"hg38"
70	826	"chr20"	"CpG"	"hg38"
70	414	"chr21"	"CpG"	"hg38"
70	582	"chr22"	"CpG"	"hg38"
70	1942	"chr3"	"CpG"	"hg38"
70	1868	"chr4"	"CpG"	"hg38"
70	1716	"chr5"	"CpG"	"hg38"
70	1560	"chr6"	"CpG"	"hg38"
70	1840	"chr7"	"CpG"	"hg38"
70	1616	"chr8"	"CpG"	"hg38"
70	1334	"chr9"	"CpG"	"hg38"
70	1270	"chrX"	"CpG"	"hg38"
70	228	"chrY"	"CpG"	"hg38"
70.1	2664	"chr1"	"CpG"	"hg38"
70.1	1590	"chr10"	"CpG"	"hg38"
70.1	1546	"chr11"	"CpG"	"hg38"
70.1	1376	"chr12"	"CpG"	"hg38"
70.1	1022	"chr13"	"CpG"	"hg38"
70.1	952	"chr14"	"CpG"	"hg38"
70.1	912	"chr15"	"CpG"	"hg38"
70.1	1246	"chr16"	"CpG"	"hg38"
70.1	1098	"chr17"	"CpG"	"hg38"
70.1	960	"chr18"	"CpG"	"hg38"
70.1	882	"chr19"	"CpG"	"hg38"
70.1	2492	"chr2"	"CpG"	"hg38"
70.1	820	"chr20"	"CpG"	"hg38"
70.1	464	"chr21"	"CpG"	"hg38"
70.1	648	"chr22"	"CpG"	"hg38"
70.1	1840	"chr3"	"CpG"	"hg38"
70.1	1780	"chr4"	"CpG"	"hg38"
70.1	1638	"chr5"	"CpG"	"hg38"
70.1	1534	"chr6"	"CpG"	"hg38"
70.1	1774	"chr7"	"CpG"	"hg38"
70.1	1458	"chr8"	"CpG"	"hg38"
70.1	1330	"chr9"	"CpG"	"hg38"
70.1	1156	"chrX"	"CpG"	"hg38"
70.1	184	"chrY"	"CpG"	"hg38"
70.2	2636	"chr1"	"CpG"	"hg38"
70.2	1674	"chr10"	"CpG"	"hg38"
70.2	1522	"chr11"	"CpG"	"hg38"
70.2	1342	"chr12"	"CpG"	"hg38"
70.2	970	"chr13"	"CpG"	"hg38"
70.2	922	"chr14"	"CpG"	"hg38"
70.2	940	"chr15"	"CpG"	"hg38"
70.2	1278	"chr16"	"CpG"	"hg38"
70.2	1104	"chr17"	"CpG"	"hg38"
70.2	928	"chr18"	"CpG"	"hg38"
70.2	856	"chr19"	"CpG"	"hg38"
70.2	2330	"chr2"	"CpG"	"hg38"
70.2	810	"chr20"	"CpG"	"hg38"
70.2	442	"chr21"	"CpG"	"hg38"
70.2	602	"chr22"	"CpG"	"hg38"
70.2	2016	"chr3"	"CpG"	"hg38"
70.2	1798	"chr4"	"CpG"	"hg38"
70.2	1742	"chr5"	"CpG"	"hg38"
70.2	1614	"chr6"	"CpG"	"hg38"
70.2	1810	"chr7"	"CpG"	"hg38"
70.2	1656	"chr8"	"CpG"	"hg38"
70.2	1442	"chr9"	"CpG"	"hg38"
70.2	1208	"chrX"	"CpG"	"hg38"
70.2	222	"chrY"	"CpG"	"hg38"
70.3	2594	"chr1"	"CpG"	"hg38"
70.3	1476	"chr10"	"CpG"	"hg38"
70.3	1522	"chr11"	"CpG"	"hg38"
70.3	1356	"chr12"	"CpG"	"hg38"
70.3	1032	"chr13"	"CpG"	"hg38"
70.3	858	"chr14"	"CpG"	"hg38"
70.3	922	"chr15"	"CpG"	"hg38"
70.3	1162	"chr16"	"CpG"	"hg38"
70.3	1052	"chr17"	"CpG"	"hg38"
70.3	924	"chr18"	"CpG"	"hg38"
70.3	800	"chr19"	"CpG"	"hg38"
70.3	2498	"chr2"	"CpG"	"hg38"
70.3	808	"chr20"	"CpG"	"hg38"
70.3	482	"chr21"	"CpG"	"hg38"
70.3	588	"chr22"	"CpG"	"hg38"
70.3	1862	"chr3"	"CpG"	"hg38"
70.3	1738	"chr4"	"CpG"	"hg38"
70.3	1742	"chr5"	"CpG"	"hg38"
70.3	1658	"chr6"	"CpG"	"hg38"
70.3	1786	"chr7"	"CpG"	"hg38"
70.3	1576	"chr8"	"CpG"	"hg38"
70.3	1258	"chr9"	"CpG"	"hg38"
70.3	1296	"chrX"	"CpG"	"hg38"
70.3	200	"chrY"	"CpG"	"hg38"
70.4	2670	"chr1"	"CpG"	"hg38"
70.4	1708	"chr10"	"CpG"	"hg38"
70.4	1460	"chr11"	"CpG"	"hg38"
70.4	1434	"chr12"	"CpG"	"hg38"
70.4	954	"chr13"	"CpG"	"hg38"
70.4	856	"chr14"	"CpG"	"hg38"
70.4	942	"chr15"	"CpG"	"hg38"
70.4	1152	"chr16"	"CpG"	"hg38"
70.4	1036	"chr17"	"CpG"	"hg38"
70.4	922	"chr18"	"CpG"	"hg38"
70.4	864	"chr19"	"CpG"	"hg38"
70.4	2382	"chr2"	"CpG"	"hg38"
70.4	852	"chr20"	"CpG"	"hg38"
70.4	520	"chr21"	"CpG"	"hg38"
70.4	594	"chr22"	"CpG"	"hg38"
70.4	1888	"chr3"	"CpG"	"hg38"
70.4	1794	"chr4"	"CpG"	"hg38"
70.4	1720	"chr5"	"CpG"	"hg38"
70.4	1672	"chr6"	"CpG"	"hg38"
70.4	1782	"chr7"	"CpG"	"hg38"
70.4	1510	"chr8"	"CpG"	"hg38"
70.4	1316	"chr9"	"CpG"	"hg38"
70.4	1166	"chrX"	"CpG"	"hg38"
70.4	178	"chrY"	"CpG"	"hg38"
70.5	2662	"chr1"	"CpG"	"hg38"
70.5	1552	"chr10"	"CpG"	"hg38"
70.5	1528	"chr11"	"CpG"	"hg38"
70.5	1332	"chr12"	"CpG"	"hg38"
70.5	974	"chr13"	"CpG"	"hg38"
70.5	966	"chr14"	"CpG"	"hg38"
70.5	916	"chr15"	"CpG"	"hg38"
70.5	1184	"chr16"	"CpG"	"hg38"
70.5	1108	"chr17"	"CpG"	"hg38"
70.5	936	"chr18"	"CpG"	"hg38"
70.5	878	"chr19"	"CpG"	"hg38"
70.5	2358	"chr2"	"CpG"	"hg38"
70.5	802	"chr20"	"CpG"	"hg38"
70.5	450	"chr21"	"CpG"	"hg38"
70.5	640	"chr22"	"CpG"	"hg38"
70.5	1960	"chr3"	"CpG"	"hg38"
70.5	1736	"chr4"	"CpG"	"hg38"
70.5	1770	"chr5"	"CpG"	"hg38"
70.5	1560	"chr6"	"CpG"	"hg38"
70.5	1786	"chr7"	"CpG"	"hg38"
70.5	1564	"chr8"	"CpG"	"hg38"
70.5	1332	"chr9"	"CpG"	"hg38"
70.5	1198	"chrX"	"CpG"	"hg38"
70.5	190	"chrY"	"CpG"	"hg38"
70.6	2606	"chr1"	"CpG"	"hg38"
70.6	1590	"chr10"	"CpG"	"hg38"
70.6	1496	"chr11"	"CpG"	"hg38"
70.6	1334	"chr12"	"CpG"	"hg38"
70.6	1086	"chr13"	"CpG"	"hg38"
70.6	954	"chr14"	"CpG"	"hg38"
70.6	952	"chr15"	"CpG"	"hg38"
70.6	1204	"chr16"	"CpG"	"hg38"
70.6	1086	"chr17"	"CpG"	"hg38"
70.6	844	"chr18"	"CpG"	"hg38"
70.6	950	"chr19"	"CpG"	"hg38"
70.6	2406	"chr2"	"CpG"	"hg38"
70.6	848	"chr20"	"CpG"	"hg38"
70.6	452	"chr21"	"CpG"	"hg38"
70.6	628	"chr22"	"CpG"	"hg38"
70.6	1886	"chr3"	"CpG"	"hg38"
70.6	1868	"chr4"	"CpG"	"hg38"
70.6	1778	"chr5"	"CpG"	"hg38"
70.6	1562	"chr6"	"CpG"	"hg38"
70.6	1814	"chr7"	"CpG"	"hg38"
70.6	1472	"chr8"	"CpG"	"hg38"
70.6	1230	"chr9"	"CpG"	"hg38"
70.6	1278	"chrX"	"CpG"	"hg38"
70.6	220	"chrY"	"CpG"	"hg38"
70.7	2464	"chr1"	"CpG"	"hg38"
70.7	1604	"chr10"	"CpG"	"hg38"
70.7	1550	"chr11"	"CpG"	"hg38"
70.7	1488	"chr12"	"CpG"	"hg38"
70.7	942	"chr13"	"CpG"	"hg38"
70.7	812	"chr14"	"CpG"	"hg38"
70.7	970	"chr15"	"CpG"	"hg38"
70.7	1236	"chr16"	"CpG"	"hg38"
70.7	1068	"chr17"	"CpG"	"hg38"
70.7	950	"chr18"	"CpG"	"hg38"
70.7	842	"chr19"	"CpG"	"hg38"
70.7	2426	"chr2"	"CpG"	"hg38"
70.7	894	"chr20"	"CpG"	"hg38"
70.7	510	"chr21"	"CpG"	"hg38"
70.7	618	"chr22"	"CpG"	"hg38"
70.7	1926	"chr3"	"CpG"	"hg38"
70.7	1792	"chr4"	"CpG"	"hg38"
70.7	1588	"chr5"	"CpG"	"hg38"
70.7	1666	"chr6"	"CpG"	"hg38"
70.7	1840	"chr7"	"CpG"	"hg38"
70.7	1574	"chr8"	"CpG"	"hg38"
70.7	1324	"chr9"	"CpG"	"hg38"
70.7	1222	"chrX"	"CpG"	"hg38"
70.7	188	"chrY"	"CpG"	"hg38"
70.8	2558	"chr1"	"CpG"	"hg38"
70.8	1730	"chr10"	"CpG"	"hg38"
70.8	1532	"chr11"	"CpG"	"hg38"
70.8	1480	"chr12"	"CpG"	"hg38"
70.8	1084	"chr13"	"CpG"	"hg38"
70.8	912	"chr14"	"CpG"	"hg38"
70.8	914	"chr15"	"CpG"	"hg38"
70.8	1282	"chr16"	"CpG"	"hg38"
70.8	1100	"chr17"	"CpG"	"hg38"
70.8	950	"chr18"	"CpG"	"hg38"
70.8	820	"chr19"	"CpG"	"hg38"
70.8	2350	"chr2"	"CpG"	"hg38"
70.8	820	"chr20"	"CpG"	"hg38"
70.8	482	"chr21"	"CpG"	"hg38"
70.8	646	"chr22"	"CpG"	"hg38"
70.8	1920	"chr3"	"CpG"	"hg38"
70.8	1796	"chr4"	"CpG"	"hg38"
70.8	1732	"chr5"	"CpG"	"hg38"
70.8	1678	"chr6"	"CpG"	"hg38"
70.8	1760	"chr7"	"CpG"	"hg38"
70.8	1480	"chr8"	"CpG"	"hg38"
70.8	1328	"chr9"	"CpG"	"hg38"
70.8	1232	"chrX"	"CpG"	"hg38"
70.8	162	"chrY"	"CpG"	"hg38"
70.9	2550	"chr1"	"CpG"	"hg38"
70.9	1600	"chr10"	"CpG"	"hg38"
70.9	1504	"chr11"	"CpG"	"hg38"
70.9	1444	"chr12"	"CpG"	"hg38"
70.9	1014	"chr13"	"CpG"	"hg38"
70.9	940	"chr14"	"CpG"	"hg38"
70.9	960	"chr15"	"CpG"	"hg38"
70.9	1194	"chr16"	"CpG"	"hg38"
70.9	1078	"chr17"	"CpG"	"hg38"
70.9	968	"chr18"	"CpG"	"hg38"
70.9	858	"chr19"	"CpG"	"hg38"
70.9	2450	"chr2"	"CpG"	"hg38"
70.9	816	"chr20"	"CpG"	"hg38"
70.9	468	"chr21"	"CpG"	"hg38"
70.9	608	"chr22"	"CpG"	"hg38"
70.9	1926	"chr3"	"CpG"	"hg38"
70.9	1806	"chr4"	"CpG"	"hg38"
70.9	1684	"chr5"	"CpG"	"hg38"
70.9	1710	"chr6"	"CpG"	"hg38"
70.9	1824	"chr7"	"CpG"	"hg38"
70.9	1608	"chr8"	"CpG"	"hg38"
70.9	1412	"chr9"	"CpG"	"hg38"
70.9	1262	"chrX"	"CpG"	"hg38"
70.9	176	"chrY"	"CpG"	"hg38"
71	2654	"chr1"	"CpG"	"hg38"
71	1630	"chr10"	"CpG"	"hg38"
71	1482	"chr11"	"CpG"	"hg38"
71	1346	"chr12"	"CpG"	"hg38"
71	1044	"chr13"	"CpG"	"hg38"
71	906	"chr14"	"CpG"	"hg38"
71	902	"chr15"	"CpG"	"hg38"
71	1348	"chr16"	"CpG"	"hg38"
71	1070	"chr17"	"CpG"	"hg38"
71	920	"chr18"	"CpG"	"hg38"
71	810	"chr19"	"CpG"	"hg38"
71	2354	"chr2"	"CpG"	"hg38"
71	836	"chr20"	"CpG"	"hg38"
71	466	"chr21"	"CpG"	"hg38"
71	650	"chr22"	"CpG"	"hg38"
71	2000	"chr3"	"CpG"	"hg38"
71	1862	"chr4"	"CpG"	"hg38"
71	1722	"chr5"	"CpG"	"hg38"
71	1626	"chr6"	"CpG"	"hg38"
71	1642	"chr7"	"CpG"	"hg38"
71	1498	"chr8"	"CpG"	"hg38"
71	1234	"chr9"	"CpG"	"hg38"
71	1310	"chrX"	"CpG"	"hg38"
71	192	"chrY"	"CpG"	"hg38"
71.1	2600	"chr1"	"CpG"	"hg38"
71.1	1566	"chr10"	"CpG"	"hg38"
71.1	1442	"chr11"	"CpG"	"hg38"
71.1	1300	"chr12"	"CpG"	"hg38"
71.1	1134	"chr13"	"CpG"	"hg38"
71.1	962	"chr14"	"CpG"	"hg38"
71.1	940	"chr15"	"CpG"	"hg38"
71.1	1242	"chr16"	"CpG"	"hg38"
71.1	1074	"chr17"	"CpG"	"hg38"
71.1	864	"chr18"	"CpG"	"hg38"
71.1	822	"chr19"	"CpG"	"hg38"
71.1	2488	"chr2"	"CpG"	"hg38"
71.1	812	"chr20"	"CpG"	"hg38"
71.1	416	"chr21"	"CpG"	"hg38"
71.1	630	"chr22"	"CpG"	"hg38"
71.1	1774	"chr3"	"CpG"	"hg38"
71.1	1948	"chr4"	"CpG"	"hg38"
71.1	1772	"chr5"	"CpG"	"hg38"
71.1	1622	"chr6"	"CpG"	"hg38"
71.1	1890	"chr7"	"CpG"	"hg38"
71.1	1618	"chr8"	"CpG"	"hg38"
71.1	1290	"chr9"	"CpG"	"hg38"
71.1	1304	"chrX"	"CpG"	"hg38"
71.1	194	"chrY"	"CpG"	"hg38"
71.2	2598	"chr1"	"CpG"	"hg38"
71.2	1560	"chr10"	"CpG"	"hg38"
71.2	1518	"chr11"	"CpG"	"hg38"
71.2	1472	"chr12"	"CpG"	"hg38"
71.2	1072	"chr13"	"CpG"	"hg38"
71.2	862	"chr14"	"CpG"	"hg38"
71.2	992	"chr15"	"CpG"	"hg38"
71.2	1180	"chr16"	"CpG"	"hg38"
71.2	1136	"chr17"	"CpG"	"hg38"
71.2	862	"chr18"	"CpG"	"hg38"
71.2	874	"chr19"	"CpG"	"hg38"
71.2	2548	"chr2"	"CpG"	"hg38"
71.2	832	"chr20"	"CpG"	"hg38"
71.2	474	"chr21"	"CpG"	"hg38"
71.2	598	"chr22"	"CpG"	"hg38"
71.2	1848	"chr3"	"CpG"	"hg38"
71.2	1764	"chr4"	"CpG"	"hg38"
71.2	1778	"chr5"	"CpG"	"hg38"
71.2	1578	"chr6"	"CpG"	"hg38"
71.2	1704	"chr7"	"CpG"	"hg38"
71.2	1636	"chr8"	"CpG"	"hg38"
71.2	1296	"chr9"	"CpG"	"hg38"
71.2	1202	"chrX"	"CpG"	"hg38"
71.2	180	"chrY"	"CpG"	"hg38"
71.3	2700	"chr1"	"CpG"	"hg38"
71.3	1566	"chr10"	"CpG"	"hg38"
71.3	1572	"chr11"	"CpG"	"hg38"
71.3	1390	"chr12"	"CpG"	"hg38"
71.3	990	"chr13"	"CpG"	"hg38"
71.3	914	"chr14"	"CpG"	"hg38"
71.3	960	"chr15"	"CpG"	"hg38"
71.3	1202	"chr16"	"CpG"	"hg38"
71.3	1094	"chr17"	"CpG"	"hg38"
71.3	960	"chr18"	"CpG"	"hg38"
71.3	836	"chr19"	"CpG"	"hg38"
71.3	2492	"chr2"	"CpG"	"hg38"
71.3	836	"chr20"	"CpG"	"hg38"
71.3	462	"chr21"	"CpG"	"hg38"
71.3	574	"chr22"	"CpG"	"hg38"
71.3	1882	"chr3"	"CpG"	"hg38"
71.3	1712	"chr4"	"CpG"	"hg38"
71.3	1744	"chr5"	"CpG"	"hg38"
71.3	1590	"chr6"	"CpG"	"hg38"
71.3	1880	"chr7"	"CpG"	"hg38"
71.3	1584	"chr8"	"CpG"	"hg38"
71.3	1318	"chr9"	"CpG"	"hg38"
71.3	1162	"chrX"	"CpG"	"hg38"
71.3	206	"chrY"	"CpG"	"hg38"
71.4	2574	"chr1"	"CpG"	"hg38"
71.4	1696	"chr10"	"CpG"	"hg38"
71.4	1580	"chr11"	"CpG"	"hg38"
71.4	1544	"chr12"	"CpG"	"hg38"
71.4	1008	"chr13"	"CpG"	"hg38"
71.4	870	"chr14"	"CpG"	"hg38"
71.4	912	"chr15"	"CpG"	"hg38"
71.4	1214	"chr16"	"CpG"	"hg38"
71.4	1034	"chr17"	"CpG"	"hg38"
71.4	928	"chr18"	"CpG"	"hg38"
71.4	872	"chr19"	"CpG"	"hg38"
71.4	2486	"chr2"	"CpG"	"hg38"
71.4	872	"chr20"	"CpG"	"hg38"
71.4	442	"chr21"	"CpG"	"hg38"
71.4	626	"chr22"	"CpG"	"hg38"
71.4	2002	"chr3"	"CpG"	"hg38"
71.4	1824	"chr4"	"CpG"	"hg38"
71.4	1650	"chr5"	"CpG"	"hg38"
71.4	1684	"chr6"	"CpG"	"hg38"
71.4	1840	"chr7"	"CpG"	"hg38"
71.4	1616	"chr8"	"CpG"	"hg38"
71.4	1358	"chr9"	"CpG"	"hg38"
71.4	1282	"chrX"	"CpG"	"hg38"
71.4	186	"chrY"	"CpG"	"hg38"
71.5	2616	"chr1"	"CpG"	"hg38"
71.5	1644	"chr10"	"CpG"	"hg38"
71.5	1418	"chr11"	"CpG"	"hg38"
71.5	1390	"chr12"	"CpG"	"hg38"
71.5	996	"chr13"	"CpG"	"hg38"
71.5	930	"chr14"	"CpG"	"hg38"
71.5	1010	"chr15"	"CpG"	"hg38"
71.5	1284	"chr16"	"CpG"	"hg38"
71.5	1134	"chr17"	"CpG"	"hg38"
71.5	948	"chr18"	"CpG"	"hg38"
71.5	900	"chr19"	"CpG"	"hg38"
71.5	2538	"chr2"	"CpG"	"hg38"
71.5	830	"chr20"	"CpG"	"hg38"
71.5	484	"chr21"	"CpG"	"hg38"
71.5	636	"chr22"	"CpG"	"hg38"
71.5	1990	"chr3"	"CpG"	"hg38"
71.5	1790	"chr4"	"CpG"	"hg38"
71.5	1770	"chr5"	"CpG"	"hg38"
71.5	1646	"chr6"	"CpG"	"hg38"
71.5	1818	"chr7"	"CpG"	"hg38"
71.5	1596	"chr8"	"CpG"	"hg38"
71.5	1392	"chr9"	"CpG"	"hg38"
71.5	1276	"chrX"	"CpG"	"hg38"
71.5	232	"chrY"	"CpG"	"hg38"
71.6	2556	"chr1"	"CpG"	"hg38"
71.6	1690	"chr10"	"CpG"	"hg38"
71.6	1458	"chr11"	"CpG"	"hg38"
71.6	1412	"chr12"	"CpG"	"hg38"
71.6	1040	"chr13"	"CpG"	"hg38"
71.6	880	"chr14"	"CpG"	"hg38"
71.6	1032	"chr15"	"CpG"	"hg38"
71.6	1264	"chr16"	"CpG"	"hg38"
71.6	1156	"chr17"	"CpG"	"hg38"
71.6	884	"chr18"	"CpG"	"hg38"
71.6	894	"chr19"	"CpG"	"hg38"
71.6	2488	"chr2"	"CpG"	"hg38"
71.6	806	"chr20"	"CpG"	"hg38"
71.6	474	"chr21"	"CpG"	"hg38"
71.6	668	"chr22"	"CpG"	"hg38"
71.6	1960	"chr3"	"CpG"	"hg38"
71.6	1946	"chr4"	"CpG"	"hg38"
71.6	1738	"chr5"	"CpG"	"hg38"
71.6	1622	"chr6"	"CpG"	"hg38"
71.6	1750	"chr7"	"CpG"	"hg38"
71.6	1602	"chr8"	"CpG"	"hg38"
71.6	1274	"chr9"	"CpG"	"hg38"
71.6	1244	"chrX"	"CpG"	"hg38"
71.6	214	"chrY"	"CpG"	"hg38"
71.7	2680	"chr1"	"CpG"	"hg38"
71.7	1584	"chr10"	"CpG"	"hg38"
71.7	1518	"chr11"	"CpG"	"hg38"
71.7	1392	"chr12"	"CpG"	"hg38"
71.7	1058	"chr13"	"CpG"	"hg38"
71.7	976	"chr14"	"CpG"	"hg38"
71.7	992	"chr15"	"CpG"	"hg38"
71.7	1296	"chr16"	"CpG"	"hg38"
71.7	1146	"chr17"	"CpG"	"hg38"
71.7	932	"chr18"	"CpG"	"hg38"
71.7	894	"chr19"	"CpG"	"hg38"
71.7	2632	"chr2"	"CpG"	"hg38"
71.7	896	"chr20"	"CpG"	"hg38"
71.7	482	"chr21"	"CpG"	"hg38"
71.7	616	"chr22"	"CpG"	"hg38"
71.7	1780	"chr3"	"CpG"	"hg38"
71.7	1838	"chr4"	"CpG"	"hg38"
71.7	1740	"chr5"	"CpG"	"hg38"
71.7	1768	"chr6"	"CpG"	"hg38"
71.7	1772	"chr7"	"CpG"	"hg38"
71.7	1598	"chr8"	"CpG"	"hg38"
71.7	1306	"chr9"	"CpG"	"hg38"
71.7	1190	"chrX"	"CpG"	"hg38"
71.7	212	"chrY"	"CpG"	"hg38"
71.8	2608	"chr1"	"CpG"	"hg38"
71.8	1576	"chr10"	"CpG"	"hg38"
71.8	1594	"chr11"	"CpG"	"hg38"
71.8	1416	"chr12"	"CpG"	"hg38"
71.8	1054	"chr13"	"CpG"	"hg38"
71.8	890	"chr14"	"CpG"	"hg38"
71.8	898	"chr15"	"CpG"	"hg38"
71.8	1174	"chr16"	"CpG"	"hg38"
71.8	1068	"chr17"	"CpG"	"hg38"
71.8	922	"chr18"	"CpG"	"hg38"
71.8	882	"chr19"	"CpG"	"hg38"
71.8	2360	"chr2"	"CpG"	"hg38"
71.8	826	"chr20"	"CpG"	"hg38"
71.8	442	"chr21"	"CpG"	"hg38"
71.8	582	"chr22"	"CpG"	"hg38"
71.8	1878	"chr3"	"CpG"	"hg38"
71.8	1726	"chr4"	"CpG"	"hg38"
71.8	1804	"chr5"	"CpG"	"hg38"
71.8	1538	"chr6"	"CpG"	"hg38"
71.8	1892	"chr7"	"CpG"	"hg38"
71.8	1550	"chr8"	"CpG"	"hg38"
71.8	1386	"chr9"	"CpG"	"hg38"
71.8	1222	"chrX"	"CpG"	"hg38"
71.8	200	"chrY"	"CpG"	"hg38"
71.9	2676	"chr1"	"CpG"	"hg38"
71.9	1622	"chr10"	"CpG"	"hg38"
71.9	1534	"chr11"	"CpG"	"hg38"
71.9	1330	"chr12"	"CpG"	"hg38"
71.9	1074	"chr13"	"CpG"	"hg38"
71.9	902	"chr14"	"CpG"	"hg38"
71.9	974	"chr15"	"CpG"	"hg38"
71.9	1284	"chr16"	"CpG"	"hg38"
71.9	1102	"chr17"	"CpG"	"hg38"
71.9	920	"chr18"	"CpG"	"hg38"
71.9	874	"chr19"	"CpG"	"hg38"
71.9	2550	"chr2"	"CpG"	"hg38"
71.9	858	"chr20"	"CpG"	"hg38"
71.9	520	"chr21"	"CpG"	"hg38"
71.9	606	"chr22"	"CpG"	"hg38"
71.9	1942	"chr3"	"CpG"	"hg38"
71.9	1842	"chr4"	"CpG"	"hg38"
71.9	1692	"chr5"	"CpG"	"hg38"
71.9	1596	"chr6"	"CpG"	"hg38"
71.9	1844	"chr7"	"CpG"	"hg38"
71.9	1566	"chr8"	"CpG"	"hg38"
71.9	1332	"chr9"	"CpG"	"hg38"
71.9	1302	"chrX"	"CpG"	"hg38"
71.9	230	"chrY"	"CpG"	"hg38"
72	2700	"chr1"	"CpG"	"hg38"
72	1608	"chr10"	"CpG"	"hg38"
72	1506	"chr11"	"CpG"	"hg38"
72	1418	"chr12"	"CpG"	"hg38"
72	1038	"chr13"	"CpG"	"hg38"
72	926	"chr14"	"CpG"	"hg38"
72	940	"chr15"	"CpG"	"hg38"
72	1226	"chr16"	"CpG"	"hg38"
72	1130	"chr17"	"CpG"	"hg38"
72	1044	"chr18"	"CpG"	"hg38"
72	930	"chr19"	"CpG"	"hg38"
72	2440	"chr2"	"CpG"	"hg38"
72	860	"chr20"	"CpG"	"hg38"
72	498	"chr21"	"CpG"	"hg38"
72	640	"chr22"	"CpG"	"hg38"
72	1904	"chr3"	"CpG"	"hg38"
72	1884	"chr4"	"CpG"	"hg38"
72	1776	"chr5"	"CpG"	"hg38"
72	1734	"chr6"	"CpG"	"hg38"
72	1884	"chr7"	"CpG"	"hg38"
72	1620	"chr8"	"CpG"	"hg38"
72	1314	"chr9"	"CpG"	"hg38"
72	1262	"chrX"	"CpG"	"hg38"
72	200	"chrY"	"CpG"	"hg38"
72.1	2634	"chr1"	"CpG"	"hg38"
72.1	1632	"chr10"	"CpG"	"hg38"
72.1	1574	"chr11"	"CpG"	"hg38"
72.1	1434	"chr12"	"CpG"	"hg38"
72.1	1086	"chr13"	"CpG"	"hg38"
72.1	894	"chr14"	"CpG"	"hg38"
72.1	942	"chr15"	"CpG"	"hg38"
72.1	1232	"chr16"	"CpG"	"hg38"
72.1	1120	"chr17"	"CpG"	"hg38"
72.1	978	"chr18"	"CpG"	"hg38"
72.1	844	"chr19"	"CpG"	"hg38"
72.1	2522	"chr2"	"CpG"	"hg38"
72.1	882	"chr20"	"CpG"	"hg38"
72.1	456	"chr21"	"CpG"	"hg38"
72.1	638	"chr22"	"CpG"	"hg38"
72.1	1930	"chr3"	"CpG"	"hg38"
72.1	1910	"chr4"	"CpG"	"hg38"
72.1	1754	"chr5"	"CpG"	"hg38"
72.1	1576	"chr6"	"CpG"	"hg38"
72.1	1948	"chr7"	"CpG"	"hg38"
72.1	1588	"chr8"	"CpG"	"hg38"
72.1	1350	"chr9"	"CpG"	"hg38"
72.1	1304	"chrX"	"CpG"	"hg38"
72.1	168	"chrY"	"CpG"	"hg38"
72.2	2624	"chr1"	"CpG"	"hg38"
72.2	1522	"chr10"	"CpG"	"hg38"
72.2	1586	"chr11"	"CpG"	"hg38"
72.2	1364	"chr12"	"CpG"	"hg38"
72.2	1118	"chr13"	"CpG"	"hg38"
72.2	998	"chr14"	"CpG"	"hg38"
72.2	902	"chr15"	"CpG"	"hg38"
72.2	1230	"chr16"	"CpG"	"hg38"
72.2	1092	"chr17"	"CpG"	"hg38"
72.2	980	"chr18"	"CpG"	"hg38"
72.2	858	"chr19"	"CpG"	"hg38"
72.2	2600	"chr2"	"CpG"	"hg38"
72.2	956	"chr20"	"CpG"	"hg38"
72.2	488	"chr21"	"CpG"	"hg38"
72.2	700	"chr22"	"CpG"	"hg38"
72.2	1948	"chr3"	"CpG"	"hg38"
72.2	1866	"chr4"	"CpG"	"hg38"
72.2	1730	"chr5"	"CpG"	"hg38"
72.2	1510	"chr6"	"CpG"	"hg38"
72.2	1886	"chr7"	"CpG"	"hg38"
72.2	1618	"chr8"	"CpG"	"hg38"
72.2	1428	"chr9"	"CpG"	"hg38"
72.2	1224	"chrX"	"CpG"	"hg38"
72.2	220	"chrY"	"CpG"	"hg38"
72.3	2626	"chr1"	"CpG"	"hg38"
72.3	1630	"chr10"	"CpG"	"hg38"
72.3	1514	"chr11"	"CpG"	"hg38"
72.3	1344	"chr12"	"CpG"	"hg38"
72.3	1090	"chr13"	"CpG"	"hg38"
72.3	918	"chr14"	"CpG"	"hg38"
72.3	1022	"chr15"	"CpG"	"hg38"
72.3	1234	"chr16"	"CpG"	"hg38"
72.3	1108	"chr17"	"CpG"	"hg38"
72.3	1006	"chr18"	"CpG"	"hg38"
72.3	794	"chr19"	"CpG"	"hg38"
72.3	2382	"chr2"	"CpG"	"hg38"
72.3	854	"chr20"	"CpG"	"hg38"
72.3	418	"chr21"	"CpG"	"hg38"
72.3	630	"chr22"	"CpG"	"hg38"
72.3	1880	"chr3"	"CpG"	"hg38"
72.3	1812	"chr4"	"CpG"	"hg38"
72.3	1674	"chr5"	"CpG"	"hg38"
72.3	1656	"chr6"	"CpG"	"hg38"
72.3	1940	"chr7"	"CpG"	"hg38"
72.3	1522	"chr8"	"CpG"	"hg38"
72.3	1426	"chr9"	"CpG"	"hg38"
72.3	1290	"chrX"	"CpG"	"hg38"
72.3	196	"chrY"	"CpG"	"hg38"
72.4	2598	"chr1"	"CpG"	"hg38"
72.4	1568	"chr10"	"CpG"	"hg38"
72.4	1558	"chr11"	"CpG"	"hg38"
72.4	1430	"chr12"	"CpG"	"hg38"
72.4	1038	"chr13"	"CpG"	"hg38"
72.4	922	"chr14"	"CpG"	"hg38"
72.4	898	"chr15"	"CpG"	"hg38"
72.4	1334	"chr16"	"CpG"	"hg38"
72.4	1034	"chr17"	"CpG"	"hg38"
72.4	954	"chr18"	"CpG"	"hg38"
72.4	908	"chr19"	"CpG"	"hg38"
72.4	2536	"chr2"	"CpG"	"hg38"
72.4	896	"chr20"	"CpG"	"hg38"
72.4	470	"chr21"	"CpG"	"hg38"
72.4	636	"chr22"	"CpG"	"hg38"
72.4	1874	"chr3"	"CpG"	"hg38"
72.4	1856	"chr4"	"CpG"	"hg38"
72.4	1634	"chr5"	"CpG"	"hg38"
72.4	1552	"chr6"	"CpG"	"hg38"
72.4	1804	"chr7"	"CpG"	"hg38"
72.4	1596	"chr8"	"CpG"	"hg38"
72.4	1422	"chr9"	"CpG"	"hg38"
72.4	1224	"chrX"	"CpG"	"hg38"
72.4	234	"chrY"	"CpG"	"hg38"
72.5	2596	"chr1"	"CpG"	"hg38"
72.5	1620	"chr10"	"CpG"	"hg38"
72.5	1526	"chr11"	"CpG"	"hg38"
72.5	1422	"chr12"	"CpG"	"hg38"
72.5	1042	"chr13"	"CpG"	"hg38"
72.5	914	"chr14"	"CpG"	"hg38"
72.5	974	"chr15"	"CpG"	"hg38"
72.5	1202	"chr16"	"CpG"	"hg38"
72.5	1090	"chr17"	"CpG"	"hg38"
72.5	936	"chr18"	"CpG"	"hg38"
72.5	888	"chr19"	"CpG"	"hg38"
72.5	2468	"chr2"	"CpG"	"hg38"
72.5	898	"chr20"	"CpG"	"hg38"
72.5	466	"chr21"	"CpG"	"hg38"
72.5	686	"chr22"	"CpG"	"hg38"
72.5	1974	"chr3"	"CpG"	"hg38"
72.5	1822	"chr4"	"CpG"	"hg38"
72.5	1698	"chr5"	"CpG"	"hg38"
72.5	1684	"chr6"	"CpG"	"hg38"
72.5	1778	"chr7"	"CpG"	"hg38"
72.5	1530	"chr8"	"CpG"	"hg38"
72.5	1344	"chr9"	"CpG"	"hg38"
72.5	1372	"chrX"	"CpG"	"hg38"
72.5	206	"chrY"	"CpG"	"hg38"
72.6	2688	"chr1"	"CpG"	"hg38"
72.6	1636	"chr10"	"CpG"	"hg38"
72.6	1552	"chr11"	"CpG"	"hg38"
72.6	1380	"chr12"	"CpG"	"hg38"
72.6	1004	"chr13"	"CpG"	"hg38"
72.6	882	"chr14"	"CpG"	"hg38"
72.6	922	"chr15"	"CpG"	"hg38"
72.6	1236	"chr16"	"CpG"	"hg38"
72.6	1178	"chr17"	"CpG"	"hg38"
72.6	950	"chr18"	"CpG"	"hg38"
72.6	902	"chr19"	"CpG"	"hg38"
72.6	2436	"chr2"	"CpG"	"hg38"
72.6	840	"chr20"	"CpG"	"hg38"
72.6	504	"chr21"	"CpG"	"hg38"
72.6	638	"chr22"	"CpG"	"hg38"
72.6	2062	"chr3"	"CpG"	"hg38"
72.6	1822	"chr4"	"CpG"	"hg38"
72.6	1818	"chr5"	"CpG"	"hg38"
72.6	1636	"chr6"	"CpG"	"hg38"
72.6	1834	"chr7"	"CpG"	"hg38"
72.6	1562	"chr8"	"CpG"	"hg38"
72.6	1386	"chr9"	"CpG"	"hg38"
72.6	1316	"chrX"	"CpG"	"hg38"
72.6	246	"chrY"	"CpG"	"hg38"
72.7	2612	"chr1"	"CpG"	"hg38"
72.7	1612	"chr10"	"CpG"	"hg38"
72.7	1586	"chr11"	"CpG"	"hg38"
72.7	1492	"chr12"	"CpG"	"hg38"
72.7	998	"chr13"	"CpG"	"hg38"
72.7	950	"chr14"	"CpG"	"hg38"
72.7	968	"chr15"	"CpG"	"hg38"
72.7	1302	"chr16"	"CpG"	"hg38"
72.7	1098	"chr17"	"CpG"	"hg38"
72.7	930	"chr18"	"CpG"	"hg38"
72.7	906	"chr19"	"CpG"	"hg38"
72.7	2458	"chr2"	"CpG"	"hg38"
72.7	880	"chr20"	"CpG"	"hg38"
72.7	548	"chr21"	"CpG"	"hg38"
72.7	636	"chr22"	"CpG"	"hg38"
72.7	1888	"chr3"	"CpG"	"hg38"
72.7	1926	"chr4"	"CpG"	"hg38"
72.7	1682	"chr5"	"CpG"	"hg38"
72.7	1802	"chr6"	"CpG"	"hg38"
72.7	1794	"chr7"	"CpG"	"hg38"
72.7	1554	"chr8"	"CpG"	"hg38"
72.7	1342	"chr9"	"CpG"	"hg38"
72.7	1324	"chrX"	"CpG"	"hg38"
72.7	196	"chrY"	"CpG"	"hg38"
72.8	2648	"chr1"	"CpG"	"hg38"
72.8	1686	"chr10"	"CpG"	"hg38"
72.8	1576	"chr11"	"CpG"	"hg38"
72.8	1384	"chr12"	"CpG"	"hg38"
72.8	1104	"chr13"	"CpG"	"hg38"
72.8	958	"chr14"	"CpG"	"hg38"
72.8	974	"chr15"	"CpG"	"hg38"
72.8	1224	"chr16"	"CpG"	"hg38"
72.8	1124	"chr17"	"CpG"	"hg38"
72.8	950	"chr18"	"CpG"	"hg38"
72.8	854	"chr19"	"CpG"	"hg38"
72.8	2490	"chr2"	"CpG"	"hg38"
72.8	850	"chr20"	"CpG"	"hg38"
72.8	448	"chr21"	"CpG"	"hg38"
72.8	584	"chr22"	"CpG"	"hg38"
72.8	1958	"chr3"	"CpG"	"hg38"
72.8	1804	"chr4"	"CpG"	"hg38"
72.8	1838	"chr5"	"CpG"	"hg38"
72.8	1626	"chr6"	"CpG"	"hg38"
72.8	1944	"chr7"	"CpG"	"hg38"
72.8	1626	"chr8"	"CpG"	"hg38"
72.8	1360	"chr9"	"CpG"	"hg38"
72.8	1312	"chrX"	"CpG"	"hg38"
72.8	198	"chrY"	"CpG"	"hg38"
72.9	2614	"chr1"	"CpG"	"hg38"
72.9	1634	"chr10"	"CpG"	"hg38"
72.9	1508	"chr11"	"CpG"	"hg38"
72.9	1426	"chr12"	"CpG"	"hg38"
72.9	1058	"chr13"	"CpG"	"hg38"
72.9	962	"chr14"	"CpG"	"hg38"
72.9	952	"chr15"	"CpG"	"hg38"
72.9	1220	"chr16"	"CpG"	"hg38"
72.9	1048	"chr17"	"CpG"	"hg38"
72.9	964	"chr18"	"CpG"	"hg38"
72.9	934	"chr19"	"CpG"	"hg38"
72.9	2568	"chr2"	"CpG"	"hg38"
72.9	936	"chr20"	"CpG"	"hg38"
72.9	468	"chr21"	"CpG"	"hg38"
72.9	690	"chr22"	"CpG"	"hg38"
72.9	1930	"chr3"	"CpG"	"hg38"
72.9	1884	"chr4"	"CpG"	"hg38"
72.9	1850	"chr5"	"CpG"	"hg38"
72.9	1766	"chr6"	"CpG"	"hg38"
72.9	1882	"chr7"	"CpG"	"hg38"
72.9	1678	"chr8"	"CpG"	"hg38"
72.9	1384	"chr9"	"CpG"	"hg38"
72.9	1308	"chrX"	"CpG"	"hg38"
72.9	206	"chrY"	"CpG"	"hg38"
73	2806	"chr1"	"CpG"	"hg38"
73	1594	"chr10"	"CpG"	"hg38"
73	1610	"chr11"	"CpG"	"hg38"
73	1514	"chr12"	"CpG"	"hg38"
73	1100	"chr13"	"CpG"	"hg38"
73	908	"chr14"	"CpG"	"hg38"
73	944	"chr15"	"CpG"	"hg38"
73	1198	"chr16"	"CpG"	"hg38"
73	1146	"chr17"	"CpG"	"hg38"
73	1032	"chr18"	"CpG"	"hg38"
73	856	"chr19"	"CpG"	"hg38"
73	2510	"chr2"	"CpG"	"hg38"
73	900	"chr20"	"CpG"	"hg38"
73	482	"chr21"	"CpG"	"hg38"
73	668	"chr22"	"CpG"	"hg38"
73	1978	"chr3"	"CpG"	"hg38"
73	1876	"chr4"	"CpG"	"hg38"
73	1726	"chr5"	"CpG"	"hg38"
73	1678	"chr6"	"CpG"	"hg38"
73	1882	"chr7"	"CpG"	"hg38"
73	1676	"chr8"	"CpG"	"hg38"
73	1416	"chr9"	"CpG"	"hg38"
73	1350	"chrX"	"CpG"	"hg38"
73	188	"chrY"	"CpG"	"hg38"
73.1	2762	"chr1"	"CpG"	"hg38"
73.1	1634	"chr10"	"CpG"	"hg38"
73.1	1482	"chr11"	"CpG"	"hg38"
73.1	1446	"chr12"	"CpG"	"hg38"
73.1	1022	"chr13"	"CpG"	"hg38"
73.1	932	"chr14"	"CpG"	"hg38"
73.1	1020	"chr15"	"CpG"	"hg38"
73.1	1218	"chr16"	"CpG"	"hg38"
73.1	1074	"chr17"	"CpG"	"hg38"
73.1	980	"chr18"	"CpG"	"hg38"
73.1	834	"chr19"	"CpG"	"hg38"
73.1	2650	"chr2"	"CpG"	"hg38"
73.1	858	"chr20"	"CpG"	"hg38"
73.1	510	"chr21"	"CpG"	"hg38"
73.1	600	"chr22"	"CpG"	"hg38"
73.1	1834	"chr3"	"CpG"	"hg38"
73.1	1770	"chr4"	"CpG"	"hg38"
73.1	1764	"chr5"	"CpG"	"hg38"
73.1	1670	"chr6"	"CpG"	"hg38"
73.1	1876	"chr7"	"CpG"	"hg38"
73.1	1750	"chr8"	"CpG"	"hg38"
73.1	1404	"chr9"	"CpG"	"hg38"
73.1	1286	"chrX"	"CpG"	"hg38"
73.1	240	"chrY"	"CpG"	"hg38"
73.2	2666	"chr1"	"CpG"	"hg38"
73.2	1718	"chr10"	"CpG"	"hg38"
73.2	1582	"chr11"	"CpG"	"hg38"
73.2	1358	"chr12"	"CpG"	"hg38"
73.2	1006	"chr13"	"CpG"	"hg38"
73.2	984	"chr14"	"CpG"	"hg38"
73.2	932	"chr15"	"CpG"	"hg38"
73.2	1232	"chr16"	"CpG"	"hg38"
73.2	1074	"chr17"	"CpG"	"hg38"
73.2	1046	"chr18"	"CpG"	"hg38"
73.2	896	"chr19"	"CpG"	"hg38"
73.2	2614	"chr2"	"CpG"	"hg38"
73.2	882	"chr20"	"CpG"	"hg38"
73.2	514	"chr21"	"CpG"	"hg38"
73.2	628	"chr22"	"CpG"	"hg38"
73.2	2070	"chr3"	"CpG"	"hg38"
73.2	1848	"chr4"	"CpG"	"hg38"
73.2	1804	"chr5"	"CpG"	"hg38"
73.2	1688	"chr6"	"CpG"	"hg38"
73.2	1894	"chr7"	"CpG"	"hg38"
73.2	1682	"chr8"	"CpG"	"hg38"
73.2	1472	"chr9"	"CpG"	"hg38"
73.2	1380	"chrX"	"CpG"	"hg38"
73.2	200	"chrY"	"CpG"	"hg38"
73.3	2734	"chr1"	"CpG"	"hg38"
73.3	1606	"chr10"	"CpG"	"hg38"
73.3	1592	"chr11"	"CpG"	"hg38"
73.3	1412	"chr12"	"CpG"	"hg38"
73.3	1078	"chr13"	"CpG"	"hg38"
73.3	888	"chr14"	"CpG"	"hg38"
73.3	1038	"chr15"	"CpG"	"hg38"
73.3	1234	"chr16"	"CpG"	"hg38"
73.3	1152	"chr17"	"CpG"	"hg38"
73.3	1020	"chr18"	"CpG"	"hg38"
73.3	972	"chr19"	"CpG"	"hg38"
73.3	2468	"chr2"	"CpG"	"hg38"
73.3	812	"chr20"	"CpG"	"hg38"
73.3	524	"chr21"	"CpG"	"hg38"
73.3	648	"chr22"	"CpG"	"hg38"
73.3	1972	"chr3"	"CpG"	"hg38"
73.3	1888	"chr4"	"CpG"	"hg38"
73.3	1778	"chr5"	"CpG"	"hg38"
73.3	1660	"chr6"	"CpG"	"hg38"
73.3	1846	"chr7"	"CpG"	"hg38"
73.3	1642	"chr8"	"CpG"	"hg38"
73.3	1510	"chr9"	"CpG"	"hg38"
73.3	1354	"chrX"	"CpG"	"hg38"
73.3	224	"chrY"	"CpG"	"hg38"
73.4	2726	"chr1"	"CpG"	"hg38"
73.4	1624	"chr10"	"CpG"	"hg38"
73.4	1534	"chr11"	"CpG"	"hg38"
73.4	1532	"chr12"	"CpG"	"hg38"
73.4	1064	"chr13"	"CpG"	"hg38"
73.4	912	"chr14"	"CpG"	"hg38"
73.4	1004	"chr15"	"CpG"	"hg38"
73.4	1254	"chr16"	"CpG"	"hg38"
73.4	1144	"chr17"	"CpG"	"hg38"
73.4	916	"chr18"	"CpG"	"hg38"
73.4	926	"chr19"	"CpG"	"hg38"
73.4	2508	"chr2"	"CpG"	"hg38"
73.4	898	"chr20"	"CpG"	"hg38"
73.4	486	"chr21"	"CpG"	"hg38"
73.4	658	"chr22"	"CpG"	"hg38"
73.4	1856	"chr3"	"CpG"	"hg38"
73.4	1830	"chr4"	"CpG"	"hg38"
73.4	1742	"chr5"	"CpG"	"hg38"
73.4	1652	"chr6"	"CpG"	"hg38"
73.4	1850	"chr7"	"CpG"	"hg38"
73.4	1628	"chr8"	"CpG"	"hg38"
73.4	1358	"chr9"	"CpG"	"hg38"
73.4	1316	"chrX"	"CpG"	"hg38"
73.4	164	"chrY"	"CpG"	"hg38"
73.5	2912	"chr1"	"CpG"	"hg38"
73.5	1652	"chr10"	"CpG"	"hg38"
73.5	1608	"chr11"	"CpG"	"hg38"
73.5	1526	"chr12"	"CpG"	"hg38"
73.5	1012	"chr13"	"CpG"	"hg38"
73.5	898	"chr14"	"CpG"	"hg38"
73.5	1000	"chr15"	"CpG"	"hg38"
73.5	1312	"chr16"	"CpG"	"hg38"
73.5	1194	"chr17"	"CpG"	"hg38"
73.5	924	"chr18"	"CpG"	"hg38"
73.5	942	"chr19"	"CpG"	"hg38"
73.5	2644	"chr2"	"CpG"	"hg38"
73.5	890	"chr20"	"CpG"	"hg38"
73.5	484	"chr21"	"CpG"	"hg38"
73.5	566	"chr22"	"CpG"	"hg38"
73.5	1918	"chr3"	"CpG"	"hg38"
73.5	1798	"chr4"	"CpG"	"hg38"
73.5	1646	"chr5"	"CpG"	"hg38"
73.5	1674	"chr6"	"CpG"	"hg38"
73.5	1942	"chr7"	"CpG"	"hg38"
73.5	1568	"chr8"	"CpG"	"hg38"
73.5	1434	"chr9"	"CpG"	"hg38"
73.5	1268	"chrX"	"CpG"	"hg38"
73.5	206	"chrY"	"CpG"	"hg38"
73.6	2776	"chr1"	"CpG"	"hg38"
73.6	1630	"chr10"	"CpG"	"hg38"
73.6	1612	"chr11"	"CpG"	"hg38"
73.6	1486	"chr12"	"CpG"	"hg38"
73.6	1026	"chr13"	"CpG"	"hg38"
73.6	994	"chr14"	"CpG"	"hg38"
73.6	972	"chr15"	"CpG"	"hg38"
73.6	1304	"chr16"	"CpG"	"hg38"
73.6	1138	"chr17"	"CpG"	"hg38"
73.6	986	"chr18"	"CpG"	"hg38"
73.6	884	"chr19"	"CpG"	"hg38"
73.6	2564	"chr2"	"CpG"	"hg38"
73.6	914	"chr20"	"CpG"	"hg38"
73.6	560	"chr21"	"CpG"	"hg38"
73.6	596	"chr22"	"CpG"	"hg38"
73.6	2044	"chr3"	"CpG"	"hg38"
73.6	1852	"chr4"	"CpG"	"hg38"
73.6	1748	"chr5"	"CpG"	"hg38"
73.6	1714	"chr6"	"CpG"	"hg38"
73.6	1854	"chr7"	"CpG"	"hg38"
73.6	1634	"chr8"	"CpG"	"hg38"
73.6	1442	"chr9"	"CpG"	"hg38"
73.6	1308	"chrX"	"CpG"	"hg38"
73.6	184	"chrY"	"CpG"	"hg38"
73.7	2728	"chr1"	"CpG"	"hg38"
73.7	1664	"chr10"	"CpG"	"hg38"
73.7	1616	"chr11"	"CpG"	"hg38"
73.7	1626	"chr12"	"CpG"	"hg38"
73.7	1076	"chr13"	"CpG"	"hg38"
73.7	890	"chr14"	"CpG"	"hg38"
73.7	976	"chr15"	"CpG"	"hg38"
73.7	1296	"chr16"	"CpG"	"hg38"
73.7	1162	"chr17"	"CpG"	"hg38"
73.7	924	"chr18"	"CpG"	"hg38"
73.7	980	"chr19"	"CpG"	"hg38"
73.7	2564	"chr2"	"CpG"	"hg38"
73.7	936	"chr20"	"CpG"	"hg38"
73.7	512	"chr21"	"CpG"	"hg38"
73.7	620	"chr22"	"CpG"	"hg38"
73.7	1948	"chr3"	"CpG"	"hg38"
73.7	1884	"chr4"	"CpG"	"hg38"
73.7	1714	"chr5"	"CpG"	"hg38"
73.7	1690	"chr6"	"CpG"	"hg38"
73.7	1884	"chr7"	"CpG"	"hg38"
73.7	1640	"chr8"	"CpG"	"hg38"
73.7	1324	"chr9"	"CpG"	"hg38"
73.7	1382	"chrX"	"CpG"	"hg38"
73.7	218	"chrY"	"CpG"	"hg38"
73.8	2642	"chr1"	"CpG"	"hg38"
73.8	1688	"chr10"	"CpG"	"hg38"
73.8	1498	"chr11"	"CpG"	"hg38"
73.8	1480	"chr12"	"CpG"	"hg38"
73.8	1040	"chr13"	"CpG"	"hg38"
73.8	938	"chr14"	"CpG"	"hg38"
73.8	1016	"chr15"	"CpG"	"hg38"
73.8	1322	"chr16"	"CpG"	"hg38"
73.8	1152	"chr17"	"CpG"	"hg38"
73.8	1000	"chr18"	"CpG"	"hg38"
73.8	932	"chr19"	"CpG"	"hg38"
73.8	2546	"chr2"	"CpG"	"hg38"
73.8	938	"chr20"	"CpG"	"hg38"
73.8	538	"chr21"	"CpG"	"hg38"
73.8	672	"chr22"	"CpG"	"hg38"
73.8	2072	"chr3"	"CpG"	"hg38"
73.8	1878	"chr4"	"CpG"	"hg38"
73.8	1804	"chr5"	"CpG"	"hg38"
73.8	1684	"chr6"	"CpG"	"hg38"
73.8	1816	"chr7"	"CpG"	"hg38"
73.8	1640	"chr8"	"CpG"	"hg38"
73.8	1346	"chr9"	"CpG"	"hg38"
73.8	1356	"chrX"	"CpG"	"hg38"
73.8	222	"chrY"	"CpG"	"hg38"
73.9	2750	"chr1"	"CpG"	"hg38"
73.9	1664	"chr10"	"CpG"	"hg38"
73.9	1642	"chr11"	"CpG"	"hg38"
73.9	1460	"chr12"	"CpG"	"hg38"
73.9	1096	"chr13"	"CpG"	"hg38"
73.9	944	"chr14"	"CpG"	"hg38"
73.9	1024	"chr15"	"CpG"	"hg38"
73.9	1274	"chr16"	"CpG"	"hg38"
73.9	1170	"chr17"	"CpG"	"hg38"
73.9	952	"chr18"	"CpG"	"hg38"
73.9	904	"chr19"	"CpG"	"hg38"
73.9	2518	"chr2"	"CpG"	"hg38"
73.9	858	"chr20"	"CpG"	"hg38"
73.9	466	"chr21"	"CpG"	"hg38"
73.9	690	"chr22"	"CpG"	"hg38"
73.9	2086	"chr3"	"CpG"	"hg38"
73.9	1856	"chr4"	"CpG"	"hg38"
73.9	1754	"chr5"	"CpG"	"hg38"
73.9	1704	"chr6"	"CpG"	"hg38"
73.9	1820	"chr7"	"CpG"	"hg38"
73.9	1688	"chr8"	"CpG"	"hg38"
73.9	1540	"chr9"	"CpG"	"hg38"
73.9	1326	"chrX"	"CpG"	"hg38"
73.9	208	"chrY"	"CpG"	"hg38"
74	2714	"chr1"	"CpG"	"hg38"
74	1706	"chr10"	"CpG"	"hg38"
74	1402	"chr11"	"CpG"	"hg38"
74	1540	"chr12"	"CpG"	"hg38"
74	1044	"chr13"	"CpG"	"hg38"
74	898	"chr14"	"CpG"	"hg38"
74	976	"chr15"	"CpG"	"hg38"
74	1334	"chr16"	"CpG"	"hg38"
74	1172	"chr17"	"CpG"	"hg38"
74	980	"chr18"	"CpG"	"hg38"
74	918	"chr19"	"CpG"	"hg38"
74	2542	"chr2"	"CpG"	"hg38"
74	898	"chr20"	"CpG"	"hg38"
74	510	"chr21"	"CpG"	"hg38"
74	660	"chr22"	"CpG"	"hg38"
74	2102	"chr3"	"CpG"	"hg38"
74	1838	"chr4"	"CpG"	"hg38"
74	1810	"chr5"	"CpG"	"hg38"
74	1800	"chr6"	"CpG"	"hg38"
74	1870	"chr7"	"CpG"	"hg38"
74	1636	"chr8"	"CpG"	"hg38"
74	1354	"chr9"	"CpG"	"hg38"
74	1274	"chrX"	"CpG"	"hg38"
74	250	"chrY"	"CpG"	"hg38"
74.1	2718	"chr1"	"CpG"	"hg38"
74.1	1578	"chr10"	"CpG"	"hg38"
74.1	1582	"chr11"	"CpG"	"hg38"
74.1	1508	"chr12"	"CpG"	"hg38"
74.1	1086	"chr13"	"CpG"	"hg38"
74.1	1018	"chr14"	"CpG"	"hg38"
74.1	1052	"chr15"	"CpG"	"hg38"
74.1	1216	"chr16"	"CpG"	"hg38"
74.1	1298	"chr17"	"CpG"	"hg38"
74.1	972	"chr18"	"CpG"	"hg38"
74.1	870	"chr19"	"CpG"	"hg38"
74.1	2588	"chr2"	"CpG"	"hg38"
74.1	894	"chr20"	"CpG"	"hg38"
74.1	468	"chr21"	"CpG"	"hg38"
74.1	644	"chr22"	"CpG"	"hg38"
74.1	2026	"chr3"	"CpG"	"hg38"
74.1	1858	"chr4"	"CpG"	"hg38"
74.1	1836	"chr5"	"CpG"	"hg38"
74.1	1720	"chr6"	"CpG"	"hg38"
74.1	1800	"chr7"	"CpG"	"hg38"
74.1	1678	"chr8"	"CpG"	"hg38"
74.1	1440	"chr9"	"CpG"	"hg38"
74.1	1366	"chrX"	"CpG"	"hg38"
74.1	202	"chrY"	"CpG"	"hg38"
74.2	2784	"chr1"	"CpG"	"hg38"
74.2	1662	"chr10"	"CpG"	"hg38"
74.2	1534	"chr11"	"CpG"	"hg38"
74.2	1528	"chr12"	"CpG"	"hg38"
74.2	1148	"chr13"	"CpG"	"hg38"
74.2	974	"chr14"	"CpG"	"hg38"
74.2	1008	"chr15"	"CpG"	"hg38"
74.2	1326	"chr16"	"CpG"	"hg38"
74.2	1150	"chr17"	"CpG"	"hg38"
74.2	922	"chr18"	"CpG"	"hg38"
74.2	984	"chr19"	"CpG"	"hg38"
74.2	2594	"chr2"	"CpG"	"hg38"
74.2	940	"chr20"	"CpG"	"hg38"
74.2	436	"chr21"	"CpG"	"hg38"
74.2	664	"chr22"	"CpG"	"hg38"
74.2	2032	"chr3"	"CpG"	"hg38"
74.2	1974	"chr4"	"CpG"	"hg38"
74.2	1902	"chr5"	"CpG"	"hg38"
74.2	1590	"chr6"	"CpG"	"hg38"
74.2	1832	"chr7"	"CpG"	"hg38"
74.2	1612	"chr8"	"CpG"	"hg38"
74.2	1378	"chr9"	"CpG"	"hg38"
74.2	1350	"chrX"	"CpG"	"hg38"
74.2	184	"chrY"	"CpG"	"hg38"
74.3	2688	"chr1"	"CpG"	"hg38"
74.3	1614	"chr10"	"CpG"	"hg38"
74.3	1452	"chr11"	"CpG"	"hg38"
74.3	1520	"chr12"	"CpG"	"hg38"
74.3	1002	"chr13"	"CpG"	"hg38"
74.3	958	"chr14"	"CpG"	"hg38"
74.3	988	"chr15"	"CpG"	"hg38"
74.3	1312	"chr16"	"CpG"	"hg38"
74.3	1198	"chr17"	"CpG"	"hg38"
74.3	1016	"chr18"	"CpG"	"hg38"
74.3	866	"chr19"	"CpG"	"hg38"
74.3	2528	"chr2"	"CpG"	"hg38"
74.3	858	"chr20"	"CpG"	"hg38"
74.3	530	"chr21"	"CpG"	"hg38"
74.3	678	"chr22"	"CpG"	"hg38"
74.3	2050	"chr3"	"CpG"	"hg38"
74.3	1856	"chr4"	"CpG"	"hg38"
74.3	1884	"chr5"	"CpG"	"hg38"
74.3	1740	"chr6"	"CpG"	"hg38"
74.3	1876	"chr7"	"CpG"	"hg38"
74.3	1682	"chr8"	"CpG"	"hg38"
74.3	1432	"chr9"	"CpG"	"hg38"
74.3	1334	"chrX"	"CpG"	"hg38"
74.3	184	"chrY"	"CpG"	"hg38"
74.4	2824	"chr1"	"CpG"	"hg38"
74.4	1762	"chr10"	"CpG"	"hg38"
74.4	1570	"chr11"	"CpG"	"hg38"
74.4	1398	"chr12"	"CpG"	"hg38"
74.4	998	"chr13"	"CpG"	"hg38"
74.4	906	"chr14"	"CpG"	"hg38"
74.4	1048	"chr15"	"CpG"	"hg38"
74.4	1336	"chr16"	"CpG"	"hg38"
74.4	1158	"chr17"	"CpG"	"hg38"
74.4	966	"chr18"	"CpG"	"hg38"
74.4	952	"chr19"	"CpG"	"hg38"
74.4	2674	"chr2"	"CpG"	"hg38"
74.4	858	"chr20"	"CpG"	"hg38"
74.4	428	"chr21"	"CpG"	"hg38"
74.4	640	"chr22"	"CpG"	"hg38"
74.4	2008	"chr3"	"CpG"	"hg38"
74.4	1952	"chr4"	"CpG"	"hg38"
74.4	1776	"chr5"	"CpG"	"hg38"
74.4	1740	"chr6"	"CpG"	"hg38"
74.4	1972	"chr7"	"CpG"	"hg38"
74.4	1612	"chr8"	"CpG"	"hg38"
74.4	1490	"chr9"	"CpG"	"hg38"
74.4	1384	"chrX"	"CpG"	"hg38"
74.4	204	"chrY"	"CpG"	"hg38"
74.5	2728	"chr1"	"CpG"	"hg38"
74.5	1736	"chr10"	"CpG"	"hg38"
74.5	1610	"chr11"	"CpG"	"hg38"
74.5	1474	"chr12"	"CpG"	"hg38"
74.5	1138	"chr13"	"CpG"	"hg38"
74.5	1018	"chr14"	"CpG"	"hg38"
74.5	1012	"chr15"	"CpG"	"hg38"
74.5	1334	"chr16"	"CpG"	"hg38"
74.5	1194	"chr17"	"CpG"	"hg38"
74.5	1002	"chr18"	"CpG"	"hg38"
74.5	1008	"chr19"	"CpG"	"hg38"
74.5	2642	"chr2"	"CpG"	"hg38"
74.5	882	"chr20"	"CpG"	"hg38"
74.5	474	"chr21"	"CpG"	"hg38"
74.5	642	"chr22"	"CpG"	"hg38"
74.5	2136	"chr3"	"CpG"	"hg38"
74.5	1928	"chr4"	"CpG"	"hg38"
74.5	1768	"chr5"	"CpG"	"hg38"
74.5	1686	"chr6"	"CpG"	"hg38"
74.5	2012	"chr7"	"CpG"	"hg38"
74.5	1734	"chr8"	"CpG"	"hg38"
74.5	1470	"chr9"	"CpG"	"hg38"
74.5	1458	"chrX"	"CpG"	"hg38"
74.5	254	"chrY"	"CpG"	"hg38"
74.6	2688	"chr1"	"CpG"	"hg38"
74.6	1640	"chr10"	"CpG"	"hg38"
74.6	1508	"chr11"	"CpG"	"hg38"
74.6	1466	"chr12"	"CpG"	"hg38"
74.6	1148	"chr13"	"CpG"	"hg38"
74.6	984	"chr14"	"CpG"	"hg38"
74.6	1004	"chr15"	"CpG"	"hg38"
74.6	1348	"chr16"	"CpG"	"hg38"
74.6	1278	"chr17"	"CpG"	"hg38"
74.6	1046	"chr18"	"CpG"	"hg38"
74.6	902	"chr19"	"CpG"	"hg38"
74.6	2700	"chr2"	"CpG"	"hg38"
74.6	944	"chr20"	"CpG"	"hg38"
74.6	456	"chr21"	"CpG"	"hg38"
74.6	596	"chr22"	"CpG"	"hg38"
74.6	1878	"chr3"	"CpG"	"hg38"
74.6	1784	"chr4"	"CpG"	"hg38"
74.6	1790	"chr5"	"CpG"	"hg38"
74.6	1658	"chr6"	"CpG"	"hg38"
74.6	2002	"chr7"	"CpG"	"hg38"
74.6	1662	"chr8"	"CpG"	"hg38"
74.6	1496	"chr9"	"CpG"	"hg38"
74.6	1336	"chrX"	"CpG"	"hg38"
74.6	200	"chrY"	"CpG"	"hg38"
74.7	2668	"chr1"	"CpG"	"hg38"
74.7	1718	"chr10"	"CpG"	"hg38"
74.7	1650	"chr11"	"CpG"	"hg38"
74.7	1560	"chr12"	"CpG"	"hg38"
74.7	1080	"chr13"	"CpG"	"hg38"
74.7	884	"chr14"	"CpG"	"hg38"
74.7	1040	"chr15"	"CpG"	"hg38"
74.7	1394	"chr16"	"CpG"	"hg38"
74.7	1118	"chr17"	"CpG"	"hg38"
74.7	950	"chr18"	"CpG"	"hg38"
74.7	1022	"chr19"	"CpG"	"hg38"
74.7	2556	"chr2"	"CpG"	"hg38"
74.7	916	"chr20"	"CpG"	"hg38"
74.7	492	"chr21"	"CpG"	"hg38"
74.7	676	"chr22"	"CpG"	"hg38"
74.7	1952	"chr3"	"CpG"	"hg38"
74.7	1816	"chr4"	"CpG"	"hg38"
74.7	1962	"chr5"	"CpG"	"hg38"
74.7	1744	"chr6"	"CpG"	"hg38"
74.7	1936	"chr7"	"CpG"	"hg38"
74.7	1744	"chr8"	"CpG"	"hg38"
74.7	1374	"chr9"	"CpG"	"hg38"
74.7	1344	"chrX"	"CpG"	"hg38"
74.7	224	"chrY"	"CpG"	"hg38"
74.8	2854	"chr1"	"CpG"	"hg38"
74.8	1750	"chr10"	"CpG"	"hg38"
74.8	1618	"chr11"	"CpG"	"hg38"
74.8	1514	"chr12"	"CpG"	"hg38"
74.8	1080	"chr13"	"CpG"	"hg38"
74.8	968	"chr14"	"CpG"	"hg38"
74.8	1024	"chr15"	"CpG"	"hg38"
74.8	1320	"chr16"	"CpG"	"hg38"
74.8	1144	"chr17"	"CpG"	"hg38"
74.8	956	"chr18"	"CpG"	"hg38"
74.8	886	"chr19"	"CpG"	"hg38"
74.8	2614	"chr2"	"CpG"	"hg38"
74.8	868	"chr20"	"CpG"	"hg38"
74.8	538	"chr21"	"CpG"	"hg38"
74.8	678	"chr22"	"CpG"	"hg38"
74.8	1964	"chr3"	"CpG"	"hg38"
74.8	1976	"chr4"	"CpG"	"hg38"
74.8	1866	"chr5"	"CpG"	"hg38"
74.8	1742	"chr6"	"CpG"	"hg38"
74.8	2028	"chr7"	"CpG"	"hg38"
74.8	1694	"chr8"	"CpG"	"hg38"
74.8	1490	"chr9"	"CpG"	"hg38"
74.8	1326	"chrX"	"CpG"	"hg38"
74.8	210	"chrY"	"CpG"	"hg38"
74.9	2888	"chr1"	"CpG"	"hg38"
74.9	1740	"chr10"	"CpG"	"hg38"
74.9	1628	"chr11"	"CpG"	"hg38"
74.9	1560	"chr12"	"CpG"	"hg38"
74.9	988	"chr13"	"CpG"	"hg38"
74.9	984	"chr14"	"CpG"	"hg38"
74.9	1034	"chr15"	"CpG"	"hg38"
74.9	1306	"chr16"	"CpG"	"hg38"
74.9	1194	"chr17"	"CpG"	"hg38"
74.9	1026	"chr18"	"CpG"	"hg38"
74.9	978	"chr19"	"CpG"	"hg38"
74.9	2716	"chr2"	"CpG"	"hg38"
74.9	918	"chr20"	"CpG"	"hg38"
74.9	478	"chr21"	"CpG"	"hg38"
74.9	602	"chr22"	"CpG"	"hg38"
74.9	1974	"chr3"	"CpG"	"hg38"
74.9	1908	"chr4"	"CpG"	"hg38"
74.9	1722	"chr5"	"CpG"	"hg38"
74.9	1784	"chr6"	"CpG"	"hg38"
74.9	1976	"chr7"	"CpG"	"hg38"
74.9	1660	"chr8"	"CpG"	"hg38"
74.9	1398	"chr9"	"CpG"	"hg38"
74.9	1356	"chrX"	"CpG"	"hg38"
74.9	188	"chrY"	"CpG"	"hg38"
75	2816	"chr1"	"CpG"	"hg38"
75	1782	"chr10"	"CpG"	"hg38"
75	1624	"chr11"	"CpG"	"hg38"
75	1484	"chr12"	"CpG"	"hg38"
75	1082	"chr13"	"CpG"	"hg38"
75	990	"chr14"	"CpG"	"hg38"
75	1052	"chr15"	"CpG"	"hg38"
75	1368	"chr16"	"CpG"	"hg38"
75	1148	"chr17"	"CpG"	"hg38"
75	990	"chr18"	"CpG"	"hg38"
75	964	"chr19"	"CpG"	"hg38"
75	2598	"chr2"	"CpG"	"hg38"
75	932	"chr20"	"CpG"	"hg38"
75	470	"chr21"	"CpG"	"hg38"
75	596	"chr22"	"CpG"	"hg38"
75	2048	"chr3"	"CpG"	"hg38"
75	1836	"chr4"	"CpG"	"hg38"
75	1920	"chr5"	"CpG"	"hg38"
75	1810	"chr6"	"CpG"	"hg38"
75	1986	"chr7"	"CpG"	"hg38"
75	1570	"chr8"	"CpG"	"hg38"
75	1362	"chr9"	"CpG"	"hg38"
75	1338	"chrX"	"CpG"	"hg38"
75	234	"chrY"	"CpG"	"hg38"
75.1	2926	"chr1"	"CpG"	"hg38"
75.1	1670	"chr10"	"CpG"	"hg38"
75.1	1634	"chr11"	"CpG"	"hg38"
75.1	1380	"chr12"	"CpG"	"hg38"
75.1	1118	"chr13"	"CpG"	"hg38"
75.1	1034	"chr14"	"CpG"	"hg38"
75.1	986	"chr15"	"CpG"	"hg38"
75.1	1330	"chr16"	"CpG"	"hg38"
75.1	1104	"chr17"	"CpG"	"hg38"
75.1	966	"chr18"	"CpG"	"hg38"
75.1	914	"chr19"	"CpG"	"hg38"
75.1	2644	"chr2"	"CpG"	"hg38"
75.1	940	"chr20"	"CpG"	"hg38"
75.1	562	"chr21"	"CpG"	"hg38"
75.1	722	"chr22"	"CpG"	"hg38"
75.1	2080	"chr3"	"CpG"	"hg38"
75.1	1956	"chr4"	"CpG"	"hg38"
75.1	1922	"chr5"	"CpG"	"hg38"
75.1	1706	"chr6"	"CpG"	"hg38"
75.1	1880	"chr7"	"CpG"	"hg38"
75.1	1766	"chr8"	"CpG"	"hg38"
75.1	1458	"chr9"	"CpG"	"hg38"
75.1	1416	"chrX"	"CpG"	"hg38"
75.1	208	"chrY"	"CpG"	"hg38"
75.2	2786	"chr1"	"CpG"	"hg38"
75.2	1758	"chr10"	"CpG"	"hg38"
75.2	1618	"chr11"	"CpG"	"hg38"
75.2	1520	"chr12"	"CpG"	"hg38"
75.2	1164	"chr13"	"CpG"	"hg38"
75.2	948	"chr14"	"CpG"	"hg38"
75.2	998	"chr15"	"CpG"	"hg38"
75.2	1404	"chr16"	"CpG"	"hg38"
75.2	1298	"chr17"	"CpG"	"hg38"
75.2	1034	"chr18"	"CpG"	"hg38"
75.2	920	"chr19"	"CpG"	"hg38"
75.2	2628	"chr2"	"CpG"	"hg38"
75.2	932	"chr20"	"CpG"	"hg38"
75.2	540	"chr21"	"CpG"	"hg38"
75.2	672	"chr22"	"CpG"	"hg38"
75.2	1960	"chr3"	"CpG"	"hg38"
75.2	1920	"chr4"	"CpG"	"hg38"
75.2	1778	"chr5"	"CpG"	"hg38"
75.2	1768	"chr6"	"CpG"	"hg38"
75.2	1914	"chr7"	"CpG"	"hg38"
75.2	1746	"chr8"	"CpG"	"hg38"
75.2	1506	"chr9"	"CpG"	"hg38"
75.2	1492	"chrX"	"CpG"	"hg38"
75.2	246	"chrY"	"CpG"	"hg38"
75.3	2934	"chr1"	"CpG"	"hg38"
75.3	1654	"chr10"	"CpG"	"hg38"
75.3	1608	"chr11"	"CpG"	"hg38"
75.3	1576	"chr12"	"CpG"	"hg38"
75.3	1174	"chr13"	"CpG"	"hg38"
75.3	1004	"chr14"	"CpG"	"hg38"
75.3	1068	"chr15"	"CpG"	"hg38"
75.3	1434	"chr16"	"CpG"	"hg38"
75.3	1230	"chr17"	"CpG"	"hg38"
75.3	1020	"chr18"	"CpG"	"hg38"
75.3	892	"chr19"	"CpG"	"hg38"
75.3	2834	"chr2"	"CpG"	"hg38"
75.3	886	"chr20"	"CpG"	"hg38"
75.3	464	"chr21"	"CpG"	"hg38"
75.3	638	"chr22"	"CpG"	"hg38"
75.3	2176	"chr3"	"CpG"	"hg38"
75.3	1904	"chr4"	"CpG"	"hg38"
75.3	1966	"chr5"	"CpG"	"hg38"
75.3	1720	"chr6"	"CpG"	"hg38"
75.3	2000	"chr7"	"CpG"	"hg38"
75.3	1710	"chr8"	"CpG"	"hg38"
75.3	1388	"chr9"	"CpG"	"hg38"
75.3	1460	"chrX"	"CpG"	"hg38"
75.3	196	"chrY"	"CpG"	"hg38"
75.4	2872	"chr1"	"CpG"	"hg38"
75.4	1690	"chr10"	"CpG"	"hg38"
75.4	1592	"chr11"	"CpG"	"hg38"
75.4	1550	"chr12"	"CpG"	"hg38"
75.4	1026	"chr13"	"CpG"	"hg38"
75.4	938	"chr14"	"CpG"	"hg38"
75.4	1092	"chr15"	"CpG"	"hg38"
75.4	1374	"chr16"	"CpG"	"hg38"
75.4	1284	"chr17"	"CpG"	"hg38"
75.4	1030	"chr18"	"CpG"	"hg38"
75.4	972	"chr19"	"CpG"	"hg38"
75.4	2644	"chr2"	"CpG"	"hg38"
75.4	988	"chr20"	"CpG"	"hg38"
75.4	486	"chr21"	"CpG"	"hg38"
75.4	694	"chr22"	"CpG"	"hg38"
75.4	1956	"chr3"	"CpG"	"hg38"
75.4	2054	"chr4"	"CpG"	"hg38"
75.4	1964	"chr5"	"CpG"	"hg38"
75.4	1658	"chr6"	"CpG"	"hg38"
75.4	2062	"chr7"	"CpG"	"hg38"
75.4	1764	"chr8"	"CpG"	"hg38"
75.4	1464	"chr9"	"CpG"	"hg38"
75.4	1418	"chrX"	"CpG"	"hg38"
75.4	254	"chrY"	"CpG"	"hg38"
75.5	2790	"chr1"	"CpG"	"hg38"
75.5	1786	"chr10"	"CpG"	"hg38"
75.5	1602	"chr11"	"CpG"	"hg38"
75.5	1502	"chr12"	"CpG"	"hg38"
75.5	1020	"chr13"	"CpG"	"hg38"
75.5	996	"chr14"	"CpG"	"hg38"
75.5	1046	"chr15"	"CpG"	"hg38"
75.5	1260	"chr16"	"CpG"	"hg38"
75.5	1180	"chr17"	"CpG"	"hg38"
75.5	952	"chr18"	"CpG"	"hg38"
75.5	924	"chr19"	"CpG"	"hg38"
75.5	2770	"chr2"	"CpG"	"hg38"
75.5	858	"chr20"	"CpG"	"hg38"
75.5	452	"chr21"	"CpG"	"hg38"
75.5	624	"chr22"	"CpG"	"hg38"
75.5	2094	"chr3"	"CpG"	"hg38"
75.5	2034	"chr4"	"CpG"	"hg38"
75.5	1838	"chr5"	"CpG"	"hg38"
75.5	1844	"chr6"	"CpG"	"hg38"
75.5	2036	"chr7"	"CpG"	"hg38"
75.5	1640	"chr8"	"CpG"	"hg38"
75.5	1474	"chr9"	"CpG"	"hg38"
75.5	1398	"chrX"	"CpG"	"hg38"
75.5	236	"chrY"	"CpG"	"hg38"
75.6	2844	"chr1"	"CpG"	"hg38"
75.6	1782	"chr10"	"CpG"	"hg38"
75.6	1672	"chr11"	"CpG"	"hg38"
75.6	1498	"chr12"	"CpG"	"hg38"
75.6	1132	"chr13"	"CpG"	"hg38"
75.6	1028	"chr14"	"CpG"	"hg38"
75.6	1068	"chr15"	"CpG"	"hg38"
75.6	1276	"chr16"	"CpG"	"hg38"
75.6	1206	"chr17"	"CpG"	"hg38"
75.6	1044	"chr18"	"CpG"	"hg38"
75.6	958	"chr19"	"CpG"	"hg38"
75.6	2668	"chr2"	"CpG"	"hg38"
75.6	930	"chr20"	"CpG"	"hg38"
75.6	576	"chr21"	"CpG"	"hg38"
75.6	624	"chr22"	"CpG"	"hg38"
75.6	2072	"chr3"	"CpG"	"hg38"
75.6	1872	"chr4"	"CpG"	"hg38"
75.6	1938	"chr5"	"CpG"	"hg38"
75.6	1760	"chr6"	"CpG"	"hg38"
75.6	1854	"chr7"	"CpG"	"hg38"
75.6	1796	"chr8"	"CpG"	"hg38"
75.6	1462	"chr9"	"CpG"	"hg38"
75.6	1436	"chrX"	"CpG"	"hg38"
75.6	250	"chrY"	"CpG"	"hg38"
75.7	2940	"chr1"	"CpG"	"hg38"
75.7	1688	"chr10"	"CpG"	"hg38"
75.7	1646	"chr11"	"CpG"	"hg38"
75.7	1498	"chr12"	"CpG"	"hg38"
75.7	1134	"chr13"	"CpG"	"hg38"
75.7	996	"chr14"	"CpG"	"hg38"
75.7	1134	"chr15"	"CpG"	"hg38"
75.7	1386	"chr16"	"CpG"	"hg38"
75.7	1208	"chr17"	"CpG"	"hg38"
75.7	982	"chr18"	"CpG"	"hg38"
75.7	996	"chr19"	"CpG"	"hg38"
75.7	2766	"chr2"	"CpG"	"hg38"
75.7	952	"chr20"	"CpG"	"hg38"
75.7	518	"chr21"	"CpG"	"hg38"
75.7	728	"chr22"	"CpG"	"hg38"
75.7	2100	"chr3"	"CpG"	"hg38"
75.7	1922	"chr4"	"CpG"	"hg38"
75.7	1908	"chr5"	"CpG"	"hg38"
75.7	1888	"chr6"	"CpG"	"hg38"
75.7	1972	"chr7"	"CpG"	"hg38"
75.7	1696	"chr8"	"CpG"	"hg38"
75.7	1508	"chr9"	"CpG"	"hg38"
75.7	1434	"chrX"	"CpG"	"hg38"
75.7	206	"chrY"	"CpG"	"hg38"
75.8	2830	"chr1"	"CpG"	"hg38"
75.8	1668	"chr10"	"CpG"	"hg38"
75.8	1644	"chr11"	"CpG"	"hg38"
75.8	1504	"chr12"	"CpG"	"hg38"
75.8	1094	"chr13"	"CpG"	"hg38"
75.8	1040	"chr14"	"CpG"	"hg38"
75.8	956	"chr15"	"CpG"	"hg38"
75.8	1454	"chr16"	"CpG"	"hg38"
75.8	1148	"chr17"	"CpG"	"hg38"
75.8	1078	"chr18"	"CpG"	"hg38"
75.8	938	"chr19"	"CpG"	"hg38"
75.8	2816	"chr2"	"CpG"	"hg38"
75.8	956	"chr20"	"CpG"	"hg38"
75.8	518	"chr21"	"CpG"	"hg38"
75.8	636	"chr22"	"CpG"	"hg38"
75.8	2054	"chr3"	"CpG"	"hg38"
75.8	1888	"chr4"	"CpG"	"hg38"
75.8	2018	"chr5"	"CpG"	"hg38"
75.8	1834	"chr6"	"CpG"	"hg38"
75.8	1972	"chr7"	"CpG"	"hg38"
75.8	1590	"chr8"	"CpG"	"hg38"
75.8	1494	"chr9"	"CpG"	"hg38"
75.8	1406	"chrX"	"CpG"	"hg38"
75.8	218	"chrY"	"CpG"	"hg38"
75.9	2770	"chr1"	"CpG"	"hg38"
75.9	1708	"chr10"	"CpG"	"hg38"
75.9	1622	"chr11"	"CpG"	"hg38"
75.9	1542	"chr12"	"CpG"	"hg38"
75.9	1204	"chr13"	"CpG"	"hg38"
75.9	1040	"chr14"	"CpG"	"hg38"
75.9	1012	"chr15"	"CpG"	"hg38"
75.9	1414	"chr16"	"CpG"	"hg38"
75.9	1190	"chr17"	"CpG"	"hg38"
75.9	1094	"chr18"	"CpG"	"hg38"
75.9	1000	"chr19"	"CpG"	"hg38"
75.9	2766	"chr2"	"CpG"	"hg38"
75.9	830	"chr20"	"CpG"	"hg38"
75.9	490	"chr21"	"CpG"	"hg38"
75.9	652	"chr22"	"CpG"	"hg38"
75.9	2118	"chr3"	"CpG"	"hg38"
75.9	1920	"chr4"	"CpG"	"hg38"
75.9	1910	"chr5"	"CpG"	"hg38"
75.9	1894	"chr6"	"CpG"	"hg38"
75.9	1946	"chr7"	"CpG"	"hg38"
75.9	1662	"chr8"	"CpG"	"hg38"
75.9	1568	"chr9"	"CpG"	"hg38"
75.9	1396	"chrX"	"CpG"	"hg38"
75.9	226	"chrY"	"CpG"	"hg38"
76	2954	"chr1"	"CpG"	"hg38"
76	1842	"chr10"	"CpG"	"hg38"
76	1648	"chr11"	"CpG"	"hg38"
76	1738	"chr12"	"CpG"	"hg38"
76	1140	"chr13"	"CpG"	"hg38"
76	998	"chr14"	"CpG"	"hg38"
76	1016	"chr15"	"CpG"	"hg38"
76	1340	"chr16"	"CpG"	"hg38"
76	1196	"chr17"	"CpG"	"hg38"
76	1058	"chr18"	"CpG"	"hg38"
76	934	"chr19"	"CpG"	"hg38"
76	2694	"chr2"	"CpG"	"hg38"
76	880	"chr20"	"CpG"	"hg38"
76	526	"chr21"	"CpG"	"hg38"
76	632	"chr22"	"CpG"	"hg38"
76	2062	"chr3"	"CpG"	"hg38"
76	2066	"chr4"	"CpG"	"hg38"
76	1974	"chr5"	"CpG"	"hg38"
76	1796	"chr6"	"CpG"	"hg38"
76	2024	"chr7"	"CpG"	"hg38"
76	1724	"chr8"	"CpG"	"hg38"
76	1446	"chr9"	"CpG"	"hg38"
76	1468	"chrX"	"CpG"	"hg38"
76	168	"chrY"	"CpG"	"hg38"
76.1	2918	"chr1"	"CpG"	"hg38"
76.1	1826	"chr10"	"CpG"	"hg38"
76.1	1744	"chr11"	"CpG"	"hg38"
76.1	1520	"chr12"	"CpG"	"hg38"
76.1	1164	"chr13"	"CpG"	"hg38"
76.1	1114	"chr14"	"CpG"	"hg38"
76.1	1006	"chr15"	"CpG"	"hg38"
76.1	1380	"chr16"	"CpG"	"hg38"
76.1	1290	"chr17"	"CpG"	"hg38"
76.1	996	"chr18"	"CpG"	"hg38"
76.1	1046	"chr19"	"CpG"	"hg38"
76.1	2770	"chr2"	"CpG"	"hg38"
76.1	922	"chr20"	"CpG"	"hg38"
76.1	524	"chr21"	"CpG"	"hg38"
76.1	646	"chr22"	"CpG"	"hg38"
76.1	2198	"chr3"	"CpG"	"hg38"
76.1	2032	"chr4"	"CpG"	"hg38"
76.1	1994	"chr5"	"CpG"	"hg38"
76.1	1858	"chr6"	"CpG"	"hg38"
76.1	1962	"chr7"	"CpG"	"hg38"
76.1	1692	"chr8"	"CpG"	"hg38"
76.1	1536	"chr9"	"CpG"	"hg38"
76.1	1392	"chrX"	"CpG"	"hg38"
76.1	230	"chrY"	"CpG"	"hg38"
76.2	2930	"chr1"	"CpG"	"hg38"
76.2	1764	"chr10"	"CpG"	"hg38"
76.2	1612	"chr11"	"CpG"	"hg38"
76.2	1546	"chr12"	"CpG"	"hg38"
76.2	1184	"chr13"	"CpG"	"hg38"
76.2	1108	"chr14"	"CpG"	"hg38"
76.2	1022	"chr15"	"CpG"	"hg38"
76.2	1330	"chr16"	"CpG"	"hg38"
76.2	1196	"chr17"	"CpG"	"hg38"
76.2	1050	"chr18"	"CpG"	"hg38"
76.2	996	"chr19"	"CpG"	"hg38"
76.2	2756	"chr2"	"CpG"	"hg38"
76.2	978	"chr20"	"CpG"	"hg38"
76.2	542	"chr21"	"CpG"	"hg38"
76.2	638	"chr22"	"CpG"	"hg38"
76.2	2004	"chr3"	"CpG"	"hg38"
76.2	1984	"chr4"	"CpG"	"hg38"
76.2	1942	"chr5"	"CpG"	"hg38"
76.2	1912	"chr6"	"CpG"	"hg38"
76.2	2010	"chr7"	"CpG"	"hg38"
76.2	1654	"chr8"	"CpG"	"hg38"
76.2	1554	"chr9"	"CpG"	"hg38"
76.2	1454	"chrX"	"CpG"	"hg38"
76.2	224	"chrY"	"CpG"	"hg38"
76.3	2890	"chr1"	"CpG"	"hg38"
76.3	1770	"chr10"	"CpG"	"hg38"
76.3	1648	"chr11"	"CpG"	"hg38"
76.3	1474	"chr12"	"CpG"	"hg38"
76.3	1190	"chr13"	"CpG"	"hg38"
76.3	946	"chr14"	"CpG"	"hg38"
76.3	1008	"chr15"	"CpG"	"hg38"
76.3	1326	"chr16"	"CpG"	"hg38"
76.3	1218	"chr17"	"CpG"	"hg38"
76.3	1054	"chr18"	"CpG"	"hg38"
76.3	1066	"chr19"	"CpG"	"hg38"
76.3	2768	"chr2"	"CpG"	"hg38"
76.3	828	"chr20"	"CpG"	"hg38"
76.3	568	"chr21"	"CpG"	"hg38"
76.3	638	"chr22"	"CpG"	"hg38"
76.3	2108	"chr3"	"CpG"	"hg38"
76.3	2030	"chr4"	"CpG"	"hg38"
76.3	1976	"chr5"	"CpG"	"hg38"
76.3	1782	"chr6"	"CpG"	"hg38"
76.3	1930	"chr7"	"CpG"	"hg38"
76.3	1678	"chr8"	"CpG"	"hg38"
76.3	1540	"chr9"	"CpG"	"hg38"
76.3	1444	"chrX"	"CpG"	"hg38"
76.3	198	"chrY"	"CpG"	"hg38"
76.4	2898	"chr1"	"CpG"	"hg38"
76.4	1800	"chr10"	"CpG"	"hg38"
76.4	1686	"chr11"	"CpG"	"hg38"
76.4	1536	"chr12"	"CpG"	"hg38"
76.4	1084	"chr13"	"CpG"	"hg38"
76.4	1014	"chr14"	"CpG"	"hg38"
76.4	1052	"chr15"	"CpG"	"hg38"
76.4	1358	"chr16"	"CpG"	"hg38"
76.4	1184	"chr17"	"CpG"	"hg38"
76.4	1092	"chr18"	"CpG"	"hg38"
76.4	984	"chr19"	"CpG"	"hg38"
76.4	2824	"chr2"	"CpG"	"hg38"
76.4	944	"chr20"	"CpG"	"hg38"
76.4	556	"chr21"	"CpG"	"hg38"
76.4	660	"chr22"	"CpG"	"hg38"
76.4	2126	"chr3"	"CpG"	"hg38"
76.4	1994	"chr4"	"CpG"	"hg38"
76.4	1906	"chr5"	"CpG"	"hg38"
76.4	1808	"chr6"	"CpG"	"hg38"
76.4	2104	"chr7"	"CpG"	"hg38"
76.4	1730	"chr8"	"CpG"	"hg38"
76.4	1544	"chr9"	"CpG"	"hg38"
76.4	1442	"chrX"	"CpG"	"hg38"
76.4	220	"chrY"	"CpG"	"hg38"
76.5	2864	"chr1"	"CpG"	"hg38"
76.5	1806	"chr10"	"CpG"	"hg38"
76.5	1662	"chr11"	"CpG"	"hg38"
76.5	1562	"chr12"	"CpG"	"hg38"
76.5	1236	"chr13"	"CpG"	"hg38"
76.5	1024	"chr14"	"CpG"	"hg38"
76.5	1078	"chr15"	"CpG"	"hg38"
76.5	1344	"chr16"	"CpG"	"hg38"
76.5	1262	"chr17"	"CpG"	"hg38"
76.5	1022	"chr18"	"CpG"	"hg38"
76.5	972	"chr19"	"CpG"	"hg38"
76.5	2764	"chr2"	"CpG"	"hg38"
76.5	904	"chr20"	"CpG"	"hg38"
76.5	570	"chr21"	"CpG"	"hg38"
76.5	656	"chr22"	"CpG"	"hg38"
76.5	2110	"chr3"	"CpG"	"hg38"
76.5	1898	"chr4"	"CpG"	"hg38"
76.5	1988	"chr5"	"CpG"	"hg38"
76.5	1828	"chr6"	"CpG"	"hg38"
76.5	2014	"chr7"	"CpG"	"hg38"
76.5	1802	"chr8"	"CpG"	"hg38"
76.5	1622	"chr9"	"CpG"	"hg38"
76.5	1498	"chrX"	"CpG"	"hg38"
76.5	252	"chrY"	"CpG"	"hg38"
76.6	3026	"chr1"	"CpG"	"hg38"
76.6	1840	"chr10"	"CpG"	"hg38"
76.6	1600	"chr11"	"CpG"	"hg38"
76.6	1484	"chr12"	"CpG"	"hg38"
76.6	1242	"chr13"	"CpG"	"hg38"
76.6	948	"chr14"	"CpG"	"hg38"
76.6	1048	"chr15"	"CpG"	"hg38"
76.6	1424	"chr16"	"CpG"	"hg38"
76.6	1268	"chr17"	"CpG"	"hg38"
76.6	1042	"chr18"	"CpG"	"hg38"
76.6	934	"chr19"	"CpG"	"hg38"
76.6	2806	"chr2"	"CpG"	"hg38"
76.6	962	"chr20"	"CpG"	"hg38"
76.6	578	"chr21"	"CpG"	"hg38"
76.6	722	"chr22"	"CpG"	"hg38"
76.6	2106	"chr3"	"CpG"	"hg38"
76.6	1950	"chr4"	"CpG"	"hg38"
76.6	1934	"chr5"	"CpG"	"hg38"
76.6	1852	"chr6"	"CpG"	"hg38"
76.6	2046	"chr7"	"CpG"	"hg38"
76.6	1758	"chr8"	"CpG"	"hg38"
76.6	1536	"chr9"	"CpG"	"hg38"
76.6	1496	"chrX"	"CpG"	"hg38"
76.6	238	"chrY"	"CpG"	"hg38"
76.7	2856	"chr1"	"CpG"	"hg38"
76.7	1758	"chr10"	"CpG"	"hg38"
76.7	1712	"chr11"	"CpG"	"hg38"
76.7	1562	"chr12"	"CpG"	"hg38"
76.7	1180	"chr13"	"CpG"	"hg38"
76.7	1038	"chr14"	"CpG"	"hg38"
76.7	990	"chr15"	"CpG"	"hg38"
76.7	1390	"chr16"	"CpG"	"hg38"
76.7	1190	"chr17"	"CpG"	"hg38"
76.7	1164	"chr18"	"CpG"	"hg38"
76.7	1034	"chr19"	"CpG"	"hg38"
76.7	2900	"chr2"	"CpG"	"hg38"
76.7	958	"chr20"	"CpG"	"hg38"
76.7	566	"chr21"	"CpG"	"hg38"
76.7	724	"chr22"	"CpG"	"hg38"
76.7	2124	"chr3"	"CpG"	"hg38"
76.7	1974	"chr4"	"CpG"	"hg38"
76.7	1910	"chr5"	"CpG"	"hg38"
76.7	1858	"chr6"	"CpG"	"hg38"
76.7	2072	"chr7"	"CpG"	"hg38"
76.7	1794	"chr8"	"CpG"	"hg38"
76.7	1548	"chr9"	"CpG"	"hg38"
76.7	1510	"chrX"	"CpG"	"hg38"
76.7	206	"chrY"	"CpG"	"hg38"
76.8	3040	"chr1"	"CpG"	"hg38"
76.8	1860	"chr10"	"CpG"	"hg38"
76.8	1708	"chr11"	"CpG"	"hg38"
76.8	1600	"chr12"	"CpG"	"hg38"
76.8	1144	"chr13"	"CpG"	"hg38"
76.8	1036	"chr14"	"CpG"	"hg38"
76.8	1082	"chr15"	"CpG"	"hg38"
76.8	1390	"chr16"	"CpG"	"hg38"
76.8	1268	"chr17"	"CpG"	"hg38"
76.8	1140	"chr18"	"CpG"	"hg38"
76.8	1008	"chr19"	"CpG"	"hg38"
76.8	2782	"chr2"	"CpG"	"hg38"
76.8	938	"chr20"	"CpG"	"hg38"
76.8	512	"chr21"	"CpG"	"hg38"
76.8	646	"chr22"	"CpG"	"hg38"
76.8	2108	"chr3"	"CpG"	"hg38"
76.8	1990	"chr4"	"CpG"	"hg38"
76.8	1924	"chr5"	"CpG"	"hg38"
76.8	1836	"chr6"	"CpG"	"hg38"
76.8	2064	"chr7"	"CpG"	"hg38"
76.8	1816	"chr8"	"CpG"	"hg38"
76.8	1590	"chr9"	"CpG"	"hg38"
76.8	1546	"chrX"	"CpG"	"hg38"
76.8	248	"chrY"	"CpG"	"hg38"
76.9	2980	"chr1"	"CpG"	"hg38"
76.9	1882	"chr10"	"CpG"	"hg38"
76.9	1792	"chr11"	"CpG"	"hg38"
76.9	1740	"chr12"	"CpG"	"hg38"
76.9	1156	"chr13"	"CpG"	"hg38"
76.9	1004	"chr14"	"CpG"	"hg38"
76.9	1084	"chr15"	"CpG"	"hg38"
76.9	1338	"chr16"	"CpG"	"hg38"
76.9	1228	"chr17"	"CpG"	"hg38"
76.9	1082	"chr18"	"CpG"	"hg38"
76.9	980	"chr19"	"CpG"	"hg38"
76.9	2828	"chr2"	"CpG"	"hg38"
76.9	928	"chr20"	"CpG"	"hg38"
76.9	548	"chr21"	"CpG"	"hg38"
76.9	676	"chr22"	"CpG"	"hg38"
76.9	2198	"chr3"	"CpG"	"hg38"
76.9	2144	"chr4"	"CpG"	"hg38"
76.9	1918	"chr5"	"CpG"	"hg38"
76.9	1944	"chr6"	"CpG"	"hg38"
76.9	2004	"chr7"	"CpG"	"hg38"
76.9	1766	"chr8"	"CpG"	"hg38"
76.9	1556	"chr9"	"CpG"	"hg38"
76.9	1392	"chrX"	"CpG"	"hg38"
76.9	208	"chrY"	"CpG"	"hg38"
77	2992	"chr1"	"CpG"	"hg38"
77	1922	"chr10"	"CpG"	"hg38"
77	1756	"chr11"	"CpG"	"hg38"
77	1588	"chr12"	"CpG"	"hg38"
77	1172	"chr13"	"CpG"	"hg38"
77	1012	"chr14"	"CpG"	"hg38"
77	1044	"chr15"	"CpG"	"hg38"
77	1326	"chr16"	"CpG"	"hg38"
77	1174	"chr17"	"CpG"	"hg38"
77	1172	"chr18"	"CpG"	"hg38"
77	1072	"chr19"	"CpG"	"hg38"
77	2800	"chr2"	"CpG"	"hg38"
77	916	"chr20"	"CpG"	"hg38"
77	528	"chr21"	"CpG"	"hg38"
77	738	"chr22"	"CpG"	"hg38"
77	2240	"chr3"	"CpG"	"hg38"
77	2124	"chr4"	"CpG"	"hg38"
77	1984	"chr5"	"CpG"	"hg38"
77	1878	"chr6"	"CpG"	"hg38"
77	2094	"chr7"	"CpG"	"hg38"
77	1758	"chr8"	"CpG"	"hg38"
77	1592	"chr9"	"CpG"	"hg38"
77	1422	"chrX"	"CpG"	"hg38"
77	222	"chrY"	"CpG"	"hg38"
77.1	3032	"chr1"	"CpG"	"hg38"
77.1	1732	"chr10"	"CpG"	"hg38"
77.1	1724	"chr11"	"CpG"	"hg38"
77.1	1596	"chr12"	"CpG"	"hg38"
77.1	1130	"chr13"	"CpG"	"hg38"
77.1	1008	"chr14"	"CpG"	"hg38"
77.1	1160	"chr15"	"CpG"	"hg38"
77.1	1410	"chr16"	"CpG"	"hg38"
77.1	1320	"chr17"	"CpG"	"hg38"
77.1	994	"chr18"	"CpG"	"hg38"
77.1	1126	"chr19"	"CpG"	"hg38"
77.1	2826	"chr2"	"CpG"	"hg38"
77.1	988	"chr20"	"CpG"	"hg38"
77.1	500	"chr21"	"CpG"	"hg38"
77.1	684	"chr22"	"CpG"	"hg38"
77.1	2138	"chr3"	"CpG"	"hg38"
77.1	2038	"chr4"	"CpG"	"hg38"
77.1	1864	"chr5"	"CpG"	"hg38"
77.1	1848	"chr6"	"CpG"	"hg38"
77.1	1994	"chr7"	"CpG"	"hg38"
77.1	1720	"chr8"	"CpG"	"hg38"
77.1	1554	"chr9"	"CpG"	"hg38"
77.1	1476	"chrX"	"CpG"	"hg38"
77.1	194	"chrY"	"CpG"	"hg38"
77.2	2916	"chr1"	"CpG"	"hg38"
77.2	1722	"chr10"	"CpG"	"hg38"
77.2	1626	"chr11"	"CpG"	"hg38"
77.2	1628	"chr12"	"CpG"	"hg38"
77.2	1168	"chr13"	"CpG"	"hg38"
77.2	1090	"chr14"	"CpG"	"hg38"
77.2	1090	"chr15"	"CpG"	"hg38"
77.2	1418	"chr16"	"CpG"	"hg38"
77.2	1202	"chr17"	"CpG"	"hg38"
77.2	1154	"chr18"	"CpG"	"hg38"
77.2	1058	"chr19"	"CpG"	"hg38"
77.2	2744	"chr2"	"CpG"	"hg38"
77.2	878	"chr20"	"CpG"	"hg38"
77.2	576	"chr21"	"CpG"	"hg38"
77.2	736	"chr22"	"CpG"	"hg38"
77.2	2102	"chr3"	"CpG"	"hg38"
77.2	1984	"chr4"	"CpG"	"hg38"
77.2	1960	"chr5"	"CpG"	"hg38"
77.2	1946	"chr6"	"CpG"	"hg38"
77.2	2108	"chr7"	"CpG"	"hg38"
77.2	1782	"chr8"	"CpG"	"hg38"
77.2	1646	"chr9"	"CpG"	"hg38"
77.2	1452	"chrX"	"CpG"	"hg38"
77.2	248	"chrY"	"CpG"	"hg38"
77.3	2932	"chr1"	"CpG"	"hg38"
77.3	1898	"chr10"	"CpG"	"hg38"
77.3	1686	"chr11"	"CpG"	"hg38"
77.3	1568	"chr12"	"CpG"	"hg38"
77.3	1212	"chr13"	"CpG"	"hg38"
77.3	1042	"chr14"	"CpG"	"hg38"
77.3	1060	"chr15"	"CpG"	"hg38"
77.3	1412	"chr16"	"CpG"	"hg38"
77.3	1208	"chr17"	"CpG"	"hg38"
77.3	1040	"chr18"	"CpG"	"hg38"
77.3	964	"chr19"	"CpG"	"hg38"
77.3	2898	"chr2"	"CpG"	"hg38"
77.3	922	"chr20"	"CpG"	"hg38"
77.3	548	"chr21"	"CpG"	"hg38"
77.3	704	"chr22"	"CpG"	"hg38"
77.3	2156	"chr3"	"CpG"	"hg38"
77.3	2058	"chr4"	"CpG"	"hg38"
77.3	1998	"chr5"	"CpG"	"hg38"
77.3	1932	"chr6"	"CpG"	"hg38"
77.3	2098	"chr7"	"CpG"	"hg38"
77.3	1762	"chr8"	"CpG"	"hg38"
77.3	1566	"chr9"	"CpG"	"hg38"
77.3	1418	"chrX"	"CpG"	"hg38"
77.3	202	"chrY"	"CpG"	"hg38"
77.4	3092	"chr1"	"CpG"	"hg38"
77.4	1822	"chr10"	"CpG"	"hg38"
77.4	1822	"chr11"	"CpG"	"hg38"
77.4	1622	"chr12"	"CpG"	"hg38"
77.4	1182	"chr13"	"CpG"	"hg38"
77.4	1060	"chr14"	"CpG"	"hg38"
77.4	1142	"chr15"	"CpG"	"hg38"
77.4	1430	"chr16"	"CpG"	"hg38"
77.4	1272	"chr17"	"CpG"	"hg38"
77.4	1126	"chr18"	"CpG"	"hg38"
77.4	1018	"chr19"	"CpG"	"hg38"
77.4	2890	"chr2"	"CpG"	"hg38"
77.4	1028	"chr20"	"CpG"	"hg38"
77.4	556	"chr21"	"CpG"	"hg38"
77.4	740	"chr22"	"CpG"	"hg38"
77.4	2236	"chr3"	"CpG"	"hg38"
77.4	1966	"chr4"	"CpG"	"hg38"
77.4	1988	"chr5"	"CpG"	"hg38"
77.4	1832	"chr6"	"CpG"	"hg38"
77.4	2158	"chr7"	"CpG"	"hg38"
77.4	1964	"chr8"	"CpG"	"hg38"
77.4	1550	"chr9"	"CpG"	"hg38"
77.4	1564	"chrX"	"CpG"	"hg38"
77.4	232	"chrY"	"CpG"	"hg38"
77.5	2948	"chr1"	"CpG"	"hg38"
77.5	1884	"chr10"	"CpG"	"hg38"
77.5	1750	"chr11"	"CpG"	"hg38"
77.5	1748	"chr12"	"CpG"	"hg38"
77.5	1218	"chr13"	"CpG"	"hg38"
77.5	1016	"chr14"	"CpG"	"hg38"
77.5	1122	"chr15"	"CpG"	"hg38"
77.5	1518	"chr16"	"CpG"	"hg38"
77.5	1320	"chr17"	"CpG"	"hg38"
77.5	1140	"chr18"	"CpG"	"hg38"
77.5	1022	"chr19"	"CpG"	"hg38"
77.5	2784	"chr2"	"CpG"	"hg38"
77.5	1042	"chr20"	"CpG"	"hg38"
77.5	544	"chr21"	"CpG"	"hg38"
77.5	730	"chr22"	"CpG"	"hg38"
77.5	2118	"chr3"	"CpG"	"hg38"
77.5	2056	"chr4"	"CpG"	"hg38"
77.5	2010	"chr5"	"CpG"	"hg38"
77.5	2038	"chr6"	"CpG"	"hg38"
77.5	2060	"chr7"	"CpG"	"hg38"
77.5	1752	"chr8"	"CpG"	"hg38"
77.5	1604	"chr9"	"CpG"	"hg38"
77.5	1528	"chrX"	"CpG"	"hg38"
77.5	258	"chrY"	"CpG"	"hg38"
77.6	3090	"chr1"	"CpG"	"hg38"
77.6	1872	"chr10"	"CpG"	"hg38"
77.6	1718	"chr11"	"CpG"	"hg38"
77.6	1652	"chr12"	"CpG"	"hg38"
77.6	1148	"chr13"	"CpG"	"hg38"
77.6	1106	"chr14"	"CpG"	"hg38"
77.6	1130	"chr15"	"CpG"	"hg38"
77.6	1458	"chr16"	"CpG"	"hg38"
77.6	1286	"chr17"	"CpG"	"hg38"
77.6	1136	"chr18"	"CpG"	"hg38"
77.6	1086	"chr19"	"CpG"	"hg38"
77.6	2938	"chr2"	"CpG"	"hg38"
77.6	1008	"chr20"	"CpG"	"hg38"
77.6	560	"chr21"	"CpG"	"hg38"
77.6	744	"chr22"	"CpG"	"hg38"
77.6	2146	"chr3"	"CpG"	"hg38"
77.6	2056	"chr4"	"CpG"	"hg38"
77.6	1990	"chr5"	"CpG"	"hg38"
77.6	1884	"chr6"	"CpG"	"hg38"
77.6	2110	"chr7"	"CpG"	"hg38"
77.6	1888	"chr8"	"CpG"	"hg38"
77.6	1606	"chr9"	"CpG"	"hg38"
77.6	1554	"chrX"	"CpG"	"hg38"
77.6	226	"chrY"	"CpG"	"hg38"
77.7	3042	"chr1"	"CpG"	"hg38"
77.7	1846	"chr10"	"CpG"	"hg38"
77.7	1898	"chr11"	"CpG"	"hg38"
77.7	1590	"chr12"	"CpG"	"hg38"
77.7	1166	"chr13"	"CpG"	"hg38"
77.7	1006	"chr14"	"CpG"	"hg38"
77.7	1158	"chr15"	"CpG"	"hg38"
77.7	1462	"chr16"	"CpG"	"hg38"
77.7	1242	"chr17"	"CpG"	"hg38"
77.7	1112	"chr18"	"CpG"	"hg38"
77.7	984	"chr19"	"CpG"	"hg38"
77.7	2810	"chr2"	"CpG"	"hg38"
77.7	1044	"chr20"	"CpG"	"hg38"
77.7	498	"chr21"	"CpG"	"hg38"
77.7	738	"chr22"	"CpG"	"hg38"
77.7	2182	"chr3"	"CpG"	"hg38"
77.7	2238	"chr4"	"CpG"	"hg38"
77.7	1944	"chr5"	"CpG"	"hg38"
77.7	1956	"chr6"	"CpG"	"hg38"
77.7	2184	"chr7"	"CpG"	"hg38"
77.7	1838	"chr8"	"CpG"	"hg38"
77.7	1576	"chr9"	"CpG"	"hg38"
77.7	1560	"chrX"	"CpG"	"hg38"
77.7	240	"chrY"	"CpG"	"hg38"
77.8	2980	"chr1"	"CpG"	"hg38"
77.8	1914	"chr10"	"CpG"	"hg38"
77.8	1742	"chr11"	"CpG"	"hg38"
77.8	1724	"chr12"	"CpG"	"hg38"
77.8	1218	"chr13"	"CpG"	"hg38"
77.8	1064	"chr14"	"CpG"	"hg38"
77.8	1086	"chr15"	"CpG"	"hg38"
77.8	1378	"chr16"	"CpG"	"hg38"
77.8	1328	"chr17"	"CpG"	"hg38"
77.8	1070	"chr18"	"CpG"	"hg38"
77.8	1118	"chr19"	"CpG"	"hg38"
77.8	2910	"chr2"	"CpG"	"hg38"
77.8	986	"chr20"	"CpG"	"hg38"
77.8	540	"chr21"	"CpG"	"hg38"
77.8	642	"chr22"	"CpG"	"hg38"
77.8	2230	"chr3"	"CpG"	"hg38"
77.8	2132	"chr4"	"CpG"	"hg38"
77.8	1984	"chr5"	"CpG"	"hg38"
77.8	1976	"chr6"	"CpG"	"hg38"
77.8	2146	"chr7"	"CpG"	"hg38"
77.8	1902	"chr8"	"CpG"	"hg38"
77.8	1546	"chr9"	"CpG"	"hg38"
77.8	1552	"chrX"	"CpG"	"hg38"
77.8	218	"chrY"	"CpG"	"hg38"
77.9	3080	"chr1"	"CpG"	"hg38"
77.9	1902	"chr10"	"CpG"	"hg38"
77.9	1654	"chr11"	"CpG"	"hg38"
77.9	1650	"chr12"	"CpG"	"hg38"
77.9	1108	"chr13"	"CpG"	"hg38"
77.9	1062	"chr14"	"CpG"	"hg38"
77.9	1110	"chr15"	"CpG"	"hg38"
77.9	1530	"chr16"	"CpG"	"hg38"
77.9	1340	"chr17"	"CpG"	"hg38"
77.9	990	"chr18"	"CpG"	"hg38"
77.9	1052	"chr19"	"CpG"	"hg38"
77.9	2886	"chr2"	"CpG"	"hg38"
77.9	918	"chr20"	"CpG"	"hg38"
77.9	570	"chr21"	"CpG"	"hg38"
77.9	776	"chr22"	"CpG"	"hg38"
77.9	2244	"chr3"	"CpG"	"hg38"
77.9	2192	"chr4"	"CpG"	"hg38"
77.9	2004	"chr5"	"CpG"	"hg38"
77.9	1858	"chr6"	"CpG"	"hg38"
77.9	2210	"chr7"	"CpG"	"hg38"
77.9	1826	"chr8"	"CpG"	"hg38"
77.9	1610	"chr9"	"CpG"	"hg38"
77.9	1568	"chrX"	"CpG"	"hg38"
77.9	212	"chrY"	"CpG"	"hg38"
78	3112	"chr1"	"CpG"	"hg38"
78	1848	"chr10"	"CpG"	"hg38"
78	1746	"chr11"	"CpG"	"hg38"
78	1554	"chr12"	"CpG"	"hg38"
78	1186	"chr13"	"CpG"	"hg38"
78	996	"chr14"	"CpG"	"hg38"
78	1152	"chr15"	"CpG"	"hg38"
78	1518	"chr16"	"CpG"	"hg38"
78	1334	"chr17"	"CpG"	"hg38"
78	1104	"chr18"	"CpG"	"hg38"
78	1050	"chr19"	"CpG"	"hg38"
78	2898	"chr2"	"CpG"	"hg38"
78	978	"chr20"	"CpG"	"hg38"
78	532	"chr21"	"CpG"	"hg38"
78	764	"chr22"	"CpG"	"hg38"
78	2298	"chr3"	"CpG"	"hg38"
78	2086	"chr4"	"CpG"	"hg38"
78	2062	"chr5"	"CpG"	"hg38"
78	1970	"chr6"	"CpG"	"hg38"
78	2150	"chr7"	"CpG"	"hg38"
78	1782	"chr8"	"CpG"	"hg38"
78	1622	"chr9"	"CpG"	"hg38"
78	1490	"chrX"	"CpG"	"hg38"
78	224	"chrY"	"CpG"	"hg38"
78.1	3034	"chr1"	"CpG"	"hg38"
78.1	1990	"chr10"	"CpG"	"hg38"
78.1	1724	"chr11"	"CpG"	"hg38"
78.1	1724	"chr12"	"CpG"	"hg38"
78.1	1184	"chr13"	"CpG"	"hg38"
78.1	1066	"chr14"	"CpG"	"hg38"
78.1	1212	"chr15"	"CpG"	"hg38"
78.1	1492	"chr16"	"CpG"	"hg38"
78.1	1300	"chr17"	"CpG"	"hg38"
78.1	1156	"chr18"	"CpG"	"hg38"
78.1	1102	"chr19"	"CpG"	"hg38"
78.1	2972	"chr2"	"CpG"	"hg38"
78.1	994	"chr20"	"CpG"	"hg38"
78.1	536	"chr21"	"CpG"	"hg38"
78.1	728	"chr22"	"CpG"	"hg38"
78.1	2228	"chr3"	"CpG"	"hg38"
78.1	2138	"chr4"	"CpG"	"hg38"
78.1	2130	"chr5"	"CpG"	"hg38"
78.1	1962	"chr6"	"CpG"	"hg38"
78.1	2072	"chr7"	"CpG"	"hg38"
78.1	1922	"chr8"	"CpG"	"hg38"
78.1	1616	"chr9"	"CpG"	"hg38"
78.1	1604	"chrX"	"CpG"	"hg38"
78.1	248	"chrY"	"CpG"	"hg38"
78.2	3024	"chr1"	"CpG"	"hg38"
78.2	1914	"chr10"	"CpG"	"hg38"
78.2	1792	"chr11"	"CpG"	"hg38"
78.2	1632	"chr12"	"CpG"	"hg38"
78.2	1186	"chr13"	"CpG"	"hg38"
78.2	1084	"chr14"	"CpG"	"hg38"
78.2	1086	"chr15"	"CpG"	"hg38"
78.2	1512	"chr16"	"CpG"	"hg38"
78.2	1332	"chr17"	"CpG"	"hg38"
78.2	1162	"chr18"	"CpG"	"hg38"
78.2	1062	"chr19"	"CpG"	"hg38"
78.2	3054	"chr2"	"CpG"	"hg38"
78.2	978	"chr20"	"CpG"	"hg38"
78.2	582	"chr21"	"CpG"	"hg38"
78.2	730	"chr22"	"CpG"	"hg38"
78.2	2252	"chr3"	"CpG"	"hg38"
78.2	2208	"chr4"	"CpG"	"hg38"
78.2	2044	"chr5"	"CpG"	"hg38"
78.2	1966	"chr6"	"CpG"	"hg38"
78.2	2164	"chr7"	"CpG"	"hg38"
78.2	1872	"chr8"	"CpG"	"hg38"
78.2	1632	"chr9"	"CpG"	"hg38"
78.2	1632	"chrX"	"CpG"	"hg38"
78.2	220	"chrY"	"CpG"	"hg38"
78.3	3196	"chr1"	"CpG"	"hg38"
78.3	1938	"chr10"	"CpG"	"hg38"
78.3	1736	"chr11"	"CpG"	"hg38"
78.3	1670	"chr12"	"CpG"	"hg38"
78.3	1252	"chr13"	"CpG"	"hg38"
78.3	1128	"chr14"	"CpG"	"hg38"
78.3	1134	"chr15"	"CpG"	"hg38"
78.3	1574	"chr16"	"CpG"	"hg38"
78.3	1290	"chr17"	"CpG"	"hg38"
78.3	1120	"chr18"	"CpG"	"hg38"
78.3	1052	"chr19"	"CpG"	"hg38"
78.3	2998	"chr2"	"CpG"	"hg38"
78.3	998	"chr20"	"CpG"	"hg38"
78.3	560	"chr21"	"CpG"	"hg38"
78.3	762	"chr22"	"CpG"	"hg38"
78.3	2326	"chr3"	"CpG"	"hg38"
78.3	2148	"chr4"	"CpG"	"hg38"
78.3	2108	"chr5"	"CpG"	"hg38"
78.3	2016	"chr6"	"CpG"	"hg38"
78.3	2140	"chr7"	"CpG"	"hg38"
78.3	1914	"chr8"	"CpG"	"hg38"
78.3	1530	"chr9"	"CpG"	"hg38"
78.3	1574	"chrX"	"CpG"	"hg38"
78.3	228	"chrY"	"CpG"	"hg38"
78.4	3064	"chr1"	"CpG"	"hg38"
78.4	2052	"chr10"	"CpG"	"hg38"
78.4	1850	"chr11"	"CpG"	"hg38"
78.4	1756	"chr12"	"CpG"	"hg38"
78.4	1206	"chr13"	"CpG"	"hg38"
78.4	1092	"chr14"	"CpG"	"hg38"
78.4	1096	"chr15"	"CpG"	"hg38"
78.4	1482	"chr16"	"CpG"	"hg38"
78.4	1410	"chr17"	"CpG"	"hg38"
78.4	1126	"chr18"	"CpG"	"hg38"
78.4	1046	"chr19"	"CpG"	"hg38"
78.4	2962	"chr2"	"CpG"	"hg38"
78.4	1050	"chr20"	"CpG"	"hg38"
78.4	574	"chr21"	"CpG"	"hg38"
78.4	758	"chr22"	"CpG"	"hg38"
78.4	2350	"chr3"	"CpG"	"hg38"
78.4	2092	"chr4"	"CpG"	"hg38"
78.4	2060	"chr5"	"CpG"	"hg38"
78.4	1982	"chr6"	"CpG"	"hg38"
78.4	2254	"chr7"	"CpG"	"hg38"
78.4	1952	"chr8"	"CpG"	"hg38"
78.4	1670	"chr9"	"CpG"	"hg38"
78.4	1660	"chrX"	"CpG"	"hg38"
78.4	248	"chrY"	"CpG"	"hg38"
78.5	3150	"chr1"	"CpG"	"hg38"
78.5	1904	"chr10"	"CpG"	"hg38"
78.5	1748	"chr11"	"CpG"	"hg38"
78.5	1662	"chr12"	"CpG"	"hg38"
78.5	1152	"chr13"	"CpG"	"hg38"
78.5	1156	"chr14"	"CpG"	"hg38"
78.5	1164	"chr15"	"CpG"	"hg38"
78.5	1548	"chr16"	"CpG"	"hg38"
78.5	1344	"chr17"	"CpG"	"hg38"
78.5	1106	"chr18"	"CpG"	"hg38"
78.5	1050	"chr19"	"CpG"	"hg38"
78.5	2942	"chr2"	"CpG"	"hg38"
78.5	1026	"chr20"	"CpG"	"hg38"
78.5	516	"chr21"	"CpG"	"hg38"
78.5	814	"chr22"	"CpG"	"hg38"
78.5	2316	"chr3"	"CpG"	"hg38"
78.5	2208	"chr4"	"CpG"	"hg38"
78.5	1994	"chr5"	"CpG"	"hg38"
78.5	2034	"chr6"	"CpG"	"hg38"
78.5	2140	"chr7"	"CpG"	"hg38"
78.5	1842	"chr8"	"CpG"	"hg38"
78.5	1608	"chr9"	"CpG"	"hg38"
78.5	1522	"chrX"	"CpG"	"hg38"
78.5	224	"chrY"	"CpG"	"hg38"
78.6	3104	"chr1"	"CpG"	"hg38"
78.6	2050	"chr10"	"CpG"	"hg38"
78.6	1724	"chr11"	"CpG"	"hg38"
78.6	1720	"chr12"	"CpG"	"hg38"
78.6	1226	"chr13"	"CpG"	"hg38"
78.6	1120	"chr14"	"CpG"	"hg38"
78.6	1244	"chr15"	"CpG"	"hg38"
78.6	1386	"chr16"	"CpG"	"hg38"
78.6	1338	"chr17"	"CpG"	"hg38"
78.6	1158	"chr18"	"CpG"	"hg38"
78.6	1120	"chr19"	"CpG"	"hg38"
78.6	3086	"chr2"	"CpG"	"hg38"
78.6	1096	"chr20"	"CpG"	"hg38"
78.6	552	"chr21"	"CpG"	"hg38"
78.6	708	"chr22"	"CpG"	"hg38"
78.6	2276	"chr3"	"CpG"	"hg38"
78.6	2138	"chr4"	"CpG"	"hg38"
78.6	2044	"chr5"	"CpG"	"hg38"
78.6	1968	"chr6"	"CpG"	"hg38"
78.6	2272	"chr7"	"CpG"	"hg38"
78.6	1858	"chr8"	"CpG"	"hg38"
78.6	1644	"chr9"	"CpG"	"hg38"
78.6	1644	"chrX"	"CpG"	"hg38"
78.6	250	"chrY"	"CpG"	"hg38"
78.7	3274	"chr1"	"CpG"	"hg38"
78.7	2020	"chr10"	"CpG"	"hg38"
78.7	1872	"chr11"	"CpG"	"hg38"
78.7	1792	"chr12"	"CpG"	"hg38"
78.7	1226	"chr13"	"CpG"	"hg38"
78.7	1160	"chr14"	"CpG"	"hg38"
78.7	1164	"chr15"	"CpG"	"hg38"
78.7	1530	"chr16"	"CpG"	"hg38"
78.7	1366	"chr17"	"CpG"	"hg38"
78.7	1246	"chr18"	"CpG"	"hg38"
78.7	1102	"chr19"	"CpG"	"hg38"
78.7	2954	"chr2"	"CpG"	"hg38"
78.7	1050	"chr20"	"CpG"	"hg38"
78.7	558	"chr21"	"CpG"	"hg38"
78.7	780	"chr22"	"CpG"	"hg38"
78.7	2266	"chr3"	"CpG"	"hg38"
78.7	2218	"chr4"	"CpG"	"hg38"
78.7	2098	"chr5"	"CpG"	"hg38"
78.7	1922	"chr6"	"CpG"	"hg38"
78.7	2202	"chr7"	"CpG"	"hg38"
78.7	2036	"chr8"	"CpG"	"hg38"
78.7	1634	"chr9"	"CpG"	"hg38"
78.7	1628	"chrX"	"CpG"	"hg38"
78.7	228	"chrY"	"CpG"	"hg38"
78.8	3230	"chr1"	"CpG"	"hg38"
78.8	2000	"chr10"	"CpG"	"hg38"
78.8	1858	"chr11"	"CpG"	"hg38"
78.8	1674	"chr12"	"CpG"	"hg38"
78.8	1240	"chr13"	"CpG"	"hg38"
78.8	1090	"chr14"	"CpG"	"hg38"
78.8	1154	"chr15"	"CpG"	"hg38"
78.8	1482	"chr16"	"CpG"	"hg38"
78.8	1290	"chr17"	"CpG"	"hg38"
78.8	1148	"chr18"	"CpG"	"hg38"
78.8	1104	"chr19"	"CpG"	"hg38"
78.8	2938	"chr2"	"CpG"	"hg38"
78.8	1026	"chr20"	"CpG"	"hg38"
78.8	554	"chr21"	"CpG"	"hg38"
78.8	720	"chr22"	"CpG"	"hg38"
78.8	2328	"chr3"	"CpG"	"hg38"
78.8	2320	"chr4"	"CpG"	"hg38"
78.8	2128	"chr5"	"CpG"	"hg38"
78.8	1990	"chr6"	"CpG"	"hg38"
78.8	2162	"chr7"	"CpG"	"hg38"
78.8	1958	"chr8"	"CpG"	"hg38"
78.8	1742	"chr9"	"CpG"	"hg38"
78.8	1678	"chrX"	"CpG"	"hg38"
78.8	248	"chrY"	"CpG"	"hg38"
78.9	3206	"chr1"	"CpG"	"hg38"
78.9	2068	"chr10"	"CpG"	"hg38"
78.9	1744	"chr11"	"CpG"	"hg38"
78.9	1698	"chr12"	"CpG"	"hg38"
78.9	1220	"chr13"	"CpG"	"hg38"
78.9	1132	"chr14"	"CpG"	"hg38"
78.9	1196	"chr15"	"CpG"	"hg38"
78.9	1430	"chr16"	"CpG"	"hg38"
78.9	1418	"chr17"	"CpG"	"hg38"
78.9	1172	"chr18"	"CpG"	"hg38"
78.9	1080	"chr19"	"CpG"	"hg38"
78.9	2938	"chr2"	"CpG"	"hg38"
78.9	1000	"chr20"	"CpG"	"hg38"
78.9	550	"chr21"	"CpG"	"hg38"
78.9	716	"chr22"	"CpG"	"hg38"
78.9	2370	"chr3"	"CpG"	"hg38"
78.9	2162	"chr4"	"CpG"	"hg38"
78.9	2178	"chr5"	"CpG"	"hg38"
78.9	2118	"chr6"	"CpG"	"hg38"
78.9	2176	"chr7"	"CpG"	"hg38"
78.9	1900	"chr8"	"CpG"	"hg38"
78.9	1676	"chr9"	"CpG"	"hg38"
78.9	1528	"chrX"	"CpG"	"hg38"
78.9	246	"chrY"	"CpG"	"hg38"
79	3274	"chr1"	"CpG"	"hg38"
79	1938	"chr10"	"CpG"	"hg38"
79	1906	"chr11"	"CpG"	"hg38"
79	1816	"chr12"	"CpG"	"hg38"
79	1294	"chr13"	"CpG"	"hg38"
79	1118	"chr14"	"CpG"	"hg38"
79	1134	"chr15"	"CpG"	"hg38"
79	1496	"chr16"	"CpG"	"hg38"
79	1456	"chr17"	"CpG"	"hg38"
79	1080	"chr18"	"CpG"	"hg38"
79	1180	"chr19"	"CpG"	"hg38"
79	3046	"chr2"	"CpG"	"hg38"
79	1060	"chr20"	"CpG"	"hg38"
79	616	"chr21"	"CpG"	"hg38"
79	782	"chr22"	"CpG"	"hg38"
79	2348	"chr3"	"CpG"	"hg38"
79	2054	"chr4"	"CpG"	"hg38"
79	2194	"chr5"	"CpG"	"hg38"
79	2150	"chr6"	"CpG"	"hg38"
79	2170	"chr7"	"CpG"	"hg38"
79	1896	"chr8"	"CpG"	"hg38"
79	1810	"chr9"	"CpG"	"hg38"
79	1750	"chrX"	"CpG"	"hg38"
79	228	"chrY"	"CpG"	"hg38"
79.1	3298	"chr1"	"CpG"	"hg38"
79.1	2064	"chr10"	"CpG"	"hg38"
79.1	1864	"chr11"	"CpG"	"hg38"
79.1	1736	"chr12"	"CpG"	"hg38"
79.1	1272	"chr13"	"CpG"	"hg38"
79.1	1122	"chr14"	"CpG"	"hg38"
79.1	1198	"chr15"	"CpG"	"hg38"
79.1	1580	"chr16"	"CpG"	"hg38"
79.1	1332	"chr17"	"CpG"	"hg38"
79.1	1152	"chr18"	"CpG"	"hg38"
79.1	1108	"chr19"	"CpG"	"hg38"
79.1	3072	"chr2"	"CpG"	"hg38"
79.1	1104	"chr20"	"CpG"	"hg38"
79.1	544	"chr21"	"CpG"	"hg38"
79.1	748	"chr22"	"CpG"	"hg38"
79.1	2292	"chr3"	"CpG"	"hg38"
79.1	2204	"chr4"	"CpG"	"hg38"
79.1	2224	"chr5"	"CpG"	"hg38"
79.1	2032	"chr6"	"CpG"	"hg38"
79.1	2204	"chr7"	"CpG"	"hg38"
79.1	1972	"chr8"	"CpG"	"hg38"
79.1	1730	"chr9"	"CpG"	"hg38"
79.1	1634	"chrX"	"CpG"	"hg38"
79.1	258	"chrY"	"CpG"	"hg38"
79.2	3202	"chr1"	"CpG"	"hg38"
79.2	1978	"chr10"	"CpG"	"hg38"
79.2	1856	"chr11"	"CpG"	"hg38"
79.2	1832	"chr12"	"CpG"	"hg38"
79.2	1346	"chr13"	"CpG"	"hg38"
79.2	1102	"chr14"	"CpG"	"hg38"
79.2	1138	"chr15"	"CpG"	"hg38"
79.2	1518	"chr16"	"CpG"	"hg38"
79.2	1356	"chr17"	"CpG"	"hg38"
79.2	1146	"chr18"	"CpG"	"hg38"
79.2	1112	"chr19"	"CpG"	"hg38"
79.2	3122	"chr2"	"CpG"	"hg38"
79.2	1044	"chr20"	"CpG"	"hg38"
79.2	556	"chr21"	"CpG"	"hg38"
79.2	796	"chr22"	"CpG"	"hg38"
79.2	2336	"chr3"	"CpG"	"hg38"
79.2	2254	"chr4"	"CpG"	"hg38"
79.2	2192	"chr5"	"CpG"	"hg38"
79.2	2018	"chr6"	"CpG"	"hg38"
79.2	2278	"chr7"	"CpG"	"hg38"
79.2	1910	"chr8"	"CpG"	"hg38"
79.2	1634	"chr9"	"CpG"	"hg38"
79.2	1650	"chrX"	"CpG"	"hg38"
79.2	258	"chrY"	"CpG"	"hg38"
79.3	3376	"chr1"	"CpG"	"hg38"
79.3	2066	"chr10"	"CpG"	"hg38"
79.3	1874	"chr11"	"CpG"	"hg38"
79.3	1692	"chr12"	"CpG"	"hg38"
79.3	1288	"chr13"	"CpG"	"hg38"
79.3	1160	"chr14"	"CpG"	"hg38"
79.3	1206	"chr15"	"CpG"	"hg38"
79.3	1520	"chr16"	"CpG"	"hg38"
79.3	1444	"chr17"	"CpG"	"hg38"
79.3	1224	"chr18"	"CpG"	"hg38"
79.3	1152	"chr19"	"CpG"	"hg38"
79.3	3162	"chr2"	"CpG"	"hg38"
79.3	1130	"chr20"	"CpG"	"hg38"
79.3	534	"chr21"	"CpG"	"hg38"
79.3	760	"chr22"	"CpG"	"hg38"
79.3	2384	"chr3"	"CpG"	"hg38"
79.3	2246	"chr4"	"CpG"	"hg38"
79.3	2156	"chr5"	"CpG"	"hg38"
79.3	2002	"chr6"	"CpG"	"hg38"
79.3	2368	"chr7"	"CpG"	"hg38"
79.3	2000	"chr8"	"CpG"	"hg38"
79.3	1710	"chr9"	"CpG"	"hg38"
79.3	1564	"chrX"	"CpG"	"hg38"
79.3	262	"chrY"	"CpG"	"hg38"
79.4	3342	"chr1"	"CpG"	"hg38"
79.4	2040	"chr10"	"CpG"	"hg38"
79.4	1848	"chr11"	"CpG"	"hg38"
79.4	1820	"chr12"	"CpG"	"hg38"
79.4	1288	"chr13"	"CpG"	"hg38"
79.4	1138	"chr14"	"CpG"	"hg38"
79.4	1172	"chr15"	"CpG"	"hg38"
79.4	1684	"chr16"	"CpG"	"hg38"
79.4	1400	"chr17"	"CpG"	"hg38"
79.4	1182	"chr18"	"CpG"	"hg38"
79.4	1232	"chr19"	"CpG"	"hg38"
79.4	3110	"chr2"	"CpG"	"hg38"
79.4	1084	"chr20"	"CpG"	"hg38"
79.4	562	"chr21"	"CpG"	"hg38"
79.4	756	"chr22"	"CpG"	"hg38"
79.4	2444	"chr3"	"CpG"	"hg38"
79.4	2152	"chr4"	"CpG"	"hg38"
79.4	2126	"chr5"	"CpG"	"hg38"
79.4	2154	"chr6"	"CpG"	"hg38"
79.4	2400	"chr7"	"CpG"	"hg38"
79.4	1970	"chr8"	"CpG"	"hg38"
79.4	1792	"chr9"	"CpG"	"hg38"
79.4	1638	"chrX"	"CpG"	"hg38"
79.4	294	"chrY"	"CpG"	"hg38"
79.5	3268	"chr1"	"CpG"	"hg38"
79.5	2044	"chr10"	"CpG"	"hg38"
79.5	1896	"chr11"	"CpG"	"hg38"
79.5	1808	"chr12"	"CpG"	"hg38"
79.5	1374	"chr13"	"CpG"	"hg38"
79.5	1176	"chr14"	"CpG"	"hg38"
79.5	1304	"chr15"	"CpG"	"hg38"
79.5	1524	"chr16"	"CpG"	"hg38"
79.5	1416	"chr17"	"CpG"	"hg38"
79.5	1138	"chr18"	"CpG"	"hg38"
79.5	1164	"chr19"	"CpG"	"hg38"
79.5	3176	"chr2"	"CpG"	"hg38"
79.5	1064	"chr20"	"CpG"	"hg38"
79.5	558	"chr21"	"CpG"	"hg38"
79.5	742	"chr22"	"CpG"	"hg38"
79.5	2396	"chr3"	"CpG"	"hg38"
79.5	2230	"chr4"	"CpG"	"hg38"
79.5	2100	"chr5"	"CpG"	"hg38"
79.5	2118	"chr6"	"CpG"	"hg38"
79.5	2260	"chr7"	"CpG"	"hg38"
79.5	2020	"chr8"	"CpG"	"hg38"
79.5	1734	"chr9"	"CpG"	"hg38"
79.5	1716	"chrX"	"CpG"	"hg38"
79.5	240	"chrY"	"CpG"	"hg38"
79.6	3232	"chr1"	"CpG"	"hg38"
79.6	2080	"chr10"	"CpG"	"hg38"
79.6	1900	"chr11"	"CpG"	"hg38"
79.6	1862	"chr12"	"CpG"	"hg38"
79.6	1366	"chr13"	"CpG"	"hg38"
79.6	1234	"chr14"	"CpG"	"hg38"
79.6	1210	"chr15"	"CpG"	"hg38"
79.6	1568	"chr16"	"CpG"	"hg38"
79.6	1438	"chr17"	"CpG"	"hg38"
79.6	1170	"chr18"	"CpG"	"hg38"
79.6	1226	"chr19"	"CpG"	"hg38"
79.6	3098	"chr2"	"CpG"	"hg38"
79.6	1084	"chr20"	"CpG"	"hg38"
79.6	576	"chr21"	"CpG"	"hg38"
79.6	760	"chr22"	"CpG"	"hg38"
79.6	2528	"chr3"	"CpG"	"hg38"
79.6	2438	"chr4"	"CpG"	"hg38"
79.6	2178	"chr5"	"CpG"	"hg38"
79.6	2062	"chr6"	"CpG"	"hg38"
79.6	2252	"chr7"	"CpG"	"hg38"
79.6	1888	"chr8"	"CpG"	"hg38"
79.6	1578	"chr9"	"CpG"	"hg38"
79.6	1660	"chrX"	"CpG"	"hg38"
79.6	246	"chrY"	"CpG"	"hg38"
79.7	3300	"chr1"	"CpG"	"hg38"
79.7	2068	"chr10"	"CpG"	"hg38"
79.7	1994	"chr11"	"CpG"	"hg38"
79.7	1962	"chr12"	"CpG"	"hg38"
79.7	1320	"chr13"	"CpG"	"hg38"
79.7	1218	"chr14"	"CpG"	"hg38"
79.7	1240	"chr15"	"CpG"	"hg38"
79.7	1730	"chr16"	"CpG"	"hg38"
79.7	1440	"chr17"	"CpG"	"hg38"
79.7	1184	"chr18"	"CpG"	"hg38"
79.7	1186	"chr19"	"CpG"	"hg38"
79.7	3146	"chr2"	"CpG"	"hg38"
79.7	1148	"chr20"	"CpG"	"hg38"
79.7	542	"chr21"	"CpG"	"hg38"
79.7	792	"chr22"	"CpG"	"hg38"
79.7	2462	"chr3"	"CpG"	"hg38"
79.7	2362	"chr4"	"CpG"	"hg38"
79.7	2104	"chr5"	"CpG"	"hg38"
79.7	2096	"chr6"	"CpG"	"hg38"
79.7	2462	"chr7"	"CpG"	"hg38"
79.7	2032	"chr8"	"CpG"	"hg38"
79.7	1684	"chr9"	"CpG"	"hg38"
79.7	1690	"chrX"	"CpG"	"hg38"
79.7	242	"chrY"	"CpG"	"hg38"
79.8	3306	"chr1"	"CpG"	"hg38"
79.8	2046	"chr10"	"CpG"	"hg38"
79.8	1914	"chr11"	"CpG"	"hg38"
79.8	1660	"chr12"	"CpG"	"hg38"
79.8	1252	"chr13"	"CpG"	"hg38"
79.8	1288	"chr14"	"CpG"	"hg38"
79.8	1282	"chr15"	"CpG"	"hg38"
79.8	1680	"chr16"	"CpG"	"hg38"
79.8	1530	"chr17"	"CpG"	"hg38"
79.8	1170	"chr18"	"CpG"	"hg38"
79.8	1110	"chr19"	"CpG"	"hg38"
79.8	3198	"chr2"	"CpG"	"hg38"
79.8	1096	"chr20"	"CpG"	"hg38"
79.8	590	"chr21"	"CpG"	"hg38"
79.8	780	"chr22"	"CpG"	"hg38"
79.8	2420	"chr3"	"CpG"	"hg38"
79.8	2344	"chr4"	"CpG"	"hg38"
79.8	2312	"chr5"	"CpG"	"hg38"
79.8	2160	"chr6"	"CpG"	"hg38"
79.8	2338	"chr7"	"CpG"	"hg38"
79.8	2024	"chr8"	"CpG"	"hg38"
79.8	1870	"chr9"	"CpG"	"hg38"
79.8	1744	"chrX"	"CpG"	"hg38"
79.8	238	"chrY"	"CpG"	"hg38"
79.9	3316	"chr1"	"CpG"	"hg38"
79.9	2136	"chr10"	"CpG"	"hg38"
79.9	1974	"chr11"	"CpG"	"hg38"
79.9	1828	"chr12"	"CpG"	"hg38"
79.9	1326	"chr13"	"CpG"	"hg38"
79.9	1174	"chr14"	"CpG"	"hg38"
79.9	1228	"chr15"	"CpG"	"hg38"
79.9	1494	"chr16"	"CpG"	"hg38"
79.9	1566	"chr17"	"CpG"	"hg38"
79.9	1200	"chr18"	"CpG"	"hg38"
79.9	1156	"chr19"	"CpG"	"hg38"
79.9	3246	"chr2"	"CpG"	"hg38"
79.9	1150	"chr20"	"CpG"	"hg38"
79.9	628	"chr21"	"CpG"	"hg38"
79.9	806	"chr22"	"CpG"	"hg38"
79.9	2556	"chr3"	"CpG"	"hg38"
79.9	2266	"chr4"	"CpG"	"hg38"
79.9	2126	"chr5"	"CpG"	"hg38"
79.9	2108	"chr6"	"CpG"	"hg38"
79.9	2362	"chr7"	"CpG"	"hg38"
79.9	2002	"chr8"	"CpG"	"hg38"
79.9	1772	"chr9"	"CpG"	"hg38"
79.9	1790	"chrX"	"CpG"	"hg38"
79.9	286	"chrY"	"CpG"	"hg38"
80	3456	"chr1"	"CpG"	"hg38"
80	2114	"chr10"	"CpG"	"hg38"
80	1842	"chr11"	"CpG"	"hg38"
80	1874	"chr12"	"CpG"	"hg38"
80	1382	"chr13"	"CpG"	"hg38"
80	1120	"chr14"	"CpG"	"hg38"
80	1274	"chr15"	"CpG"	"hg38"
80	1522	"chr16"	"CpG"	"hg38"
80	1486	"chr17"	"CpG"	"hg38"
80	1254	"chr18"	"CpG"	"hg38"
80	1218	"chr19"	"CpG"	"hg38"
80	3164	"chr2"	"CpG"	"hg38"
80	1154	"chr20"	"CpG"	"hg38"
80	604	"chr21"	"CpG"	"hg38"
80	874	"chr22"	"CpG"	"hg38"
80	2434	"chr3"	"CpG"	"hg38"
80	2334	"chr4"	"CpG"	"hg38"
80	2236	"chr5"	"CpG"	"hg38"
80	2224	"chr6"	"CpG"	"hg38"
80	2434	"chr7"	"CpG"	"hg38"
80	1998	"chr8"	"CpG"	"hg38"
80	1820	"chr9"	"CpG"	"hg38"
80	1806	"chrX"	"CpG"	"hg38"
80	230	"chrY"	"CpG"	"hg38"
80.1	3416	"chr1"	"CpG"	"hg38"
80.1	2012	"chr10"	"CpG"	"hg38"
80.1	1980	"chr11"	"CpG"	"hg38"
80.1	1888	"chr12"	"CpG"	"hg38"
80.1	1384	"chr13"	"CpG"	"hg38"
80.1	1182	"chr14"	"CpG"	"hg38"
80.1	1266	"chr15"	"CpG"	"hg38"
80.1	1696	"chr16"	"CpG"	"hg38"
80.1	1442	"chr17"	"CpG"	"hg38"
80.1	1216	"chr18"	"CpG"	"hg38"
80.1	1280	"chr19"	"CpG"	"hg38"
80.1	3170	"chr2"	"CpG"	"hg38"
80.1	1204	"chr20"	"CpG"	"hg38"
80.1	612	"chr21"	"CpG"	"hg38"
80.1	798	"chr22"	"CpG"	"hg38"
80.1	2406	"chr3"	"CpG"	"hg38"
80.1	2392	"chr4"	"CpG"	"hg38"
80.1	2266	"chr5"	"CpG"	"hg38"
80.1	2158	"chr6"	"CpG"	"hg38"
80.1	2258	"chr7"	"CpG"	"hg38"
80.1	2086	"chr8"	"CpG"	"hg38"
80.1	1758	"chr9"	"CpG"	"hg38"
80.1	1756	"chrX"	"CpG"	"hg38"
80.1	232	"chrY"	"CpG"	"hg38"
80.2	3500	"chr1"	"CpG"	"hg38"
80.2	2162	"chr10"	"CpG"	"hg38"
80.2	2036	"chr11"	"CpG"	"hg38"
80.2	1848	"chr12"	"CpG"	"hg38"
80.2	1348	"chr13"	"CpG"	"hg38"
80.2	1234	"chr14"	"CpG"	"hg38"
80.2	1238	"chr15"	"CpG"	"hg38"
80.2	1618	"chr16"	"CpG"	"hg38"
80.2	1468	"chr17"	"CpG"	"hg38"
80.2	1198	"chr18"	"CpG"	"hg38"
80.2	1210	"chr19"	"CpG"	"hg38"
80.2	3328	"chr2"	"CpG"	"hg38"
80.2	1078	"chr20"	"CpG"	"hg38"
80.2	624	"chr21"	"CpG"	"hg38"
80.2	806	"chr22"	"CpG"	"hg38"
80.2	2506	"chr3"	"CpG"	"hg38"
80.2	2340	"chr4"	"CpG"	"hg38"
80.2	2314	"chr5"	"CpG"	"hg38"
80.2	2076	"chr6"	"CpG"	"hg38"
80.2	2366	"chr7"	"CpG"	"hg38"
80.2	2026	"chr8"	"CpG"	"hg38"
80.2	1844	"chr9"	"CpG"	"hg38"
80.2	1676	"chrX"	"CpG"	"hg38"
80.2	276	"chrY"	"CpG"	"hg38"
80.3	3314	"chr1"	"CpG"	"hg38"
80.3	2184	"chr10"	"CpG"	"hg38"
80.3	2020	"chr11"	"CpG"	"hg38"
80.3	1914	"chr12"	"CpG"	"hg38"
80.3	1336	"chr13"	"CpG"	"hg38"
80.3	1186	"chr14"	"CpG"	"hg38"
80.3	1262	"chr15"	"CpG"	"hg38"
80.3	1660	"chr16"	"CpG"	"hg38"
80.3	1522	"chr17"	"CpG"	"hg38"
80.3	1182	"chr18"	"CpG"	"hg38"
80.3	1194	"chr19"	"CpG"	"hg38"
80.3	3336	"chr2"	"CpG"	"hg38"
80.3	1168	"chr20"	"CpG"	"hg38"
80.3	654	"chr21"	"CpG"	"hg38"
80.3	824	"chr22"	"CpG"	"hg38"
80.3	2548	"chr3"	"CpG"	"hg38"
80.3	2338	"chr4"	"CpG"	"hg38"
80.3	2356	"chr5"	"CpG"	"hg38"
80.3	2108	"chr6"	"CpG"	"hg38"
80.3	2390	"chr7"	"CpG"	"hg38"
80.3	2044	"chr8"	"CpG"	"hg38"
80.3	1744	"chr9"	"CpG"	"hg38"
80.3	1790	"chrX"	"CpG"	"hg38"
80.3	224	"chrY"	"CpG"	"hg38"
80.4	3362	"chr1"	"CpG"	"hg38"
80.4	2166	"chr10"	"CpG"	"hg38"
80.4	2016	"chr11"	"CpG"	"hg38"
80.4	1930	"chr12"	"CpG"	"hg38"
80.4	1380	"chr13"	"CpG"	"hg38"
80.4	1196	"chr14"	"CpG"	"hg38"
80.4	1246	"chr15"	"CpG"	"hg38"
80.4	1638	"chr16"	"CpG"	"hg38"
80.4	1414	"chr17"	"CpG"	"hg38"
80.4	1236	"chr18"	"CpG"	"hg38"
80.4	1110	"chr19"	"CpG"	"hg38"
80.4	3260	"chr2"	"CpG"	"hg38"
80.4	1202	"chr20"	"CpG"	"hg38"
80.4	622	"chr21"	"CpG"	"hg38"
80.4	788	"chr22"	"CpG"	"hg38"
80.4	2426	"chr3"	"CpG"	"hg38"
80.4	2428	"chr4"	"CpG"	"hg38"
80.4	2248	"chr5"	"CpG"	"hg38"
80.4	2306	"chr6"	"CpG"	"hg38"
80.4	2390	"chr7"	"CpG"	"hg38"
80.4	2006	"chr8"	"CpG"	"hg38"
80.4	1876	"chr9"	"CpG"	"hg38"
80.4	1790	"chrX"	"CpG"	"hg38"
80.4	256	"chrY"	"CpG"	"hg38"
80.5	3554	"chr1"	"CpG"	"hg38"
80.5	2182	"chr10"	"CpG"	"hg38"
80.5	2008	"chr11"	"CpG"	"hg38"
80.5	1928	"chr12"	"CpG"	"hg38"
80.5	1278	"chr13"	"CpG"	"hg38"
80.5	1204	"chr14"	"CpG"	"hg38"
80.5	1384	"chr15"	"CpG"	"hg38"
80.5	1652	"chr16"	"CpG"	"hg38"
80.5	1486	"chr17"	"CpG"	"hg38"
80.5	1278	"chr18"	"CpG"	"hg38"
80.5	1244	"chr19"	"CpG"	"hg38"
80.5	3494	"chr2"	"CpG"	"hg38"
80.5	1242	"chr20"	"CpG"	"hg38"
80.5	600	"chr21"	"CpG"	"hg38"
80.5	804	"chr22"	"CpG"	"hg38"
80.5	2450	"chr3"	"CpG"	"hg38"
80.5	2432	"chr4"	"CpG"	"hg38"
80.5	2432	"chr5"	"CpG"	"hg38"
80.5	2244	"chr6"	"CpG"	"hg38"
80.5	2462	"chr7"	"CpG"	"hg38"
80.5	1994	"chr8"	"CpG"	"hg38"
80.5	1814	"chr9"	"CpG"	"hg38"
80.5	1760	"chrX"	"CpG"	"hg38"
80.5	244	"chrY"	"CpG"	"hg38"
80.6	3524	"chr1"	"CpG"	"hg38"
80.6	2070	"chr10"	"CpG"	"hg38"
80.6	1984	"chr11"	"CpG"	"hg38"
80.6	1866	"chr12"	"CpG"	"hg38"
80.6	1354	"chr13"	"CpG"	"hg38"
80.6	1192	"chr14"	"CpG"	"hg38"
80.6	1274	"chr15"	"CpG"	"hg38"
80.6	1724	"chr16"	"CpG"	"hg38"
80.6	1534	"chr17"	"CpG"	"hg38"
80.6	1188	"chr18"	"CpG"	"hg38"
80.6	1308	"chr19"	"CpG"	"hg38"
80.6	3376	"chr2"	"CpG"	"hg38"
80.6	1178	"chr20"	"CpG"	"hg38"
80.6	558	"chr21"	"CpG"	"hg38"
80.6	818	"chr22"	"CpG"	"hg38"
80.6	2432	"chr3"	"CpG"	"hg38"
80.6	2392	"chr4"	"CpG"	"hg38"
80.6	2360	"chr5"	"CpG"	"hg38"
80.6	2240	"chr6"	"CpG"	"hg38"
80.6	2460	"chr7"	"CpG"	"hg38"
80.6	2182	"chr8"	"CpG"	"hg38"
80.6	1838	"chr9"	"CpG"	"hg38"
80.6	1766	"chrX"	"CpG"	"hg38"
80.6	228	"chrY"	"CpG"	"hg38"
80.7	3408	"chr1"	"CpG"	"hg38"
80.7	2216	"chr10"	"CpG"	"hg38"
80.7	2070	"chr11"	"CpG"	"hg38"
80.7	1866	"chr12"	"CpG"	"hg38"
80.7	1382	"chr13"	"CpG"	"hg38"
80.7	1356	"chr14"	"CpG"	"hg38"
80.7	1278	"chr15"	"CpG"	"hg38"
80.7	1760	"chr16"	"CpG"	"hg38"
80.7	1390	"chr17"	"CpG"	"hg38"
80.7	1236	"chr18"	"CpG"	"hg38"
80.7	1196	"chr19"	"CpG"	"hg38"
80.7	3320	"chr2"	"CpG"	"hg38"
80.7	1112	"chr20"	"CpG"	"hg38"
80.7	594	"chr21"	"CpG"	"hg38"
80.7	782	"chr22"	"CpG"	"hg38"
80.7	2546	"chr3"	"CpG"	"hg38"
80.7	2406	"chr4"	"CpG"	"hg38"
80.7	2326	"chr5"	"CpG"	"hg38"
80.7	2278	"chr6"	"CpG"	"hg38"
80.7	2482	"chr7"	"CpG"	"hg38"
80.7	2168	"chr8"	"CpG"	"hg38"
80.7	1890	"chr9"	"CpG"	"hg38"
80.7	1760	"chrX"	"CpG"	"hg38"
80.7	274	"chrY"	"CpG"	"hg38"
80.8	3350	"chr1"	"CpG"	"hg38"
80.8	2176	"chr10"	"CpG"	"hg38"
80.8	2062	"chr11"	"CpG"	"hg38"
80.8	1904	"chr12"	"CpG"	"hg38"
80.8	1380	"chr13"	"CpG"	"hg38"
80.8	1244	"chr14"	"CpG"	"hg38"
80.8	1262	"chr15"	"CpG"	"hg38"
80.8	1738	"chr16"	"CpG"	"hg38"
80.8	1590	"chr17"	"CpG"	"hg38"
80.8	1248	"chr18"	"CpG"	"hg38"
80.8	1274	"chr19"	"CpG"	"hg38"
80.8	3380	"chr2"	"CpG"	"hg38"
80.8	1098	"chr20"	"CpG"	"hg38"
80.8	580	"chr21"	"CpG"	"hg38"
80.8	866	"chr22"	"CpG"	"hg38"
80.8	2690	"chr3"	"CpG"	"hg38"
80.8	2648	"chr4"	"CpG"	"hg38"
80.8	2256	"chr5"	"CpG"	"hg38"
80.8	2314	"chr6"	"CpG"	"hg38"
80.8	2476	"chr7"	"CpG"	"hg38"
80.8	2046	"chr8"	"CpG"	"hg38"
80.8	1820	"chr9"	"CpG"	"hg38"
80.8	1698	"chrX"	"CpG"	"hg38"
80.8	314	"chrY"	"CpG"	"hg38"
80.9	3488	"chr1"	"CpG"	"hg38"
80.9	2238	"chr10"	"CpG"	"hg38"
80.9	2024	"chr11"	"CpG"	"hg38"
80.9	1874	"chr12"	"CpG"	"hg38"
80.9	1414	"chr13"	"CpG"	"hg38"
80.9	1266	"chr14"	"CpG"	"hg38"
80.9	1290	"chr15"	"CpG"	"hg38"
80.9	1740	"chr16"	"CpG"	"hg38"
80.9	1436	"chr17"	"CpG"	"hg38"
80.9	1356	"chr18"	"CpG"	"hg38"
80.9	1192	"chr19"	"CpG"	"hg38"
80.9	3314	"chr2"	"CpG"	"hg38"
80.9	1136	"chr20"	"CpG"	"hg38"
80.9	624	"chr21"	"CpG"	"hg38"
80.9	816	"chr22"	"CpG"	"hg38"
80.9	2568	"chr3"	"CpG"	"hg38"
80.9	2398	"chr4"	"CpG"	"hg38"
80.9	2406	"chr5"	"CpG"	"hg38"
80.9	2278	"chr6"	"CpG"	"hg38"
80.9	2420	"chr7"	"CpG"	"hg38"
80.9	2110	"chr8"	"CpG"	"hg38"
80.9	1920	"chr9"	"CpG"	"hg38"
80.9	1694	"chrX"	"CpG"	"hg38"
80.9	252	"chrY"	"CpG"	"hg38"
81	3568	"chr1"	"CpG"	"hg38"
81	2290	"chr10"	"CpG"	"hg38"
81	2114	"chr11"	"CpG"	"hg38"
81	1908	"chr12"	"CpG"	"hg38"
81	1394	"chr13"	"CpG"	"hg38"
81	1266	"chr14"	"CpG"	"hg38"
81	1352	"chr15"	"CpG"	"hg38"
81	1740	"chr16"	"CpG"	"hg38"
81	1598	"chr17"	"CpG"	"hg38"
81	1224	"chr18"	"CpG"	"hg38"
81	1208	"chr19"	"CpG"	"hg38"
81	3476	"chr2"	"CpG"	"hg38"
81	1176	"chr20"	"CpG"	"hg38"
81	656	"chr21"	"CpG"	"hg38"
81	848	"chr22"	"CpG"	"hg38"
81	2696	"chr3"	"CpG"	"hg38"
81	2384	"chr4"	"CpG"	"hg38"
81	2464	"chr5"	"CpG"	"hg38"
81	2232	"chr6"	"CpG"	"hg38"
81	2440	"chr7"	"CpG"	"hg38"
81	2198	"chr8"	"CpG"	"hg38"
81	1824	"chr9"	"CpG"	"hg38"
81	1818	"chrX"	"CpG"	"hg38"
81	292	"chrY"	"CpG"	"hg38"
81.1	3568	"chr1"	"CpG"	"hg38"
81.1	2212	"chr10"	"CpG"	"hg38"
81.1	1972	"chr11"	"CpG"	"hg38"
81.1	1972	"chr12"	"CpG"	"hg38"
81.1	1412	"chr13"	"CpG"	"hg38"
81.1	1296	"chr14"	"CpG"	"hg38"
81.1	1312	"chr15"	"CpG"	"hg38"
81.1	1732	"chr16"	"CpG"	"hg38"
81.1	1472	"chr17"	"CpG"	"hg38"
81.1	1222	"chr18"	"CpG"	"hg38"
81.1	1322	"chr19"	"CpG"	"hg38"
81.1	3278	"chr2"	"CpG"	"hg38"
81.1	1160	"chr20"	"CpG"	"hg38"
81.1	620	"chr21"	"CpG"	"hg38"
81.1	872	"chr22"	"CpG"	"hg38"
81.1	2562	"chr3"	"CpG"	"hg38"
81.1	2536	"chr4"	"CpG"	"hg38"
81.1	2344	"chr5"	"CpG"	"hg38"
81.1	2208	"chr6"	"CpG"	"hg38"
81.1	2492	"chr7"	"CpG"	"hg38"
81.1	2222	"chr8"	"CpG"	"hg38"
81.1	1930	"chr9"	"CpG"	"hg38"
81.1	1898	"chrX"	"CpG"	"hg38"
81.1	242	"chrY"	"CpG"	"hg38"
81.2	3578	"chr1"	"CpG"	"hg38"
81.2	2286	"chr10"	"CpG"	"hg38"
81.2	1994	"chr11"	"CpG"	"hg38"
81.2	2040	"chr12"	"CpG"	"hg38"
81.2	1462	"chr13"	"CpG"	"hg38"
81.2	1226	"chr14"	"CpG"	"hg38"
81.2	1316	"chr15"	"CpG"	"hg38"
81.2	1828	"chr16"	"CpG"	"hg38"
81.2	1506	"chr17"	"CpG"	"hg38"
81.2	1234	"chr18"	"CpG"	"hg38"
81.2	1306	"chr19"	"CpG"	"hg38"
81.2	3582	"chr2"	"CpG"	"hg38"
81.2	1208	"chr20"	"CpG"	"hg38"
81.2	676	"chr21"	"CpG"	"hg38"
81.2	840	"chr22"	"CpG"	"hg38"
81.2	2520	"chr3"	"CpG"	"hg38"
81.2	2504	"chr4"	"CpG"	"hg38"
81.2	2432	"chr5"	"CpG"	"hg38"
81.2	2396	"chr6"	"CpG"	"hg38"
81.2	2544	"chr7"	"CpG"	"hg38"
81.2	2250	"chr8"	"CpG"	"hg38"
81.2	1904	"chr9"	"CpG"	"hg38"
81.2	1802	"chrX"	"CpG"	"hg38"
81.2	292	"chrY"	"CpG"	"hg38"
81.3	3636	"chr1"	"CpG"	"hg38"
81.3	2250	"chr10"	"CpG"	"hg38"
81.3	2138	"chr11"	"CpG"	"hg38"
81.3	1874	"chr12"	"CpG"	"hg38"
81.3	1372	"chr13"	"CpG"	"hg38"
81.3	1308	"chr14"	"CpG"	"hg38"
81.3	1280	"chr15"	"CpG"	"hg38"
81.3	1812	"chr16"	"CpG"	"hg38"
81.3	1698	"chr17"	"CpG"	"hg38"
81.3	1318	"chr18"	"CpG"	"hg38"
81.3	1322	"chr19"	"CpG"	"hg38"
81.3	3448	"chr2"	"CpG"	"hg38"
81.3	1166	"chr20"	"CpG"	"hg38"
81.3	598	"chr21"	"CpG"	"hg38"
81.3	890	"chr22"	"CpG"	"hg38"
81.3	2640	"chr3"	"CpG"	"hg38"
81.3	2408	"chr4"	"CpG"	"hg38"
81.3	2300	"chr5"	"CpG"	"hg38"
81.3	2334	"chr6"	"CpG"	"hg38"
81.3	2512	"chr7"	"CpG"	"hg38"
81.3	2292	"chr8"	"CpG"	"hg38"
81.3	1876	"chr9"	"CpG"	"hg38"
81.3	1886	"chrX"	"CpG"	"hg38"
81.3	240	"chrY"	"CpG"	"hg38"
81.4	3530	"chr1"	"CpG"	"hg38"
81.4	2342	"chr10"	"CpG"	"hg38"
81.4	2082	"chr11"	"CpG"	"hg38"
81.4	2100	"chr12"	"CpG"	"hg38"
81.4	1418	"chr13"	"CpG"	"hg38"
81.4	1332	"chr14"	"CpG"	"hg38"
81.4	1340	"chr15"	"CpG"	"hg38"
81.4	1714	"chr16"	"CpG"	"hg38"
81.4	1610	"chr17"	"CpG"	"hg38"
81.4	1346	"chr18"	"CpG"	"hg38"
81.4	1238	"chr19"	"CpG"	"hg38"
81.4	3430	"chr2"	"CpG"	"hg38"
81.4	1154	"chr20"	"CpG"	"hg38"
81.4	616	"chr21"	"CpG"	"hg38"
81.4	844	"chr22"	"CpG"	"hg38"
81.4	2706	"chr3"	"CpG"	"hg38"
81.4	2466	"chr4"	"CpG"	"hg38"
81.4	2414	"chr5"	"CpG"	"hg38"
81.4	2374	"chr6"	"CpG"	"hg38"
81.4	2684	"chr7"	"CpG"	"hg38"
81.4	2226	"chr8"	"CpG"	"hg38"
81.4	1802	"chr9"	"CpG"	"hg38"
81.4	1904	"chrX"	"CpG"	"hg38"
81.4	278	"chrY"	"CpG"	"hg38"
81.5	3704	"chr1"	"CpG"	"hg38"
81.5	2312	"chr10"	"CpG"	"hg38"
81.5	2242	"chr11"	"CpG"	"hg38"
81.5	2014	"chr12"	"CpG"	"hg38"
81.5	1404	"chr13"	"CpG"	"hg38"
81.5	1222	"chr14"	"CpG"	"hg38"
81.5	1438	"chr15"	"CpG"	"hg38"
81.5	1660	"chr16"	"CpG"	"hg38"
81.5	1562	"chr17"	"CpG"	"hg38"
81.5	1336	"chr18"	"CpG"	"hg38"
81.5	1352	"chr19"	"CpG"	"hg38"
81.5	3490	"chr2"	"CpG"	"hg38"
81.5	1194	"chr20"	"CpG"	"hg38"
81.5	616	"chr21"	"CpG"	"hg38"
81.5	1028	"chr22"	"CpG"	"hg38"
81.5	2666	"chr3"	"CpG"	"hg38"
81.5	2460	"chr4"	"CpG"	"hg38"
81.5	2520	"chr5"	"CpG"	"hg38"
81.5	2350	"chr6"	"CpG"	"hg38"
81.5	2668	"chr7"	"CpG"	"hg38"
81.5	2208	"chr8"	"CpG"	"hg38"
81.5	1870	"chr9"	"CpG"	"hg38"
81.5	1882	"chrX"	"CpG"	"hg38"
81.5	218	"chrY"	"CpG"	"hg38"
81.6	3574	"chr1"	"CpG"	"hg38"
81.6	2338	"chr10"	"CpG"	"hg38"
81.6	2072	"chr11"	"CpG"	"hg38"
81.6	2044	"chr12"	"CpG"	"hg38"
81.6	1464	"chr13"	"CpG"	"hg38"
81.6	1234	"chr14"	"CpG"	"hg38"
81.6	1442	"chr15"	"CpG"	"hg38"
81.6	1824	"chr16"	"CpG"	"hg38"
81.6	1656	"chr17"	"CpG"	"hg38"
81.6	1370	"chr18"	"CpG"	"hg38"
81.6	1330	"chr19"	"CpG"	"hg38"
81.6	3422	"chr2"	"CpG"	"hg38"
81.6	1330	"chr20"	"CpG"	"hg38"
81.6	628	"chr21"	"CpG"	"hg38"
81.6	918	"chr22"	"CpG"	"hg38"
81.6	2692	"chr3"	"CpG"	"hg38"
81.6	2640	"chr4"	"CpG"	"hg38"
81.6	2408	"chr5"	"CpG"	"hg38"
81.6	2374	"chr6"	"CpG"	"hg38"
81.6	2610	"chr7"	"CpG"	"hg38"
81.6	2196	"chr8"	"CpG"	"hg38"
81.6	1962	"chr9"	"CpG"	"hg38"
81.6	1960	"chrX"	"CpG"	"hg38"
81.6	310	"chrY"	"CpG"	"hg38"
81.7	3834	"chr1"	"CpG"	"hg38"
81.7	2286	"chr10"	"CpG"	"hg38"
81.7	2134	"chr11"	"CpG"	"hg38"
81.7	2060	"chr12"	"CpG"	"hg38"
81.7	1476	"chr13"	"CpG"	"hg38"
81.7	1256	"chr14"	"CpG"	"hg38"
81.7	1396	"chr15"	"CpG"	"hg38"
81.7	1652	"chr16"	"CpG"	"hg38"
81.7	1616	"chr17"	"CpG"	"hg38"
81.7	1286	"chr18"	"CpG"	"hg38"
81.7	1392	"chr19"	"CpG"	"hg38"
81.7	3524	"chr2"	"CpG"	"hg38"
81.7	1156	"chr20"	"CpG"	"hg38"
81.7	666	"chr21"	"CpG"	"hg38"
81.7	804	"chr22"	"CpG"	"hg38"
81.7	2700	"chr3"	"CpG"	"hg38"
81.7	2532	"chr4"	"CpG"	"hg38"
81.7	2478	"chr5"	"CpG"	"hg38"
81.7	2310	"chr6"	"CpG"	"hg38"
81.7	2576	"chr7"	"CpG"	"hg38"
81.7	2330	"chr8"	"CpG"	"hg38"
81.7	1974	"chr9"	"CpG"	"hg38"
81.7	1884	"chrX"	"CpG"	"hg38"
81.7	292	"chrY"	"CpG"	"hg38"
81.8	3666	"chr1"	"CpG"	"hg38"
81.8	2278	"chr10"	"CpG"	"hg38"
81.8	2244	"chr11"	"CpG"	"hg38"
81.8	2072	"chr12"	"CpG"	"hg38"
81.8	1472	"chr13"	"CpG"	"hg38"
81.8	1284	"chr14"	"CpG"	"hg38"
81.8	1300	"chr15"	"CpG"	"hg38"
81.8	1870	"chr16"	"CpG"	"hg38"
81.8	1692	"chr17"	"CpG"	"hg38"
81.8	1378	"chr18"	"CpG"	"hg38"
81.8	1444	"chr19"	"CpG"	"hg38"
81.8	3612	"chr2"	"CpG"	"hg38"
81.8	1280	"chr20"	"CpG"	"hg38"
81.8	682	"chr21"	"CpG"	"hg38"
81.8	916	"chr22"	"CpG"	"hg38"
81.8	2694	"chr3"	"CpG"	"hg38"
81.8	2470	"chr4"	"CpG"	"hg38"
81.8	2542	"chr5"	"CpG"	"hg38"
81.8	2402	"chr6"	"CpG"	"hg38"
81.8	2776	"chr7"	"CpG"	"hg38"
81.8	2180	"chr8"	"CpG"	"hg38"
81.8	1970	"chr9"	"CpG"	"hg38"
81.8	1930	"chrX"	"CpG"	"hg38"
81.8	272	"chrY"	"CpG"	"hg38"
81.9	3636	"chr1"	"CpG"	"hg38"
81.9	2450	"chr10"	"CpG"	"hg38"
81.9	2100	"chr11"	"CpG"	"hg38"
81.9	1908	"chr12"	"CpG"	"hg38"
81.9	1424	"chr13"	"CpG"	"hg38"
81.9	1256	"chr14"	"CpG"	"hg38"
81.9	1362	"chr15"	"CpG"	"hg38"
81.9	1806	"chr16"	"CpG"	"hg38"
81.9	1736	"chr17"	"CpG"	"hg38"
81.9	1368	"chr18"	"CpG"	"hg38"
81.9	1296	"chr19"	"CpG"	"hg38"
81.9	3610	"chr2"	"CpG"	"hg38"
81.9	1238	"chr20"	"CpG"	"hg38"
81.9	638	"chr21"	"CpG"	"hg38"
81.9	916	"chr22"	"CpG"	"hg38"
81.9	2792	"chr3"	"CpG"	"hg38"
81.9	2542	"chr4"	"CpG"	"hg38"
81.9	2458	"chr5"	"CpG"	"hg38"
81.9	2436	"chr6"	"CpG"	"hg38"
81.9	2672	"chr7"	"CpG"	"hg38"
81.9	2344	"chr8"	"CpG"	"hg38"
81.9	2062	"chr9"	"CpG"	"hg38"
81.9	1928	"chrX"	"CpG"	"hg38"
81.9	270	"chrY"	"CpG"	"hg38"
82	3702	"chr1"	"CpG"	"hg38"
82	2402	"chr10"	"CpG"	"hg38"
82	2242	"chr11"	"CpG"	"hg38"
82	2076	"chr12"	"CpG"	"hg38"
82	1404	"chr13"	"CpG"	"hg38"
82	1374	"chr14"	"CpG"	"hg38"
82	1482	"chr15"	"CpG"	"hg38"
82	1870	"chr16"	"CpG"	"hg38"
82	1624	"chr17"	"CpG"	"hg38"
82	1332	"chr18"	"CpG"	"hg38"
82	1230	"chr19"	"CpG"	"hg38"
82	3534	"chr2"	"CpG"	"hg38"
82	1242	"chr20"	"CpG"	"hg38"
82	646	"chr21"	"CpG"	"hg38"
82	936	"chr22"	"CpG"	"hg38"
82	2800	"chr3"	"CpG"	"hg38"
82	2632	"chr4"	"CpG"	"hg38"
82	2528	"chr5"	"CpG"	"hg38"
82	2430	"chr6"	"CpG"	"hg38"
82	2786	"chr7"	"CpG"	"hg38"
82	2300	"chr8"	"CpG"	"hg38"
82	1940	"chr9"	"CpG"	"hg38"
82	1874	"chrX"	"CpG"	"hg38"
82	286	"chrY"	"CpG"	"hg38"
82.1	3736	"chr1"	"CpG"	"hg38"
82.1	2306	"chr10"	"CpG"	"hg38"
82.1	2096	"chr11"	"CpG"	"hg38"
82.1	2106	"chr12"	"CpG"	"hg38"
82.1	1468	"chr13"	"CpG"	"hg38"
82.1	1314	"chr14"	"CpG"	"hg38"
82.1	1410	"chr15"	"CpG"	"hg38"
82.1	1946	"chr16"	"CpG"	"hg38"
82.1	1654	"chr17"	"CpG"	"hg38"
82.1	1368	"chr18"	"CpG"	"hg38"
82.1	1308	"chr19"	"CpG"	"hg38"
82.1	3594	"chr2"	"CpG"	"hg38"
82.1	1286	"chr20"	"CpG"	"hg38"
82.1	634	"chr21"	"CpG"	"hg38"
82.1	946	"chr22"	"CpG"	"hg38"
82.1	2762	"chr3"	"CpG"	"hg38"
82.1	2616	"chr4"	"CpG"	"hg38"
82.1	2530	"chr5"	"CpG"	"hg38"
82.1	2404	"chr6"	"CpG"	"hg38"
82.1	2614	"chr7"	"CpG"	"hg38"
82.1	2180	"chr8"	"CpG"	"hg38"
82.1	2036	"chr9"	"CpG"	"hg38"
82.1	1864	"chrX"	"CpG"	"hg38"
82.1	304	"chrY"	"CpG"	"hg38"
82.2	3810	"chr1"	"CpG"	"hg38"
82.2	2554	"chr10"	"CpG"	"hg38"
82.2	2312	"chr11"	"CpG"	"hg38"
82.2	2248	"chr12"	"CpG"	"hg38"
82.2	1362	"chr13"	"CpG"	"hg38"
82.2	1434	"chr14"	"CpG"	"hg38"
82.2	1504	"chr15"	"CpG"	"hg38"
82.2	1838	"chr16"	"CpG"	"hg38"
82.2	1634	"chr17"	"CpG"	"hg38"
82.2	1338	"chr18"	"CpG"	"hg38"
82.2	1364	"chr19"	"CpG"	"hg38"
82.2	3624	"chr2"	"CpG"	"hg38"
82.2	1234	"chr20"	"CpG"	"hg38"
82.2	612	"chr21"	"CpG"	"hg38"
82.2	928	"chr22"	"CpG"	"hg38"
82.2	2970	"chr3"	"CpG"	"hg38"
82.2	2666	"chr4"	"CpG"	"hg38"
82.2	2540	"chr5"	"CpG"	"hg38"
82.2	2456	"chr6"	"CpG"	"hg38"
82.2	2756	"chr7"	"CpG"	"hg38"
82.2	2282	"chr8"	"CpG"	"hg38"
82.2	2066	"chr9"	"CpG"	"hg38"
82.2	1996	"chrX"	"CpG"	"hg38"
82.2	314	"chrY"	"CpG"	"hg38"
82.3	3738	"chr1"	"CpG"	"hg38"
82.3	2400	"chr10"	"CpG"	"hg38"
82.3	2262	"chr11"	"CpG"	"hg38"
82.3	2170	"chr12"	"CpG"	"hg38"
82.3	1484	"chr13"	"CpG"	"hg38"
82.3	1280	"chr14"	"CpG"	"hg38"
82.3	1328	"chr15"	"CpG"	"hg38"
82.3	1720	"chr16"	"CpG"	"hg38"
82.3	1742	"chr17"	"CpG"	"hg38"
82.3	1362	"chr18"	"CpG"	"hg38"
82.3	1378	"chr19"	"CpG"	"hg38"
82.3	3598	"chr2"	"CpG"	"hg38"
82.3	1252	"chr20"	"CpG"	"hg38"
82.3	604	"chr21"	"CpG"	"hg38"
82.3	1010	"chr22"	"CpG"	"hg38"
82.3	2834	"chr3"	"CpG"	"hg38"
82.3	2710	"chr4"	"CpG"	"hg38"
82.3	2686	"chr5"	"CpG"	"hg38"
82.3	2568	"chr6"	"CpG"	"hg38"
82.3	2658	"chr7"	"CpG"	"hg38"
82.3	2284	"chr8"	"CpG"	"hg38"
82.3	1890	"chr9"	"CpG"	"hg38"
82.3	1878	"chrX"	"CpG"	"hg38"
82.3	278	"chrY"	"CpG"	"hg38"
82.4	3834	"chr1"	"CpG"	"hg38"
82.4	2468	"chr10"	"CpG"	"hg38"
82.4	2118	"chr11"	"CpG"	"hg38"
82.4	2158	"chr12"	"CpG"	"hg38"
82.4	1574	"chr13"	"CpG"	"hg38"
82.4	1420	"chr14"	"CpG"	"hg38"
82.4	1358	"chr15"	"CpG"	"hg38"
82.4	1924	"chr16"	"CpG"	"hg38"
82.4	1698	"chr17"	"CpG"	"hg38"
82.4	1406	"chr18"	"CpG"	"hg38"
82.4	1380	"chr19"	"CpG"	"hg38"
82.4	3554	"chr2"	"CpG"	"hg38"
82.4	1382	"chr20"	"CpG"	"hg38"
82.4	738	"chr21"	"CpG"	"hg38"
82.4	820	"chr22"	"CpG"	"hg38"
82.4	2820	"chr3"	"CpG"	"hg38"
82.4	2864	"chr4"	"CpG"	"hg38"
82.4	2496	"chr5"	"CpG"	"hg38"
82.4	2518	"chr6"	"CpG"	"hg38"
82.4	2788	"chr7"	"CpG"	"hg38"
82.4	2440	"chr8"	"CpG"	"hg38"
82.4	2054	"chr9"	"CpG"	"hg38"
82.4	2034	"chrX"	"CpG"	"hg38"
82.4	316	"chrY"	"CpG"	"hg38"
82.5	3964	"chr1"	"CpG"	"hg38"
82.5	2398	"chr10"	"CpG"	"hg38"
82.5	2230	"chr11"	"CpG"	"hg38"
82.5	2076	"chr12"	"CpG"	"hg38"
82.5	1592	"chr13"	"CpG"	"hg38"
82.5	1460	"chr14"	"CpG"	"hg38"
82.5	1440	"chr15"	"CpG"	"hg38"
82.5	1840	"chr16"	"CpG"	"hg38"
82.5	1720	"chr17"	"CpG"	"hg38"
82.5	1514	"chr18"	"CpG"	"hg38"
82.5	1532	"chr19"	"CpG"	"hg38"
82.5	3856	"chr2"	"CpG"	"hg38"
82.5	1274	"chr20"	"CpG"	"hg38"
82.5	760	"chr21"	"CpG"	"hg38"
82.5	952	"chr22"	"CpG"	"hg38"
82.5	2850	"chr3"	"CpG"	"hg38"
82.5	2630	"chr4"	"CpG"	"hg38"
82.5	2552	"chr5"	"CpG"	"hg38"
82.5	2484	"chr6"	"CpG"	"hg38"
82.5	2668	"chr7"	"CpG"	"hg38"
82.5	2416	"chr8"	"CpG"	"hg38"
82.5	2084	"chr9"	"CpG"	"hg38"
82.5	2034	"chrX"	"CpG"	"hg38"
82.5	256	"chrY"	"CpG"	"hg38"
82.6	3944	"chr1"	"CpG"	"hg38"
82.6	2374	"chr10"	"CpG"	"hg38"
82.6	2272	"chr11"	"CpG"	"hg38"
82.6	2152	"chr12"	"CpG"	"hg38"
82.6	1666	"chr13"	"CpG"	"hg38"
82.6	1368	"chr14"	"CpG"	"hg38"
82.6	1438	"chr15"	"CpG"	"hg38"
82.6	1948	"chr16"	"CpG"	"hg38"
82.6	1654	"chr17"	"CpG"	"hg38"
82.6	1502	"chr18"	"CpG"	"hg38"
82.6	1522	"chr19"	"CpG"	"hg38"
82.6	3686	"chr2"	"CpG"	"hg38"
82.6	1258	"chr20"	"CpG"	"hg38"
82.6	692	"chr21"	"CpG"	"hg38"
82.6	1050	"chr22"	"CpG"	"hg38"
82.6	2796	"chr3"	"CpG"	"hg38"
82.6	2720	"chr4"	"CpG"	"hg38"
82.6	2614	"chr5"	"CpG"	"hg38"
82.6	2526	"chr6"	"CpG"	"hg38"
82.6	2826	"chr7"	"CpG"	"hg38"
82.6	2438	"chr8"	"CpG"	"hg38"
82.6	2080	"chr9"	"CpG"	"hg38"
82.6	1992	"chrX"	"CpG"	"hg38"
82.6	276	"chrY"	"CpG"	"hg38"
82.7	3990	"chr1"	"CpG"	"hg38"
82.7	2432	"chr10"	"CpG"	"hg38"
82.7	2218	"chr11"	"CpG"	"hg38"
82.7	2322	"chr12"	"CpG"	"hg38"
82.7	1502	"chr13"	"CpG"	"hg38"
82.7	1444	"chr14"	"CpG"	"hg38"
82.7	1554	"chr15"	"CpG"	"hg38"
82.7	1894	"chr16"	"CpG"	"hg38"
82.7	1666	"chr17"	"CpG"	"hg38"
82.7	1418	"chr18"	"CpG"	"hg38"
82.7	1556	"chr19"	"CpG"	"hg38"
82.7	3762	"chr2"	"CpG"	"hg38"
82.7	1294	"chr20"	"CpG"	"hg38"
82.7	696	"chr21"	"CpG"	"hg38"
82.7	912	"chr22"	"CpG"	"hg38"
82.7	2854	"chr3"	"CpG"	"hg38"
82.7	2594	"chr4"	"CpG"	"hg38"
82.7	2714	"chr5"	"CpG"	"hg38"
82.7	2476	"chr6"	"CpG"	"hg38"
82.7	2866	"chr7"	"CpG"	"hg38"
82.7	2312	"chr8"	"CpG"	"hg38"
82.7	2026	"chr9"	"CpG"	"hg38"
82.7	1908	"chrX"	"CpG"	"hg38"
82.7	264	"chrY"	"CpG"	"hg38"
82.8	4034	"chr1"	"CpG"	"hg38"
82.8	2424	"chr10"	"CpG"	"hg38"
82.8	2238	"chr11"	"CpG"	"hg38"
82.8	2256	"chr12"	"CpG"	"hg38"
82.8	1552	"chr13"	"CpG"	"hg38"
82.8	1358	"chr14"	"CpG"	"hg38"
82.8	1536	"chr15"	"CpG"	"hg38"
82.8	2082	"chr16"	"CpG"	"hg38"
82.8	1760	"chr17"	"CpG"	"hg38"
82.8	1406	"chr18"	"CpG"	"hg38"
82.8	1504	"chr19"	"CpG"	"hg38"
82.8	3902	"chr2"	"CpG"	"hg38"
82.8	1364	"chr20"	"CpG"	"hg38"
82.8	732	"chr21"	"CpG"	"hg38"
82.8	976	"chr22"	"CpG"	"hg38"
82.8	3038	"chr3"	"CpG"	"hg38"
82.8	2756	"chr4"	"CpG"	"hg38"
82.8	2542	"chr5"	"CpG"	"hg38"
82.8	2688	"chr6"	"CpG"	"hg38"
82.8	2760	"chr7"	"CpG"	"hg38"
82.8	2382	"chr8"	"CpG"	"hg38"
82.8	2116	"chr9"	"CpG"	"hg38"
82.8	2018	"chrX"	"CpG"	"hg38"
82.8	326	"chrY"	"CpG"	"hg38"
82.9	3946	"chr1"	"CpG"	"hg38"
82.9	2612	"chr10"	"CpG"	"hg38"
82.9	2324	"chr11"	"CpG"	"hg38"
82.9	2238	"chr12"	"CpG"	"hg38"
82.9	1632	"chr13"	"CpG"	"hg38"
82.9	1478	"chr14"	"CpG"	"hg38"
82.9	1534	"chr15"	"CpG"	"hg38"
82.9	1904	"chr16"	"CpG"	"hg38"
82.9	1802	"chr17"	"CpG"	"hg38"
82.9	1370	"chr18"	"CpG"	"hg38"
82.9	1530	"chr19"	"CpG"	"hg38"
82.9	3758	"chr2"	"CpG"	"hg38"
82.9	1302	"chr20"	"CpG"	"hg38"
82.9	724	"chr21"	"CpG"	"hg38"
82.9	1014	"chr22"	"CpG"	"hg38"
82.9	2942	"chr3"	"CpG"	"hg38"
82.9	2734	"chr4"	"CpG"	"hg38"
82.9	2708	"chr5"	"CpG"	"hg38"
82.9	2622	"chr6"	"CpG"	"hg38"
82.9	2816	"chr7"	"CpG"	"hg38"
82.9	2380	"chr8"	"CpG"	"hg38"
82.9	2058	"chr9"	"CpG"	"hg38"
82.9	1998	"chrX"	"CpG"	"hg38"
82.9	310	"chrY"	"CpG"	"hg38"
83	4248	"chr1"	"CpG"	"hg38"
83	2642	"chr10"	"CpG"	"hg38"
83	2396	"chr11"	"CpG"	"hg38"
83	2418	"chr12"	"CpG"	"hg38"
83	1686	"chr13"	"CpG"	"hg38"
83	1412	"chr14"	"CpG"	"hg38"
83	1506	"chr15"	"CpG"	"hg38"
83	1878	"chr16"	"CpG"	"hg38"
83	1786	"chr17"	"CpG"	"hg38"
83	1438	"chr18"	"CpG"	"hg38"
83	1456	"chr19"	"CpG"	"hg38"
83	3748	"chr2"	"CpG"	"hg38"
83	1290	"chr20"	"CpG"	"hg38"
83	722	"chr21"	"CpG"	"hg38"
83	1018	"chr22"	"CpG"	"hg38"
83	3064	"chr3"	"CpG"	"hg38"
83	2760	"chr4"	"CpG"	"hg38"
83	2628	"chr5"	"CpG"	"hg38"
83	2686	"chr6"	"CpG"	"hg38"
83	2888	"chr7"	"CpG"	"hg38"
83	2418	"chr8"	"CpG"	"hg38"
83	2116	"chr9"	"CpG"	"hg38"
83	2008	"chrX"	"CpG"	"hg38"
83	304	"chrY"	"CpG"	"hg38"
83.1	4026	"chr1"	"CpG"	"hg38"
83.1	2532	"chr10"	"CpG"	"hg38"
83.1	2300	"chr11"	"CpG"	"hg38"
83.1	2286	"chr12"	"CpG"	"hg38"
83.1	1488	"chr13"	"CpG"	"hg38"
83.1	1374	"chr14"	"CpG"	"hg38"
83.1	1506	"chr15"	"CpG"	"hg38"
83.1	1952	"chr16"	"CpG"	"hg38"
83.1	1890	"chr17"	"CpG"	"hg38"
83.1	1450	"chr18"	"CpG"	"hg38"
83.1	1432	"chr19"	"CpG"	"hg38"
83.1	3820	"chr2"	"CpG"	"hg38"
83.1	1254	"chr20"	"CpG"	"hg38"
83.1	748	"chr21"	"CpG"	"hg38"
83.1	968	"chr22"	"CpG"	"hg38"
83.1	3156	"chr3"	"CpG"	"hg38"
83.1	2634	"chr4"	"CpG"	"hg38"
83.1	2838	"chr5"	"CpG"	"hg38"
83.1	2558	"chr6"	"CpG"	"hg38"
83.1	2966	"chr7"	"CpG"	"hg38"
83.1	2394	"chr8"	"CpG"	"hg38"
83.1	2076	"chr9"	"CpG"	"hg38"
83.1	2028	"chrX"	"CpG"	"hg38"
83.1	292	"chrY"	"CpG"	"hg38"
83.2	4184	"chr1"	"CpG"	"hg38"
83.2	2410	"chr10"	"CpG"	"hg38"
83.2	2384	"chr11"	"CpG"	"hg38"
83.2	2276	"chr12"	"CpG"	"hg38"
83.2	1564	"chr13"	"CpG"	"hg38"
83.2	1486	"chr14"	"CpG"	"hg38"
83.2	1500	"chr15"	"CpG"	"hg38"
83.2	1992	"chr16"	"CpG"	"hg38"
83.2	1842	"chr17"	"CpG"	"hg38"
83.2	1488	"chr18"	"CpG"	"hg38"
83.2	1550	"chr19"	"CpG"	"hg38"
83.2	3852	"chr2"	"CpG"	"hg38"
83.2	1294	"chr20"	"CpG"	"hg38"
83.2	742	"chr21"	"CpG"	"hg38"
83.2	1042	"chr22"	"CpG"	"hg38"
83.2	3016	"chr3"	"CpG"	"hg38"
83.2	2742	"chr4"	"CpG"	"hg38"
83.2	2736	"chr5"	"CpG"	"hg38"
83.2	2650	"chr6"	"CpG"	"hg38"
83.2	2912	"chr7"	"CpG"	"hg38"
83.2	2454	"chr8"	"CpG"	"hg38"
83.2	2212	"chr9"	"CpG"	"hg38"
83.2	2110	"chrX"	"CpG"	"hg38"
83.2	276	"chrY"	"CpG"	"hg38"
83.3	4144	"chr1"	"CpG"	"hg38"
83.3	2538	"chr10"	"CpG"	"hg38"
83.3	2362	"chr11"	"CpG"	"hg38"
83.3	2310	"chr12"	"CpG"	"hg38"
83.3	1526	"chr13"	"CpG"	"hg38"
83.3	1560	"chr14"	"CpG"	"hg38"
83.3	1540	"chr15"	"CpG"	"hg38"
83.3	2000	"chr16"	"CpG"	"hg38"
83.3	1914	"chr17"	"CpG"	"hg38"
83.3	1466	"chr18"	"CpG"	"hg38"
83.3	1482	"chr19"	"CpG"	"hg38"
83.3	3950	"chr2"	"CpG"	"hg38"
83.3	1362	"chr20"	"CpG"	"hg38"
83.3	692	"chr21"	"CpG"	"hg38"
83.3	1048	"chr22"	"CpG"	"hg38"
83.3	3102	"chr3"	"CpG"	"hg38"
83.3	2874	"chr4"	"CpG"	"hg38"
83.3	2758	"chr5"	"CpG"	"hg38"
83.3	2764	"chr6"	"CpG"	"hg38"
83.3	2972	"chr7"	"CpG"	"hg38"
83.3	2430	"chr8"	"CpG"	"hg38"
83.3	2100	"chr9"	"CpG"	"hg38"
83.3	1988	"chrX"	"CpG"	"hg38"
83.3	270	"chrY"	"CpG"	"hg38"
83.4	4104	"chr1"	"CpG"	"hg38"
83.4	2610	"chr10"	"CpG"	"hg38"
83.4	2434	"chr11"	"CpG"	"hg38"
83.4	2246	"chr12"	"CpG"	"hg38"
83.4	1608	"chr13"	"CpG"	"hg38"
83.4	1390	"chr14"	"CpG"	"hg38"
83.4	1534	"chr15"	"CpG"	"hg38"
83.4	1942	"chr16"	"CpG"	"hg38"
83.4	1982	"chr17"	"CpG"	"hg38"
83.4	1422	"chr18"	"CpG"	"hg38"
83.4	1496	"chr19"	"CpG"	"hg38"
83.4	4088	"chr2"	"CpG"	"hg38"
83.4	1416	"chr20"	"CpG"	"hg38"
83.4	736	"chr21"	"CpG"	"hg38"
83.4	1034	"chr22"	"CpG"	"hg38"
83.4	3130	"chr3"	"CpG"	"hg38"
83.4	2744	"chr4"	"CpG"	"hg38"
83.4	2768	"chr5"	"CpG"	"hg38"
83.4	2728	"chr6"	"CpG"	"hg38"
83.4	2992	"chr7"	"CpG"	"hg38"
83.4	2624	"chr8"	"CpG"	"hg38"
83.4	2180	"chr9"	"CpG"	"hg38"
83.4	2138	"chrX"	"CpG"	"hg38"
83.4	308	"chrY"	"CpG"	"hg38"
83.5	4192	"chr1"	"CpG"	"hg38"
83.5	2644	"chr10"	"CpG"	"hg38"
83.5	2360	"chr11"	"CpG"	"hg38"
83.5	2238	"chr12"	"CpG"	"hg38"
83.5	1572	"chr13"	"CpG"	"hg38"
83.5	1412	"chr14"	"CpG"	"hg38"
83.5	1512	"chr15"	"CpG"	"hg38"
83.5	1936	"chr16"	"CpG"	"hg38"
83.5	1864	"chr17"	"CpG"	"hg38"
83.5	1412	"chr18"	"CpG"	"hg38"
83.5	1482	"chr19"	"CpG"	"hg38"
83.5	4100	"chr2"	"CpG"	"hg38"
83.5	1272	"chr20"	"CpG"	"hg38"
83.5	714	"chr21"	"CpG"	"hg38"
83.5	1008	"chr22"	"CpG"	"hg38"
83.5	3132	"chr3"	"CpG"	"hg38"
83.5	2916	"chr4"	"CpG"	"hg38"
83.5	2922	"chr5"	"CpG"	"hg38"
83.5	2590	"chr6"	"CpG"	"hg38"
83.5	2958	"chr7"	"CpG"	"hg38"
83.5	2542	"chr8"	"CpG"	"hg38"
83.5	2222	"chr9"	"CpG"	"hg38"
83.5	2150	"chrX"	"CpG"	"hg38"
83.5	276	"chrY"	"CpG"	"hg38"
83.6	4116	"chr1"	"CpG"	"hg38"
83.6	2602	"chr10"	"CpG"	"hg38"
83.6	2374	"chr11"	"CpG"	"hg38"
83.6	2222	"chr12"	"CpG"	"hg38"
83.6	1760	"chr13"	"CpG"	"hg38"
83.6	1394	"chr14"	"CpG"	"hg38"
83.6	1644	"chr15"	"CpG"	"hg38"
83.6	1978	"chr16"	"CpG"	"hg38"
83.6	1920	"chr17"	"CpG"	"hg38"
83.6	1536	"chr18"	"CpG"	"hg38"
83.6	1540	"chr19"	"CpG"	"hg38"
83.6	3962	"chr2"	"CpG"	"hg38"
83.6	1452	"chr20"	"CpG"	"hg38"
83.6	702	"chr21"	"CpG"	"hg38"
83.6	1020	"chr22"	"CpG"	"hg38"
83.6	3136	"chr3"	"CpG"	"hg38"
83.6	2868	"chr4"	"CpG"	"hg38"
83.6	2786	"chr5"	"CpG"	"hg38"
83.6	2662	"chr6"	"CpG"	"hg38"
83.6	3058	"chr7"	"CpG"	"hg38"
83.6	2652	"chr8"	"CpG"	"hg38"
83.6	2182	"chr9"	"CpG"	"hg38"
83.6	2090	"chrX"	"CpG"	"hg38"
83.6	314	"chrY"	"CpG"	"hg38"
83.7	4252	"chr1"	"CpG"	"hg38"
83.7	2682	"chr10"	"CpG"	"hg38"
83.7	2398	"chr11"	"CpG"	"hg38"
83.7	2326	"chr12"	"CpG"	"hg38"
83.7	1738	"chr13"	"CpG"	"hg38"
83.7	1458	"chr14"	"CpG"	"hg38"
83.7	1586	"chr15"	"CpG"	"hg38"
83.7	2052	"chr16"	"CpG"	"hg38"
83.7	1900	"chr17"	"CpG"	"hg38"
83.7	1446	"chr18"	"CpG"	"hg38"
83.7	1554	"chr19"	"CpG"	"hg38"
83.7	3874	"chr2"	"CpG"	"hg38"
83.7	1302	"chr20"	"CpG"	"hg38"
83.7	764	"chr21"	"CpG"	"hg38"
83.7	994	"chr22"	"CpG"	"hg38"
83.7	3076	"chr3"	"CpG"	"hg38"
83.7	2898	"chr4"	"CpG"	"hg38"
83.7	2728	"chr5"	"CpG"	"hg38"
83.7	2660	"chr6"	"CpG"	"hg38"
83.7	3060	"chr7"	"CpG"	"hg38"
83.7	2514	"chr8"	"CpG"	"hg38"
83.7	2330	"chr9"	"CpG"	"hg38"
83.7	2118	"chrX"	"CpG"	"hg38"
83.7	312	"chrY"	"CpG"	"hg38"
83.8	4258	"chr1"	"CpG"	"hg38"
83.8	2704	"chr10"	"CpG"	"hg38"
83.8	2522	"chr11"	"CpG"	"hg38"
83.8	2408	"chr12"	"CpG"	"hg38"
83.8	1646	"chr13"	"CpG"	"hg38"
83.8	1498	"chr14"	"CpG"	"hg38"
83.8	1576	"chr15"	"CpG"	"hg38"
83.8	2102	"chr16"	"CpG"	"hg38"
83.8	1886	"chr17"	"CpG"	"hg38"
83.8	1548	"chr18"	"CpG"	"hg38"
83.8	1652	"chr19"	"CpG"	"hg38"
83.8	4196	"chr2"	"CpG"	"hg38"
83.8	1534	"chr20"	"CpG"	"hg38"
83.8	752	"chr21"	"CpG"	"hg38"
83.8	1120	"chr22"	"CpG"	"hg38"
83.8	3104	"chr3"	"CpG"	"hg38"
83.8	2870	"chr4"	"CpG"	"hg38"
83.8	2888	"chr5"	"CpG"	"hg38"
83.8	2724	"chr6"	"CpG"	"hg38"
83.8	2916	"chr7"	"CpG"	"hg38"
83.8	2630	"chr8"	"CpG"	"hg38"
83.8	2234	"chr9"	"CpG"	"hg38"
83.8	2148	"chrX"	"CpG"	"hg38"
83.8	306	"chrY"	"CpG"	"hg38"
83.9	4210	"chr1"	"CpG"	"hg38"
83.9	2710	"chr10"	"CpG"	"hg38"
83.9	2358	"chr11"	"CpG"	"hg38"
83.9	2472	"chr12"	"CpG"	"hg38"
83.9	1688	"chr13"	"CpG"	"hg38"
83.9	1484	"chr14"	"CpG"	"hg38"
83.9	1538	"chr15"	"CpG"	"hg38"
83.9	2086	"chr16"	"CpG"	"hg38"
83.9	2000	"chr17"	"CpG"	"hg38"
83.9	1464	"chr18"	"CpG"	"hg38"
83.9	1526	"chr19"	"CpG"	"hg38"
83.9	3910	"chr2"	"CpG"	"hg38"
83.9	1500	"chr20"	"CpG"	"hg38"
83.9	742	"chr21"	"CpG"	"hg38"
83.9	1004	"chr22"	"CpG"	"hg38"
83.9	3032	"chr3"	"CpG"	"hg38"
83.9	3032	"chr4"	"CpG"	"hg38"
83.9	2990	"chr5"	"CpG"	"hg38"
83.9	2774	"chr6"	"CpG"	"hg38"
83.9	3090	"chr7"	"CpG"	"hg38"
83.9	2554	"chr8"	"CpG"	"hg38"
83.9	2202	"chr9"	"CpG"	"hg38"
83.9	2062	"chrX"	"CpG"	"hg38"
83.9	270	"chrY"	"CpG"	"hg38"
84	4092	"chr1"	"CpG"	"hg38"
84	2686	"chr10"	"CpG"	"hg38"
84	2540	"chr11"	"CpG"	"hg38"
84	2436	"chr12"	"CpG"	"hg38"
84	1718	"chr13"	"CpG"	"hg38"
84	1554	"chr14"	"CpG"	"hg38"
84	1664	"chr15"	"CpG"	"hg38"
84	2086	"chr16"	"CpG"	"hg38"
84	1970	"chr17"	"CpG"	"hg38"
84	1578	"chr18"	"CpG"	"hg38"
84	1612	"chr19"	"CpG"	"hg38"
84	4346	"chr2"	"CpG"	"hg38"
84	1426	"chr20"	"CpG"	"hg38"
84	782	"chr21"	"CpG"	"hg38"
84	1034	"chr22"	"CpG"	"hg38"
84	3158	"chr3"	"CpG"	"hg38"
84	2972	"chr4"	"CpG"	"hg38"
84	2708	"chr5"	"CpG"	"hg38"
84	2736	"chr6"	"CpG"	"hg38"
84	3100	"chr7"	"CpG"	"hg38"
84	2420	"chr8"	"CpG"	"hg38"
84	2432	"chr9"	"CpG"	"hg38"
84	2052	"chrX"	"CpG"	"hg38"
84	278	"chrY"	"CpG"	"hg38"
84.1	4246	"chr1"	"CpG"	"hg38"
84.1	2752	"chr10"	"CpG"	"hg38"
84.1	2462	"chr11"	"CpG"	"hg38"
84.1	2536	"chr12"	"CpG"	"hg38"
84.1	1716	"chr13"	"CpG"	"hg38"
84.1	1506	"chr14"	"CpG"	"hg38"
84.1	1612	"chr15"	"CpG"	"hg38"
84.1	2044	"chr16"	"CpG"	"hg38"
84.1	2010	"chr17"	"CpG"	"hg38"
84.1	1478	"chr18"	"CpG"	"hg38"
84.1	1604	"chr19"	"CpG"	"hg38"
84.1	4352	"chr2"	"CpG"	"hg38"
84.1	1480	"chr20"	"CpG"	"hg38"
84.1	776	"chr21"	"CpG"	"hg38"
84.1	1148	"chr22"	"CpG"	"hg38"
84.1	3382	"chr3"	"CpG"	"hg38"
84.1	2938	"chr4"	"CpG"	"hg38"
84.1	2910	"chr5"	"CpG"	"hg38"
84.1	2758	"chr6"	"CpG"	"hg38"
84.1	3038	"chr7"	"CpG"	"hg38"
84.1	2482	"chr8"	"CpG"	"hg38"
84.1	2324	"chr9"	"CpG"	"hg38"
84.1	2132	"chrX"	"CpG"	"hg38"
84.1	318	"chrY"	"CpG"	"hg38"
84.2	4332	"chr1"	"CpG"	"hg38"
84.2	2672	"chr10"	"CpG"	"hg38"
84.2	2572	"chr11"	"CpG"	"hg38"
84.2	2444	"chr12"	"CpG"	"hg38"
84.2	1588	"chr13"	"CpG"	"hg38"
84.2	1596	"chr14"	"CpG"	"hg38"
84.2	1710	"chr15"	"CpG"	"hg38"
84.2	2124	"chr16"	"CpG"	"hg38"
84.2	1970	"chr17"	"CpG"	"hg38"
84.2	1572	"chr18"	"CpG"	"hg38"
84.2	1650	"chr19"	"CpG"	"hg38"
84.2	4150	"chr2"	"CpG"	"hg38"
84.2	1416	"chr20"	"CpG"	"hg38"
84.2	754	"chr21"	"CpG"	"hg38"
84.2	1056	"chr22"	"CpG"	"hg38"
84.2	3360	"chr3"	"CpG"	"hg38"
84.2	2870	"chr4"	"CpG"	"hg38"
84.2	2970	"chr5"	"CpG"	"hg38"
84.2	2868	"chr6"	"CpG"	"hg38"
84.2	2960	"chr7"	"CpG"	"hg38"
84.2	2712	"chr8"	"CpG"	"hg38"
84.2	2224	"chr9"	"CpG"	"hg38"
84.2	2032	"chrX"	"CpG"	"hg38"
84.2	298	"chrY"	"CpG"	"hg38"
84.3	4368	"chr1"	"CpG"	"hg38"
84.3	2702	"chr10"	"CpG"	"hg38"
84.3	2512	"chr11"	"CpG"	"hg38"
84.3	2428	"chr12"	"CpG"	"hg38"
84.3	1766	"chr13"	"CpG"	"hg38"
84.3	1476	"chr14"	"CpG"	"hg38"
84.3	1556	"chr15"	"CpG"	"hg38"
84.3	2038	"chr16"	"CpG"	"hg38"
84.3	2010	"chr17"	"CpG"	"hg38"
84.3	1614	"chr18"	"CpG"	"hg38"
84.3	1744	"chr19"	"CpG"	"hg38"
84.3	4306	"chr2"	"CpG"	"hg38"
84.3	1490	"chr20"	"CpG"	"hg38"
84.3	846	"chr21"	"CpG"	"hg38"
84.3	1148	"chr22"	"CpG"	"hg38"
84.3	3202	"chr3"	"CpG"	"hg38"
84.3	3100	"chr4"	"CpG"	"hg38"
84.3	2970	"chr5"	"CpG"	"hg38"
84.3	2894	"chr6"	"CpG"	"hg38"
84.3	3136	"chr7"	"CpG"	"hg38"
84.3	2668	"chr8"	"CpG"	"hg38"
84.3	2284	"chr9"	"CpG"	"hg38"
84.3	2168	"chrX"	"CpG"	"hg38"
84.3	262	"chrY"	"CpG"	"hg38"
84.4	4432	"chr1"	"CpG"	"hg38"
84.4	2838	"chr10"	"CpG"	"hg38"
84.4	2598	"chr11"	"CpG"	"hg38"
84.4	2548	"chr12"	"CpG"	"hg38"
84.4	1758	"chr13"	"CpG"	"hg38"
84.4	1632	"chr14"	"CpG"	"hg38"
84.4	1706	"chr15"	"CpG"	"hg38"
84.4	2214	"chr16"	"CpG"	"hg38"
84.4	2106	"chr17"	"CpG"	"hg38"
84.4	1548	"chr18"	"CpG"	"hg38"
84.4	1636	"chr19"	"CpG"	"hg38"
84.4	4242	"chr2"	"CpG"	"hg38"
84.4	1416	"chr20"	"CpG"	"hg38"
84.4	844	"chr21"	"CpG"	"hg38"
84.4	1036	"chr22"	"CpG"	"hg38"
84.4	3284	"chr3"	"CpG"	"hg38"
84.4	2862	"chr4"	"CpG"	"hg38"
84.4	2954	"chr5"	"CpG"	"hg38"
84.4	2914	"chr6"	"CpG"	"hg38"
84.4	3212	"chr7"	"CpG"	"hg38"
84.4	2684	"chr8"	"CpG"	"hg38"
84.4	2406	"chr9"	"CpG"	"hg38"
84.4	2136	"chrX"	"CpG"	"hg38"
84.4	302	"chrY"	"CpG"	"hg38"
84.5	4570	"chr1"	"CpG"	"hg38"
84.5	2856	"chr10"	"CpG"	"hg38"
84.5	2418	"chr11"	"CpG"	"hg38"
84.5	2430	"chr12"	"CpG"	"hg38"
84.5	1746	"chr13"	"CpG"	"hg38"
84.5	1730	"chr14"	"CpG"	"hg38"
84.5	1668	"chr15"	"CpG"	"hg38"
84.5	2276	"chr16"	"CpG"	"hg38"
84.5	2144	"chr17"	"CpG"	"hg38"
84.5	1602	"chr18"	"CpG"	"hg38"
84.5	1710	"chr19"	"CpG"	"hg38"
84.5	4250	"chr2"	"CpG"	"hg38"
84.5	1456	"chr20"	"CpG"	"hg38"
84.5	728	"chr21"	"CpG"	"hg38"
84.5	1090	"chr22"	"CpG"	"hg38"
84.5	3284	"chr3"	"CpG"	"hg38"
84.5	3122	"chr4"	"CpG"	"hg38"
84.5	3034	"chr5"	"CpG"	"hg38"
84.5	2928	"chr6"	"CpG"	"hg38"
84.5	3310	"chr7"	"CpG"	"hg38"
84.5	2934	"chr8"	"CpG"	"hg38"
84.5	2394	"chr9"	"CpG"	"hg38"
84.5	2276	"chrX"	"CpG"	"hg38"
84.5	258	"chrY"	"CpG"	"hg38"
84.6	4574	"chr1"	"CpG"	"hg38"
84.6	2968	"chr10"	"CpG"	"hg38"
84.6	2580	"chr11"	"CpG"	"hg38"
84.6	2502	"chr12"	"CpG"	"hg38"
84.6	1840	"chr13"	"CpG"	"hg38"
84.6	1588	"chr14"	"CpG"	"hg38"
84.6	1650	"chr15"	"CpG"	"hg38"
84.6	2208	"chr16"	"CpG"	"hg38"
84.6	1966	"chr17"	"CpG"	"hg38"
84.6	1638	"chr18"	"CpG"	"hg38"
84.6	1694	"chr19"	"CpG"	"hg38"
84.6	4436	"chr2"	"CpG"	"hg38"
84.6	1482	"chr20"	"CpG"	"hg38"
84.6	808	"chr21"	"CpG"	"hg38"
84.6	1206	"chr22"	"CpG"	"hg38"
84.6	3300	"chr3"	"CpG"	"hg38"
84.6	3132	"chr4"	"CpG"	"hg38"
84.6	2964	"chr5"	"CpG"	"hg38"
84.6	2944	"chr6"	"CpG"	"hg38"
84.6	3080	"chr7"	"CpG"	"hg38"
84.6	2914	"chr8"	"CpG"	"hg38"
84.6	2398	"chr9"	"CpG"	"hg38"
84.6	2132	"chrX"	"CpG"	"hg38"
84.6	302	"chrY"	"CpG"	"hg38"
84.7	4520	"chr1"	"CpG"	"hg38"
84.7	2782	"chr10"	"CpG"	"hg38"
84.7	2578	"chr11"	"CpG"	"hg38"
84.7	2434	"chr12"	"CpG"	"hg38"
84.7	1760	"chr13"	"CpG"	"hg38"
84.7	1570	"chr14"	"CpG"	"hg38"
84.7	1638	"chr15"	"CpG"	"hg38"
84.7	2206	"chr16"	"CpG"	"hg38"
84.7	2202	"chr17"	"CpG"	"hg38"
84.7	1590	"chr18"	"CpG"	"hg38"
84.7	1808	"chr19"	"CpG"	"hg38"
84.7	4396	"chr2"	"CpG"	"hg38"
84.7	1646	"chr20"	"CpG"	"hg38"
84.7	834	"chr21"	"CpG"	"hg38"
84.7	1086	"chr22"	"CpG"	"hg38"
84.7	3194	"chr3"	"CpG"	"hg38"
84.7	3038	"chr4"	"CpG"	"hg38"
84.7	2938	"chr5"	"CpG"	"hg38"
84.7	3112	"chr6"	"CpG"	"hg38"
84.7	3222	"chr7"	"CpG"	"hg38"
84.7	2678	"chr8"	"CpG"	"hg38"
84.7	2410	"chr9"	"CpG"	"hg38"
84.7	2318	"chrX"	"CpG"	"hg38"
84.7	348	"chrY"	"CpG"	"hg38"
84.8	4446	"chr1"	"CpG"	"hg38"
84.8	2882	"chr10"	"CpG"	"hg38"
84.8	2628	"chr11"	"CpG"	"hg38"
84.8	2566	"chr12"	"CpG"	"hg38"
84.8	1878	"chr13"	"CpG"	"hg38"
84.8	1534	"chr14"	"CpG"	"hg38"
84.8	1680	"chr15"	"CpG"	"hg38"
84.8	2246	"chr16"	"CpG"	"hg38"
84.8	2048	"chr17"	"CpG"	"hg38"
84.8	1558	"chr18"	"CpG"	"hg38"
84.8	1716	"chr19"	"CpG"	"hg38"
84.8	4270	"chr2"	"CpG"	"hg38"
84.8	1470	"chr20"	"CpG"	"hg38"
84.8	806	"chr21"	"CpG"	"hg38"
84.8	1078	"chr22"	"CpG"	"hg38"
84.8	3368	"chr3"	"CpG"	"hg38"
84.8	3202	"chr4"	"CpG"	"hg38"
84.8	3070	"chr5"	"CpG"	"hg38"
84.8	2852	"chr6"	"CpG"	"hg38"
84.8	3246	"chr7"	"CpG"	"hg38"
84.8	2684	"chr8"	"CpG"	"hg38"
84.8	2444	"chr9"	"CpG"	"hg38"
84.8	2208	"chrX"	"CpG"	"hg38"
84.8	286	"chrY"	"CpG"	"hg38"
84.9	4450	"chr1"	"CpG"	"hg38"
84.9	2950	"chr10"	"CpG"	"hg38"
84.9	2730	"chr11"	"CpG"	"hg38"
84.9	2482	"chr12"	"CpG"	"hg38"
84.9	1718	"chr13"	"CpG"	"hg38"
84.9	1594	"chr14"	"CpG"	"hg38"
84.9	1746	"chr15"	"CpG"	"hg38"
84.9	2190	"chr16"	"CpG"	"hg38"
84.9	2114	"chr17"	"CpG"	"hg38"
84.9	1592	"chr18"	"CpG"	"hg38"
84.9	1708	"chr19"	"CpG"	"hg38"
84.9	4484	"chr2"	"CpG"	"hg38"
84.9	1460	"chr20"	"CpG"	"hg38"
84.9	874	"chr21"	"CpG"	"hg38"
84.9	1200	"chr22"	"CpG"	"hg38"
84.9	3378	"chr3"	"CpG"	"hg38"
84.9	3258	"chr4"	"CpG"	"hg38"
84.9	3030	"chr5"	"CpG"	"hg38"
84.9	2912	"chr6"	"CpG"	"hg38"
84.9	3214	"chr7"	"CpG"	"hg38"
84.9	2760	"chr8"	"CpG"	"hg38"
84.9	2458	"chr9"	"CpG"	"hg38"
84.9	2272	"chrX"	"CpG"	"hg38"
84.9	292	"chrY"	"CpG"	"hg38"
85	4576	"chr1"	"CpG"	"hg38"
85	2864	"chr10"	"CpG"	"hg38"
85	2490	"chr11"	"CpG"	"hg38"
85	2580	"chr12"	"CpG"	"hg38"
85	1850	"chr13"	"CpG"	"hg38"
85	1646	"chr14"	"CpG"	"hg38"
85	1764	"chr15"	"CpG"	"hg38"
85	2196	"chr16"	"CpG"	"hg38"
85	2044	"chr17"	"CpG"	"hg38"
85	1768	"chr18"	"CpG"	"hg38"
85	1752	"chr19"	"CpG"	"hg38"
85	4418	"chr2"	"CpG"	"hg38"
85	1468	"chr20"	"CpG"	"hg38"
85	880	"chr21"	"CpG"	"hg38"
85	1182	"chr22"	"CpG"	"hg38"
85	3478	"chr3"	"CpG"	"hg38"
85	3126	"chr4"	"CpG"	"hg38"
85	3214	"chr5"	"CpG"	"hg38"
85	3128	"chr6"	"CpG"	"hg38"
85	3296	"chr7"	"CpG"	"hg38"
85	2774	"chr8"	"CpG"	"hg38"
85	2388	"chr9"	"CpG"	"hg38"
85	2242	"chrX"	"CpG"	"hg38"
85	318	"chrY"	"CpG"	"hg38"
85.1	4676	"chr1"	"CpG"	"hg38"
85.1	2922	"chr10"	"CpG"	"hg38"
85.1	2728	"chr11"	"CpG"	"hg38"
85.1	2612	"chr12"	"CpG"	"hg38"
85.1	1844	"chr13"	"CpG"	"hg38"
85.1	1646	"chr14"	"CpG"	"hg38"
85.1	1780	"chr15"	"CpG"	"hg38"
85.1	2210	"chr16"	"CpG"	"hg38"
85.1	2174	"chr17"	"CpG"	"hg38"
85.1	1588	"chr18"	"CpG"	"hg38"
85.1	1766	"chr19"	"CpG"	"hg38"
85.1	4348	"chr2"	"CpG"	"hg38"
85.1	1512	"chr20"	"CpG"	"hg38"
85.1	800	"chr21"	"CpG"	"hg38"
85.1	1056	"chr22"	"CpG"	"hg38"
85.1	3466	"chr3"	"CpG"	"hg38"
85.1	3188	"chr4"	"CpG"	"hg38"
85.1	3062	"chr5"	"CpG"	"hg38"
85.1	2928	"chr6"	"CpG"	"hg38"
85.1	3230	"chr7"	"CpG"	"hg38"
85.1	2776	"chr8"	"CpG"	"hg38"
85.1	2496	"chr9"	"CpG"	"hg38"
85.1	2326	"chrX"	"CpG"	"hg38"
85.1	296	"chrY"	"CpG"	"hg38"
85.2	4552	"chr1"	"CpG"	"hg38"
85.2	3030	"chr10"	"CpG"	"hg38"
85.2	2658	"chr11"	"CpG"	"hg38"
85.2	2588	"chr12"	"CpG"	"hg38"
85.2	1792	"chr13"	"CpG"	"hg38"
85.2	1640	"chr14"	"CpG"	"hg38"
85.2	1748	"chr15"	"CpG"	"hg38"
85.2	2264	"chr16"	"CpG"	"hg38"
85.2	2066	"chr17"	"CpG"	"hg38"
85.2	1558	"chr18"	"CpG"	"hg38"
85.2	1762	"chr19"	"CpG"	"hg38"
85.2	4466	"chr2"	"CpG"	"hg38"
85.2	1538	"chr20"	"CpG"	"hg38"
85.2	868	"chr21"	"CpG"	"hg38"
85.2	1166	"chr22"	"CpG"	"hg38"
85.2	3600	"chr3"	"CpG"	"hg38"
85.2	3278	"chr4"	"CpG"	"hg38"
85.2	3154	"chr5"	"CpG"	"hg38"
85.2	3028	"chr6"	"CpG"	"hg38"
85.2	3254	"chr7"	"CpG"	"hg38"
85.2	2814	"chr8"	"CpG"	"hg38"
85.2	2380	"chr9"	"CpG"	"hg38"
85.2	2204	"chrX"	"CpG"	"hg38"
85.2	298	"chrY"	"CpG"	"hg38"
85.3	4870	"chr1"	"CpG"	"hg38"
85.3	3000	"chr10"	"CpG"	"hg38"
85.3	2662	"chr11"	"CpG"	"hg38"
85.3	2736	"chr12"	"CpG"	"hg38"
85.3	1824	"chr13"	"CpG"	"hg38"
85.3	1644	"chr14"	"CpG"	"hg38"
85.3	1716	"chr15"	"CpG"	"hg38"
85.3	2268	"chr16"	"CpG"	"hg38"
85.3	2206	"chr17"	"CpG"	"hg38"
85.3	1580	"chr18"	"CpG"	"hg38"
85.3	1862	"chr19"	"CpG"	"hg38"
85.3	4538	"chr2"	"CpG"	"hg38"
85.3	1494	"chr20"	"CpG"	"hg38"
85.3	798	"chr21"	"CpG"	"hg38"
85.3	1174	"chr22"	"CpG"	"hg38"
85.3	3472	"chr3"	"CpG"	"hg38"
85.3	3380	"chr4"	"CpG"	"hg38"
85.3	3270	"chr5"	"CpG"	"hg38"
85.3	3098	"chr6"	"CpG"	"hg38"
85.3	3382	"chr7"	"CpG"	"hg38"
85.3	2860	"chr8"	"CpG"	"hg38"
85.3	2440	"chr9"	"CpG"	"hg38"
85.3	2204	"chrX"	"CpG"	"hg38"
85.3	330	"chrY"	"CpG"	"hg38"
85.4	4638	"chr1"	"CpG"	"hg38"
85.4	2888	"chr10"	"CpG"	"hg38"
85.4	2690	"chr11"	"CpG"	"hg38"
85.4	2666	"chr12"	"CpG"	"hg38"
85.4	1836	"chr13"	"CpG"	"hg38"
85.4	1650	"chr14"	"CpG"	"hg38"
85.4	1898	"chr15"	"CpG"	"hg38"
85.4	2364	"chr16"	"CpG"	"hg38"
85.4	2180	"chr17"	"CpG"	"hg38"
85.4	1698	"chr18"	"CpG"	"hg38"
85.4	1822	"chr19"	"CpG"	"hg38"
85.4	4664	"chr2"	"CpG"	"hg38"
85.4	1550	"chr20"	"CpG"	"hg38"
85.4	810	"chr21"	"CpG"	"hg38"
85.4	1160	"chr22"	"CpG"	"hg38"
85.4	3512	"chr3"	"CpG"	"hg38"
85.4	3172	"chr4"	"CpG"	"hg38"
85.4	3274	"chr5"	"CpG"	"hg38"
85.4	3168	"chr6"	"CpG"	"hg38"
85.4	3474	"chr7"	"CpG"	"hg38"
85.4	2858	"chr8"	"CpG"	"hg38"
85.4	2396	"chr9"	"CpG"	"hg38"
85.4	2168	"chrX"	"CpG"	"hg38"
85.4	352	"chrY"	"CpG"	"hg38"
85.5	4672	"chr1"	"CpG"	"hg38"
85.5	3018	"chr10"	"CpG"	"hg38"
85.5	2680	"chr11"	"CpG"	"hg38"
85.5	2748	"chr12"	"CpG"	"hg38"
85.5	1872	"chr13"	"CpG"	"hg38"
85.5	1626	"chr14"	"CpG"	"hg38"
85.5	1810	"chr15"	"CpG"	"hg38"
85.5	2242	"chr16"	"CpG"	"hg38"
85.5	2164	"chr17"	"CpG"	"hg38"
85.5	1766	"chr18"	"CpG"	"hg38"
85.5	1790	"chr19"	"CpG"	"hg38"
85.5	4618	"chr2"	"CpG"	"hg38"
85.5	1598	"chr20"	"CpG"	"hg38"
85.5	862	"chr21"	"CpG"	"hg38"
85.5	1274	"chr22"	"CpG"	"hg38"
85.5	3440	"chr3"	"CpG"	"hg38"
85.5	3440	"chr4"	"CpG"	"hg38"
85.5	3226	"chr5"	"CpG"	"hg38"
85.5	3212	"chr6"	"CpG"	"hg38"
85.5	3300	"chr7"	"CpG"	"hg38"
85.5	2978	"chr8"	"CpG"	"hg38"
85.5	2672	"chr9"	"CpG"	"hg38"
85.5	2314	"chrX"	"CpG"	"hg38"
85.5	334	"chrY"	"CpG"	"hg38"
85.6	4788	"chr1"	"CpG"	"hg38"
85.6	3128	"chr10"	"CpG"	"hg38"
85.6	2694	"chr11"	"CpG"	"hg38"
85.6	2666	"chr12"	"CpG"	"hg38"
85.6	1842	"chr13"	"CpG"	"hg38"
85.6	1690	"chr14"	"CpG"	"hg38"
85.6	1774	"chr15"	"CpG"	"hg38"
85.6	2330	"chr16"	"CpG"	"hg38"
85.6	2268	"chr17"	"CpG"	"hg38"
85.6	1790	"chr18"	"CpG"	"hg38"
85.6	1818	"chr19"	"CpG"	"hg38"
85.6	4666	"chr2"	"CpG"	"hg38"
85.6	1648	"chr20"	"CpG"	"hg38"
85.6	844	"chr21"	"CpG"	"hg38"
85.6	1274	"chr22"	"CpG"	"hg38"
85.6	3706	"chr3"	"CpG"	"hg38"
85.6	3490	"chr4"	"CpG"	"hg38"
85.6	3108	"chr5"	"CpG"	"hg38"
85.6	3300	"chr6"	"CpG"	"hg38"
85.6	3386	"chr7"	"CpG"	"hg38"
85.6	3080	"chr8"	"CpG"	"hg38"
85.6	2606	"chr9"	"CpG"	"hg38"
85.6	2392	"chrX"	"CpG"	"hg38"
85.6	340	"chrY"	"CpG"	"hg38"
85.7	4960	"chr1"	"CpG"	"hg38"
85.7	3108	"chr10"	"CpG"	"hg38"
85.7	2644	"chr11"	"CpG"	"hg38"
85.7	2716	"chr12"	"CpG"	"hg38"
85.7	1756	"chr13"	"CpG"	"hg38"
85.7	1766	"chr14"	"CpG"	"hg38"
85.7	1780	"chr15"	"CpG"	"hg38"
85.7	2312	"chr16"	"CpG"	"hg38"
85.7	2378	"chr17"	"CpG"	"hg38"
85.7	1658	"chr18"	"CpG"	"hg38"
85.7	1866	"chr19"	"CpG"	"hg38"
85.7	4742	"chr2"	"CpG"	"hg38"
85.7	1624	"chr20"	"CpG"	"hg38"
85.7	936	"chr21"	"CpG"	"hg38"
85.7	1282	"chr22"	"CpG"	"hg38"
85.7	3640	"chr3"	"CpG"	"hg38"
85.7	3374	"chr4"	"CpG"	"hg38"
85.7	3130	"chr5"	"CpG"	"hg38"
85.7	3186	"chr6"	"CpG"	"hg38"
85.7	3404	"chr7"	"CpG"	"hg38"
85.7	2842	"chr8"	"CpG"	"hg38"
85.7	2614	"chr9"	"CpG"	"hg38"
85.7	2252	"chrX"	"CpG"	"hg38"
85.7	356	"chrY"	"CpG"	"hg38"
85.8	4834	"chr1"	"CpG"	"hg38"
85.8	3202	"chr10"	"CpG"	"hg38"
85.8	2726	"chr11"	"CpG"	"hg38"
85.8	2722	"chr12"	"CpG"	"hg38"
85.8	1924	"chr13"	"CpG"	"hg38"
85.8	1716	"chr14"	"CpG"	"hg38"
85.8	1840	"chr15"	"CpG"	"hg38"
85.8	2406	"chr16"	"CpG"	"hg38"
85.8	2254	"chr17"	"CpG"	"hg38"
85.8	1728	"chr18"	"CpG"	"hg38"
85.8	1888	"chr19"	"CpG"	"hg38"
85.8	4764	"chr2"	"CpG"	"hg38"
85.8	1530	"chr20"	"CpG"	"hg38"
85.8	800	"chr21"	"CpG"	"hg38"
85.8	1260	"chr22"	"CpG"	"hg38"
85.8	3470	"chr3"	"CpG"	"hg38"
85.8	3464	"chr4"	"CpG"	"hg38"
85.8	3560	"chr5"	"CpG"	"hg38"
85.8	3128	"chr6"	"CpG"	"hg38"
85.8	3602	"chr7"	"CpG"	"hg38"
85.8	2862	"chr8"	"CpG"	"hg38"
85.8	2544	"chr9"	"CpG"	"hg38"
85.8	2230	"chrX"	"CpG"	"hg38"
85.8	310	"chrY"	"CpG"	"hg38"
85.9	4970	"chr1"	"CpG"	"hg38"
85.9	3316	"chr10"	"CpG"	"hg38"
85.9	2906	"chr11"	"CpG"	"hg38"
85.9	2762	"chr12"	"CpG"	"hg38"
85.9	2024	"chr13"	"CpG"	"hg38"
85.9	1842	"chr14"	"CpG"	"hg38"
85.9	1824	"chr15"	"CpG"	"hg38"
85.9	2490	"chr16"	"CpG"	"hg38"
85.9	2398	"chr17"	"CpG"	"hg38"
85.9	1658	"chr18"	"CpG"	"hg38"
85.9	1968	"chr19"	"CpG"	"hg38"
85.9	4778	"chr2"	"CpG"	"hg38"
85.9	1530	"chr20"	"CpG"	"hg38"
85.9	892	"chr21"	"CpG"	"hg38"
85.9	1304	"chr22"	"CpG"	"hg38"
85.9	3804	"chr3"	"CpG"	"hg38"
85.9	3454	"chr4"	"CpG"	"hg38"
85.9	3354	"chr5"	"CpG"	"hg38"
85.9	3340	"chr6"	"CpG"	"hg38"
85.9	3418	"chr7"	"CpG"	"hg38"
85.9	3034	"chr8"	"CpG"	"hg38"
85.9	2650	"chr9"	"CpG"	"hg38"
85.9	2340	"chrX"	"CpG"	"hg38"
85.9	338	"chrY"	"CpG"	"hg38"
86	4960	"chr1"	"CpG"	"hg38"
86	3266	"chr10"	"CpG"	"hg38"
86	2836	"chr11"	"CpG"	"hg38"
86	2734	"chr12"	"CpG"	"hg38"
86	1958	"chr13"	"CpG"	"hg38"
86	1664	"chr14"	"CpG"	"hg38"
86	1846	"chr15"	"CpG"	"hg38"
86	2548	"chr16"	"CpG"	"hg38"
86	2312	"chr17"	"CpG"	"hg38"
86	1698	"chr18"	"CpG"	"hg38"
86	1884	"chr19"	"CpG"	"hg38"
86	4870	"chr2"	"CpG"	"hg38"
86	1594	"chr20"	"CpG"	"hg38"
86	856	"chr21"	"CpG"	"hg38"
86	1256	"chr22"	"CpG"	"hg38"
86	3606	"chr3"	"CpG"	"hg38"
86	3378	"chr4"	"CpG"	"hg38"
86	3468	"chr5"	"CpG"	"hg38"
86	3230	"chr6"	"CpG"	"hg38"
86	3582	"chr7"	"CpG"	"hg38"
86	2974	"chr8"	"CpG"	"hg38"
86	2668	"chr9"	"CpG"	"hg38"
86	2348	"chrX"	"CpG"	"hg38"
86	310	"chrY"	"CpG"	"hg38"
86.1	5268	"chr1"	"CpG"	"hg38"
86.1	3224	"chr10"	"CpG"	"hg38"
86.1	2672	"chr11"	"CpG"	"hg38"
86.1	2830	"chr12"	"CpG"	"hg38"
86.1	2008	"chr13"	"CpG"	"hg38"
86.1	1654	"chr14"	"CpG"	"hg38"
86.1	1934	"chr15"	"CpG"	"hg38"
86.1	2472	"chr16"	"CpG"	"hg38"
86.1	2390	"chr17"	"CpG"	"hg38"
86.1	1608	"chr18"	"CpG"	"hg38"
86.1	2078	"chr19"	"CpG"	"hg38"
86.1	4728	"chr2"	"CpG"	"hg38"
86.1	1664	"chr20"	"CpG"	"hg38"
86.1	930	"chr21"	"CpG"	"hg38"
86.1	1368	"chr22"	"CpG"	"hg38"
86.1	3748	"chr3"	"CpG"	"hg38"
86.1	3472	"chr4"	"CpG"	"hg38"
86.1	3398	"chr5"	"CpG"	"hg38"
86.1	3368	"chr6"	"CpG"	"hg38"
86.1	3554	"chr7"	"CpG"	"hg38"
86.1	3110	"chr8"	"CpG"	"hg38"
86.1	2646	"chr9"	"CpG"	"hg38"
86.1	2436	"chrX"	"CpG"	"hg38"
86.1	336	"chrY"	"CpG"	"hg38"
86.2	5142	"chr1"	"CpG"	"hg38"
86.2	3228	"chr10"	"CpG"	"hg38"
86.2	2944	"chr11"	"CpG"	"hg38"
86.2	2864	"chr12"	"CpG"	"hg38"
86.2	1836	"chr13"	"CpG"	"hg38"
86.2	1670	"chr14"	"CpG"	"hg38"
86.2	1866	"chr15"	"CpG"	"hg38"
86.2	2442	"chr16"	"CpG"	"hg38"
86.2	2396	"chr17"	"CpG"	"hg38"
86.2	1674	"chr18"	"CpG"	"hg38"
86.2	1888	"chr19"	"CpG"	"hg38"
86.2	4900	"chr2"	"CpG"	"hg38"
86.2	1732	"chr20"	"CpG"	"hg38"
86.2	902	"chr21"	"CpG"	"hg38"
86.2	1320	"chr22"	"CpG"	"hg38"
86.2	3812	"chr3"	"CpG"	"hg38"
86.2	3524	"chr4"	"CpG"	"hg38"
86.2	3486	"chr5"	"CpG"	"hg38"
86.2	3458	"chr6"	"CpG"	"hg38"
86.2	3564	"chr7"	"CpG"	"hg38"
86.2	2964	"chr8"	"CpG"	"hg38"
86.2	2692	"chr9"	"CpG"	"hg38"
86.2	2438	"chrX"	"CpG"	"hg38"
86.2	346	"chrY"	"CpG"	"hg38"
86.3	5116	"chr1"	"CpG"	"hg38"
86.3	3158	"chr10"	"CpG"	"hg38"
86.3	2800	"chr11"	"CpG"	"hg38"
86.3	2814	"chr12"	"CpG"	"hg38"
86.3	1928	"chr13"	"CpG"	"hg38"
86.3	1850	"chr14"	"CpG"	"hg38"
86.3	1914	"chr15"	"CpG"	"hg38"
86.3	2448	"chr16"	"CpG"	"hg38"
86.3	2320	"chr17"	"CpG"	"hg38"
86.3	1660	"chr18"	"CpG"	"hg38"
86.3	1880	"chr19"	"CpG"	"hg38"
86.3	4956	"chr2"	"CpG"	"hg38"
86.3	1740	"chr20"	"CpG"	"hg38"
86.3	904	"chr21"	"CpG"	"hg38"
86.3	1300	"chr22"	"CpG"	"hg38"
86.3	3802	"chr3"	"CpG"	"hg38"
86.3	3574	"chr4"	"CpG"	"hg38"
86.3	3514	"chr5"	"CpG"	"hg38"
86.3	3472	"chr6"	"CpG"	"hg38"
86.3	3750	"chr7"	"CpG"	"hg38"
86.3	2966	"chr8"	"CpG"	"hg38"
86.3	2690	"chr9"	"CpG"	"hg38"
86.3	2394	"chrX"	"CpG"	"hg38"
86.3	342	"chrY"	"CpG"	"hg38"
86.4	5476	"chr1"	"CpG"	"hg38"
86.4	3328	"chr10"	"CpG"	"hg38"
86.4	2938	"chr11"	"CpG"	"hg38"
86.4	2856	"chr12"	"CpG"	"hg38"
86.4	1922	"chr13"	"CpG"	"hg38"
86.4	1932	"chr14"	"CpG"	"hg38"
86.4	1942	"chr15"	"CpG"	"hg38"
86.4	2504	"chr16"	"CpG"	"hg38"
86.4	2406	"chr17"	"CpG"	"hg38"
86.4	1814	"chr18"	"CpG"	"hg38"
86.4	1972	"chr19"	"CpG"	"hg38"
86.4	5054	"chr2"	"CpG"	"hg38"
86.4	1566	"chr20"	"CpG"	"hg38"
86.4	984	"chr21"	"CpG"	"hg38"
86.4	1336	"chr22"	"CpG"	"hg38"
86.4	3874	"chr3"	"CpG"	"hg38"
86.4	3308	"chr4"	"CpG"	"hg38"
86.4	3412	"chr5"	"CpG"	"hg38"
86.4	3360	"chr6"	"CpG"	"hg38"
86.4	3594	"chr7"	"CpG"	"hg38"
86.4	3158	"chr8"	"CpG"	"hg38"
86.4	2792	"chr9"	"CpG"	"hg38"
86.4	2328	"chrX"	"CpG"	"hg38"
86.4	364	"chrY"	"CpG"	"hg38"
86.5	5258	"chr1"	"CpG"	"hg38"
86.5	3116	"chr10"	"CpG"	"hg38"
86.5	2958	"chr11"	"CpG"	"hg38"
86.5	2892	"chr12"	"CpG"	"hg38"
86.5	1986	"chr13"	"CpG"	"hg38"
86.5	1914	"chr14"	"CpG"	"hg38"
86.5	2010	"chr15"	"CpG"	"hg38"
86.5	2522	"chr16"	"CpG"	"hg38"
86.5	2510	"chr17"	"CpG"	"hg38"
86.5	1788	"chr18"	"CpG"	"hg38"
86.5	2062	"chr19"	"CpG"	"hg38"
86.5	5190	"chr2"	"CpG"	"hg38"
86.5	1682	"chr20"	"CpG"	"hg38"
86.5	886	"chr21"	"CpG"	"hg38"
86.5	1356	"chr22"	"CpG"	"hg38"
86.5	4090	"chr3"	"CpG"	"hg38"
86.5	3588	"chr4"	"CpG"	"hg38"
86.5	3608	"chr5"	"CpG"	"hg38"
86.5	3342	"chr6"	"CpG"	"hg38"
86.5	3578	"chr7"	"CpG"	"hg38"
86.5	3024	"chr8"	"CpG"	"hg38"
86.5	2728	"chr9"	"CpG"	"hg38"
86.5	2294	"chrX"	"CpG"	"hg38"
86.5	364	"chrY"	"CpG"	"hg38"
86.6	5224	"chr1"	"CpG"	"hg38"
86.6	3322	"chr10"	"CpG"	"hg38"
86.6	3062	"chr11"	"CpG"	"hg38"
86.6	2804	"chr12"	"CpG"	"hg38"
86.6	1936	"chr13"	"CpG"	"hg38"
86.6	1870	"chr14"	"CpG"	"hg38"
86.6	1936	"chr15"	"CpG"	"hg38"
86.6	2414	"chr16"	"CpG"	"hg38"
86.6	2412	"chr17"	"CpG"	"hg38"
86.6	1794	"chr18"	"CpG"	"hg38"
86.6	2064	"chr19"	"CpG"	"hg38"
86.6	5224	"chr2"	"CpG"	"hg38"
86.6	1750	"chr20"	"CpG"	"hg38"
86.6	898	"chr21"	"CpG"	"hg38"
86.6	1288	"chr22"	"CpG"	"hg38"
86.6	3934	"chr3"	"CpG"	"hg38"
86.6	3578	"chr4"	"CpG"	"hg38"
86.6	3610	"chr5"	"CpG"	"hg38"
86.6	3428	"chr6"	"CpG"	"hg38"
86.6	3742	"chr7"	"CpG"	"hg38"
86.6	3002	"chr8"	"CpG"	"hg38"
86.6	2778	"chr9"	"CpG"	"hg38"
86.6	2366	"chrX"	"CpG"	"hg38"
86.6	338	"chrY"	"CpG"	"hg38"
86.7	5468	"chr1"	"CpG"	"hg38"
86.7	3350	"chr10"	"CpG"	"hg38"
86.7	3046	"chr11"	"CpG"	"hg38"
86.7	2898	"chr12"	"CpG"	"hg38"
86.7	2038	"chr13"	"CpG"	"hg38"
86.7	1868	"chr14"	"CpG"	"hg38"
86.7	2038	"chr15"	"CpG"	"hg38"
86.7	2444	"chr16"	"CpG"	"hg38"
86.7	2502	"chr17"	"CpG"	"hg38"
86.7	1786	"chr18"	"CpG"	"hg38"
86.7	2158	"chr19"	"CpG"	"hg38"
86.7	5110	"chr2"	"CpG"	"hg38"
86.7	1714	"chr20"	"CpG"	"hg38"
86.7	908	"chr21"	"CpG"	"hg38"
86.7	1304	"chr22"	"CpG"	"hg38"
86.7	3876	"chr3"	"CpG"	"hg38"
86.7	3550	"chr4"	"CpG"	"hg38"
86.7	3710	"chr5"	"CpG"	"hg38"
86.7	3502	"chr6"	"CpG"	"hg38"
86.7	3630	"chr7"	"CpG"	"hg38"
86.7	3148	"chr8"	"CpG"	"hg38"
86.7	2744	"chr9"	"CpG"	"hg38"
86.7	2424	"chrX"	"CpG"	"hg38"
86.7	348	"chrY"	"CpG"	"hg38"
86.8	5244	"chr1"	"CpG"	"hg38"
86.8	3250	"chr10"	"CpG"	"hg38"
86.8	2948	"chr11"	"CpG"	"hg38"
86.8	3010	"chr12"	"CpG"	"hg38"
86.8	2006	"chr13"	"CpG"	"hg38"
86.8	1906	"chr14"	"CpG"	"hg38"
86.8	2032	"chr15"	"CpG"	"hg38"
86.8	2484	"chr16"	"CpG"	"hg38"
86.8	2502	"chr17"	"CpG"	"hg38"
86.8	1812	"chr18"	"CpG"	"hg38"
86.8	2108	"chr19"	"CpG"	"hg38"
86.8	5182	"chr2"	"CpG"	"hg38"
86.8	1762	"chr20"	"CpG"	"hg38"
86.8	850	"chr21"	"CpG"	"hg38"
86.8	1258	"chr22"	"CpG"	"hg38"
86.8	3904	"chr3"	"CpG"	"hg38"
86.8	3528	"chr4"	"CpG"	"hg38"
86.8	3666	"chr5"	"CpG"	"hg38"
86.8	3642	"chr6"	"CpG"	"hg38"
86.8	3994	"chr7"	"CpG"	"hg38"
86.8	3064	"chr8"	"CpG"	"hg38"
86.8	2768	"chr9"	"CpG"	"hg38"
86.8	2450	"chrX"	"CpG"	"hg38"
86.8	352	"chrY"	"CpG"	"hg38"
86.9	5406	"chr1"	"CpG"	"hg38"
86.9	3420	"chr10"	"CpG"	"hg38"
86.9	2944	"chr11"	"CpG"	"hg38"
86.9	3032	"chr12"	"CpG"	"hg38"
86.9	1998	"chr13"	"CpG"	"hg38"
86.9	1928	"chr14"	"CpG"	"hg38"
86.9	2090	"chr15"	"CpG"	"hg38"
86.9	2742	"chr16"	"CpG"	"hg38"
86.9	2622	"chr17"	"CpG"	"hg38"
86.9	1862	"chr18"	"CpG"	"hg38"
86.9	2102	"chr19"	"CpG"	"hg38"
86.9	5164	"chr2"	"CpG"	"hg38"
86.9	1692	"chr20"	"CpG"	"hg38"
86.9	982	"chr21"	"CpG"	"hg38"
86.9	1314	"chr22"	"CpG"	"hg38"
86.9	3918	"chr3"	"CpG"	"hg38"
86.9	3726	"chr4"	"CpG"	"hg38"
86.9	3574	"chr5"	"CpG"	"hg38"
86.9	3690	"chr6"	"CpG"	"hg38"
86.9	3864	"chr7"	"CpG"	"hg38"
86.9	3250	"chr8"	"CpG"	"hg38"
86.9	2962	"chr9"	"CpG"	"hg38"
86.9	2386	"chrX"	"CpG"	"hg38"
86.9	370	"chrY"	"CpG"	"hg38"
87	5460	"chr1"	"CpG"	"hg38"
87	3360	"chr10"	"CpG"	"hg38"
87	3104	"chr11"	"CpG"	"hg38"
87	2974	"chr12"	"CpG"	"hg38"
87	2072	"chr13"	"CpG"	"hg38"
87	2050	"chr14"	"CpG"	"hg38"
87	2112	"chr15"	"CpG"	"hg38"
87	2604	"chr16"	"CpG"	"hg38"
87	2540	"chr17"	"CpG"	"hg38"
87	1822	"chr18"	"CpG"	"hg38"
87	2038	"chr19"	"CpG"	"hg38"
87	5144	"chr2"	"CpG"	"hg38"
87	1758	"chr20"	"CpG"	"hg38"
87	986	"chr21"	"CpG"	"hg38"
87	1358	"chr22"	"CpG"	"hg38"
87	4000	"chr3"	"CpG"	"hg38"
87	3646	"chr4"	"CpG"	"hg38"
87	3636	"chr5"	"CpG"	"hg38"
87	3624	"chr6"	"CpG"	"hg38"
87	3830	"chr7"	"CpG"	"hg38"
87	3310	"chr8"	"CpG"	"hg38"
87	2736	"chr9"	"CpG"	"hg38"
87	2418	"chrX"	"CpG"	"hg38"
87	356	"chrY"	"CpG"	"hg38"
87.1	5396	"chr1"	"CpG"	"hg38"
87.1	3420	"chr10"	"CpG"	"hg38"
87.1	3114	"chr11"	"CpG"	"hg38"
87.1	3018	"chr12"	"CpG"	"hg38"
87.1	2122	"chr13"	"CpG"	"hg38"
87.1	1914	"chr14"	"CpG"	"hg38"
87.1	2044	"chr15"	"CpG"	"hg38"
87.1	2696	"chr16"	"CpG"	"hg38"
87.1	2504	"chr17"	"CpG"	"hg38"
87.1	1944	"chr18"	"CpG"	"hg38"
87.1	2208	"chr19"	"CpG"	"hg38"
87.1	5310	"chr2"	"CpG"	"hg38"
87.1	1780	"chr20"	"CpG"	"hg38"
87.1	968	"chr21"	"CpG"	"hg38"
87.1	1282	"chr22"	"CpG"	"hg38"
87.1	4060	"chr3"	"CpG"	"hg38"
87.1	3854	"chr4"	"CpG"	"hg38"
87.1	3646	"chr5"	"CpG"	"hg38"
87.1	3566	"chr6"	"CpG"	"hg38"
87.1	3918	"chr7"	"CpG"	"hg38"
87.1	3310	"chr8"	"CpG"	"hg38"
87.1	2872	"chr9"	"CpG"	"hg38"
87.1	2446	"chrX"	"CpG"	"hg38"
87.1	308	"chrY"	"CpG"	"hg38"
87.2	5528	"chr1"	"CpG"	"hg38"
87.2	3564	"chr10"	"CpG"	"hg38"
87.2	3124	"chr11"	"CpG"	"hg38"
87.2	3210	"chr12"	"CpG"	"hg38"
87.2	2108	"chr13"	"CpG"	"hg38"
87.2	2054	"chr14"	"CpG"	"hg38"
87.2	2158	"chr15"	"CpG"	"hg38"
87.2	2636	"chr16"	"CpG"	"hg38"
87.2	2588	"chr17"	"CpG"	"hg38"
87.2	1856	"chr18"	"CpG"	"hg38"
87.2	2030	"chr19"	"CpG"	"hg38"
87.2	5202	"chr2"	"CpG"	"hg38"
87.2	1794	"chr20"	"CpG"	"hg38"
87.2	970	"chr21"	"CpG"	"hg38"
87.2	1344	"chr22"	"CpG"	"hg38"
87.2	4272	"chr3"	"CpG"	"hg38"
87.2	3648	"chr4"	"CpG"	"hg38"
87.2	3760	"chr5"	"CpG"	"hg38"
87.2	3568	"chr6"	"CpG"	"hg38"
87.2	3698	"chr7"	"CpG"	"hg38"
87.2	3350	"chr8"	"CpG"	"hg38"
87.2	2818	"chr9"	"CpG"	"hg38"
87.2	2438	"chrX"	"CpG"	"hg38"
87.2	312	"chrY"	"CpG"	"hg38"
87.3	5310	"chr1"	"CpG"	"hg38"
87.3	3500	"chr10"	"CpG"	"hg38"
87.3	3046	"chr11"	"CpG"	"hg38"
87.3	3126	"chr12"	"CpG"	"hg38"
87.3	2064	"chr13"	"CpG"	"hg38"
87.3	1966	"chr14"	"CpG"	"hg38"
87.3	2182	"chr15"	"CpG"	"hg38"
87.3	2710	"chr16"	"CpG"	"hg38"
87.3	2554	"chr17"	"CpG"	"hg38"
87.3	1814	"chr18"	"CpG"	"hg38"
87.3	1988	"chr19"	"CpG"	"hg38"
87.3	5296	"chr2"	"CpG"	"hg38"
87.3	1926	"chr20"	"CpG"	"hg38"
87.3	990	"chr21"	"CpG"	"hg38"
87.3	1304	"chr22"	"CpG"	"hg38"
87.3	4092	"chr3"	"CpG"	"hg38"
87.3	3772	"chr4"	"CpG"	"hg38"
87.3	3624	"chr5"	"CpG"	"hg38"
87.3	3694	"chr6"	"CpG"	"hg38"
87.3	4040	"chr7"	"CpG"	"hg38"
87.3	3324	"chr8"	"CpG"	"hg38"
87.3	2946	"chr9"	"CpG"	"hg38"
87.3	2574	"chrX"	"CpG"	"hg38"
87.3	352	"chrY"	"CpG"	"hg38"
87.4	5542	"chr1"	"CpG"	"hg38"
87.4	3624	"chr10"	"CpG"	"hg38"
87.4	3188	"chr11"	"CpG"	"hg38"
87.4	3196	"chr12"	"CpG"	"hg38"
87.4	2188	"chr13"	"CpG"	"hg38"
87.4	2052	"chr14"	"CpG"	"hg38"
87.4	2240	"chr15"	"CpG"	"hg38"
87.4	2800	"chr16"	"CpG"	"hg38"
87.4	2644	"chr17"	"CpG"	"hg38"
87.4	1804	"chr18"	"CpG"	"hg38"
87.4	2208	"chr19"	"CpG"	"hg38"
87.4	5452	"chr2"	"CpG"	"hg38"
87.4	1856	"chr20"	"CpG"	"hg38"
87.4	960	"chr21"	"CpG"	"hg38"
87.4	1338	"chr22"	"CpG"	"hg38"
87.4	4290	"chr3"	"CpG"	"hg38"
87.4	3864	"chr4"	"CpG"	"hg38"
87.4	3938	"chr5"	"CpG"	"hg38"
87.4	3622	"chr6"	"CpG"	"hg38"
87.4	4018	"chr7"	"CpG"	"hg38"
87.4	3278	"chr8"	"CpG"	"hg38"
87.4	2896	"chr9"	"CpG"	"hg38"
87.4	2394	"chrX"	"CpG"	"hg38"
87.4	342	"chrY"	"CpG"	"hg38"
87.5	5804	"chr1"	"CpG"	"hg38"
87.5	3630	"chr10"	"CpG"	"hg38"
87.5	3176	"chr11"	"CpG"	"hg38"
87.5	3144	"chr12"	"CpG"	"hg38"
87.5	2198	"chr13"	"CpG"	"hg38"
87.5	1934	"chr14"	"CpG"	"hg38"
87.5	2172	"chr15"	"CpG"	"hg38"
87.5	2764	"chr16"	"CpG"	"hg38"
87.5	2642	"chr17"	"CpG"	"hg38"
87.5	1948	"chr18"	"CpG"	"hg38"
87.5	2322	"chr19"	"CpG"	"hg38"
87.5	5330	"chr2"	"CpG"	"hg38"
87.5	1864	"chr20"	"CpG"	"hg38"
87.5	994	"chr21"	"CpG"	"hg38"
87.5	1438	"chr22"	"CpG"	"hg38"
87.5	4224	"chr3"	"CpG"	"hg38"
87.5	3926	"chr4"	"CpG"	"hg38"
87.5	3806	"chr5"	"CpG"	"hg38"
87.5	3840	"chr6"	"CpG"	"hg38"
87.5	3936	"chr7"	"CpG"	"hg38"
87.5	3366	"chr8"	"CpG"	"hg38"
87.5	3114	"chr9"	"CpG"	"hg38"
87.5	2452	"chrX"	"CpG"	"hg38"
87.5	356	"chrY"	"CpG"	"hg38"
87.6	5850	"chr1"	"CpG"	"hg38"
87.6	3652	"chr10"	"CpG"	"hg38"
87.6	3156	"chr11"	"CpG"	"hg38"
87.6	3248	"chr12"	"CpG"	"hg38"
87.6	2232	"chr13"	"CpG"	"hg38"
87.6	2146	"chr14"	"CpG"	"hg38"
87.6	2096	"chr15"	"CpG"	"hg38"
87.6	2736	"chr16"	"CpG"	"hg38"
87.6	2608	"chr17"	"CpG"	"hg38"
87.6	1890	"chr18"	"CpG"	"hg38"
87.6	2330	"chr19"	"CpG"	"hg38"
87.6	5582	"chr2"	"CpG"	"hg38"
87.6	1804	"chr20"	"CpG"	"hg38"
87.6	984	"chr21"	"CpG"	"hg38"
87.6	1414	"chr22"	"CpG"	"hg38"
87.6	4294	"chr3"	"CpG"	"hg38"
87.6	3992	"chr4"	"CpG"	"hg38"
87.6	3912	"chr5"	"CpG"	"hg38"
87.6	3838	"chr6"	"CpG"	"hg38"
87.6	4024	"chr7"	"CpG"	"hg38"
87.6	3490	"chr8"	"CpG"	"hg38"
87.6	3160	"chr9"	"CpG"	"hg38"
87.6	2486	"chrX"	"CpG"	"hg38"
87.6	346	"chrY"	"CpG"	"hg38"
87.7	5794	"chr1"	"CpG"	"hg38"
87.7	3658	"chr10"	"CpG"	"hg38"
87.7	3302	"chr11"	"CpG"	"hg38"
87.7	3236	"chr12"	"CpG"	"hg38"
87.7	2122	"chr13"	"CpG"	"hg38"
87.7	2118	"chr14"	"CpG"	"hg38"
87.7	2228	"chr15"	"CpG"	"hg38"
87.7	2864	"chr16"	"CpG"	"hg38"
87.7	2714	"chr17"	"CpG"	"hg38"
87.7	1990	"chr18"	"CpG"	"hg38"
87.7	2276	"chr19"	"CpG"	"hg38"
87.7	5542	"chr2"	"CpG"	"hg38"
87.7	1852	"chr20"	"CpG"	"hg38"
87.7	982	"chr21"	"CpG"	"hg38"
87.7	1518	"chr22"	"CpG"	"hg38"
87.7	4380	"chr3"	"CpG"	"hg38"
87.7	3746	"chr4"	"CpG"	"hg38"
87.7	3882	"chr5"	"CpG"	"hg38"
87.7	3764	"chr6"	"CpG"	"hg38"
87.7	4076	"chr7"	"CpG"	"hg38"
87.7	3510	"chr8"	"CpG"	"hg38"
87.7	2898	"chr9"	"CpG"	"hg38"
87.7	2430	"chrX"	"CpG"	"hg38"
87.7	384	"chrY"	"CpG"	"hg38"
87.8	5908	"chr1"	"CpG"	"hg38"
87.8	3598	"chr10"	"CpG"	"hg38"
87.8	3214	"chr11"	"CpG"	"hg38"
87.8	3352	"chr12"	"CpG"	"hg38"
87.8	2270	"chr13"	"CpG"	"hg38"
87.8	2024	"chr14"	"CpG"	"hg38"
87.8	2144	"chr15"	"CpG"	"hg38"
87.8	2754	"chr16"	"CpG"	"hg38"
87.8	2738	"chr17"	"CpG"	"hg38"
87.8	1968	"chr18"	"CpG"	"hg38"
87.8	2278	"chr19"	"CpG"	"hg38"
87.8	5670	"chr2"	"CpG"	"hg38"
87.8	1896	"chr20"	"CpG"	"hg38"
87.8	952	"chr21"	"CpG"	"hg38"
87.8	1438	"chr22"	"CpG"	"hg38"
87.8	4426	"chr3"	"CpG"	"hg38"
87.8	3970	"chr4"	"CpG"	"hg38"
87.8	3906	"chr5"	"CpG"	"hg38"
87.8	3874	"chr6"	"CpG"	"hg38"
87.8	4180	"chr7"	"CpG"	"hg38"
87.8	3470	"chr8"	"CpG"	"hg38"
87.8	3118	"chr9"	"CpG"	"hg38"
87.8	2610	"chrX"	"CpG"	"hg38"
87.8	396	"chrY"	"CpG"	"hg38"
87.9	5798	"chr1"	"CpG"	"hg38"
87.9	3648	"chr10"	"CpG"	"hg38"
87.9	3302	"chr11"	"CpG"	"hg38"
87.9	3354	"chr12"	"CpG"	"hg38"
87.9	2218	"chr13"	"CpG"	"hg38"
87.9	2144	"chr14"	"CpG"	"hg38"
87.9	2344	"chr15"	"CpG"	"hg38"
87.9	2840	"chr16"	"CpG"	"hg38"
87.9	2788	"chr17"	"CpG"	"hg38"
87.9	2122	"chr18"	"CpG"	"hg38"
87.9	2212	"chr19"	"CpG"	"hg38"
87.9	5880	"chr2"	"CpG"	"hg38"
87.9	1846	"chr20"	"CpG"	"hg38"
87.9	1032	"chr21"	"CpG"	"hg38"
87.9	1392	"chr22"	"CpG"	"hg38"
87.9	4446	"chr3"	"CpG"	"hg38"
87.9	4002	"chr4"	"CpG"	"hg38"
87.9	3864	"chr5"	"CpG"	"hg38"
87.9	3918	"chr6"	"CpG"	"hg38"
87.9	4152	"chr7"	"CpG"	"hg38"
87.9	3384	"chr8"	"CpG"	"hg38"
87.9	3178	"chr9"	"CpG"	"hg38"
87.9	2478	"chrX"	"CpG"	"hg38"
87.9	390	"chrY"	"CpG"	"hg38"
88	6046	"chr1"	"CpG"	"hg38"
88	3836	"chr10"	"CpG"	"hg38"
88	3432	"chr11"	"CpG"	"hg38"
88	3300	"chr12"	"CpG"	"hg38"
88	2228	"chr13"	"CpG"	"hg38"
88	2092	"chr14"	"CpG"	"hg38"
88	2230	"chr15"	"CpG"	"hg38"
88	2868	"chr16"	"CpG"	"hg38"
88	2886	"chr17"	"CpG"	"hg38"
88	1922	"chr18"	"CpG"	"hg38"
88	2290	"chr19"	"CpG"	"hg38"
88	5542	"chr2"	"CpG"	"hg38"
88	1808	"chr20"	"CpG"	"hg38"
88	958	"chr21"	"CpG"	"hg38"
88	1436	"chr22"	"CpG"	"hg38"
88	4376	"chr3"	"CpG"	"hg38"
88	4062	"chr4"	"CpG"	"hg38"
88	4010	"chr5"	"CpG"	"hg38"
88	4106	"chr6"	"CpG"	"hg38"
88	4462	"chr7"	"CpG"	"hg38"
88	3462	"chr8"	"CpG"	"hg38"
88	3208	"chr9"	"CpG"	"hg38"
88	2524	"chrX"	"CpG"	"hg38"
88	342	"chrY"	"CpG"	"hg38"
88.1	5980	"chr1"	"CpG"	"hg38"
88.1	3740	"chr10"	"CpG"	"hg38"
88.1	3492	"chr11"	"CpG"	"hg38"
88.1	3352	"chr12"	"CpG"	"hg38"
88.1	2368	"chr13"	"CpG"	"hg38"
88.1	2122	"chr14"	"CpG"	"hg38"
88.1	2264	"chr15"	"CpG"	"hg38"
88.1	2986	"chr16"	"CpG"	"hg38"
88.1	2882	"chr17"	"CpG"	"hg38"
88.1	2050	"chr18"	"CpG"	"hg38"
88.1	2268	"chr19"	"CpG"	"hg38"
88.1	5950	"chr2"	"CpG"	"hg38"
88.1	1966	"chr20"	"CpG"	"hg38"
88.1	1088	"chr21"	"CpG"	"hg38"
88.1	1518	"chr22"	"CpG"	"hg38"
88.1	4584	"chr3"	"CpG"	"hg38"
88.1	4152	"chr4"	"CpG"	"hg38"
88.1	3950	"chr5"	"CpG"	"hg38"
88.1	4062	"chr6"	"CpG"	"hg38"
88.1	4200	"chr7"	"CpG"	"hg38"
88.1	3580	"chr8"	"CpG"	"hg38"
88.1	3120	"chr9"	"CpG"	"hg38"
88.1	2506	"chrX"	"CpG"	"hg38"
88.1	334	"chrY"	"CpG"	"hg38"
88.2	6114	"chr1"	"CpG"	"hg38"
88.2	3910	"chr10"	"CpG"	"hg38"
88.2	3460	"chr11"	"CpG"	"hg38"
88.2	3410	"chr12"	"CpG"	"hg38"
88.2	2276	"chr13"	"CpG"	"hg38"
88.2	2094	"chr14"	"CpG"	"hg38"
88.2	2210	"chr15"	"CpG"	"hg38"
88.2	2844	"chr16"	"CpG"	"hg38"
88.2	2924	"chr17"	"CpG"	"hg38"
88.2	2136	"chr18"	"CpG"	"hg38"
88.2	2314	"chr19"	"CpG"	"hg38"
88.2	5770	"chr2"	"CpG"	"hg38"
88.2	1950	"chr20"	"CpG"	"hg38"
88.2	1098	"chr21"	"CpG"	"hg38"
88.2	1552	"chr22"	"CpG"	"hg38"
88.2	4542	"chr3"	"CpG"	"hg38"
88.2	4186	"chr4"	"CpG"	"hg38"
88.2	4152	"chr5"	"CpG"	"hg38"
88.2	4048	"chr6"	"CpG"	"hg38"
88.2	4468	"chr7"	"CpG"	"hg38"
88.2	3594	"chr8"	"CpG"	"hg38"
88.2	3134	"chr9"	"CpG"	"hg38"
88.2	2498	"chrX"	"CpG"	"hg38"
88.2	320	"chrY"	"CpG"	"hg38"
88.3	6028	"chr1"	"CpG"	"hg38"
88.3	3912	"chr10"	"CpG"	"hg38"
88.3	3462	"chr11"	"CpG"	"hg38"
88.3	3384	"chr12"	"CpG"	"hg38"
88.3	2214	"chr13"	"CpG"	"hg38"
88.3	2178	"chr14"	"CpG"	"hg38"
88.3	2306	"chr15"	"CpG"	"hg38"
88.3	2796	"chr16"	"CpG"	"hg38"
88.3	2910	"chr17"	"CpG"	"hg38"
88.3	1998	"chr18"	"CpG"	"hg38"
88.3	2394	"chr19"	"CpG"	"hg38"
88.3	5954	"chr2"	"CpG"	"hg38"
88.3	1976	"chr20"	"CpG"	"hg38"
88.3	996	"chr21"	"CpG"	"hg38"
88.3	1566	"chr22"	"CpG"	"hg38"
88.3	4726	"chr3"	"CpG"	"hg38"
88.3	4072	"chr4"	"CpG"	"hg38"
88.3	4018	"chr5"	"CpG"	"hg38"
88.3	4310	"chr6"	"CpG"	"hg38"
88.3	4442	"chr7"	"CpG"	"hg38"
88.3	3666	"chr8"	"CpG"	"hg38"
88.3	3192	"chr9"	"CpG"	"hg38"
88.3	2602	"chrX"	"CpG"	"hg38"
88.3	366	"chrY"	"CpG"	"hg38"
88.4	6232	"chr1"	"CpG"	"hg38"
88.4	3748	"chr10"	"CpG"	"hg38"
88.4	3508	"chr11"	"CpG"	"hg38"
88.4	3386	"chr12"	"CpG"	"hg38"
88.4	2290	"chr13"	"CpG"	"hg38"
88.4	2196	"chr14"	"CpG"	"hg38"
88.4	2346	"chr15"	"CpG"	"hg38"
88.4	2926	"chr16"	"CpG"	"hg38"
88.4	2860	"chr17"	"CpG"	"hg38"
88.4	2098	"chr18"	"CpG"	"hg38"
88.4	2418	"chr19"	"CpG"	"hg38"
88.4	5888	"chr2"	"CpG"	"hg38"
88.4	1970	"chr20"	"CpG"	"hg38"
88.4	1068	"chr21"	"CpG"	"hg38"
88.4	1504	"chr22"	"CpG"	"hg38"
88.4	4612	"chr3"	"CpG"	"hg38"
88.4	4236	"chr4"	"CpG"	"hg38"
88.4	4136	"chr5"	"CpG"	"hg38"
88.4	4400	"chr6"	"CpG"	"hg38"
88.4	4520	"chr7"	"CpG"	"hg38"
88.4	3636	"chr8"	"CpG"	"hg38"
88.4	3242	"chr9"	"CpG"	"hg38"
88.4	2538	"chrX"	"CpG"	"hg38"
88.4	376	"chrY"	"CpG"	"hg38"
88.5	6272	"chr1"	"CpG"	"hg38"
88.5	4062	"chr10"	"CpG"	"hg38"
88.5	3632	"chr11"	"CpG"	"hg38"
88.5	3444	"chr12"	"CpG"	"hg38"
88.5	2372	"chr13"	"CpG"	"hg38"
88.5	2256	"chr14"	"CpG"	"hg38"
88.5	2376	"chr15"	"CpG"	"hg38"
88.5	3076	"chr16"	"CpG"	"hg38"
88.5	2830	"chr17"	"CpG"	"hg38"
88.5	2126	"chr18"	"CpG"	"hg38"
88.5	2422	"chr19"	"CpG"	"hg38"
88.5	6024	"chr2"	"CpG"	"hg38"
88.5	2022	"chr20"	"CpG"	"hg38"
88.5	1098	"chr21"	"CpG"	"hg38"
88.5	1572	"chr22"	"CpG"	"hg38"
88.5	4602	"chr3"	"CpG"	"hg38"
88.5	4158	"chr4"	"CpG"	"hg38"
88.5	4256	"chr5"	"CpG"	"hg38"
88.5	4410	"chr6"	"CpG"	"hg38"
88.5	4522	"chr7"	"CpG"	"hg38"
88.5	3670	"chr8"	"CpG"	"hg38"
88.5	3440	"chr9"	"CpG"	"hg38"
88.5	2654	"chrX"	"CpG"	"hg38"
88.5	342	"chrY"	"CpG"	"hg38"
88.6	6114	"chr1"	"CpG"	"hg38"
88.6	3804	"chr10"	"CpG"	"hg38"
88.6	3656	"chr11"	"CpG"	"hg38"
88.6	3526	"chr12"	"CpG"	"hg38"
88.6	2336	"chr13"	"CpG"	"hg38"
88.6	2196	"chr14"	"CpG"	"hg38"
88.6	2524	"chr15"	"CpG"	"hg38"
88.6	3154	"chr16"	"CpG"	"hg38"
88.6	3066	"chr17"	"CpG"	"hg38"
88.6	2054	"chr18"	"CpG"	"hg38"
88.6	2476	"chr19"	"CpG"	"hg38"
88.6	6148	"chr2"	"CpG"	"hg38"
88.6	1934	"chr20"	"CpG"	"hg38"
88.6	1036	"chr21"	"CpG"	"hg38"
88.6	1562	"chr22"	"CpG"	"hg38"
88.6	4840	"chr3"	"CpG"	"hg38"
88.6	4392	"chr4"	"CpG"	"hg38"
88.6	4146	"chr5"	"CpG"	"hg38"
88.6	4300	"chr6"	"CpG"	"hg38"
88.6	4592	"chr7"	"CpG"	"hg38"
88.6	3752	"chr8"	"CpG"	"hg38"
88.6	3290	"chr9"	"CpG"	"hg38"
88.6	2560	"chrX"	"CpG"	"hg38"
88.6	362	"chrY"	"CpG"	"hg38"
88.7	6442	"chr1"	"CpG"	"hg38"
88.7	3818	"chr10"	"CpG"	"hg38"
88.7	3580	"chr11"	"CpG"	"hg38"
88.7	3620	"chr12"	"CpG"	"hg38"
88.7	2404	"chr13"	"CpG"	"hg38"
88.7	2418	"chr14"	"CpG"	"hg38"
88.7	2228	"chr15"	"CpG"	"hg38"
88.7	2972	"chr16"	"CpG"	"hg38"
88.7	2980	"chr17"	"CpG"	"hg38"
88.7	2192	"chr18"	"CpG"	"hg38"
88.7	2442	"chr19"	"CpG"	"hg38"
88.7	6096	"chr2"	"CpG"	"hg38"
88.7	1996	"chr20"	"CpG"	"hg38"
88.7	1144	"chr21"	"CpG"	"hg38"
88.7	1532	"chr22"	"CpG"	"hg38"
88.7	4738	"chr3"	"CpG"	"hg38"
88.7	4318	"chr4"	"CpG"	"hg38"
88.7	4312	"chr5"	"CpG"	"hg38"
88.7	4274	"chr6"	"CpG"	"hg38"
88.7	4594	"chr7"	"CpG"	"hg38"
88.7	3872	"chr8"	"CpG"	"hg38"
88.7	3410	"chr9"	"CpG"	"hg38"
88.7	2690	"chrX"	"CpG"	"hg38"
88.7	372	"chrY"	"CpG"	"hg38"
88.8	6240	"chr1"	"CpG"	"hg38"
88.8	3940	"chr10"	"CpG"	"hg38"
88.8	3490	"chr11"	"CpG"	"hg38"
88.8	3666	"chr12"	"CpG"	"hg38"
88.8	2562	"chr13"	"CpG"	"hg38"
88.8	2236	"chr14"	"CpG"	"hg38"
88.8	2414	"chr15"	"CpG"	"hg38"
88.8	3110	"chr16"	"CpG"	"hg38"
88.8	3092	"chr17"	"CpG"	"hg38"
88.8	2084	"chr18"	"CpG"	"hg38"
88.8	2482	"chr19"	"CpG"	"hg38"
88.8	6434	"chr2"	"CpG"	"hg38"
88.8	2068	"chr20"	"CpG"	"hg38"
88.8	1072	"chr21"	"CpG"	"hg38"
88.8	1508	"chr22"	"CpG"	"hg38"
88.8	4920	"chr3"	"CpG"	"hg38"
88.8	4306	"chr4"	"CpG"	"hg38"
88.8	4314	"chr5"	"CpG"	"hg38"
88.8	4380	"chr6"	"CpG"	"hg38"
88.8	4650	"chr7"	"CpG"	"hg38"
88.8	3924	"chr8"	"CpG"	"hg38"
88.8	3464	"chr9"	"CpG"	"hg38"
88.8	2612	"chrX"	"CpG"	"hg38"
88.8	398	"chrY"	"CpG"	"hg38"
88.9	6418	"chr1"	"CpG"	"hg38"
88.9	3888	"chr10"	"CpG"	"hg38"
88.9	3732	"chr11"	"CpG"	"hg38"
88.9	3634	"chr12"	"CpG"	"hg38"
88.9	2466	"chr13"	"CpG"	"hg38"
88.9	2444	"chr14"	"CpG"	"hg38"
88.9	2514	"chr15"	"CpG"	"hg38"
88.9	3110	"chr16"	"CpG"	"hg38"
88.9	3190	"chr17"	"CpG"	"hg38"
88.9	2182	"chr18"	"CpG"	"hg38"
88.9	2570	"chr19"	"CpG"	"hg38"
88.9	6360	"chr2"	"CpG"	"hg38"
88.9	2114	"chr20"	"CpG"	"hg38"
88.9	1070	"chr21"	"CpG"	"hg38"
88.9	1596	"chr22"	"CpG"	"hg38"
88.9	4830	"chr3"	"CpG"	"hg38"
88.9	4390	"chr4"	"CpG"	"hg38"
88.9	4466	"chr5"	"CpG"	"hg38"
88.9	4410	"chr6"	"CpG"	"hg38"
88.9	4614	"chr7"	"CpG"	"hg38"
88.9	3796	"chr8"	"CpG"	"hg38"
88.9	3458	"chr9"	"CpG"	"hg38"
88.9	2672	"chrX"	"CpG"	"hg38"
88.9	352	"chrY"	"CpG"	"hg38"
89	6426	"chr1"	"CpG"	"hg38"
89	3928	"chr10"	"CpG"	"hg38"
89	3602	"chr11"	"CpG"	"hg38"
89	3806	"chr12"	"CpG"	"hg38"
89	2362	"chr13"	"CpG"	"hg38"
89	2430	"chr14"	"CpG"	"hg38"
89	2500	"chr15"	"CpG"	"hg38"
89	3076	"chr16"	"CpG"	"hg38"
89	3174	"chr17"	"CpG"	"hg38"
89	2270	"chr18"	"CpG"	"hg38"
89	2634	"chr19"	"CpG"	"hg38"
89	6366	"chr2"	"CpG"	"hg38"
89	2174	"chr20"	"CpG"	"hg38"
89	1182	"chr21"	"CpG"	"hg38"
89	1566	"chr22"	"CpG"	"hg38"
89	4872	"chr3"	"CpG"	"hg38"
89	4394	"chr4"	"CpG"	"hg38"
89	4648	"chr5"	"CpG"	"hg38"
89	4460	"chr6"	"CpG"	"hg38"
89	4640	"chr7"	"CpG"	"hg38"
89	3964	"chr8"	"CpG"	"hg38"
89	3454	"chr9"	"CpG"	"hg38"
89	2626	"chrX"	"CpG"	"hg38"
89	396	"chrY"	"CpG"	"hg38"
89.1	6722	"chr1"	"CpG"	"hg38"
89.1	4146	"chr10"	"CpG"	"hg38"
89.1	3772	"chr11"	"CpG"	"hg38"
89.1	3944	"chr12"	"CpG"	"hg38"
89.1	2576	"chr13"	"CpG"	"hg38"
89.1	2360	"chr14"	"CpG"	"hg38"
89.1	2516	"chr15"	"CpG"	"hg38"
89.1	3190	"chr16"	"CpG"	"hg38"
89.1	3092	"chr17"	"CpG"	"hg38"
89.1	2058	"chr18"	"CpG"	"hg38"
89.1	2670	"chr19"	"CpG"	"hg38"
89.1	6270	"chr2"	"CpG"	"hg38"
89.1	2248	"chr20"	"CpG"	"hg38"
89.1	1196	"chr21"	"CpG"	"hg38"
89.1	1710	"chr22"	"CpG"	"hg38"
89.1	4890	"chr3"	"CpG"	"hg38"
89.1	4536	"chr4"	"CpG"	"hg38"
89.1	4604	"chr5"	"CpG"	"hg38"
89.1	4656	"chr6"	"CpG"	"hg38"
89.1	4772	"chr7"	"CpG"	"hg38"
89.1	3974	"chr8"	"CpG"	"hg38"
89.1	3556	"chr9"	"CpG"	"hg38"
89.1	2702	"chrX"	"CpG"	"hg38"
89.1	416	"chrY"	"CpG"	"hg38"
89.2	6636	"chr1"	"CpG"	"hg38"
89.2	4106	"chr10"	"CpG"	"hg38"
89.2	3768	"chr11"	"CpG"	"hg38"
89.2	3934	"chr12"	"CpG"	"hg38"
89.2	2514	"chr13"	"CpG"	"hg38"
89.2	2376	"chr14"	"CpG"	"hg38"
89.2	2418	"chr15"	"CpG"	"hg38"
89.2	3284	"chr16"	"CpG"	"hg38"
89.2	3174	"chr17"	"CpG"	"hg38"
89.2	2344	"chr18"	"CpG"	"hg38"
89.2	2666	"chr19"	"CpG"	"hg38"
89.2	6724	"chr2"	"CpG"	"hg38"
89.2	2204	"chr20"	"CpG"	"hg38"
89.2	1106	"chr21"	"CpG"	"hg38"
89.2	1670	"chr22"	"CpG"	"hg38"
89.2	5024	"chr3"	"CpG"	"hg38"
89.2	4544	"chr4"	"CpG"	"hg38"
89.2	4388	"chr5"	"CpG"	"hg38"
89.2	4644	"chr6"	"CpG"	"hg38"
89.2	4826	"chr7"	"CpG"	"hg38"
89.2	4040	"chr8"	"CpG"	"hg38"
89.2	3500	"chr9"	"CpG"	"hg38"
89.2	2704	"chrX"	"CpG"	"hg38"
89.2	358	"chrY"	"CpG"	"hg38"
89.3	6664	"chr1"	"CpG"	"hg38"
89.3	4286	"chr10"	"CpG"	"hg38"
89.3	3792	"chr11"	"CpG"	"hg38"
89.3	3866	"chr12"	"CpG"	"hg38"
89.3	2678	"chr13"	"CpG"	"hg38"
89.3	2484	"chr14"	"CpG"	"hg38"
89.3	2656	"chr15"	"CpG"	"hg38"
89.3	3338	"chr16"	"CpG"	"hg38"
89.3	3136	"chr17"	"CpG"	"hg38"
89.3	2276	"chr18"	"CpG"	"hg38"
89.3	2648	"chr19"	"CpG"	"hg38"
89.3	6482	"chr2"	"CpG"	"hg38"
89.3	2244	"chr20"	"CpG"	"hg38"
89.3	1242	"chr21"	"CpG"	"hg38"
89.3	1694	"chr22"	"CpG"	"hg38"
89.3	5272	"chr3"	"CpG"	"hg38"
89.3	4602	"chr4"	"CpG"	"hg38"
89.3	4310	"chr5"	"CpG"	"hg38"
89.3	4568	"chr6"	"CpG"	"hg38"
89.3	4696	"chr7"	"CpG"	"hg38"
89.3	4110	"chr8"	"CpG"	"hg38"
89.3	3488	"chr9"	"CpG"	"hg38"
89.3	2752	"chrX"	"CpG"	"hg38"
89.3	336	"chrY"	"CpG"	"hg38"
89.4	6782	"chr1"	"CpG"	"hg38"
89.4	4250	"chr10"	"CpG"	"hg38"
89.4	3834	"chr11"	"CpG"	"hg38"
89.4	3912	"chr12"	"CpG"	"hg38"
89.4	2576	"chr13"	"CpG"	"hg38"
89.4	2480	"chr14"	"CpG"	"hg38"
89.4	2690	"chr15"	"CpG"	"hg38"
89.4	3300	"chr16"	"CpG"	"hg38"
89.4	3200	"chr17"	"CpG"	"hg38"
89.4	2218	"chr18"	"CpG"	"hg38"
89.4	2716	"chr19"	"CpG"	"hg38"
89.4	6640	"chr2"	"CpG"	"hg38"
89.4	2198	"chr20"	"CpG"	"hg38"
89.4	1284	"chr21"	"CpG"	"hg38"
89.4	1664	"chr22"	"CpG"	"hg38"
89.4	4964	"chr3"	"CpG"	"hg38"
89.4	4694	"chr4"	"CpG"	"hg38"
89.4	4860	"chr5"	"CpG"	"hg38"
89.4	4816	"chr6"	"CpG"	"hg38"
89.4	5026	"chr7"	"CpG"	"hg38"
89.4	4150	"chr8"	"CpG"	"hg38"
89.4	3640	"chr9"	"CpG"	"hg38"
89.4	2776	"chrX"	"CpG"	"hg38"
89.4	364	"chrY"	"CpG"	"hg38"
89.5	7024	"chr1"	"CpG"	"hg38"
89.5	4246	"chr10"	"CpG"	"hg38"
89.5	3872	"chr11"	"CpG"	"hg38"
89.5	4046	"chr12"	"CpG"	"hg38"
89.5	2560	"chr13"	"CpG"	"hg38"
89.5	2474	"chr14"	"CpG"	"hg38"
89.5	2686	"chr15"	"CpG"	"hg38"
89.5	3532	"chr16"	"CpG"	"hg38"
89.5	3202	"chr17"	"CpG"	"hg38"
89.5	2344	"chr18"	"CpG"	"hg38"
89.5	2780	"chr19"	"CpG"	"hg38"
89.5	6582	"chr2"	"CpG"	"hg38"
89.5	2346	"chr20"	"CpG"	"hg38"
89.5	1300	"chr21"	"CpG"	"hg38"
89.5	1552	"chr22"	"CpG"	"hg38"
89.5	5088	"chr3"	"CpG"	"hg38"
89.5	4706	"chr4"	"CpG"	"hg38"
89.5	4610	"chr5"	"CpG"	"hg38"
89.5	4778	"chr6"	"CpG"	"hg38"
89.5	5088	"chr7"	"CpG"	"hg38"
89.5	4074	"chr8"	"CpG"	"hg38"
89.5	3716	"chr9"	"CpG"	"hg38"
89.5	2836	"chrX"	"CpG"	"hg38"
89.5	376	"chrY"	"CpG"	"hg38"
89.6	7252	"chr1"	"CpG"	"hg38"
89.6	4284	"chr10"	"CpG"	"hg38"
89.6	3916	"chr11"	"CpG"	"hg38"
89.6	4084	"chr12"	"CpG"	"hg38"
89.6	2652	"chr13"	"CpG"	"hg38"
89.6	2550	"chr14"	"CpG"	"hg38"
89.6	2632	"chr15"	"CpG"	"hg38"
89.6	3454	"chr16"	"CpG"	"hg38"
89.6	3284	"chr17"	"CpG"	"hg38"
89.6	2398	"chr18"	"CpG"	"hg38"
89.6	2792	"chr19"	"CpG"	"hg38"
89.6	6970	"chr2"	"CpG"	"hg38"
89.6	2308	"chr20"	"CpG"	"hg38"
89.6	1300	"chr21"	"CpG"	"hg38"
89.6	1780	"chr22"	"CpG"	"hg38"
89.6	5240	"chr3"	"CpG"	"hg38"
89.6	4818	"chr4"	"CpG"	"hg38"
89.6	4712	"chr5"	"CpG"	"hg38"
89.6	5012	"chr6"	"CpG"	"hg38"
89.6	5016	"chr7"	"CpG"	"hg38"
89.6	4210	"chr8"	"CpG"	"hg38"
89.6	3652	"chr9"	"CpG"	"hg38"
89.6	2680	"chrX"	"CpG"	"hg38"
89.6	360	"chrY"	"CpG"	"hg38"
89.7	7036	"chr1"	"CpG"	"hg38"
89.7	4552	"chr10"	"CpG"	"hg38"
89.7	3968	"chr11"	"CpG"	"hg38"
89.7	3990	"chr12"	"CpG"	"hg38"
89.7	2828	"chr13"	"CpG"	"hg38"
89.7	2676	"chr14"	"CpG"	"hg38"
89.7	2838	"chr15"	"CpG"	"hg38"
89.7	3604	"chr16"	"CpG"	"hg38"
89.7	3424	"chr17"	"CpG"	"hg38"
89.7	2218	"chr18"	"CpG"	"hg38"
89.7	2778	"chr19"	"CpG"	"hg38"
89.7	6812	"chr2"	"CpG"	"hg38"
89.7	2278	"chr20"	"CpG"	"hg38"
89.7	1166	"chr21"	"CpG"	"hg38"
89.7	1738	"chr22"	"CpG"	"hg38"
89.7	5332	"chr3"	"CpG"	"hg38"
89.7	4942	"chr4"	"CpG"	"hg38"
89.7	4782	"chr5"	"CpG"	"hg38"
89.7	4946	"chr6"	"CpG"	"hg38"
89.7	5180	"chr7"	"CpG"	"hg38"
89.7	4270	"chr8"	"CpG"	"hg38"
89.7	3700	"chr9"	"CpG"	"hg38"
89.7	2912	"chrX"	"CpG"	"hg38"
89.7	420	"chrY"	"CpG"	"hg38"
89.8	7092	"chr1"	"CpG"	"hg38"
89.8	4632	"chr10"	"CpG"	"hg38"
89.8	3988	"chr11"	"CpG"	"hg38"
89.8	3994	"chr12"	"CpG"	"hg38"
89.8	2710	"chr13"	"CpG"	"hg38"
89.8	2550	"chr14"	"CpG"	"hg38"
89.8	2806	"chr15"	"CpG"	"hg38"
89.8	3474	"chr16"	"CpG"	"hg38"
89.8	3468	"chr17"	"CpG"	"hg38"
89.8	2376	"chr18"	"CpG"	"hg38"
89.8	2756	"chr19"	"CpG"	"hg38"
89.8	6988	"chr2"	"CpG"	"hg38"
89.8	2286	"chr20"	"CpG"	"hg38"
89.8	1256	"chr21"	"CpG"	"hg38"
89.8	1784	"chr22"	"CpG"	"hg38"
89.8	5364	"chr3"	"CpG"	"hg38"
89.8	4944	"chr4"	"CpG"	"hg38"
89.8	4912	"chr5"	"CpG"	"hg38"
89.8	4852	"chr6"	"CpG"	"hg38"
89.8	5018	"chr7"	"CpG"	"hg38"
89.8	4296	"chr8"	"CpG"	"hg38"
89.8	3926	"chr9"	"CpG"	"hg38"
89.8	2806	"chrX"	"CpG"	"hg38"
89.8	432	"chrY"	"CpG"	"hg38"
89.9	7540	"chr1"	"CpG"	"hg38"
89.9	4724	"chr10"	"CpG"	"hg38"
89.9	3980	"chr11"	"CpG"	"hg38"
89.9	4228	"chr12"	"CpG"	"hg38"
89.9	2854	"chr13"	"CpG"	"hg38"
89.9	2590	"chr14"	"CpG"	"hg38"
89.9	2732	"chr15"	"CpG"	"hg38"
89.9	3366	"chr16"	"CpG"	"hg38"
89.9	3502	"chr17"	"CpG"	"hg38"
89.9	2386	"chr18"	"CpG"	"hg38"
89.9	2832	"chr19"	"CpG"	"hg38"
89.9	7034	"chr2"	"CpG"	"hg38"
89.9	2304	"chr20"	"CpG"	"hg38"
89.9	1278	"chr21"	"CpG"	"hg38"
89.9	1748	"chr22"	"CpG"	"hg38"
89.9	5604	"chr3"	"CpG"	"hg38"
89.9	5002	"chr4"	"CpG"	"hg38"
89.9	4896	"chr5"	"CpG"	"hg38"
89.9	5074	"chr6"	"CpG"	"hg38"
89.9	5128	"chr7"	"CpG"	"hg38"
89.9	4390	"chr8"	"CpG"	"hg38"
89.9	3872	"chr9"	"CpG"	"hg38"
89.9	2934	"chrX"	"CpG"	"hg38"
89.9	366	"chrY"	"CpG"	"hg38"
90	7514	"chr1"	"CpG"	"hg38"
90	4646	"chr10"	"CpG"	"hg38"
90	4220	"chr11"	"CpG"	"hg38"
90	4260	"chr12"	"CpG"	"hg38"
90	2900	"chr13"	"CpG"	"hg38"
90	2624	"chr14"	"CpG"	"hg38"
90	2936	"chr15"	"CpG"	"hg38"
90	3676	"chr16"	"CpG"	"hg38"
90	3548	"chr17"	"CpG"	"hg38"
90	2514	"chr18"	"CpG"	"hg38"
90	2790	"chr19"	"CpG"	"hg38"
90	7330	"chr2"	"CpG"	"hg38"
90	2386	"chr20"	"CpG"	"hg38"
90	1358	"chr21"	"CpG"	"hg38"
90	1682	"chr22"	"CpG"	"hg38"
90	5488	"chr3"	"CpG"	"hg38"
90	4948	"chr4"	"CpG"	"hg38"
90	5098	"chr5"	"CpG"	"hg38"
90	5004	"chr6"	"CpG"	"hg38"
90	5406	"chr7"	"CpG"	"hg38"
90	4464	"chr8"	"CpG"	"hg38"
90	4138	"chr9"	"CpG"	"hg38"
90	2844	"chrX"	"CpG"	"hg38"
90	440	"chrY"	"CpG"	"hg38"
90.1	7402	"chr1"	"CpG"	"hg38"
90.1	4706	"chr10"	"CpG"	"hg38"
90.1	4392	"chr11"	"CpG"	"hg38"
90.1	4324	"chr12"	"CpG"	"hg38"
90.1	2916	"chr13"	"CpG"	"hg38"
90.1	2774	"chr14"	"CpG"	"hg38"
90.1	2758	"chr15"	"CpG"	"hg38"
90.1	3604	"chr16"	"CpG"	"hg38"
90.1	3530	"chr17"	"CpG"	"hg38"
90.1	2420	"chr18"	"CpG"	"hg38"
90.1	3004	"chr19"	"CpG"	"hg38"
90.1	7354	"chr2"	"CpG"	"hg38"
90.1	2380	"chr20"	"CpG"	"hg38"
90.1	1310	"chr21"	"CpG"	"hg38"
90.1	1776	"chr22"	"CpG"	"hg38"
90.1	5652	"chr3"	"CpG"	"hg38"
90.1	5202	"chr4"	"CpG"	"hg38"
90.1	4976	"chr5"	"CpG"	"hg38"
90.1	5394	"chr6"	"CpG"	"hg38"
90.1	5418	"chr7"	"CpG"	"hg38"
90.1	4670	"chr8"	"CpG"	"hg38"
90.1	3966	"chr9"	"CpG"	"hg38"
90.1	3046	"chrX"	"CpG"	"hg38"
90.1	428	"chrY"	"CpG"	"hg38"
90.2	7722	"chr1"	"CpG"	"hg38"
90.2	4746	"chr10"	"CpG"	"hg38"
90.2	4268	"chr11"	"CpG"	"hg38"
90.2	4430	"chr12"	"CpG"	"hg38"
90.2	3012	"chr13"	"CpG"	"hg38"
90.2	2746	"chr14"	"CpG"	"hg38"
90.2	3016	"chr15"	"CpG"	"hg38"
90.2	3604	"chr16"	"CpG"	"hg38"
90.2	3666	"chr17"	"CpG"	"hg38"
90.2	2564	"chr18"	"CpG"	"hg38"
90.2	2994	"chr19"	"CpG"	"hg38"
90.2	7444	"chr2"	"CpG"	"hg38"
90.2	2384	"chr20"	"CpG"	"hg38"
90.2	1368	"chr21"	"CpG"	"hg38"
90.2	1918	"chr22"	"CpG"	"hg38"
90.2	5956	"chr3"	"CpG"	"hg38"
90.2	5206	"chr4"	"CpG"	"hg38"
90.2	5140	"chr5"	"CpG"	"hg38"
90.2	5354	"chr6"	"CpG"	"hg38"
90.2	5364	"chr7"	"CpG"	"hg38"
90.2	4484	"chr8"	"CpG"	"hg38"
90.2	4116	"chr9"	"CpG"	"hg38"
90.2	2930	"chrX"	"CpG"	"hg38"
90.2	446	"chrY"	"CpG"	"hg38"
90.3	7802	"chr1"	"CpG"	"hg38"
90.3	4768	"chr10"	"CpG"	"hg38"
90.3	4238	"chr11"	"CpG"	"hg38"
90.3	4464	"chr12"	"CpG"	"hg38"
90.3	2954	"chr13"	"CpG"	"hg38"
90.3	2764	"chr14"	"CpG"	"hg38"
90.3	2834	"chr15"	"CpG"	"hg38"
90.3	3676	"chr16"	"CpG"	"hg38"
90.3	3638	"chr17"	"CpG"	"hg38"
90.3	2520	"chr18"	"CpG"	"hg38"
90.3	3218	"chr19"	"CpG"	"hg38"
90.3	7722	"chr2"	"CpG"	"hg38"
90.3	2434	"chr20"	"CpG"	"hg38"
90.3	1376	"chr21"	"CpG"	"hg38"
90.3	1952	"chr22"	"CpG"	"hg38"
90.3	5702	"chr3"	"CpG"	"hg38"
90.3	5368	"chr4"	"CpG"	"hg38"
90.3	5168	"chr5"	"CpG"	"hg38"
90.3	5406	"chr6"	"CpG"	"hg38"
90.3	5494	"chr7"	"CpG"	"hg38"
90.3	4630	"chr8"	"CpG"	"hg38"
90.3	4066	"chr9"	"CpG"	"hg38"
90.3	2938	"chrX"	"CpG"	"hg38"
90.3	382	"chrY"	"CpG"	"hg38"
90.4	7742	"chr1"	"CpG"	"hg38"
90.4	4734	"chr10"	"CpG"	"hg38"
90.4	4484	"chr11"	"CpG"	"hg38"
90.4	4500	"chr12"	"CpG"	"hg38"
90.4	3126	"chr13"	"CpG"	"hg38"
90.4	2748	"chr14"	"CpG"	"hg38"
90.4	3010	"chr15"	"CpG"	"hg38"
90.4	3732	"chr16"	"CpG"	"hg38"
90.4	3836	"chr17"	"CpG"	"hg38"
90.4	2700	"chr18"	"CpG"	"hg38"
90.4	2968	"chr19"	"CpG"	"hg38"
90.4	7634	"chr2"	"CpG"	"hg38"
90.4	2574	"chr20"	"CpG"	"hg38"
90.4	1398	"chr21"	"CpG"	"hg38"
90.4	1994	"chr22"	"CpG"	"hg38"
90.4	5732	"chr3"	"CpG"	"hg38"
90.4	5584	"chr4"	"CpG"	"hg38"
90.4	5292	"chr5"	"CpG"	"hg38"
90.4	5244	"chr6"	"CpG"	"hg38"
90.4	5448	"chr7"	"CpG"	"hg38"
90.4	4524	"chr8"	"CpG"	"hg38"
90.4	4010	"chr9"	"CpG"	"hg38"
90.4	3058	"chrX"	"CpG"	"hg38"
90.4	434	"chrY"	"CpG"	"hg38"
90.5	8140	"chr1"	"CpG"	"hg38"
90.5	4914	"chr10"	"CpG"	"hg38"
90.5	4510	"chr11"	"CpG"	"hg38"
90.5	4578	"chr12"	"CpG"	"hg38"
90.5	3110	"chr13"	"CpG"	"hg38"
90.5	2798	"chr14"	"CpG"	"hg38"
90.5	3072	"chr15"	"CpG"	"hg38"
90.5	3666	"chr16"	"CpG"	"hg38"
90.5	3912	"chr17"	"CpG"	"hg38"
90.5	2656	"chr18"	"CpG"	"hg38"
90.5	3002	"chr19"	"CpG"	"hg38"
90.5	7806	"chr2"	"CpG"	"hg38"
90.5	2498	"chr20"	"CpG"	"hg38"
90.5	1468	"chr21"	"CpG"	"hg38"
90.5	1842	"chr22"	"CpG"	"hg38"
90.5	6118	"chr3"	"CpG"	"hg38"
90.5	5422	"chr4"	"CpG"	"hg38"
90.5	5360	"chr5"	"CpG"	"hg38"
90.5	5502	"chr6"	"CpG"	"hg38"
90.5	5960	"chr7"	"CpG"	"hg38"
90.5	4758	"chr8"	"CpG"	"hg38"
90.5	4294	"chr9"	"CpG"	"hg38"
90.5	3032	"chrX"	"CpG"	"hg38"
90.5	434	"chrY"	"CpG"	"hg38"
90.6	8214	"chr1"	"CpG"	"hg38"
90.6	5124	"chr10"	"CpG"	"hg38"
90.6	4528	"chr11"	"CpG"	"hg38"
90.6	4664	"chr12"	"CpG"	"hg38"
90.6	2974	"chr13"	"CpG"	"hg38"
90.6	2916	"chr14"	"CpG"	"hg38"
90.6	3020	"chr15"	"CpG"	"hg38"
90.6	3754	"chr16"	"CpG"	"hg38"
90.6	4050	"chr17"	"CpG"	"hg38"
90.6	2532	"chr18"	"CpG"	"hg38"
90.6	3258	"chr19"	"CpG"	"hg38"
90.6	7990	"chr2"	"CpG"	"hg38"
90.6	2470	"chr20"	"CpG"	"hg38"
90.6	1304	"chr21"	"CpG"	"hg38"
90.6	2000	"chr22"	"CpG"	"hg38"
90.6	6078	"chr3"	"CpG"	"hg38"
90.6	5616	"chr4"	"CpG"	"hg38"
90.6	5328	"chr5"	"CpG"	"hg38"
90.6	5706	"chr6"	"CpG"	"hg38"
90.6	5688	"chr7"	"CpG"	"hg38"
90.6	4730	"chr8"	"CpG"	"hg38"
90.6	4440	"chr9"	"CpG"	"hg38"
90.6	3090	"chrX"	"CpG"	"hg38"
90.6	450	"chrY"	"CpG"	"hg38"
90.7	8338	"chr1"	"CpG"	"hg38"
90.7	4934	"chr10"	"CpG"	"hg38"
90.7	4566	"chr11"	"CpG"	"hg38"
90.7	4734	"chr12"	"CpG"	"hg38"
90.7	3084	"chr13"	"CpG"	"hg38"
90.7	3124	"chr14"	"CpG"	"hg38"
90.7	3122	"chr15"	"CpG"	"hg38"
90.7	4010	"chr16"	"CpG"	"hg38"
90.7	4010	"chr17"	"CpG"	"hg38"
90.7	2578	"chr18"	"CpG"	"hg38"
90.7	3288	"chr19"	"CpG"	"hg38"
90.7	7850	"chr2"	"CpG"	"hg38"
90.7	2516	"chr20"	"CpG"	"hg38"
90.7	1506	"chr21"	"CpG"	"hg38"
90.7	2118	"chr22"	"CpG"	"hg38"
90.7	6292	"chr3"	"CpG"	"hg38"
90.7	5506	"chr4"	"CpG"	"hg38"
90.7	5632	"chr5"	"CpG"	"hg38"
90.7	5586	"chr6"	"CpG"	"hg38"
90.7	5926	"chr7"	"CpG"	"hg38"
90.7	4996	"chr8"	"CpG"	"hg38"
90.7	4382	"chr9"	"CpG"	"hg38"
90.7	3088	"chrX"	"CpG"	"hg38"
90.7	418	"chrY"	"CpG"	"hg38"
90.8	8484	"chr1"	"CpG"	"hg38"
90.8	5156	"chr10"	"CpG"	"hg38"
90.8	4706	"chr11"	"CpG"	"hg38"
90.8	4832	"chr12"	"CpG"	"hg38"
90.8	3078	"chr13"	"CpG"	"hg38"
90.8	3084	"chr14"	"CpG"	"hg38"
90.8	3346	"chr15"	"CpG"	"hg38"
90.8	3886	"chr16"	"CpG"	"hg38"
90.8	4112	"chr17"	"CpG"	"hg38"
90.8	2722	"chr18"	"CpG"	"hg38"
90.8	3208	"chr19"	"CpG"	"hg38"
90.8	8056	"chr2"	"CpG"	"hg38"
90.8	2610	"chr20"	"CpG"	"hg38"
90.8	1470	"chr21"	"CpG"	"hg38"
90.8	2058	"chr22"	"CpG"	"hg38"
90.8	6274	"chr3"	"CpG"	"hg38"
90.8	5800	"chr4"	"CpG"	"hg38"
90.8	5544	"chr5"	"CpG"	"hg38"
90.8	5556	"chr6"	"CpG"	"hg38"
90.8	6092	"chr7"	"CpG"	"hg38"
90.8	5014	"chr8"	"CpG"	"hg38"
90.8	4474	"chr9"	"CpG"	"hg38"
90.8	3196	"chrX"	"CpG"	"hg38"
90.8	474	"chrY"	"CpG"	"hg38"
90.9	8352	"chr1"	"CpG"	"hg38"
90.9	5160	"chr10"	"CpG"	"hg38"
90.9	5052	"chr11"	"CpG"	"hg38"
90.9	4826	"chr12"	"CpG"	"hg38"
90.9	3240	"chr13"	"CpG"	"hg38"
90.9	3178	"chr14"	"CpG"	"hg38"
90.9	3288	"chr15"	"CpG"	"hg38"
90.9	3850	"chr16"	"CpG"	"hg38"
90.9	4040	"chr17"	"CpG"	"hg38"
90.9	2752	"chr18"	"CpG"	"hg38"
90.9	3314	"chr19"	"CpG"	"hg38"
90.9	8466	"chr2"	"CpG"	"hg38"
90.9	2766	"chr20"	"CpG"	"hg38"
90.9	1494	"chr21"	"CpG"	"hg38"
90.9	2154	"chr22"	"CpG"	"hg38"
90.9	6374	"chr3"	"CpG"	"hg38"
90.9	5760	"chr4"	"CpG"	"hg38"
90.9	5704	"chr5"	"CpG"	"hg38"
90.9	6070	"chr6"	"CpG"	"hg38"
90.9	6218	"chr7"	"CpG"	"hg38"
90.9	5230	"chr8"	"CpG"	"hg38"
90.9	4602	"chr9"	"CpG"	"hg38"
90.9	3212	"chrX"	"CpG"	"hg38"
90.9	426	"chrY"	"CpG"	"hg38"
91	8592	"chr1"	"CpG"	"hg38"
91	5312	"chr10"	"CpG"	"hg38"
91	4894	"chr11"	"CpG"	"hg38"
91	5020	"chr12"	"CpG"	"hg38"
91	3234	"chr13"	"CpG"	"hg38"
91	3142	"chr14"	"CpG"	"hg38"
91	3260	"chr15"	"CpG"	"hg38"
91	4212	"chr16"	"CpG"	"hg38"
91	4058	"chr17"	"CpG"	"hg38"
91	2790	"chr18"	"CpG"	"hg38"
91	3352	"chr19"	"CpG"	"hg38"
91	8410	"chr2"	"CpG"	"hg38"
91	2650	"chr20"	"CpG"	"hg38"
91	1550	"chr21"	"CpG"	"hg38"
91	2232	"chr22"	"CpG"	"hg38"
91	6546	"chr3"	"CpG"	"hg38"
91	5918	"chr4"	"CpG"	"hg38"
91	5870	"chr5"	"CpG"	"hg38"
91	6080	"chr6"	"CpG"	"hg38"
91	6418	"chr7"	"CpG"	"hg38"
91	5166	"chr8"	"CpG"	"hg38"
91	4474	"chr9"	"CpG"	"hg38"
91	3342	"chrX"	"CpG"	"hg38"
91	432	"chrY"	"CpG"	"hg38"
91.1	9146	"chr1"	"CpG"	"hg38"
91.1	5340	"chr10"	"CpG"	"hg38"
91.1	4826	"chr11"	"CpG"	"hg38"
91.1	5126	"chr12"	"CpG"	"hg38"
91.1	3264	"chr13"	"CpG"	"hg38"
91.1	3360	"chr14"	"CpG"	"hg38"
91.1	3404	"chr15"	"CpG"	"hg38"
91.1	4188	"chr16"	"CpG"	"hg38"
91.1	4042	"chr17"	"CpG"	"hg38"
91.1	2952	"chr18"	"CpG"	"hg38"
91.1	3474	"chr19"	"CpG"	"hg38"
91.1	8690	"chr2"	"CpG"	"hg38"
91.1	2848	"chr20"	"CpG"	"hg38"
91.1	1552	"chr21"	"CpG"	"hg38"
91.1	2144	"chr22"	"CpG"	"hg38"
91.1	6642	"chr3"	"CpG"	"hg38"
91.1	5992	"chr4"	"CpG"	"hg38"
91.1	6052	"chr5"	"CpG"	"hg38"
91.1	6236	"chr6"	"CpG"	"hg38"
91.1	6248	"chr7"	"CpG"	"hg38"
91.1	5380	"chr8"	"CpG"	"hg38"
91.1	4880	"chr9"	"CpG"	"hg38"
91.1	3330	"chrX"	"CpG"	"hg38"
91.1	452	"chrY"	"CpG"	"hg38"
91.2	9192	"chr1"	"CpG"	"hg38"
91.2	5600	"chr10"	"CpG"	"hg38"
91.2	5152	"chr11"	"CpG"	"hg38"
91.2	5226	"chr12"	"CpG"	"hg38"
91.2	3310	"chr13"	"CpG"	"hg38"
91.2	3318	"chr14"	"CpG"	"hg38"
91.2	3330	"chr15"	"CpG"	"hg38"
91.2	4416	"chr16"	"CpG"	"hg38"
91.2	4178	"chr17"	"CpG"	"hg38"
91.2	2978	"chr18"	"CpG"	"hg38"
91.2	3570	"chr19"	"CpG"	"hg38"
91.2	9014	"chr2"	"CpG"	"hg38"
91.2	2788	"chr20"	"CpG"	"hg38"
91.2	1502	"chr21"	"CpG"	"hg38"
91.2	2180	"chr22"	"CpG"	"hg38"
91.2	6778	"chr3"	"CpG"	"hg38"
91.2	6198	"chr4"	"CpG"	"hg38"
91.2	5980	"chr5"	"CpG"	"hg38"
91.2	6206	"chr6"	"CpG"	"hg38"
91.2	6428	"chr7"	"CpG"	"hg38"
91.2	5228	"chr8"	"CpG"	"hg38"
91.2	4674	"chr9"	"CpG"	"hg38"
91.2	3364	"chrX"	"CpG"	"hg38"
91.2	526	"chrY"	"CpG"	"hg38"
91.3	9036	"chr1"	"CpG"	"hg38"
91.3	5568	"chr10"	"CpG"	"hg38"
91.3	5152	"chr11"	"CpG"	"hg38"
91.3	5124	"chr12"	"CpG"	"hg38"
91.3	3288	"chr13"	"CpG"	"hg38"
91.3	3324	"chr14"	"CpG"	"hg38"
91.3	3300	"chr15"	"CpG"	"hg38"
91.3	4418	"chr16"	"CpG"	"hg38"
91.3	4380	"chr17"	"CpG"	"hg38"
91.3	2808	"chr18"	"CpG"	"hg38"
91.3	3702	"chr19"	"CpG"	"hg38"
91.3	8862	"chr2"	"CpG"	"hg38"
91.3	2830	"chr20"	"CpG"	"hg38"
91.3	1618	"chr21"	"CpG"	"hg38"
91.3	2306	"chr22"	"CpG"	"hg38"
91.3	6646	"chr3"	"CpG"	"hg38"
91.3	6392	"chr4"	"CpG"	"hg38"
91.3	6352	"chr5"	"CpG"	"hg38"
91.3	6210	"chr6"	"CpG"	"hg38"
91.3	6414	"chr7"	"CpG"	"hg38"
91.3	5294	"chr8"	"CpG"	"hg38"
91.3	4660	"chr9"	"CpG"	"hg38"
91.3	3356	"chrX"	"CpG"	"hg38"
91.3	500	"chrY"	"CpG"	"hg38"
91.4	9488	"chr1"	"CpG"	"hg38"
91.4	5678	"chr10"	"CpG"	"hg38"
91.4	5218	"chr11"	"CpG"	"hg38"
91.4	5322	"chr12"	"CpG"	"hg38"
91.4	3446	"chr13"	"CpG"	"hg38"
91.4	3390	"chr14"	"CpG"	"hg38"
91.4	3620	"chr15"	"CpG"	"hg38"
91.4	4368	"chr16"	"CpG"	"hg38"
91.4	4410	"chr17"	"CpG"	"hg38"
91.4	3060	"chr18"	"CpG"	"hg38"
91.4	3672	"chr19"	"CpG"	"hg38"
91.4	9102	"chr2"	"CpG"	"hg38"
91.4	2890	"chr20"	"CpG"	"hg38"
91.4	1682	"chr21"	"CpG"	"hg38"
91.4	2116	"chr22"	"CpG"	"hg38"
91.4	7026	"chr3"	"CpG"	"hg38"
91.4	6334	"chr4"	"CpG"	"hg38"
91.4	6100	"chr5"	"CpG"	"hg38"
91.4	6666	"chr6"	"CpG"	"hg38"
91.4	6726	"chr7"	"CpG"	"hg38"
91.4	5554	"chr8"	"CpG"	"hg38"
91.4	4954	"chr9"	"CpG"	"hg38"
91.4	3428	"chrX"	"CpG"	"hg38"
91.4	448	"chrY"	"CpG"	"hg38"
91.5	9580	"chr1"	"CpG"	"hg38"
91.5	5758	"chr10"	"CpG"	"hg38"
91.5	5326	"chr11"	"CpG"	"hg38"
91.5	5598	"chr12"	"CpG"	"hg38"
91.5	3468	"chr13"	"CpG"	"hg38"
91.5	3636	"chr14"	"CpG"	"hg38"
91.5	3632	"chr15"	"CpG"	"hg38"
91.5	4506	"chr16"	"CpG"	"hg38"
91.5	4604	"chr17"	"CpG"	"hg38"
91.5	3084	"chr18"	"CpG"	"hg38"
91.5	3746	"chr19"	"CpG"	"hg38"
91.5	9328	"chr2"	"CpG"	"hg38"
91.5	2976	"chr20"	"CpG"	"hg38"
91.5	1626	"chr21"	"CpG"	"hg38"
91.5	2298	"chr22"	"CpG"	"hg38"
91.5	7194	"chr3"	"CpG"	"hg38"
91.5	6448	"chr4"	"CpG"	"hg38"
91.5	6404	"chr5"	"CpG"	"hg38"
91.5	6638	"chr6"	"CpG"	"hg38"
91.5	6712	"chr7"	"CpG"	"hg38"
91.5	5544	"chr8"	"CpG"	"hg38"
91.5	5014	"chr9"	"CpG"	"hg38"
91.5	3400	"chrX"	"CpG"	"hg38"
91.5	428	"chrY"	"CpG"	"hg38"
91.6	9776	"chr1"	"CpG"	"hg38"
91.6	5850	"chr10"	"CpG"	"hg38"
91.6	5538	"chr11"	"CpG"	"hg38"
91.6	5642	"chr12"	"CpG"	"hg38"
91.6	3728	"chr13"	"CpG"	"hg38"
91.6	3490	"chr14"	"CpG"	"hg38"
91.6	3658	"chr15"	"CpG"	"hg38"
91.6	4672	"chr16"	"CpG"	"hg38"
91.6	4662	"chr17"	"CpG"	"hg38"
91.6	3092	"chr18"	"CpG"	"hg38"
91.6	3872	"chr19"	"CpG"	"hg38"
91.6	9512	"chr2"	"CpG"	"hg38"
91.6	2958	"chr20"	"CpG"	"hg38"
91.6	1806	"chr21"	"CpG"	"hg38"
91.6	2312	"chr22"	"CpG"	"hg38"
91.6	7222	"chr3"	"CpG"	"hg38"
91.6	6598	"chr4"	"CpG"	"hg38"
91.6	6612	"chr5"	"CpG"	"hg38"
91.6	6902	"chr6"	"CpG"	"hg38"
91.6	6702	"chr7"	"CpG"	"hg38"
91.6	5712	"chr8"	"CpG"	"hg38"
91.6	5148	"chr9"	"CpG"	"hg38"
91.6	3618	"chrX"	"CpG"	"hg38"
91.6	478	"chrY"	"CpG"	"hg38"
91.7	9914	"chr1"	"CpG"	"hg38"
91.7	6120	"chr10"	"CpG"	"hg38"
91.7	5580	"chr11"	"CpG"	"hg38"
91.7	5724	"chr12"	"CpG"	"hg38"
91.7	3726	"chr13"	"CpG"	"hg38"
91.7	3606	"chr14"	"CpG"	"hg38"
91.7	3824	"chr15"	"CpG"	"hg38"
91.7	4764	"chr16"	"CpG"	"hg38"
91.7	4732	"chr17"	"CpG"	"hg38"
91.7	3274	"chr18"	"CpG"	"hg38"
91.7	4008	"chr19"	"CpG"	"hg38"
91.7	9598	"chr2"	"CpG"	"hg38"
91.7	3062	"chr20"	"CpG"	"hg38"
91.7	1632	"chr21"	"CpG"	"hg38"
91.7	2284	"chr22"	"CpG"	"hg38"
91.7	7546	"chr3"	"CpG"	"hg38"
91.7	6842	"chr4"	"CpG"	"hg38"
91.7	6620	"chr5"	"CpG"	"hg38"
91.7	6900	"chr6"	"CpG"	"hg38"
91.7	7156	"chr7"	"CpG"	"hg38"
91.7	5766	"chr8"	"CpG"	"hg38"
91.7	5110	"chr9"	"CpG"	"hg38"
91.7	3672	"chrX"	"CpG"	"hg38"
91.7	528	"chrY"	"CpG"	"hg38"
91.8	10248	"chr1"	"CpG"	"hg38"
91.8	6270	"chr10"	"CpG"	"hg38"
91.8	5628	"chr11"	"CpG"	"hg38"
91.8	5696	"chr12"	"CpG"	"hg38"
91.8	3792	"chr13"	"CpG"	"hg38"
91.8	3846	"chr14"	"CpG"	"hg38"
91.8	3780	"chr15"	"CpG"	"hg38"
91.8	4738	"chr16"	"CpG"	"hg38"
91.8	5088	"chr17"	"CpG"	"hg38"
91.8	3080	"chr18"	"CpG"	"hg38"
91.8	4034	"chr19"	"CpG"	"hg38"
91.8	9816	"chr2"	"CpG"	"hg38"
91.8	3090	"chr20"	"CpG"	"hg38"
91.8	1710	"chr21"	"CpG"	"hg38"
91.8	2418	"chr22"	"CpG"	"hg38"
91.8	7564	"chr3"	"CpG"	"hg38"
91.8	6768	"chr4"	"CpG"	"hg38"
91.8	7054	"chr5"	"CpG"	"hg38"
91.8	7132	"chr6"	"CpG"	"hg38"
91.8	7210	"chr7"	"CpG"	"hg38"
91.8	6010	"chr8"	"CpG"	"hg38"
91.8	5344	"chr9"	"CpG"	"hg38"
91.8	3992	"chrX"	"CpG"	"hg38"
91.8	512	"chrY"	"CpG"	"hg38"
91.9	10382	"chr1"	"CpG"	"hg38"
91.9	6364	"chr10"	"CpG"	"hg38"
91.9	5610	"chr11"	"CpG"	"hg38"
91.9	5858	"chr12"	"CpG"	"hg38"
91.9	3784	"chr13"	"CpG"	"hg38"
91.9	3676	"chr14"	"CpG"	"hg38"
91.9	3892	"chr15"	"CpG"	"hg38"
91.9	4956	"chr16"	"CpG"	"hg38"
91.9	4846	"chr17"	"CpG"	"hg38"
91.9	3382	"chr18"	"CpG"	"hg38"
91.9	4236	"chr19"	"CpG"	"hg38"
91.9	10218	"chr2"	"CpG"	"hg38"
91.9	3352	"chr20"	"CpG"	"hg38"
91.9	1854	"chr21"	"CpG"	"hg38"
91.9	2520	"chr22"	"CpG"	"hg38"
91.9	7810	"chr3"	"CpG"	"hg38"
91.9	7390	"chr4"	"CpG"	"hg38"
91.9	7098	"chr5"	"CpG"	"hg38"
91.9	7230	"chr6"	"CpG"	"hg38"
91.9	7106	"chr7"	"CpG"	"hg38"
91.9	6108	"chr8"	"CpG"	"hg38"
91.9	5408	"chr9"	"CpG"	"hg38"
91.9	3876	"chrX"	"CpG"	"hg38"
91.9	576	"chrY"	"CpG"	"hg38"
92	10614	"chr1"	"CpG"	"hg38"
92	6402	"chr10"	"CpG"	"hg38"
92	5802	"chr11"	"CpG"	"hg38"
92	6046	"chr12"	"CpG"	"hg38"
92	3954	"chr13"	"CpG"	"hg38"
92	3684	"chr14"	"CpG"	"hg38"
92	4000	"chr15"	"CpG"	"hg38"
92	5144	"chr16"	"CpG"	"hg38"
92	5018	"chr17"	"CpG"	"hg38"
92	3500	"chr18"	"CpG"	"hg38"
92	4166	"chr19"	"CpG"	"hg38"
92	10272	"chr2"	"CpG"	"hg38"
92	3124	"chr20"	"CpG"	"hg38"
92	1860	"chr21"	"CpG"	"hg38"
92	2554	"chr22"	"CpG"	"hg38"
92	7898	"chr3"	"CpG"	"hg38"
92	7016	"chr4"	"CpG"	"hg38"
92	7312	"chr5"	"CpG"	"hg38"
92	7576	"chr6"	"CpG"	"hg38"
92	7580	"chr7"	"CpG"	"hg38"
92	6144	"chr8"	"CpG"	"hg38"
92	5536	"chr9"	"CpG"	"hg38"
92	4008	"chrX"	"CpG"	"hg38"
92	548	"chrY"	"CpG"	"hg38"
92.1	10970	"chr1"	"CpG"	"hg38"
92.1	6630	"chr10"	"CpG"	"hg38"
92.1	6064	"chr11"	"CpG"	"hg38"
92.1	6142	"chr12"	"CpG"	"hg38"
92.1	4192	"chr13"	"CpG"	"hg38"
92.1	3932	"chr14"	"CpG"	"hg38"
92.1	4026	"chr15"	"CpG"	"hg38"
92.1	5074	"chr16"	"CpG"	"hg38"
92.1	5248	"chr17"	"CpG"	"hg38"
92.1	3424	"chr18"	"CpG"	"hg38"
92.1	4020	"chr19"	"CpG"	"hg38"
92.1	10806	"chr2"	"CpG"	"hg38"
92.1	3366	"chr20"	"CpG"	"hg38"
92.1	1962	"chr21"	"CpG"	"hg38"
92.1	2556	"chr22"	"CpG"	"hg38"
92.1	8332	"chr3"	"CpG"	"hg38"
92.1	7320	"chr4"	"CpG"	"hg38"
92.1	7500	"chr5"	"CpG"	"hg38"
92.1	7672	"chr6"	"CpG"	"hg38"
92.1	7652	"chr7"	"CpG"	"hg38"
92.1	6618	"chr8"	"CpG"	"hg38"
92.1	5618	"chr9"	"CpG"	"hg38"
92.1	3944	"chrX"	"CpG"	"hg38"
92.1	534	"chrY"	"CpG"	"hg38"
92.2	10956	"chr1"	"CpG"	"hg38"
92.2	6670	"chr10"	"CpG"	"hg38"
92.2	6102	"chr11"	"CpG"	"hg38"
92.2	6362	"chr12"	"CpG"	"hg38"
92.2	4160	"chr13"	"CpG"	"hg38"
92.2	4106	"chr14"	"CpG"	"hg38"
92.2	4336	"chr15"	"CpG"	"hg38"
92.2	5188	"chr16"	"CpG"	"hg38"
92.2	5202	"chr17"	"CpG"	"hg38"
92.2	3634	"chr18"	"CpG"	"hg38"
92.2	4344	"chr19"	"CpG"	"hg38"
92.2	10896	"chr2"	"CpG"	"hg38"
92.2	3320	"chr20"	"CpG"	"hg38"
92.2	1970	"chr21"	"CpG"	"hg38"
92.2	2774	"chr22"	"CpG"	"hg38"
92.2	8374	"chr3"	"CpG"	"hg38"
92.2	7744	"chr4"	"CpG"	"hg38"
92.2	7744	"chr5"	"CpG"	"hg38"
92.2	7692	"chr6"	"CpG"	"hg38"
92.2	7776	"chr7"	"CpG"	"hg38"
92.2	6248	"chr8"	"CpG"	"hg38"
92.2	5826	"chr9"	"CpG"	"hg38"
92.2	4232	"chrX"	"CpG"	"hg38"
92.2	614	"chrY"	"CpG"	"hg38"
92.3	11386	"chr1"	"CpG"	"hg38"
92.3	6940	"chr10"	"CpG"	"hg38"
92.3	6314	"chr11"	"CpG"	"hg38"
92.3	6512	"chr12"	"CpG"	"hg38"
92.3	4162	"chr13"	"CpG"	"hg38"
92.3	4188	"chr14"	"CpG"	"hg38"
92.3	4382	"chr15"	"CpG"	"hg38"
92.3	5360	"chr16"	"CpG"	"hg38"
92.3	5404	"chr17"	"CpG"	"hg38"
92.3	3680	"chr18"	"CpG"	"hg38"
92.3	4594	"chr19"	"CpG"	"hg38"
92.3	11100	"chr2"	"CpG"	"hg38"
92.3	3440	"chr20"	"CpG"	"hg38"
92.3	1990	"chr21"	"CpG"	"hg38"
92.3	2752	"chr22"	"CpG"	"hg38"
92.3	8704	"chr3"	"CpG"	"hg38"
92.3	7722	"chr4"	"CpG"	"hg38"
92.3	7820	"chr5"	"CpG"	"hg38"
92.3	7976	"chr6"	"CpG"	"hg38"
92.3	8034	"chr7"	"CpG"	"hg38"
92.3	6634	"chr8"	"CpG"	"hg38"
92.3	6190	"chr9"	"CpG"	"hg38"
92.3	4332	"chrX"	"CpG"	"hg38"
92.3	584	"chrY"	"CpG"	"hg38"
92.4	11792	"chr1"	"CpG"	"hg38"
92.4	7128	"chr10"	"CpG"	"hg38"
92.4	6546	"chr11"	"CpG"	"hg38"
92.4	6796	"chr12"	"CpG"	"hg38"
92.4	4504	"chr13"	"CpG"	"hg38"
92.4	4140	"chr14"	"CpG"	"hg38"
92.4	4480	"chr15"	"CpG"	"hg38"
92.4	5400	"chr16"	"CpG"	"hg38"
92.4	5656	"chr17"	"CpG"	"hg38"
92.4	3838	"chr18"	"CpG"	"hg38"
92.4	4564	"chr19"	"CpG"	"hg38"
92.4	11622	"chr2"	"CpG"	"hg38"
92.4	3708	"chr20"	"CpG"	"hg38"
92.4	1922	"chr21"	"CpG"	"hg38"
92.4	2662	"chr22"	"CpG"	"hg38"
92.4	8868	"chr3"	"CpG"	"hg38"
92.4	8172	"chr4"	"CpG"	"hg38"
92.4	8018	"chr5"	"CpG"	"hg38"
92.4	8164	"chr6"	"CpG"	"hg38"
92.4	8494	"chr7"	"CpG"	"hg38"
92.4	7104	"chr8"	"CpG"	"hg38"
92.4	6208	"chr9"	"CpG"	"hg38"
92.4	4468	"chrX"	"CpG"	"hg38"
92.4	610	"chrY"	"CpG"	"hg38"
92.5	12090	"chr1"	"CpG"	"hg38"
92.5	7364	"chr10"	"CpG"	"hg38"
92.5	6890	"chr11"	"CpG"	"hg38"
92.5	7054	"chr12"	"CpG"	"hg38"
92.5	4440	"chr13"	"CpG"	"hg38"
92.5	4388	"chr14"	"CpG"	"hg38"
92.5	4476	"chr15"	"CpG"	"hg38"
92.5	5610	"chr16"	"CpG"	"hg38"
92.5	5738	"chr17"	"CpG"	"hg38"
92.5	3940	"chr18"	"CpG"	"hg38"
92.5	4706	"chr19"	"CpG"	"hg38"
92.5	11790	"chr2"	"CpG"	"hg38"
92.5	3786	"chr20"	"CpG"	"hg38"
92.5	2028	"chr21"	"CpG"	"hg38"
92.5	2920	"chr22"	"CpG"	"hg38"
92.5	9334	"chr3"	"CpG"	"hg38"
92.5	8078	"chr4"	"CpG"	"hg38"
92.5	8072	"chr5"	"CpG"	"hg38"
92.5	8360	"chr6"	"CpG"	"hg38"
92.5	8404	"chr7"	"CpG"	"hg38"
92.5	6906	"chr8"	"CpG"	"hg38"
92.5	6474	"chr9"	"CpG"	"hg38"
92.5	4542	"chrX"	"CpG"	"hg38"
92.5	646	"chrY"	"CpG"	"hg38"
92.6	12784	"chr1"	"CpG"	"hg38"
92.6	7726	"chr10"	"CpG"	"hg38"
92.6	6984	"chr11"	"CpG"	"hg38"
92.6	7154	"chr12"	"CpG"	"hg38"
92.6	4684	"chr13"	"CpG"	"hg38"
92.6	4754	"chr14"	"CpG"	"hg38"
92.6	4738	"chr15"	"CpG"	"hg38"
92.6	5682	"chr16"	"CpG"	"hg38"
92.6	6034	"chr17"	"CpG"	"hg38"
92.6	4006	"chr18"	"CpG"	"hg38"
92.6	4808	"chr19"	"CpG"	"hg38"
92.6	12044	"chr2"	"CpG"	"hg38"
92.6	3814	"chr20"	"CpG"	"hg38"
92.6	2080	"chr21"	"CpG"	"hg38"
92.6	2880	"chr22"	"CpG"	"hg38"
92.6	9324	"chr3"	"CpG"	"hg38"
92.6	8608	"chr4"	"CpG"	"hg38"
92.6	8568	"chr5"	"CpG"	"hg38"
92.6	8742	"chr6"	"CpG"	"hg38"
92.6	8598	"chr7"	"CpG"	"hg38"
92.6	7176	"chr8"	"CpG"	"hg38"
92.6	6610	"chr9"	"CpG"	"hg38"
92.6	4766	"chrX"	"CpG"	"hg38"
92.6	726	"chrY"	"CpG"	"hg38"
92.7	12814	"chr1"	"CpG"	"hg38"
92.7	7772	"chr10"	"CpG"	"hg38"
92.7	7380	"chr11"	"CpG"	"hg38"
92.7	7492	"chr12"	"CpG"	"hg38"
92.7	4914	"chr13"	"CpG"	"hg38"
92.7	4806	"chr14"	"CpG"	"hg38"
92.7	4892	"chr15"	"CpG"	"hg38"
92.7	5836	"chr16"	"CpG"	"hg38"
92.7	6050	"chr17"	"CpG"	"hg38"
92.7	4128	"chr18"	"CpG"	"hg38"
92.7	5014	"chr19"	"CpG"	"hg38"
92.7	12564	"chr2"	"CpG"	"hg38"
92.7	4148	"chr20"	"CpG"	"hg38"
92.7	2186	"chr21"	"CpG"	"hg38"
92.7	2966	"chr22"	"CpG"	"hg38"
92.7	9656	"chr3"	"CpG"	"hg38"
92.7	8554	"chr4"	"CpG"	"hg38"
92.7	8550	"chr5"	"CpG"	"hg38"
92.7	9114	"chr6"	"CpG"	"hg38"
92.7	8956	"chr7"	"CpG"	"hg38"
92.7	7636	"chr8"	"CpG"	"hg38"
92.7	6772	"chr9"	"CpG"	"hg38"
92.7	5152	"chrX"	"CpG"	"hg38"
92.7	660	"chrY"	"CpG"	"hg38"
92.8	13510	"chr1"	"CpG"	"hg38"
92.8	7870	"chr10"	"CpG"	"hg38"
92.8	7362	"chr11"	"CpG"	"hg38"
92.8	7496	"chr12"	"CpG"	"hg38"
92.8	4956	"chr13"	"CpG"	"hg38"
92.8	4804	"chr14"	"CpG"	"hg38"
92.8	5144	"chr15"	"CpG"	"hg38"
92.8	6372	"chr16"	"CpG"	"hg38"
92.8	6170	"chr17"	"CpG"	"hg38"
92.8	4118	"chr18"	"CpG"	"hg38"
92.8	5174	"chr19"	"CpG"	"hg38"
92.8	12828	"chr2"	"CpG"	"hg38"
92.8	4180	"chr20"	"CpG"	"hg38"
92.8	2194	"chr21"	"CpG"	"hg38"
92.8	3168	"chr22"	"CpG"	"hg38"
92.8	9888	"chr3"	"CpG"	"hg38"
92.8	8988	"chr4"	"CpG"	"hg38"
92.8	8898	"chr5"	"CpG"	"hg38"
92.8	9114	"chr6"	"CpG"	"hg38"
92.8	9458	"chr7"	"CpG"	"hg38"
92.8	7586	"chr8"	"CpG"	"hg38"
92.8	6922	"chr9"	"CpG"	"hg38"
92.8	5128	"chrX"	"CpG"	"hg38"
92.8	764	"chrY"	"CpG"	"hg38"
92.9	13856	"chr1"	"CpG"	"hg38"
92.9	8170	"chr10"	"CpG"	"hg38"
92.9	7750	"chr11"	"CpG"	"hg38"
92.9	8118	"chr12"	"CpG"	"hg38"
92.9	5098	"chr13"	"CpG"	"hg38"
92.9	4918	"chr14"	"CpG"	"hg38"
92.9	5194	"chr15"	"CpG"	"hg38"
92.9	6322	"chr16"	"CpG"	"hg38"
92.9	6456	"chr17"	"CpG"	"hg38"
92.9	4390	"chr18"	"CpG"	"hg38"
92.9	5344	"chr19"	"CpG"	"hg38"
92.9	13570	"chr2"	"CpG"	"hg38"
92.9	4262	"chr20"	"CpG"	"hg38"
92.9	2298	"chr21"	"CpG"	"hg38"
92.9	3170	"chr22"	"CpG"	"hg38"
92.9	10378	"chr3"	"CpG"	"hg38"
92.9	9452	"chr4"	"CpG"	"hg38"
92.9	9122	"chr5"	"CpG"	"hg38"
92.9	9390	"chr6"	"CpG"	"hg38"
92.9	9422	"chr7"	"CpG"	"hg38"
92.9	8044	"chr8"	"CpG"	"hg38"
92.9	7230	"chr9"	"CpG"	"hg38"
92.9	5116	"chrX"	"CpG"	"hg38"
92.9	760	"chrY"	"CpG"	"hg38"
93	14310	"chr1"	"CpG"	"hg38"
93	8614	"chr10"	"CpG"	"hg38"
93	7768	"chr11"	"CpG"	"hg38"
93	8140	"chr12"	"CpG"	"hg38"
93	5226	"chr13"	"CpG"	"hg38"
93	5178	"chr14"	"CpG"	"hg38"
93	5520	"chr15"	"CpG"	"hg38"
93	6444	"chr16"	"CpG"	"hg38"
93	6918	"chr17"	"CpG"	"hg38"
93	4578	"chr18"	"CpG"	"hg38"
93	5464	"chr19"	"CpG"	"hg38"
93	13940	"chr2"	"CpG"	"hg38"
93	4350	"chr20"	"CpG"	"hg38"
93	2520	"chr21"	"CpG"	"hg38"
93	3210	"chr22"	"CpG"	"hg38"
93	10842	"chr3"	"CpG"	"hg38"
93	9562	"chr4"	"CpG"	"hg38"
93	9582	"chr5"	"CpG"	"hg38"
93	9974	"chr6"	"CpG"	"hg38"
93	9902	"chr7"	"CpG"	"hg38"
93	8414	"chr8"	"CpG"	"hg38"
93	7378	"chr9"	"CpG"	"hg38"
93	5658	"chrX"	"CpG"	"hg38"
93	718	"chrY"	"CpG"	"hg38"
93.1	14538	"chr1"	"CpG"	"hg38"
93.1	8534	"chr10"	"CpG"	"hg38"
93.1	8356	"chr11"	"CpG"	"hg38"
93.1	8546	"chr12"	"CpG"	"hg38"
93.1	5672	"chr13"	"CpG"	"hg38"
93.1	5638	"chr14"	"CpG"	"hg38"
93.1	5426	"chr15"	"CpG"	"hg38"
93.1	6584	"chr16"	"CpG"	"hg38"
93.1	6964	"chr17"	"CpG"	"hg38"
93.1	4570	"chr18"	"CpG"	"hg38"
93.1	5562	"chr19"	"CpG"	"hg38"
93.1	14436	"chr2"	"CpG"	"hg38"
93.1	4532	"chr20"	"CpG"	"hg38"
93.1	2428	"chr21"	"CpG"	"hg38"
93.1	3392	"chr22"	"CpG"	"hg38"
93.1	11064	"chr3"	"CpG"	"hg38"
93.1	9912	"chr4"	"CpG"	"hg38"
93.1	9850	"chr5"	"CpG"	"hg38"
93.1	9932	"chr6"	"CpG"	"hg38"
93.1	10216	"chr7"	"CpG"	"hg38"
93.1	8470	"chr8"	"CpG"	"hg38"
93.1	7634	"chr9"	"CpG"	"hg38"
93.1	5810	"chrX"	"CpG"	"hg38"
93.1	794	"chrY"	"CpG"	"hg38"
93.2	15132	"chr1"	"CpG"	"hg38"
93.2	9210	"chr10"	"CpG"	"hg38"
93.2	8658	"chr11"	"CpG"	"hg38"
93.2	8434	"chr12"	"CpG"	"hg38"
93.2	5678	"chr13"	"CpG"	"hg38"
93.2	5482	"chr14"	"CpG"	"hg38"
93.2	5728	"chr15"	"CpG"	"hg38"
93.2	6822	"chr16"	"CpG"	"hg38"
93.2	7326	"chr17"	"CpG"	"hg38"
93.2	4912	"chr18"	"CpG"	"hg38"
93.2	5874	"chr19"	"CpG"	"hg38"
93.2	14674	"chr2"	"CpG"	"hg38"
93.2	4584	"chr20"	"CpG"	"hg38"
93.2	2550	"chr21"	"CpG"	"hg38"
93.2	3604	"chr22"	"CpG"	"hg38"
93.2	11418	"chr3"	"CpG"	"hg38"
93.2	10096	"chr4"	"CpG"	"hg38"
93.2	10286	"chr5"	"CpG"	"hg38"
93.2	10440	"chr6"	"CpG"	"hg38"
93.2	10388	"chr7"	"CpG"	"hg38"
93.2	8764	"chr8"	"CpG"	"hg38"
93.2	7794	"chr9"	"CpG"	"hg38"
93.2	6160	"chrX"	"CpG"	"hg38"
93.2	798	"chrY"	"CpG"	"hg38"
93.3	15744	"chr1"	"CpG"	"hg38"
93.3	9548	"chr10"	"CpG"	"hg38"
93.3	8798	"chr11"	"CpG"	"hg38"
93.3	9172	"chr12"	"CpG"	"hg38"
93.3	5884	"chr13"	"CpG"	"hg38"
93.3	5774	"chr14"	"CpG"	"hg38"
93.3	6012	"chr15"	"CpG"	"hg38"
93.3	7134	"chr16"	"CpG"	"hg38"
93.3	7736	"chr17"	"CpG"	"hg38"
93.3	5020	"chr18"	"CpG"	"hg38"
93.3	6016	"chr19"	"CpG"	"hg38"
93.3	15280	"chr2"	"CpG"	"hg38"
93.3	4892	"chr20"	"CpG"	"hg38"
93.3	2668	"chr21"	"CpG"	"hg38"
93.3	3822	"chr22"	"CpG"	"hg38"
93.3	12012	"chr3"	"CpG"	"hg38"
93.3	10384	"chr4"	"CpG"	"hg38"
93.3	10320	"chr5"	"CpG"	"hg38"
93.3	10694	"chr6"	"CpG"	"hg38"
93.3	11064	"chr7"	"CpG"	"hg38"
93.3	9154	"chr8"	"CpG"	"hg38"
93.3	8250	"chr9"	"CpG"	"hg38"
93.3	6238	"chrX"	"CpG"	"hg38"
93.3	812	"chrY"	"CpG"	"hg38"
93.4	16194	"chr1"	"CpG"	"hg38"
93.4	9602	"chr10"	"CpG"	"hg38"
93.4	8918	"chr11"	"CpG"	"hg38"
93.4	9092	"chr12"	"CpG"	"hg38"
93.4	5834	"chr13"	"CpG"	"hg38"
93.4	5730	"chr14"	"CpG"	"hg38"
93.4	6120	"chr15"	"CpG"	"hg38"
93.4	7460	"chr16"	"CpG"	"hg38"
93.4	7628	"chr17"	"CpG"	"hg38"
93.4	4954	"chr18"	"CpG"	"hg38"
93.4	6388	"chr19"	"CpG"	"hg38"
93.4	15696	"chr2"	"CpG"	"hg38"
93.4	4974	"chr20"	"CpG"	"hg38"
93.4	2766	"chr21"	"CpG"	"hg38"
93.4	3794	"chr22"	"CpG"	"hg38"
93.4	11744	"chr3"	"CpG"	"hg38"
93.4	10728	"chr4"	"CpG"	"hg38"
93.4	10798	"chr5"	"CpG"	"hg38"
93.4	11012	"chr6"	"CpG"	"hg38"
93.4	11506	"chr7"	"CpG"	"hg38"
93.4	9020	"chr8"	"CpG"	"hg38"
93.4	8602	"chr9"	"CpG"	"hg38"
93.4	6556	"chrX"	"CpG"	"hg38"
93.4	830	"chrY"	"CpG"	"hg38"
93.5	17252	"chr1"	"CpG"	"hg38"
93.5	9836	"chr10"	"CpG"	"hg38"
93.5	9266	"chr11"	"CpG"	"hg38"
93.5	9492	"chr12"	"CpG"	"hg38"
93.5	6118	"chr13"	"CpG"	"hg38"
93.5	6082	"chr14"	"CpG"	"hg38"
93.5	6252	"chr15"	"CpG"	"hg38"
93.5	7570	"chr16"	"CpG"	"hg38"
93.5	8148	"chr17"	"CpG"	"hg38"
93.5	5206	"chr18"	"CpG"	"hg38"
93.5	6384	"chr19"	"CpG"	"hg38"
93.5	16104	"chr2"	"CpG"	"hg38"
93.5	5166	"chr20"	"CpG"	"hg38"
93.5	2870	"chr21"	"CpG"	"hg38"
93.5	3926	"chr22"	"CpG"	"hg38"
93.5	12662	"chr3"	"CpG"	"hg38"
93.5	11328	"chr4"	"CpG"	"hg38"
93.5	11430	"chr5"	"CpG"	"hg38"
93.5	11788	"chr6"	"CpG"	"hg38"
93.5	11506	"chr7"	"CpG"	"hg38"
93.5	9564	"chr8"	"CpG"	"hg38"
93.5	8776	"chr9"	"CpG"	"hg38"
93.5	6724	"chrX"	"CpG"	"hg38"
93.5	874	"chrY"	"CpG"	"hg38"
93.6	17242	"chr1"	"CpG"	"hg38"
93.6	10076	"chr10"	"CpG"	"hg38"
93.6	9470	"chr11"	"CpG"	"hg38"
93.6	9866	"chr12"	"CpG"	"hg38"
93.6	6128	"chr13"	"CpG"	"hg38"
93.6	6346	"chr14"	"CpG"	"hg38"
93.6	6774	"chr15"	"CpG"	"hg38"
93.6	7718	"chr16"	"CpG"	"hg38"
93.6	8532	"chr17"	"CpG"	"hg38"
93.6	5302	"chr18"	"CpG"	"hg38"
93.6	6912	"chr19"	"CpG"	"hg38"
93.6	16972	"chr2"	"CpG"	"hg38"
93.6	5328	"chr20"	"CpG"	"hg38"
93.6	2990	"chr21"	"CpG"	"hg38"
93.6	4092	"chr22"	"CpG"	"hg38"
93.6	12838	"chr3"	"CpG"	"hg38"
93.6	11280	"chr4"	"CpG"	"hg38"
93.6	11488	"chr5"	"CpG"	"hg38"
93.6	11776	"chr6"	"CpG"	"hg38"
93.6	11652	"chr7"	"CpG"	"hg38"
93.6	9914	"chr8"	"CpG"	"hg38"
93.6	9144	"chr9"	"CpG"	"hg38"
93.6	7122	"chrX"	"CpG"	"hg38"
93.6	956	"chrY"	"CpG"	"hg38"
93.7	17930	"chr1"	"CpG"	"hg38"
93.7	10794	"chr10"	"CpG"	"hg38"
93.7	9626	"chr11"	"CpG"	"hg38"
93.7	10492	"chr12"	"CpG"	"hg38"
93.7	6514	"chr13"	"CpG"	"hg38"
93.7	6484	"chr14"	"CpG"	"hg38"
93.7	6866	"chr15"	"CpG"	"hg38"
93.7	8126	"chr16"	"CpG"	"hg38"
93.7	8836	"chr17"	"CpG"	"hg38"
93.7	5718	"chr18"	"CpG"	"hg38"
93.7	7156	"chr19"	"CpG"	"hg38"
93.7	17434	"chr2"	"CpG"	"hg38"
93.7	5384	"chr20"	"CpG"	"hg38"
93.7	3064	"chr21"	"CpG"	"hg38"
93.7	4276	"chr22"	"CpG"	"hg38"
93.7	13644	"chr3"	"CpG"	"hg38"
93.7	11880	"chr4"	"CpG"	"hg38"
93.7	12072	"chr5"	"CpG"	"hg38"
93.7	12110	"chr6"	"CpG"	"hg38"
93.7	12592	"chr7"	"CpG"	"hg38"
93.7	10120	"chr8"	"CpG"	"hg38"
93.7	9326	"chr9"	"CpG"	"hg38"
93.7	7550	"chrX"	"CpG"	"hg38"
93.7	934	"chrY"	"CpG"	"hg38"
93.8	18278	"chr1"	"CpG"	"hg38"
93.8	11310	"chr10"	"CpG"	"hg38"
93.8	10200	"chr11"	"CpG"	"hg38"
93.8	10588	"chr12"	"CpG"	"hg38"
93.8	7034	"chr13"	"CpG"	"hg38"
93.8	6870	"chr14"	"CpG"	"hg38"
93.8	7184	"chr15"	"CpG"	"hg38"
93.8	8760	"chr16"	"CpG"	"hg38"
93.8	9172	"chr17"	"CpG"	"hg38"
93.8	5662	"chr18"	"CpG"	"hg38"
93.8	7706	"chr19"	"CpG"	"hg38"
93.8	17902	"chr2"	"CpG"	"hg38"
93.8	5778	"chr20"	"CpG"	"hg38"
93.8	3108	"chr21"	"CpG"	"hg38"
93.8	4540	"chr22"	"CpG"	"hg38"
93.8	13720	"chr3"	"CpG"	"hg38"
93.8	12038	"chr4"	"CpG"	"hg38"
93.8	12540	"chr5"	"CpG"	"hg38"
93.8	13048	"chr6"	"CpG"	"hg38"
93.8	12986	"chr7"	"CpG"	"hg38"
93.8	10414	"chr8"	"CpG"	"hg38"
93.8	9612	"chr9"	"CpG"	"hg38"
93.8	7540	"chrX"	"CpG"	"hg38"
93.8	998	"chrY"	"CpG"	"hg38"
93.9	19316	"chr1"	"CpG"	"hg38"
93.9	11558	"chr10"	"CpG"	"hg38"
93.9	10630	"chr11"	"CpG"	"hg38"
93.9	11108	"chr12"	"CpG"	"hg38"
93.9	7004	"chr13"	"CpG"	"hg38"
93.9	7034	"chr14"	"CpG"	"hg38"
93.9	7248	"chr15"	"CpG"	"hg38"
93.9	8762	"chr16"	"CpG"	"hg38"
93.9	9396	"chr17"	"CpG"	"hg38"
93.9	5802	"chr18"	"CpG"	"hg38"
93.9	7692	"chr19"	"CpG"	"hg38"
93.9	18920	"chr2"	"CpG"	"hg38"
93.9	6028	"chr20"	"CpG"	"hg38"
93.9	3260	"chr21"	"CpG"	"hg38"
93.9	4720	"chr22"	"CpG"	"hg38"
93.9	14548	"chr3"	"CpG"	"hg38"
93.9	12650	"chr4"	"CpG"	"hg38"
93.9	12752	"chr5"	"CpG"	"hg38"
93.9	13278	"chr6"	"CpG"	"hg38"
93.9	13684	"chr7"	"CpG"	"hg38"
93.9	10950	"chr8"	"CpG"	"hg38"
93.9	9962	"chr9"	"CpG"	"hg38"
93.9	7952	"chrX"	"CpG"	"hg38"
93.9	974	"chrY"	"CpG"	"hg38"
94	19846	"chr1"	"CpG"	"hg38"
94	12006	"chr10"	"CpG"	"hg38"
94	10714	"chr11"	"CpG"	"hg38"
94	11412	"chr12"	"CpG"	"hg38"
94	7166	"chr13"	"CpG"	"hg38"
94	7092	"chr14"	"CpG"	"hg38"
94	7404	"chr15"	"CpG"	"hg38"
94	9444	"chr16"	"CpG"	"hg38"
94	9874	"chr17"	"CpG"	"hg38"
94	6046	"chr18"	"CpG"	"hg38"
94	8140	"chr19"	"CpG"	"hg38"
94	19266	"chr2"	"CpG"	"hg38"
94	5836	"chr20"	"CpG"	"hg38"
94	3276	"chr21"	"CpG"	"hg38"
94	4938	"chr22"	"CpG"	"hg38"
94	14846	"chr3"	"CpG"	"hg38"
94	13366	"chr4"	"CpG"	"hg38"
94	13270	"chr5"	"CpG"	"hg38"
94	13610	"chr6"	"CpG"	"hg38"
94	14134	"chr7"	"CpG"	"hg38"
94	11244	"chr8"	"CpG"	"hg38"
94	10476	"chr9"	"CpG"	"hg38"
94	8270	"chrX"	"CpG"	"hg38"
94	1034	"chrY"	"CpG"	"hg38"
94.1	20830	"chr1"	"CpG"	"hg38"
94.1	12482	"chr10"	"CpG"	"hg38"
94.1	11464	"chr11"	"CpG"	"hg38"
94.1	11840	"chr12"	"CpG"	"hg38"
94.1	7500	"chr13"	"CpG"	"hg38"
94.1	7618	"chr14"	"CpG"	"hg38"
94.1	8004	"chr15"	"CpG"	"hg38"
94.1	9736	"chr16"	"CpG"	"hg38"
94.1	10234	"chr17"	"CpG"	"hg38"
94.1	6408	"chr18"	"CpG"	"hg38"
94.1	8626	"chr19"	"CpG"	"hg38"
94.1	19874	"chr2"	"CpG"	"hg38"
94.1	6376	"chr20"	"CpG"	"hg38"
94.1	3484	"chr21"	"CpG"	"hg38"
94.1	5106	"chr22"	"CpG"	"hg38"
94.1	15502	"chr3"	"CpG"	"hg38"
94.1	13672	"chr4"	"CpG"	"hg38"
94.1	13676	"chr5"	"CpG"	"hg38"
94.1	14350	"chr6"	"CpG"	"hg38"
94.1	14332	"chr7"	"CpG"	"hg38"
94.1	11856	"chr8"	"CpG"	"hg38"
94.1	10922	"chr9"	"CpG"	"hg38"
94.1	9012	"chrX"	"CpG"	"hg38"
94.1	1038	"chrY"	"CpG"	"hg38"
94.2	21760	"chr1"	"CpG"	"hg38"
94.2	13030	"chr10"	"CpG"	"hg38"
94.2	11722	"chr11"	"CpG"	"hg38"
94.2	12538	"chr12"	"CpG"	"hg38"
94.2	7846	"chr13"	"CpG"	"hg38"
94.2	8090	"chr14"	"CpG"	"hg38"
94.2	8394	"chr15"	"CpG"	"hg38"
94.2	10144	"chr16"	"CpG"	"hg38"
94.2	10942	"chr17"	"CpG"	"hg38"
94.2	6858	"chr18"	"CpG"	"hg38"
94.2	9196	"chr19"	"CpG"	"hg38"
94.2	21082	"chr2"	"CpG"	"hg38"
94.2	6544	"chr20"	"CpG"	"hg38"
94.2	3544	"chr21"	"CpG"	"hg38"
94.2	5440	"chr22"	"CpG"	"hg38"
94.2	15954	"chr3"	"CpG"	"hg38"
94.2	14126	"chr4"	"CpG"	"hg38"
94.2	14844	"chr5"	"CpG"	"hg38"
94.2	15140	"chr6"	"CpG"	"hg38"
94.2	15120	"chr7"	"CpG"	"hg38"
94.2	12096	"chr8"	"CpG"	"hg38"
94.2	11076	"chr9"	"CpG"	"hg38"
94.2	9118	"chrX"	"CpG"	"hg38"
94.2	1124	"chrY"	"CpG"	"hg38"
94.3	23016	"chr1"	"CpG"	"hg38"
94.3	13632	"chr10"	"CpG"	"hg38"
94.3	12160	"chr11"	"CpG"	"hg38"
94.3	13036	"chr12"	"CpG"	"hg38"
94.3	8422	"chr13"	"CpG"	"hg38"
94.3	8450	"chr14"	"CpG"	"hg38"
94.3	8630	"chr15"	"CpG"	"hg38"
94.3	10586	"chr16"	"CpG"	"hg38"
94.3	11252	"chr17"	"CpG"	"hg38"
94.3	7128	"chr18"	"CpG"	"hg38"
94.3	9832	"chr19"	"CpG"	"hg38"
94.3	22268	"chr2"	"CpG"	"hg38"
94.3	6920	"chr20"	"CpG"	"hg38"
94.3	3844	"chr21"	"CpG"	"hg38"
94.3	5788	"chr22"	"CpG"	"hg38"
94.3	16752	"chr3"	"CpG"	"hg38"
94.3	14534	"chr4"	"CpG"	"hg38"
94.3	14864	"chr5"	"CpG"	"hg38"
94.3	15584	"chr6"	"CpG"	"hg38"
94.3	15896	"chr7"	"CpG"	"hg38"
94.3	12788	"chr8"	"CpG"	"hg38"
94.3	12108	"chr9"	"CpG"	"hg38"
94.3	9540	"chrX"	"CpG"	"hg38"
94.3	1252	"chrY"	"CpG"	"hg38"
94.4	24612	"chr1"	"CpG"	"hg38"
94.4	14304	"chr10"	"CpG"	"hg38"
94.4	12850	"chr11"	"CpG"	"hg38"
94.4	14232	"chr12"	"CpG"	"hg38"
94.4	8472	"chr13"	"CpG"	"hg38"
94.4	8840	"chr14"	"CpG"	"hg38"
94.4	8982	"chr15"	"CpG"	"hg38"
94.4	11084	"chr16"	"CpG"	"hg38"
94.4	12188	"chr17"	"CpG"	"hg38"
94.4	7192	"chr18"	"CpG"	"hg38"
94.4	10370	"chr19"	"CpG"	"hg38"
94.4	23286	"chr2"	"CpG"	"hg38"
94.4	7480	"chr20"	"CpG"	"hg38"
94.4	3942	"chr21"	"CpG"	"hg38"
94.4	5998	"chr22"	"CpG"	"hg38"
94.4	17432	"chr3"	"CpG"	"hg38"
94.4	15582	"chr4"	"CpG"	"hg38"
94.4	15640	"chr5"	"CpG"	"hg38"
94.4	16684	"chr6"	"CpG"	"hg38"
94.4	16874	"chr7"	"CpG"	"hg38"
94.4	13562	"chr8"	"CpG"	"hg38"
94.4	12552	"chr9"	"CpG"	"hg38"
94.4	9848	"chrX"	"CpG"	"hg38"
94.4	1184	"chrY"	"CpG"	"hg38"
94.5	25522	"chr1"	"CpG"	"hg38"
94.5	15014	"chr10"	"CpG"	"hg38"
94.5	13610	"chr11"	"CpG"	"hg38"
94.5	14506	"chr12"	"CpG"	"hg38"
94.5	8840	"chr13"	"CpG"	"hg38"
94.5	9532	"chr14"	"CpG"	"hg38"
94.5	9642	"chr15"	"CpG"	"hg38"
94.5	12014	"chr16"	"CpG"	"hg38"
94.5	12704	"chr17"	"CpG"	"hg38"
94.5	7556	"chr18"	"CpG"	"hg38"
94.5	11156	"chr19"	"CpG"	"hg38"
94.5	24678	"chr2"	"CpG"	"hg38"
94.5	7680	"chr20"	"CpG"	"hg38"
94.5	4044	"chr21"	"CpG"	"hg38"
94.5	6410	"chr22"	"CpG"	"hg38"
94.5	18374	"chr3"	"CpG"	"hg38"
94.5	16002	"chr4"	"CpG"	"hg38"
94.5	16418	"chr5"	"CpG"	"hg38"
94.5	17172	"chr6"	"CpG"	"hg38"
94.5	17876	"chr7"	"CpG"	"hg38"
94.5	13792	"chr8"	"CpG"	"hg38"
94.5	13460	"chr9"	"CpG"	"hg38"
94.5	10772	"chrX"	"CpG"	"hg38"
94.5	1274	"chrY"	"CpG"	"hg38"
94.6	27268	"chr1"	"CpG"	"hg38"
94.6	15782	"chr10"	"CpG"	"hg38"
94.6	14012	"chr11"	"CpG"	"hg38"
94.6	15728	"chr12"	"CpG"	"hg38"
94.6	9516	"chr13"	"CpG"	"hg38"
94.6	10362	"chr14"	"CpG"	"hg38"
94.6	10370	"chr15"	"CpG"	"hg38"
94.6	12592	"chr16"	"CpG"	"hg38"
94.6	13894	"chr17"	"CpG"	"hg38"
94.6	7988	"chr18"	"CpG"	"hg38"
94.6	12306	"chr19"	"CpG"	"hg38"
94.6	26040	"chr2"	"CpG"	"hg38"
94.6	8422	"chr20"	"CpG"	"hg38"
94.6	4622	"chr21"	"CpG"	"hg38"
94.6	6760	"chr22"	"CpG"	"hg38"
94.6	19786	"chr3"	"CpG"	"hg38"
94.6	17068	"chr4"	"CpG"	"hg38"
94.6	17242	"chr5"	"CpG"	"hg38"
94.6	17826	"chr6"	"CpG"	"hg38"
94.6	18612	"chr7"	"CpG"	"hg38"
94.6	14668	"chr8"	"CpG"	"hg38"
94.6	14300	"chr9"	"CpG"	"hg38"
94.6	11548	"chrX"	"CpG"	"hg38"
94.6	1382	"chrY"	"CpG"	"hg38"
94.7	28400	"chr1"	"CpG"	"hg38"
94.7	16812	"chr10"	"CpG"	"hg38"
94.7	15108	"chr11"	"CpG"	"hg38"
94.7	16710	"chr12"	"CpG"	"hg38"
94.7	9908	"chr13"	"CpG"	"hg38"
94.7	10464	"chr14"	"CpG"	"hg38"
94.7	10900	"chr15"	"CpG"	"hg38"
94.7	13674	"chr16"	"CpG"	"hg38"
94.7	14836	"chr17"	"CpG"	"hg38"
94.7	8220	"chr18"	"CpG"	"hg38"
94.7	12984	"chr19"	"CpG"	"hg38"
94.7	27262	"chr2"	"CpG"	"hg38"
94.7	8840	"chr20"	"CpG"	"hg38"
94.7	4930	"chr21"	"CpG"	"hg38"
94.7	7140	"chr22"	"CpG"	"hg38"
94.7	20800	"chr3"	"CpG"	"hg38"
94.7	17892	"chr4"	"CpG"	"hg38"
94.7	18384	"chr5"	"CpG"	"hg38"
94.7	18970	"chr6"	"CpG"	"hg38"
94.7	20096	"chr7"	"CpG"	"hg38"
94.7	15496	"chr8"	"CpG"	"hg38"
94.7	14608	"chr9"	"CpG"	"hg38"
94.7	12478	"chrX"	"CpG"	"hg38"
94.7	1380	"chrY"	"CpG"	"hg38"
94.8	31014	"chr1"	"CpG"	"hg38"
94.8	18076	"chr10"	"CpG"	"hg38"
94.8	15914	"chr11"	"CpG"	"hg38"
94.8	17460	"chr12"	"CpG"	"hg38"
94.8	10592	"chr13"	"CpG"	"hg38"
94.8	11360	"chr14"	"CpG"	"hg38"
94.8	11384	"chr15"	"CpG"	"hg38"
94.8	14802	"chr16"	"CpG"	"hg38"
94.8	15864	"chr17"	"CpG"	"hg38"
94.8	8872	"chr18"	"CpG"	"hg38"
94.8	13650	"chr19"	"CpG"	"hg38"
94.8	28260	"chr2"	"CpG"	"hg38"
94.8	9456	"chr20"	"CpG"	"hg38"
94.8	4824	"chr21"	"CpG"	"hg38"
94.8	7550	"chr22"	"CpG"	"hg38"
94.8	22038	"chr3"	"CpG"	"hg38"
94.8	19382	"chr4"	"CpG"	"hg38"
94.8	19752	"chr5"	"CpG"	"hg38"
94.8	20496	"chr6"	"CpG"	"hg38"
94.8	21338	"chr7"	"CpG"	"hg38"
94.8	16348	"chr8"	"CpG"	"hg38"
94.8	16218	"chr9"	"CpG"	"hg38"
94.8	13226	"chrX"	"CpG"	"hg38"
94.8	1562	"chrY"	"CpG"	"hg38"
94.9	32900	"chr1"	"CpG"	"hg38"
94.9	19042	"chr10"	"CpG"	"hg38"
94.9	17376	"chr11"	"CpG"	"hg38"
94.9	18824	"chr12"	"CpG"	"hg38"
94.9	11404	"chr13"	"CpG"	"hg38"
94.9	12050	"chr14"	"CpG"	"hg38"
94.9	12660	"chr15"	"CpG"	"hg38"
94.9	15474	"chr16"	"CpG"	"hg38"
94.9	17594	"chr17"	"CpG"	"hg38"
94.9	9698	"chr18"	"CpG"	"hg38"
94.9	15418	"chr19"	"CpG"	"hg38"
94.9	30980	"chr2"	"CpG"	"hg38"
94.9	10042	"chr20"	"CpG"	"hg38"
94.9	5568	"chr21"	"CpG"	"hg38"
94.9	8502	"chr22"	"CpG"	"hg38"
94.9	23392	"chr3"	"CpG"	"hg38"
94.9	20262	"chr4"	"CpG"	"hg38"
94.9	20760	"chr5"	"CpG"	"hg38"
94.9	22202	"chr6"	"CpG"	"hg38"
94.9	22622	"chr7"	"CpG"	"hg38"
94.9	17436	"chr8"	"CpG"	"hg38"
94.9	17110	"chr9"	"CpG"	"hg38"
94.9	14140	"chrX"	"CpG"	"hg38"
94.9	1622	"chrY"	"CpG"	"hg38"
95	36024	"chr1"	"CpG"	"hg38"
95	20532	"chr10"	"CpG"	"hg38"
95	18586	"chr11"	"CpG"	"hg38"
95	20436	"chr12"	"CpG"	"hg38"
95	12064	"chr13"	"CpG"	"hg38"
95	13040	"chr14"	"CpG"	"hg38"
95	13188	"chr15"	"CpG"	"hg38"
95	16984	"chr16"	"CpG"	"hg38"
95	18438	"chr17"	"CpG"	"hg38"
95	10194	"chr18"	"CpG"	"hg38"
95	16664	"chr19"	"CpG"	"hg38"
95	33230	"chr2"	"CpG"	"hg38"
95	10554	"chr20"	"CpG"	"hg38"
95	5834	"chr21"	"CpG"	"hg38"
95	9252	"chr22"	"CpG"	"hg38"
95	24786	"chr3"	"CpG"	"hg38"
95	21308	"chr4"	"CpG"	"hg38"
95	22322	"chr5"	"CpG"	"hg38"
95	23222	"chr6"	"CpG"	"hg38"
95	24566	"chr7"	"CpG"	"hg38"
95	18502	"chr8"	"CpG"	"hg38"
95	18232	"chr9"	"CpG"	"hg38"
95	15260	"chrX"	"CpG"	"hg38"
95	1712	"chrY"	"CpG"	"hg38"
95.1	37860	"chr1"	"CpG"	"hg38"
95.1	21998	"chr10"	"CpG"	"hg38"
95.1	19848	"chr11"	"CpG"	"hg38"
95.1	22484	"chr12"	"CpG"	"hg38"
95.1	12440	"chr13"	"CpG"	"hg38"
95.1	13744	"chr14"	"CpG"	"hg38"
95.1	14270	"chr15"	"CpG"	"hg38"
95.1	18186	"chr16"	"CpG"	"hg38"
95.1	20016	"chr17"	"CpG"	"hg38"
95.1	10796	"chr18"	"CpG"	"hg38"
95.1	18048	"chr19"	"CpG"	"hg38"
95.1	35008	"chr2"	"CpG"	"hg38"
95.1	11448	"chr20"	"CpG"	"hg38"
95.1	6218	"chr21"	"CpG"	"hg38"
95.1	10032	"chr22"	"CpG"	"hg38"
95.1	26934	"chr3"	"CpG"	"hg38"
95.1	22878	"chr4"	"CpG"	"hg38"
95.1	23988	"chr5"	"CpG"	"hg38"
95.1	24672	"chr6"	"CpG"	"hg38"
95.1	25530	"chr7"	"CpG"	"hg38"
95.1	19674	"chr8"	"CpG"	"hg38"
95.1	19220	"chr9"	"CpG"	"hg38"
95.1	16788	"chrX"	"CpG"	"hg38"
95.1	1778	"chrY"	"CpG"	"hg38"
95.2	40788	"chr1"	"CpG"	"hg38"
95.2	23716	"chr10"	"CpG"	"hg38"
95.2	21278	"chr11"	"CpG"	"hg38"
95.2	23744	"chr12"	"CpG"	"hg38"
95.2	13620	"chr13"	"CpG"	"hg38"
95.2	15200	"chr14"	"CpG"	"hg38"
95.2	15612	"chr15"	"CpG"	"hg38"
95.2	19766	"chr16"	"CpG"	"hg38"
95.2	22224	"chr17"	"CpG"	"hg38"
95.2	11330	"chr18"	"CpG"	"hg38"
95.2	20082	"chr19"	"CpG"	"hg38"
95.2	37968	"chr2"	"CpG"	"hg38"
95.2	12362	"chr20"	"CpG"	"hg38"
95.2	6772	"chr21"	"CpG"	"hg38"
95.2	10694	"chr22"	"CpG"	"hg38"
95.2	28748	"chr3"	"CpG"	"hg38"
95.2	24484	"chr4"	"CpG"	"hg38"
95.2	25412	"chr5"	"CpG"	"hg38"
95.2	26688	"chr6"	"CpG"	"hg38"
95.2	28002	"chr7"	"CpG"	"hg38"
95.2	21276	"chr8"	"CpG"	"hg38"
95.2	20792	"chr9"	"CpG"	"hg38"
95.2	18184	"chrX"	"CpG"	"hg38"
95.2	1864	"chrY"	"CpG"	"hg38"
95.3	45214	"chr1"	"CpG"	"hg38"
95.3	25454	"chr10"	"CpG"	"hg38"
95.3	22972	"chr11"	"CpG"	"hg38"
95.3	25702	"chr12"	"CpG"	"hg38"
95.3	14530	"chr13"	"CpG"	"hg38"
95.3	16172	"chr14"	"CpG"	"hg38"
95.3	17270	"chr15"	"CpG"	"hg38"
95.3	21694	"chr16"	"CpG"	"hg38"
95.3	24934	"chr17"	"CpG"	"hg38"
95.3	12432	"chr18"	"CpG"	"hg38"
95.3	22666	"chr19"	"CpG"	"hg38"
95.3	40908	"chr2"	"CpG"	"hg38"
95.3	13740	"chr20"	"CpG"	"hg38"
95.3	7202	"chr21"	"CpG"	"hg38"
95.3	11910	"chr22"	"CpG"	"hg38"
95.3	31130	"chr3"	"CpG"	"hg38"
95.3	26012	"chr4"	"CpG"	"hg38"
95.3	27372	"chr5"	"CpG"	"hg38"
95.3	28440	"chr6"	"CpG"	"hg38"
95.3	30862	"chr7"	"CpG"	"hg38"
95.3	23352	"chr8"	"CpG"	"hg38"
95.3	22564	"chr9"	"CpG"	"hg38"
95.3	20104	"chrX"	"CpG"	"hg38"
95.3	2076	"chrY"	"CpG"	"hg38"
95.4	48650	"chr1"	"CpG"	"hg38"
95.4	27470	"chr10"	"CpG"	"hg38"
95.4	24422	"chr11"	"CpG"	"hg38"
95.4	27750	"chr12"	"CpG"	"hg38"
95.4	15714	"chr13"	"CpG"	"hg38"
95.4	17630	"chr14"	"CpG"	"hg38"
95.4	18298	"chr15"	"CpG"	"hg38"
95.4	23744	"chr16"	"CpG"	"hg38"
95.4	26926	"chr17"	"CpG"	"hg38"
95.4	13370	"chr18"	"CpG"	"hg38"
95.4	24550	"chr19"	"CpG"	"hg38"
95.4	43768	"chr2"	"CpG"	"hg38"
95.4	14340	"chr20"	"CpG"	"hg38"
95.4	7616	"chr21"	"CpG"	"hg38"
95.4	13082	"chr22"	"CpG"	"hg38"
95.4	33256	"chr3"	"CpG"	"hg38"
95.4	28320	"chr4"	"CpG"	"hg38"
95.4	29644	"chr5"	"CpG"	"hg38"
95.4	31274	"chr6"	"CpG"	"hg38"
95.4	33258	"chr7"	"CpG"	"hg38"
95.4	24726	"chr8"	"CpG"	"hg38"
95.4	24360	"chr9"	"CpG"	"hg38"
95.4	21202	"chrX"	"CpG"	"hg38"
95.4	2266	"chrY"	"CpG"	"hg38"
95.5	52002	"chr1"	"CpG"	"hg38"
95.5	29604	"chr10"	"CpG"	"hg38"
95.5	26702	"chr11"	"CpG"	"hg38"
95.5	29886	"chr12"	"CpG"	"hg38"
95.5	16604	"chr13"	"CpG"	"hg38"
95.5	18664	"chr14"	"CpG"	"hg38"
95.5	19678	"chr15"	"CpG"	"hg38"
95.5	25508	"chr16"	"CpG"	"hg38"
95.5	29426	"chr17"	"CpG"	"hg38"
95.5	14158	"chr18"	"CpG"	"hg38"
95.5	26910	"chr19"	"CpG"	"hg38"
95.5	45718	"chr2"	"CpG"	"hg38"
95.5	15280	"chr20"	"CpG"	"hg38"
95.5	8050	"chr21"	"CpG"	"hg38"
95.5	14198	"chr22"	"CpG"	"hg38"
95.5	35416	"chr3"	"CpG"	"hg38"
95.5	29734	"chr4"	"CpG"	"hg38"
95.5	31622	"chr5"	"CpG"	"hg38"
95.5	33306	"chr6"	"CpG"	"hg38"
95.5	35066	"chr7"	"CpG"	"hg38"
95.5	26402	"chr8"	"CpG"	"hg38"
95.5	26220	"chr9"	"CpG"	"hg38"
95.5	23064	"chrX"	"CpG"	"hg38"
95.5	2300	"chrY"	"CpG"	"hg38"
95.6	56192	"chr1"	"CpG"	"hg38"
95.6	31486	"chr10"	"CpG"	"hg38"
95.6	28730	"chr11"	"CpG"	"hg38"
95.6	32136	"chr12"	"CpG"	"hg38"
95.6	17692	"chr13"	"CpG"	"hg38"
95.6	20406	"chr14"	"CpG"	"hg38"
95.6	21160	"chr15"	"CpG"	"hg38"
95.6	27416	"chr16"	"CpG"	"hg38"
95.6	31716	"chr17"	"CpG"	"hg38"
95.6	15164	"chr18"	"CpG"	"hg38"
95.6	29378	"chr19"	"CpG"	"hg38"
95.6	50056	"chr2"	"CpG"	"hg38"
95.6	16634	"chr20"	"CpG"	"hg38"
95.6	8750	"chr21"	"CpG"	"hg38"
95.6	15314	"chr22"	"CpG"	"hg38"
95.6	38024	"chr3"	"CpG"	"hg38"
95.6	31786	"chr4"	"CpG"	"hg38"
95.6	33800	"chr5"	"CpG"	"hg38"
95.6	35318	"chr6"	"CpG"	"hg38"
95.6	38088	"chr7"	"CpG"	"hg38"
95.6	28188	"chr8"	"CpG"	"hg38"
95.6	28172	"chr9"	"CpG"	"hg38"
95.6	24780	"chrX"	"CpG"	"hg38"
95.6	2670	"chrY"	"CpG"	"hg38"
95.7	66326	"chr1"	"CpG"	"hg38"
95.7	36020	"chr10"	"CpG"	"hg38"
95.7	33226	"chr11"	"CpG"	"hg38"
95.7	37482	"chr12"	"CpG"	"hg38"
95.7	19898	"chr13"	"CpG"	"hg38"
95.7	24036	"chr14"	"CpG"	"hg38"
95.7	25272	"chr15"	"CpG"	"hg38"
95.7	32690	"chr16"	"CpG"	"hg38"
95.7	38994	"chr17"	"CpG"	"hg38"
95.7	17306	"chr18"	"CpG"	"hg38"
95.7	37180	"chr19"	"CpG"	"hg38"
95.7	57368	"chr2"	"CpG"	"hg38"
95.7	19738	"chr20"	"CpG"	"hg38"
95.7	10008	"chr21"	"CpG"	"hg38"
95.7	18436	"chr22"	"CpG"	"hg38"
95.7	44122	"chr3"	"CpG"	"hg38"
95.7	36208	"chr4"	"CpG"	"hg38"
95.7	38450	"chr5"	"CpG"	"hg38"
95.7	40426	"chr6"	"CpG"	"hg38"
95.7	45494	"chr7"	"CpG"	"hg38"
95.7	32380	"chr8"	"CpG"	"hg38"
95.7	33022	"chr9"	"CpG"	"hg38"
95.7	31344	"chrX"	"CpG"	"hg38"
95.7	2866	"chrY"	"CpG"	"hg38"
95.8	67590	"chr1"	"CpG"	"hg38"
95.8	37788	"chr10"	"CpG"	"hg38"
95.8	34268	"chr11"	"CpG"	"hg38"
95.8	39244	"chr12"	"CpG"	"hg38"
95.8	20550	"chr13"	"CpG"	"hg38"
95.8	25012	"chr14"	"CpG"	"hg38"
95.8	26200	"chr15"	"CpG"	"hg38"
95.8	34328	"chr16"	"CpG"	"hg38"
95.8	39990	"chr17"	"CpG"	"hg38"
95.8	17788	"chr18"	"CpG"	"hg38"
95.8	38584	"chr19"	"CpG"	"hg38"
95.8	59696	"chr2"	"CpG"	"hg38"
95.8	20430	"chr20"	"CpG"	"hg38"
95.8	10714	"chr21"	"CpG"	"hg38"
95.8	19006	"chr22"	"CpG"	"hg38"
95.8	45614	"chr3"	"CpG"	"hg38"
95.8	37234	"chr4"	"CpG"	"hg38"
95.8	39962	"chr5"	"CpG"	"hg38"
95.8	41616	"chr6"	"CpG"	"hg38"
95.8	46286	"chr7"	"CpG"	"hg38"
95.8	33718	"chr8"	"CpG"	"hg38"
95.8	34968	"chr9"	"CpG"	"hg38"
95.8	29996	"chrX"	"CpG"	"hg38"
95.8	2962	"chrY"	"CpG"	"hg38"
95.9	71424	"chr1"	"CpG"	"hg38"
95.9	39148	"chr10"	"CpG"	"hg38"
95.9	36164	"chr11"	"CpG"	"hg38"
95.9	40250	"chr12"	"CpG"	"hg38"
95.9	21418	"chr13"	"CpG"	"hg38"
95.9	26282	"chr14"	"CpG"	"hg38"
95.9	27088	"chr15"	"CpG"	"hg38"
95.9	37058	"chr16"	"CpG"	"hg38"
95.9	42744	"chr17"	"CpG"	"hg38"
95.9	18634	"chr18"	"CpG"	"hg38"
95.9	40494	"chr19"	"CpG"	"hg38"
95.9	62794	"chr2"	"CpG"	"hg38"
95.9	21454	"chr20"	"CpG"	"hg38"
95.9	10972	"chr21"	"CpG"	"hg38"
95.9	20236	"chr22"	"CpG"	"hg38"
95.9	47078	"chr3"	"CpG"	"hg38"
95.9	38418	"chr4"	"CpG"	"hg38"
95.9	41570	"chr5"	"CpG"	"hg38"
95.9	43576	"chr6"	"CpG"	"hg38"
95.9	48442	"chr7"	"CpG"	"hg38"
95.9	34698	"chr8"	"CpG"	"hg38"
95.9	35622	"chr9"	"CpG"	"hg38"
95.9	31614	"chrX"	"CpG"	"hg38"
95.9	2928	"chrY"	"CpG"	"hg38"
96	74632	"chr1"	"CpG"	"hg38"
96	40732	"chr10"	"CpG"	"hg38"
96	37512	"chr11"	"CpG"	"hg38"
96	42666	"chr12"	"CpG"	"hg38"
96	22464	"chr13"	"CpG"	"hg38"
96	27174	"chr14"	"CpG"	"hg38"
96	28502	"chr15"	"CpG"	"hg38"
96	38328	"chr16"	"CpG"	"hg38"
96	44526	"chr17"	"CpG"	"hg38"
96	19248	"chr18"	"CpG"	"hg38"
96	42532	"chr19"	"CpG"	"hg38"
96	64800	"chr2"	"CpG"	"hg38"
96	22460	"chr20"	"CpG"	"hg38"
96	11606	"chr21"	"CpG"	"hg38"
96	21102	"chr22"	"CpG"	"hg38"
96	48916	"chr3"	"CpG"	"hg38"
96	39608	"chr4"	"CpG"	"hg38"
96	42658	"chr5"	"CpG"	"hg38"
96	45180	"chr6"	"CpG"	"hg38"
96	50494	"chr7"	"CpG"	"hg38"
96	36372	"chr8"	"CpG"	"hg38"
96	37758	"chr9"	"CpG"	"hg38"
96	32880	"chrX"	"CpG"	"hg38"
96	3184	"chrY"	"CpG"	"hg38"
96.1	76860	"chr1"	"CpG"	"hg38"
96.1	41726	"chr10"	"CpG"	"hg38"
96.1	38600	"chr11"	"CpG"	"hg38"
96.1	43800	"chr12"	"CpG"	"hg38"
96.1	22584	"chr13"	"CpG"	"hg38"
96.1	28060	"chr14"	"CpG"	"hg38"
96.1	28966	"chr15"	"CpG"	"hg38"
96.1	40068	"chr16"	"CpG"	"hg38"
96.1	46940	"chr17"	"CpG"	"hg38"
96.1	19916	"chr18"	"CpG"	"hg38"
96.1	43996	"chr19"	"CpG"	"hg38"
96.1	67242	"chr2"	"CpG"	"hg38"
96.1	22908	"chr20"	"CpG"	"hg38"
96.1	11692	"chr21"	"CpG"	"hg38"
96.1	21946	"chr22"	"CpG"	"hg38"
96.1	49584	"chr3"	"CpG"	"hg38"
96.1	40150	"chr4"	"CpG"	"hg38"
96.1	44734	"chr5"	"CpG"	"hg38"
96.1	46614	"chr6"	"CpG"	"hg38"
96.1	52156	"chr7"	"CpG"	"hg38"
96.1	36982	"chr8"	"CpG"	"hg38"
96.1	38874	"chr9"	"CpG"	"hg38"
96.1	33700	"chrX"	"CpG"	"hg38"
96.1	3276	"chrY"	"CpG"	"hg38"
96.2	78848	"chr1"	"CpG"	"hg38"
96.2	42394	"chr10"	"CpG"	"hg38"
96.2	39994	"chr11"	"CpG"	"hg38"
96.2	44992	"chr12"	"CpG"	"hg38"
96.2	23122	"chr13"	"CpG"	"hg38"
96.2	29218	"chr14"	"CpG"	"hg38"
96.2	30054	"chr15"	"CpG"	"hg38"
96.2	41388	"chr16"	"CpG"	"hg38"
96.2	48942	"chr17"	"CpG"	"hg38"
96.2	20278	"chr18"	"CpG"	"hg38"
96.2	45742	"chr19"	"CpG"	"hg38"
96.2	68932	"chr2"	"CpG"	"hg38"
96.2	23814	"chr20"	"CpG"	"hg38"
96.2	12328	"chr21"	"CpG"	"hg38"
96.2	23100	"chr22"	"CpG"	"hg38"
96.2	51498	"chr3"	"CpG"	"hg38"
96.2	40472	"chr4"	"CpG"	"hg38"
96.2	44718	"chr5"	"CpG"	"hg38"
96.2	47152	"chr6"	"CpG"	"hg38"
96.2	53192	"chr7"	"CpG"	"hg38"
96.2	37844	"chr8"	"CpG"	"hg38"
96.2	39696	"chr9"	"CpG"	"hg38"
96.2	34070	"chrX"	"CpG"	"hg38"
96.2	3184	"chrY"	"CpG"	"hg38"
96.3	79414	"chr1"	"CpG"	"hg38"
96.3	43108	"chr10"	"CpG"	"hg38"
96.3	40098	"chr11"	"CpG"	"hg38"
96.3	46146	"chr12"	"CpG"	"hg38"
96.3	23444	"chr13"	"CpG"	"hg38"
96.3	29670	"chr14"	"CpG"	"hg38"
96.3	30432	"chr15"	"CpG"	"hg38"
96.3	41904	"chr16"	"CpG"	"hg38"
96.3	49992	"chr17"	"CpG"	"hg38"
96.3	19762	"chr18"	"CpG"	"hg38"
96.3	47442	"chr19"	"CpG"	"hg38"
96.3	69058	"chr2"	"CpG"	"hg38"
96.3	24654	"chr20"	"CpG"	"hg38"
96.3	12216	"chr21"	"CpG"	"hg38"
96.3	23402	"chr22"	"CpG"	"hg38"
96.3	51766	"chr3"	"CpG"	"hg38"
96.3	41216	"chr4"	"CpG"	"hg38"
96.3	45188	"chr5"	"CpG"	"hg38"
96.3	48022	"chr6"	"CpG"	"hg38"
96.3	53948	"chr7"	"CpG"	"hg38"
96.3	37766	"chr8"	"CpG"	"hg38"
96.3	40842	"chr9"	"CpG"	"hg38"
96.3	34730	"chrX"	"CpG"	"hg38"
96.3	3208	"chrY"	"CpG"	"hg38"
96.4	79188	"chr1"	"CpG"	"hg38"
96.4	42540	"chr10"	"CpG"	"hg38"
96.4	39904	"chr11"	"CpG"	"hg38"
96.4	45570	"chr12"	"CpG"	"hg38"
96.4	22738	"chr13"	"CpG"	"hg38"
96.4	28992	"chr14"	"CpG"	"hg38"
96.4	30360	"chr15"	"CpG"	"hg38"
96.4	42204	"chr16"	"CpG"	"hg38"
96.4	50238	"chr17"	"CpG"	"hg38"
96.4	19846	"chr18"	"CpG"	"hg38"
96.4	47866	"chr19"	"CpG"	"hg38"
96.4	68534	"chr2"	"CpG"	"hg38"
96.4	23810	"chr20"	"CpG"	"hg38"
96.4	12178	"chr21"	"CpG"	"hg38"
96.4	23116	"chr22"	"CpG"	"hg38"
96.4	51082	"chr3"	"CpG"	"hg38"
96.4	40238	"chr4"	"CpG"	"hg38"
96.4	44378	"chr5"	"CpG"	"hg38"
96.4	47906	"chr6"	"CpG"	"hg38"
96.4	53604	"chr7"	"CpG"	"hg38"
96.4	37110	"chr8"	"CpG"	"hg38"
96.4	40776	"chr9"	"CpG"	"hg38"
96.4	34780	"chrX"	"CpG"	"hg38"
96.4	3354	"chrY"	"CpG"	"hg38"
96.5	76768	"chr1"	"CpG"	"hg38"
96.5	41348	"chr10"	"CpG"	"hg38"
96.5	38780	"chr11"	"CpG"	"hg38"
96.5	44678	"chr12"	"CpG"	"hg38"
96.5	22086	"chr13"	"CpG"	"hg38"
96.5	28196	"chr14"	"CpG"	"hg38"
96.5	29724	"chr15"	"CpG"	"hg38"
96.5	41540	"chr16"	"CpG"	"hg38"
96.5	48690	"chr17"	"CpG"	"hg38"
96.5	19678	"chr18"	"CpG"	"hg38"
96.5	46738	"chr19"	"CpG"	"hg38"
96.5	66526	"chr2"	"CpG"	"hg38"
96.5	23354	"chr20"	"CpG"	"hg38"
96.5	11610	"chr21"	"CpG"	"hg38"
96.5	22798	"chr22"	"CpG"	"hg38"
96.5	49722	"chr3"	"CpG"	"hg38"
96.5	39050	"chr4"	"CpG"	"hg38"
96.5	42648	"chr5"	"CpG"	"hg38"
96.5	46492	"chr6"	"CpG"	"hg38"
96.5	52360	"chr7"	"CpG"	"hg38"
96.5	36174	"chr8"	"CpG"	"hg38"
96.5	38720	"chr9"	"CpG"	"hg38"
96.5	34702	"chrX"	"CpG"	"hg38"
96.5	3220	"chrY"	"CpG"	"hg38"
96.6	73808	"chr1"	"CpG"	"hg38"
96.6	39392	"chr10"	"CpG"	"hg38"
96.6	37166	"chr11"	"CpG"	"hg38"
96.6	42518	"chr12"	"CpG"	"hg38"
96.6	21420	"chr13"	"CpG"	"hg38"
96.6	27160	"chr14"	"CpG"	"hg38"
96.6	27906	"chr15"	"CpG"	"hg38"
96.6	40374	"chr16"	"CpG"	"hg38"
96.6	46332	"chr17"	"CpG"	"hg38"
96.6	18230	"chr18"	"CpG"	"hg38"
96.6	44650	"chr19"	"CpG"	"hg38"
96.6	63226	"chr2"	"CpG"	"hg38"
96.6	22006	"chr20"	"CpG"	"hg38"
96.6	11238	"chr21"	"CpG"	"hg38"
96.6	21554	"chr22"	"CpG"	"hg38"
96.6	47740	"chr3"	"CpG"	"hg38"
96.6	36760	"chr4"	"CpG"	"hg38"
96.6	40714	"chr5"	"CpG"	"hg38"
96.6	44170	"chr6"	"CpG"	"hg38"
96.6	50212	"chr7"	"CpG"	"hg38"
96.6	34330	"chr8"	"CpG"	"hg38"
96.6	37120	"chr9"	"CpG"	"hg38"
96.6	33066	"chrX"	"CpG"	"hg38"
96.6	2870	"chrY"	"CpG"	"hg38"
96.7	68378	"chr1"	"CpG"	"hg38"
96.7	36984	"chr10"	"CpG"	"hg38"
96.7	34192	"chr11"	"CpG"	"hg38"
96.7	38670	"chr12"	"CpG"	"hg38"
96.7	19360	"chr13"	"CpG"	"hg38"
96.7	24830	"chr14"	"CpG"	"hg38"
96.7	26014	"chr15"	"CpG"	"hg38"
96.7	37044	"chr16"	"CpG"	"hg38"
96.7	43000	"chr17"	"CpG"	"hg38"
96.7	16932	"chr18"	"CpG"	"hg38"
96.7	41870	"chr19"	"CpG"	"hg38"
96.7	58136	"chr2"	"CpG"	"hg38"
96.7	20972	"chr20"	"CpG"	"hg38"
96.7	10430	"chr21"	"CpG"	"hg38"
96.7	20286	"chr22"	"CpG"	"hg38"
96.7	43868	"chr3"	"CpG"	"hg38"
96.7	34100	"chr4"	"CpG"	"hg38"
96.7	37688	"chr5"	"CpG"	"hg38"
96.7	40732	"chr6"	"CpG"	"hg38"
96.7	45892	"chr7"	"CpG"	"hg38"
96.7	31568	"chr8"	"CpG"	"hg38"
96.7	34732	"chr9"	"CpG"	"hg38"
96.7	31564	"chrX"	"CpG"	"hg38"
96.7	2870	"chrY"	"CpG"	"hg38"
96.8	61292	"chr1"	"CpG"	"hg38"
96.8	32260	"chr10"	"CpG"	"hg38"
96.8	30884	"chr11"	"CpG"	"hg38"
96.8	34886	"chr12"	"CpG"	"hg38"
96.8	17426	"chr13"	"CpG"	"hg38"
96.8	22388	"chr14"	"CpG"	"hg38"
96.8	23352	"chr15"	"CpG"	"hg38"
96.8	33238	"chr16"	"CpG"	"hg38"
96.8	38660	"chr17"	"CpG"	"hg38"
96.8	15138	"chr18"	"CpG"	"hg38"
96.8	36998	"chr19"	"CpG"	"hg38"
96.8	52930	"chr2"	"CpG"	"hg38"
96.8	17946	"chr20"	"CpG"	"hg38"
96.8	9384	"chr21"	"CpG"	"hg38"
96.8	17720	"chr22"	"CpG"	"hg38"
96.8	39426	"chr3"	"CpG"	"hg38"
96.8	30134	"chr4"	"CpG"	"hg38"
96.8	33506	"chr5"	"CpG"	"hg38"
96.8	36230	"chr6"	"CpG"	"hg38"
96.8	41264	"chr7"	"CpG"	"hg38"
96.8	27804	"chr8"	"CpG"	"hg38"
96.8	30966	"chr9"	"CpG"	"hg38"
96.8	29088	"chrX"	"CpG"	"hg38"
96.8	2648	"chrY"	"CpG"	"hg38"
96.9	52612	"chr1"	"CpG"	"hg38"
96.9	29248	"chr10"	"CpG"	"hg38"
96.9	26602	"chr11"	"CpG"	"hg38"
96.9	30052	"chr12"	"CpG"	"hg38"
96.9	15080	"chr13"	"CpG"	"hg38"
96.9	19642	"chr14"	"CpG"	"hg38"
96.9	20296	"chr15"	"CpG"	"hg38"
96.9	28726	"chr16"	"CpG"	"hg38"
96.9	33652	"chr17"	"CpG"	"hg38"
96.9	12870	"chr18"	"CpG"	"hg38"
96.9	31278	"chr19"	"CpG"	"hg38"
96.9	45558	"chr2"	"CpG"	"hg38"
96.9	15534	"chr20"	"CpG"	"hg38"
96.9	8010	"chr21"	"CpG"	"hg38"
96.9	15394	"chr22"	"CpG"	"hg38"
96.9	34064	"chr3"	"CpG"	"hg38"
96.9	26182	"chr4"	"CpG"	"hg38"
96.9	29528	"chr5"	"CpG"	"hg38"
96.9	31702	"chr6"	"CpG"	"hg38"
96.9	35668	"chr7"	"CpG"	"hg38"
96.9	24912	"chr8"	"CpG"	"hg38"
96.9	26760	"chr9"	"CpG"	"hg38"
96.9	25890	"chrX"	"CpG"	"hg38"
96.9	2278	"chrY"	"CpG"	"hg38"
97	43366	"chr1"	"CpG"	"hg38"
97	23378	"chr10"	"CpG"	"hg38"
97	21594	"chr11"	"CpG"	"hg38"
97	24986	"chr12"	"CpG"	"hg38"
97	12370	"chr13"	"CpG"	"hg38"
97	16126	"chr14"	"CpG"	"hg38"
97	17112	"chr15"	"CpG"	"hg38"
97	23656	"chr16"	"CpG"	"hg38"
97	27654	"chr17"	"CpG"	"hg38"
97	10988	"chr18"	"CpG"	"hg38"
97	26234	"chr19"	"CpG"	"hg38"
97	38230	"chr2"	"CpG"	"hg38"
97	13222	"chr20"	"CpG"	"hg38"
97	6698	"chr21"	"CpG"	"hg38"
97	12708	"chr22"	"CpG"	"hg38"
97	28716	"chr3"	"CpG"	"hg38"
97	21706	"chr4"	"CpG"	"hg38"
97	24736	"chr5"	"CpG"	"hg38"
97	26618	"chr6"	"CpG"	"hg38"
97	29506	"chr7"	"CpG"	"hg38"
97	20140	"chr8"	"CpG"	"hg38"
97	22380	"chr9"	"CpG"	"hg38"
97	22162	"chrX"	"CpG"	"hg38"
97	1960	"chrY"	"CpG"	"hg38"
97.1	35006	"chr1"	"CpG"	"hg38"
97.1	18638	"chr10"	"CpG"	"hg38"
97.1	17490	"chr11"	"CpG"	"hg38"
97.1	19982	"chr12"	"CpG"	"hg38"
97.1	9926	"chr13"	"CpG"	"hg38"
97.1	13200	"chr14"	"CpG"	"hg38"
97.1	13446	"chr15"	"CpG"	"hg38"
97.1	18856	"chr16"	"CpG"	"hg38"
97.1	21584	"chr17"	"CpG"	"hg38"
97.1	8308	"chr18"	"CpG"	"hg38"
97.1	20490	"chr19"	"CpG"	"hg38"
97.1	30710	"chr2"	"CpG"	"hg38"
97.1	10124	"chr20"	"CpG"	"hg38"
97.1	5310	"chr21"	"CpG"	"hg38"
97.1	9950	"chr22"	"CpG"	"hg38"
97.1	22538	"chr3"	"CpG"	"hg38"
97.1	17358	"chr4"	"CpG"	"hg38"
97.1	20036	"chr5"	"CpG"	"hg38"
97.1	20794	"chr6"	"CpG"	"hg38"
97.1	23302	"chr7"	"CpG"	"hg38"
97.1	16376	"chr8"	"CpG"	"hg38"
97.1	17916	"chr9"	"CpG"	"hg38"
97.1	18382	"chrX"	"CpG"	"hg38"
97.1	1584	"chrY"	"CpG"	"hg38"
97.2	25832	"chr1"	"CpG"	"hg38"
97.2	13576	"chr10"	"CpG"	"hg38"
97.2	13108	"chr11"	"CpG"	"hg38"
97.2	14576	"chr12"	"CpG"	"hg38"
97.2	7458	"chr13"	"CpG"	"hg38"
97.2	9708	"chr14"	"CpG"	"hg38"
97.2	9870	"chr15"	"CpG"	"hg38"
97.2	13918	"chr16"	"CpG"	"hg38"
97.2	15642	"chr17"	"CpG"	"hg38"
97.2	6430	"chr18"	"CpG"	"hg38"
97.2	14878	"chr19"	"CpG"	"hg38"
97.2	23448	"chr2"	"CpG"	"hg38"
97.2	7522	"chr20"	"CpG"	"hg38"
97.2	3728	"chr21"	"CpG"	"hg38"
97.2	7308	"chr22"	"CpG"	"hg38"
97.2	16572	"chr3"	"CpG"	"hg38"
97.2	13264	"chr4"	"CpG"	"hg38"
97.2	14622	"chr5"	"CpG"	"hg38"
97.2	15950	"chr6"	"CpG"	"hg38"
97.2	17584	"chr7"	"CpG"	"hg38"
97.2	12154	"chr8"	"CpG"	"hg38"
97.2	13090	"chr9"	"CpG"	"hg38"
97.2	14154	"chrX"	"CpG"	"hg38"
97.2	1192	"chrY"	"CpG"	"hg38"
97.3	18352	"chr1"	"CpG"	"hg38"
97.3	9802	"chr10"	"CpG"	"hg38"
97.3	9304	"chr11"	"CpG"	"hg38"
97.3	10412	"chr12"	"CpG"	"hg38"
97.3	5412	"chr13"	"CpG"	"hg38"
97.3	6774	"chr14"	"CpG"	"hg38"
97.3	7084	"chr15"	"CpG"	"hg38"
97.3	9622	"chr16"	"CpG"	"hg38"
97.3	10790	"chr17"	"CpG"	"hg38"
97.3	4326	"chr18"	"CpG"	"hg38"
97.3	10120	"chr19"	"CpG"	"hg38"
97.3	16404	"chr2"	"CpG"	"hg38"
97.3	5186	"chr20"	"CpG"	"hg38"
97.3	2664	"chr21"	"CpG"	"hg38"
97.3	5218	"chr22"	"CpG"	"hg38"
97.3	11976	"chr3"	"CpG"	"hg38"
97.3	9136	"chr4"	"CpG"	"hg38"
97.3	10438	"chr5"	"CpG"	"hg38"
97.3	11220	"chr6"	"CpG"	"hg38"
97.3	12288	"chr7"	"CpG"	"hg38"
97.3	8574	"chr8"	"CpG"	"hg38"
97.3	9600	"chr9"	"CpG"	"hg38"
97.3	10760	"chrX"	"CpG"	"hg38"
97.3	848	"chrY"	"CpG"	"hg38"
97.4	12008	"chr1"	"CpG"	"hg38"
97.4	6310	"chr10"	"CpG"	"hg38"
97.4	6104	"chr11"	"CpG"	"hg38"
97.4	6506	"chr12"	"CpG"	"hg38"
97.4	3518	"chr13"	"CpG"	"hg38"
97.4	4478	"chr14"	"CpG"	"hg38"
97.4	4460	"chr15"	"CpG"	"hg38"
97.4	6068	"chr16"	"CpG"	"hg38"
97.4	6720	"chr17"	"CpG"	"hg38"
97.4	3018	"chr18"	"CpG"	"hg38"
97.4	6326	"chr19"	"CpG"	"hg38"
97.4	10708	"chr2"	"CpG"	"hg38"
97.4	3292	"chr20"	"CpG"	"hg38"
97.4	1724	"chr21"	"CpG"	"hg38"
97.4	3252	"chr22"	"CpG"	"hg38"
97.4	7878	"chr3"	"CpG"	"hg38"
97.4	5834	"chr4"	"CpG"	"hg38"
97.4	6934	"chr5"	"CpG"	"hg38"
97.4	7206	"chr6"	"CpG"	"hg38"
97.4	7812	"chr7"	"CpG"	"hg38"
97.4	5582	"chr8"	"CpG"	"hg38"
97.4	6200	"chr9"	"CpG"	"hg38"
97.4	7236	"chrX"	"CpG"	"hg38"
97.4	592	"chrY"	"CpG"	"hg38"
97.5	6994	"chr1"	"CpG"	"hg38"
97.5	3870	"chr10"	"CpG"	"hg38"
97.5	3768	"chr11"	"CpG"	"hg38"
97.5	3946	"chr12"	"CpG"	"hg38"
97.5	2306	"chr13"	"CpG"	"hg38"
97.5	2564	"chr14"	"CpG"	"hg38"
97.5	2666	"chr15"	"CpG"	"hg38"
97.5	3520	"chr16"	"CpG"	"hg38"
97.5	3808	"chr17"	"CpG"	"hg38"
97.5	1840	"chr18"	"CpG"	"hg38"
97.5	3498	"chr19"	"CpG"	"hg38"
97.5	6360	"chr2"	"CpG"	"hg38"
97.5	1988	"chr20"	"CpG"	"hg38"
97.5	1018	"chr21"	"CpG"	"hg38"
97.5	1872	"chr22"	"CpG"	"hg38"
97.5	4888	"chr3"	"CpG"	"hg38"
97.5	3842	"chr4"	"CpG"	"hg38"
97.5	4252	"chr5"	"CpG"	"hg38"
97.5	4508	"chr6"	"CpG"	"hg38"
97.5	4752	"chr7"	"CpG"	"hg38"
97.5	3434	"chr8"	"CpG"	"hg38"
97.5	3746	"chr9"	"CpG"	"hg38"
97.5	4686	"chrX"	"CpG"	"hg38"
97.5	458	"chrY"	"CpG"	"hg38"
97.6	3734	"chr1"	"CpG"	"hg38"
97.6	2114	"chr10"	"CpG"	"hg38"
97.6	2016	"chr11"	"CpG"	"hg38"
97.6	2144	"chr12"	"CpG"	"hg38"
97.6	1258	"chr13"	"CpG"	"hg38"
97.6	1496	"chr14"	"CpG"	"hg38"
97.6	1572	"chr15"	"CpG"	"hg38"
97.6	1814	"chr16"	"CpG"	"hg38"
97.6	1974	"chr17"	"CpG"	"hg38"
97.6	974	"chr18"	"CpG"	"hg38"
97.6	1880	"chr19"	"CpG"	"hg38"
97.6	3650	"chr2"	"CpG"	"hg38"
97.6	1022	"chr20"	"CpG"	"hg38"
97.6	538	"chr21"	"CpG"	"hg38"
97.6	1038	"chr22"	"CpG"	"hg38"
97.6	2724	"chr3"	"CpG"	"hg38"
97.6	2040	"chr4"	"CpG"	"hg38"
97.6	2292	"chr5"	"CpG"	"hg38"
97.6	2578	"chr6"	"CpG"	"hg38"
97.6	2720	"chr7"	"CpG"	"hg38"
97.6	1876	"chr8"	"CpG"	"hg38"
97.6	2090	"chr9"	"CpG"	"hg38"
97.6	2862	"chrX"	"CpG"	"hg38"
97.6	256	"chrY"	"CpG"	"hg38"
97.7	1770	"chr1"	"CpG"	"hg38"
97.7	1156	"chr10"	"CpG"	"hg38"
97.7	978	"chr11"	"CpG"	"hg38"
97.7	1010	"chr12"	"CpG"	"hg38"
97.7	656	"chr13"	"CpG"	"hg38"
97.7	666	"chr14"	"CpG"	"hg38"
97.7	710	"chr15"	"CpG"	"hg38"
97.7	912	"chr16"	"CpG"	"hg38"
97.7	1028	"chr17"	"CpG"	"hg38"
97.7	484	"chr18"	"CpG"	"hg38"
97.7	870	"chr19"	"CpG"	"hg38"
97.7	1886	"chr2"	"CpG"	"hg38"
97.7	486	"chr20"	"CpG"	"hg38"
97.7	274	"chr21"	"CpG"	"hg38"
97.7	462	"chr22"	"CpG"	"hg38"
97.7	1362	"chr3"	"CpG"	"hg38"
97.7	1082	"chr4"	"CpG"	"hg38"
97.7	1124	"chr5"	"CpG"	"hg38"
97.7	1230	"chr6"	"CpG"	"hg38"
97.7	1284	"chr7"	"CpG"	"hg38"
97.7	928	"chr8"	"CpG"	"hg38"
97.7	1040	"chr9"	"CpG"	"hg38"
97.7	1366	"chrX"	"CpG"	"hg38"
97.7	148	"chrY"	"CpG"	"hg38"
97.8	842	"chr1"	"CpG"	"hg38"
97.8	492	"chr10"	"CpG"	"hg38"
97.8	444	"chr11"	"CpG"	"hg38"
97.8	470	"chr12"	"CpG"	"hg38"
97.8	282	"chr13"	"CpG"	"hg38"
97.8	300	"chr14"	"CpG"	"hg38"
97.8	326	"chr15"	"CpG"	"hg38"
97.8	408	"chr16"	"CpG"	"hg38"
97.8	356	"chr17"	"CpG"	"hg38"
97.8	226	"chr18"	"CpG"	"hg38"
97.8	354	"chr19"	"CpG"	"hg38"
97.8	920	"chr2"	"CpG"	"hg38"
97.8	234	"chr20"	"CpG"	"hg38"
97.8	130	"chr21"	"CpG"	"hg38"
97.8	204	"chr22"	"CpG"	"hg38"
97.8	610	"chr3"	"CpG"	"hg38"
97.8	454	"chr4"	"CpG"	"hg38"
97.8	532	"chr5"	"CpG"	"hg38"
97.8	508	"chr6"	"CpG"	"hg38"
97.8	590	"chr7"	"CpG"	"hg38"
97.8	390	"chr8"	"CpG"	"hg38"
97.8	468	"chr9"	"CpG"	"hg38"
97.8	664	"chrX"	"CpG"	"hg38"
97.8	78	"chrY"	"CpG"	"hg38"
97.9	318	"chr1"	"CpG"	"hg38"
97.9	200	"chr10"	"CpG"	"hg38"
97.9	184	"chr11"	"CpG"	"hg38"
97.9	182	"chr12"	"CpG"	"hg38"
97.9	106	"chr13"	"CpG"	"hg38"
97.9	110	"chr14"	"CpG"	"hg38"
97.9	130	"chr15"	"CpG"	"hg38"
97.9	140	"chr16"	"CpG"	"hg38"
97.9	180	"chr17"	"CpG"	"hg38"
97.9	114	"chr18"	"CpG"	"hg38"
97.9	134	"chr19"	"CpG"	"hg38"
97.9	338	"chr2"	"CpG"	"hg38"
97.9	74	"chr20"	"CpG"	"hg38"
97.9	46	"chr21"	"CpG"	"hg38"
97.9	112	"chr22"	"CpG"	"hg38"
97.9	206	"chr3"	"CpG"	"hg38"
97.9	172	"chr4"	"CpG"	"hg38"
97.9	214	"chr5"	"CpG"	"hg38"
97.9	192	"chr6"	"CpG"	"hg38"
97.9	220	"chr7"	"CpG"	"hg38"
97.9	154	"chr8"	"CpG"	"hg38"
97.9	166	"chr9"	"CpG"	"hg38"
97.9	268	"chrX"	"CpG"	"hg38"
97.9	24	"chrY"	"CpG"	"hg38"
98	94	"chr1"	"CpG"	"hg38"
98	64	"chr10"	"CpG"	"hg38"
98	72	"chr11"	"CpG"	"hg38"
98	72	"chr12"	"CpG"	"hg38"
98	46	"chr13"	"CpG"	"hg38"
98	44	"chr14"	"CpG"	"hg38"
98	48	"chr15"	"CpG"	"hg38"
98	40	"chr16"	"CpG"	"hg38"
98	52	"chr17"	"CpG"	"hg38"
98	32	"chr18"	"CpG"	"hg38"
98	22	"chr19"	"CpG"	"hg38"
98	108	"chr2"	"CpG"	"hg38"
98	28	"chr20"	"CpG"	"hg38"
98	12	"chr21"	"CpG"	"hg38"
98	24	"chr22"	"CpG"	"hg38"
98	80	"chr3"	"CpG"	"hg38"
98	68	"chr4"	"CpG"	"hg38"
98	84	"chr5"	"CpG"	"hg38"
98	80	"chr6"	"CpG"	"hg38"
98	92	"chr7"	"CpG"	"hg38"
98	38	"chr8"	"CpG"	"hg38"
98	64	"chr9"	"CpG"	"hg38"
98	96	"chrX"	"CpG"	"hg38"
98	22	"chrY"	"CpG"	"hg38"
98.1	30	"chr1"	"CpG"	"hg38"
98.1	12	"chr10"	"CpG"	"hg38"
98.1	28	"chr11"	"CpG"	"hg38"
98.1	18	"chr12"	"CpG"	"hg38"
98.1	22	"chr13"	"CpG"	"hg38"
98.1	8	"chr14"	"CpG"	"hg38"
98.1	8	"chr15"	"CpG"	"hg38"
98.1	12	"chr16"	"CpG"	"hg38"
98.1	10	"chr17"	"CpG"	"hg38"
98.1	12	"chr18"	"CpG"	"hg38"
98.1	12	"chr19"	"CpG"	"hg38"
98.1	30	"chr2"	"CpG"	"hg38"
98.1	10	"chr20"	"CpG"	"hg38"
98.1	10	"chr21"	"CpG"	"hg38"
98.1	4	"chr22"	"CpG"	"hg38"
98.1	18	"chr3"	"CpG"	"hg38"
98.1	8	"chr4"	"CpG"	"hg38"
98.1	22	"chr5"	"CpG"	"hg38"
98.1	12	"chr6"	"CpG"	"hg38"
98.1	26	"chr7"	"CpG"	"hg38"
98.1	16	"chr8"	"CpG"	"hg38"
98.1	16	"chr9"	"CpG"	"hg38"
98.1	18	"chrX"	"CpG"	"hg38"
98.1	2	"chrY"	"CpG"	"hg38"
98.2	2	"chr1"	"CpG"	"hg38"
98.2	6	"chr10"	"CpG"	"hg38"
98.2	6	"chr11"	"CpG"	"hg38"
98.2	2	"chr12"	"CpG"	"hg38"
98.2	4	"chr14"	"CpG"	"hg38"
98.2	2	"chr15"	"CpG"	"hg38"
98.2	4	"chr16"	"CpG"	"hg38"
98.2	6	"chr17"	"CpG"	"hg38"
98.2	2	"chr18"	"CpG"	"hg38"
98.2	2	"chr19"	"CpG"	"hg38"
98.2	6	"chr2"	"CpG"	"hg38"
98.2	8	"chr20"	"CpG"	"hg38"
98.2	2	"chr21"	"CpG"	"hg38"
98.2	8	"chr3"	"CpG"	"hg38"
98.2	12	"chr4"	"CpG"	"hg38"
98.2	4	"chr5"	"CpG"	"hg38"
98.2	4	"chr6"	"CpG"	"hg38"
98.2	6	"chr7"	"CpG"	"hg38"
98.2	6	"chr8"	"CpG"	"hg38"
98.2	2	"chr9"	"CpG"	"hg38"
98.2	10	"chrX"	"CpG"	"hg38"
98.3	2	"chr1"	"CpG"	"hg38"
98.3	4	"chr10"	"CpG"	"hg38"
98.3	2	"chr12"	"CpG"	"hg38"
98.3	2	"chr14"	"CpG"	"hg38"
98.3	2	"chr20"	"CpG"	"hg38"
98.3	2	"chr22"	"CpG"	"hg38"
98.3	2	"chr4"	"CpG"	"hg38"
98.3	2	"chr6"	"CpG"	"hg38"
98.3	2	"chr7"	"CpG"	"hg38"
98.3	2	"chrX"	"CpG"	"hg38"
98.4	2	"chr12"	"CpG"	"hg38"
